v -0.02085179836 -0.006929092575 0.01951253228
v -0.02082316391 -0.004416691139 0.02047445439
v -0.02079723403 -0.006764948368 0.0190352723
v -0.02079238743 -0.004248968791 0.01997208223
v -0.0207784269 -0.007091988344 0.01998849586
v -0.0207365863 -0.002988687484 0.02090111561
v -0.02071915939 -0.009550755844 0.0184580069
v -0.02071730979 -0.003726914292 0.02266721614
v -0.02071459778 -0.004583868198 0.0209670458
v -0.02071153373 -0.002864134265 0.02038893662
v -0.02070516162 -0.002655167365 0.02092413791
v -0.02067413926 -0.00240923604 0.0206190031
v -0.02065922506 -0.009743137285 0.0189205762
v -0.0206572488 -0.002765655983 0.02125694416
v -0.02065367997 -0.00934730377 0.01800175942
v -0.02062448114 -0.003123418661 0.02139974944
v -0.0206232965 -0.004092521966 0.01949542575
v -0.0206173677 -0.006610198878 0.0185876675
v -0.02058024332 -0.007242332213 0.02043020166
v -0.02054996416 -0.002758537885 0.01989899017
v -0.02053678222 -0.00195902423 0.02031865716
v -0.02053455263 -0.00273223035 0.02160132676
v -0.02050709166 -0.01088191941 0.01781464554
v -0.02050291747 -0.004730736837 0.02219552919
v -0.02047607675 -0.009911144152 0.01935809292
v -0.02047270723 -0.004737939686 0.02141235396
v -0.02046609856 -0.009145722724 0.01758104004
v -0.02044501901 -0.01110411808 0.01826764457
v -0.02044343576 -0.01063910592 0.01737345383
v -0.02038145252 -0.003258466022 0.02184725925
v -0.02037506923 -0.002181665273 0.02121557109
v -0.02033895813 -0.002552887658 0.02194299735
v -0.02032976225 -0.006153691094 0.01831103489
v -0.02032897249 -0.003973803483 0.01907053404
v -0.02032816596 -0.003909572493 0.01909263432
v -0.02030433714 -0.007177649532 0.01794015244
v -0.02026956715 -0.007370718755 0.02081000619
v -0.02025961876 -0.01129002683 0.01870132051
v -0.02025726996 -0.01039127819 0.01697277278
v -0.02024556138 -0.006033995654 0.02164608054
v -0.02024319395 -0.003534141229 0.02198725939
v -0.02023423091 -0.001198392245 0.02003731206
v -0.02021256462 -0.002404788509 0.02211225964
v -0.02019833215 -0.002099678386 0.01959752105
v -0.02018929459 -0.004871864337 0.02171874791
v -0.02018102631 -0.005501100793 0.02075715736
v -0.02018094249 -0.01004441269 0.01974355802
v -0.02017892152 -0.005470847245 0.02076615579
v -0.02017769031 -0.008886676282 0.0172526706
v -0.02013529837 -0.01218258683 0.01704953797
v -0.02010240965 -0.002724868245 0.02299991995
v -0.02008809708 -0.006206948776 0.02054359578
v -0.02008256502 -0.004715618677 0.02092863433
v -0.02008213475 -0.01188889518 0.01663173176
v -0.02007655986 -0.001388731529 0.01971322857
v -0.02006345801 -0.01244279835 0.01748720184
v -0.01999037713 -0.002722891048 0.02299569361
v -0.01996242814 -0.01142799295 0.0190885216
v -0.01994355768 -0.007533492986 0.02103821188
v -0.0199289117 -0.008042445406 0.02096053772
v -0.01991896518 -0.004198239651 0.02244417183
v -0.01990655437 -0.01158096641 0.01626165025
v -0.0198946353 -0.00388670899 0.02100711316
v -0.01988669112 -0.0006635614554 0.01975052431
v -0.01986980997 -0.01265059318 0.01791406423
v -0.01986341923 -0.007145984098 0.02013379149
v -0.01985989697 -0.01055380516 0.01641359553
v -0.01980698667 -0.008772373199 0.02071778849
v -0.01979586668 -0.01013613027 0.02005530521
v -0.01979403943 -0.007161313668 0.02003952675
v -0.01974652894 -0.0001047447586 0.01979230717
v -0.01971567236 -0.009158089757 0.02055731602
v -0.01968827285 -0.000131372537 0.01970414072
v -0.01964380592 -0.009624174796 0.02041730657
v -0.01962492242 -0.007217971142 0.01717300341
v -0.01962085068 -0.01127828192 0.0159620326
v -0.01961123943 -0.007637513336 0.01974929869
v -0.01960405149 -0.002968339017 0.02099202015
v -0.01958765462 -0.009844008833 0.02032351121
v -0.01957590133 -0.01151122618 0.01940694265
v -0.01957583427 -0.001802819083 0.02317490056
v -0.01956667192 -0.01279264037 0.01830281317
v -0.01955729909 -0.01337458286 0.01614924707
v -0.01952624694 -0.01302670036 0.01576605625
v -0.01951766945 -0.005258600693 0.02099420875
v -0.01951500215 -0.00811003428 0.01957826689
v -0.01951295137 -0.01019187644 0.02019524947
v -0.01946759969 -0.0136747472 0.01656346396
v -0.01946471073 -0.01041467953 0.02011371031
v -0.01943348721 -0.01052894816 0.02006400377
v -0.01942774095 -0.008116579615 0.01946499757
v -0.01941906661 0.0006230861763 0.01965619251
v -0.01937561482 -0.01265425794 0.01544007193
v -0.01933656819 0.000689720735 0.01957544498
v -0.01933218352 -0.006430021487 0.02169278078
v -0.0192816332 -0.01200528629 0.01542553399
v -0.01927486993 -0.0111217685 0.01981481537
v -0.01926178113 -0.01390479133 0.01697926596
v -0.01925160363 -0.008175589144 0.0164794419
v -0.0192022603 0.001105532749 0.01956845447
v -0.01919775642 -0.001923167962 0.02088014968
v -0.01917727478 -0.01286237035 0.0186301861
v -0.0191071555 -0.01229557488 0.01517898869
v -0.01910427026 -0.000940549653 0.02327618003
v -0.01909271441 -0.0042727869 0.02246914059
v -0.01906982064 -0.01175878476 0.01951641776
v -0.01904216409 -0.006936986465 0.01907786168
v -0.01898319647 -0.009200154804 0.01881110668
v -0.01896264404 -0.001423363225 0.02077536285
v -0.01895400509 -0.008082906716 0.01619531959
v -0.01895319484 -0.01404966135 0.01736952178
v -0.01892786473 -0.004535923246 0.02128135972
v -0.01883196644 -0.001184427878 0.02078953758
v -0.01876467094 -0.0139842229 0.01479728054
v -0.0187633466 -0.01437895931 0.01513736043
v -0.01873272844 -0.0009227022529 0.02067746967
v -0.01873149909 -0.006756224204 0.02068669721
v -0.01872549951 -0.01285361405 0.01887317561
v -0.01868602075 -0.006458241027 0.01866592281
v -0.01866971888 -0.009485144168 0.02082243934
v -0.01865301281 -0.01355549321 0.01452513691
v -0.01864999346 -0.01471323427 0.01552176848
v -0.01862797327 -0.0007492320146 0.02072958276
v -0.01856562868 -0.01410314441 0.01770995557
v -0.01852794364 -0.0117573021 0.01970681176
v -0.01851747185 -0.006983695552 0.0217565801
v -0.01843678765 -0.01312088687 0.01433776412
v -0.01843194291 -0.01351544354 0.01841303147
v -0.01843113638 -0.01496177912 0.01592311263
v -0.01840463281 -0.003766724607 0.02148764953
v -0.018381726 0.0004108469584 0.0233813785
v -0.01827599108 -0.006707048044 0.01813120581
v -0.0182703007 -0.007768848445 0.01804398
v -0.0182485655 3.566691157e-05 0.02065871097
v -0.01824759319 -0.01038634684 0.01784472354
v -0.01823196188 -0.004362902138 0.02257422358
v -0.01822907664 -0.008177157491 0.01996859908
v -0.01818611845 -0.002735438757 0.02301922254
v -0.01812349446 -0.01405955106 0.01797646284
v -0.01812112331 -0.01510816067 0.01631497033
v -0.01809844561 0.0035132661 0.01915103011
v -0.01808719523 0.003118451685 0.01893478446
v -0.0180250369 -0.0137354834 0.01832719147
v -0.01801322028 -0.006074659992 0.02120981738
v -0.01794917323 -0.002963133622 0.02161213197
v -0.01794281602 -0.00766992569 0.01765518636
v -0.01794198714 -0.001785860746 0.02320149727
v -0.01785102487 -0.01470799837 0.0138022285
v -0.01781632937 -0.01513198856 0.01410249993
v -0.01778149791 -0.01424370334 0.01357930712
v -0.01778143644 0.0009290926973 0.02069235966
v -0.0177436471 -0.01514658425 0.01667218097
v -0.01772132702 -0.008503149264 0.01989862509
v -0.01768053882 -0.01548732072 0.0144591853
v -0.01765968278 -0.0008871424361 0.02332903072
v -0.01761162467 0.002787567908 0.02193856798
v -0.0175646618 -0.002139163436 0.02166226506
v -0.01754767634 0.001977385255 0.02347232215
v -0.0175298769 -0.01132141147 0.01697926968
v -0.01748098619 -0.004926272202 0.02263562568
v -0.01746231504 0.001474723336 0.02082260512
v -0.01745657809 -0.01493147202 0.01712827571
v -0.01745193824 -0.0157471057 0.01484711096
v -0.01740025543 -0.002769757062 0.02311101742
v -0.0173555892 -0.005332249217 0.02167218365
v -0.01734331995 0.005093254615 0.01897958666
v -0.017324185 0.001692014164 0.02091028914
v -0.01730793342 -0.006497313734 0.01497225463
v -0.0172530748 -0.001311560161 0.0216512233
v -0.0172461383 -0.01398586296 0.0130825676
v -0.01724037342 0.0005522967549 0.02348749526
v -0.01719620638 -0.007693595253 0.0206672512
v -0.017145494 -0.01589420252 0.01524080895
v -0.01714420132 -0.00635528611 0.01702793315
v -0.01712596975 -0.0004869577824 0.02153204381
v -0.01708715595 -0.01071497984 0.01794908568
v -0.01707669161 -0.007407207973 0.01665386558
v -0.01707283035 -0.01531062834 0.016680995
v -0.01700021327 0.005963263568 0.01860271022
v -0.01699816808 0.005427934229 0.01852772571
v -0.01697777398 0.002207913669 0.02117829584
v -0.01697122306 0.001516321674 0.02356363088
v -0.01689646952 3.204844688e-05 0.02157739177
v -0.01689381152 0.002070788993 0.02358820848
v -0.01687532291 0.003240565537 0.02357159741
v -0.016856445 -0.01523310971 0.01284159906
v -0.01685198024 -0.008184040897 0.02200803533
v -0.01681759395 -0.01475416124 0.0126503557
v -0.01679924689 -0.01566862129 0.013116505
v -0.01678417809 -0.01592318341 0.01561451517
v -0.01676901802 0.003151785582 0.02360192873
v -0.01675840095 -0.004540990107 0.0220706556
v -0.01675798371 0.005524571985 0.01820019819
v -0.01675068587 0.002550167497 0.02134726755
v -0.01675030962 -0.0056159948 0.0227489993
v -0.01671347953 0.0004830899416 0.02163356356
v -0.01671277173 -0.007380906958 0.01416159514
v -0.01670831628 -0.01051676739 0.02107987553
v -0.01665505022 -0.006292298902 0.01438834704
v -0.01665099524 0.005485893227 0.01804808527
v -0.01665052213 -0.01603185758 0.01345597953
v -0.01664503291 -0.01428119745 0.01251641661
v -0.01663948223 -0.01226728503 0.01598832756
v -0.01656256989 0.007028073072 0.01812040247
v -0.01655414701 -0.009253255092 0.01970298775
v -0.01654306799 0.001267390209 0.0216838643
v -0.0165347755 0.002492162865 0.02156369574
v -0.01652289927 -0.002836097032 0.02331498079
v -0.01641951874 -0.01629554667 0.01383644342
v -0.0164162796 0.003127789125 0.02147405036
v -0.0164010115 -0.007015405223 0.02135112882
v -0.01633045636 -0.001825863961 0.02347245812
v -0.01629720069 -0.01588995382 0.01584473439
v -0.01627915166 0.004489732906 0.01966123655
v -0.01627571136 0.007648208179 0.01779145375
v -0.01623255387 0.004486923572 0.02359347418
v -0.01622329094 -0.003713458776 0.02240254171
v -0.01620866731 -0.01256065071 0.01989369467
v -0.0162026044 -0.0009223836241 0.02358899266
v -0.01619796455 0.006479718257 0.02033597045
v -0.01612124033 -0.01644245349 0.01423317008
v -0.01606173068 -0.01277889218 0.01538626198
v -0.01604601927 -0.01140377671 0.01751257665
v -0.01603914425 0.008100816049 0.01751533896
v -0.01603612117 0.003872605739 0.02147204801
v -0.01597379707 0.005153455306 0.01953132451
v -0.01593973674 -0.003570671426 0.02345415018
v -0.01586849801 0.004732102156 0.02059090137
v -0.01583075523 0.001368883881 0.02384976111
v -0.01582927629 0.003124006325 0.0219849702
v -0.0158019159 0.005523805507 0.01945670508
v -0.01580111496 0.002360293875 0.02223620005
v -0.0157775525 -0.01646740921 0.01462007873
v -0.01576459035 0.001732198754 0.02234813944
v -0.01575921476 -0.002864552895 0.02266692556
v -0.01574277878 0.002045261208 0.02390311472
v -0.01571604982 -0.005908587482 0.01570756361
v -0.01571337134 -0.01305512711 0.01503693406
v -0.01570016518 -0.001023769611 0.0225787051
v -0.01569716074 0.005783214234 0.01934181526
v -0.01566318609 0.003860944416 0.02180390246
v -0.01566067524 -0.006267863791 0.02199219912
v -0.01565415412 0.004739888478 0.01661692373
v -0.01563148946 0.005737194791 0.02346999571
v -0.01562942192 0.004757076502 0.02132462338
v -0.01562310476 -0.01467599254 0.01162338443
v -0.01560776588 0.00354273268 0.02392578311
v -0.01558025461 0.003679552581 0.02392352186
v -0.01556016412 0.004914083052 0.02128893137
v -0.01555740181 0.005535827018 0.02023673616
v -0.0155322561 -0.004110645037 0.02356512472
v -0.01549818553 0.005054517649 0.0212561395
v -0.01547739003 0.0009439103305 0.02261867933
v -0.01547235344 0.00460960716 0.01636766829
v -0.01544697769 0.008247270249 0.0194515828
v -0.01543784514 0.005189840216 0.02122477442
v -0.01541074272 -0.01636596583 0.01497100666
v -0.01538478676 -0.002014688682 0.0228596814
v -0.01538232435 0.006275665481 0.02337619103
v -0.01537530683 -0.008341605775 0.01475926302
v -0.01536955498 0.009208204225 0.01672079973
v -0.01536676567 0.00453471439 0.01622452401
v -0.01534989849 0.00455616368 0.02170036361
v -0.01534346305 -0.01427172776 0.01834626682
v -0.01531571522 -0.002442846075 0.0238453038
v -0.01531184651 0.002324765781 0.02264231071
v -0.01524983346 0.006563011557 0.02331711724
v -0.01524551399 0.004762673751 0.02387380973
v -0.01524011977 -0.001175352023 0.02289997973
v -0.015229051 -0.008393184282 0.02092014253
v -0.0152260419 0.005657092202 0.0211166665
v -0.01522587612 -0.007000085432 0.02307282016
v -0.01521450467 -2.526002936e-05 0.02285070531
v -0.01517656166 -0.0005757157342 0.0229052715
v -0.01514995098 -0.001204047701 0.02296197973
v -0.01513066329 0.004998662975 0.01845275797
v -0.01512001641 -0.005807264242 0.0130745694
v -0.01511375606 0.007171839941 0.01869381405
v -0.01509297732 0.005104980431 0.02384884655
v -0.01504490618 0.006062099244 0.02100553364
v -0.01501626521 -0.009310022928 0.02232783288
v -0.01498842798 -0.0006673074677 0.02412447892
v -0.01498505566 -0.01207740046 0.01695943624
v -0.01497654617 -0.005458156578 0.02258677036
v -0.01495572831 -0.001468323753 0.02409885451
v -0.014950132 0.0072189942 0.02315735631
v -0.01494607702 0.001673144521 0.02303030528
v -0.01494252495 -0.005665509496 0.01502426155
v -0.01493724156 0.0007091962616 0.02421344817
v -0.01493343618 -0.01287331432 0.01995986886
v -0.01490473561 0.005196866114 0.02171730064
v -0.01486842614 -0.008608225733 0.01423659455
v -0.01484124362 0.006573115475 0.0207769759
v -0.01483165007 0.002319437219 0.02301839553
v -0.01482190285 -0.002307587769 0.02411287278
v -0.01481078751 0.002227048622 0.0243179556
v -0.01476969942 -0.006682403851 0.0146069536
v -0.01475143712 0.00330908387 0.02431230806
v -0.01474764943 0.007670607418 0.02302864194
v -0.01473643724 0.002595447935 0.02301876992
v -0.01473121718 0.00693110982 0.02049748972
v -0.01472694613 -0.008007195778 0.02138944156
v -0.01471424382 -0.01596774161 0.01104420237
v -0.01471262984 -0.01548117213 0.01088336296
v -0.01470071822 0.007602638099 0.01923696324
v -0.01469993871 -0.01374642551 0.01407320984
v -0.0146971466 0.007083315868 0.02033010125
v -0.01467326656 0.007218540646 0.02015261538
v -0.01465829369 -0.0166732315 0.01428794675
v -0.01465758402 0.00805548206 0.01816439815
v -0.01464622375 0.00463680597 0.0177622214
v -0.01463692449 0.00293978746 0.02299028635
v -0.01463683788 0.007490223739 0.01972435974
v -0.01463297568 -0.01640741527 0.01129661128
v -0.01463104039 0.007534968201 0.01964716613
v -0.01462906506 -0.01497871708 0.0108232107
v -0.01460873988 0.005179688334 0.0219989568
v -0.01455553062 0.007946277037 0.01891499758
v -0.01454805676 0.002061978215 0.02328919992
v -0.01452517137 0.003341803327 0.02294062637
v -0.01452003419 0.008072528988 0.01870055683
v -0.01448114403 -0.01137060672 0.02133045718
v -0.01447476912 -0.01677159593 0.01162326708
v -0.01447455771 -0.01056249253 0.0191745609
v -0.0144265024 0.01056387741 0.01559476182
v -0.01441667043 -0.007749828044 0.02168173157
v -0.01440546475 -0.005488046445 0.02387212031
v -0.01439257059 0.003757614875 0.02288956754
v -0.01439176872 0.008443886414 0.02279224247
v -0.01437619422 0.004826328252 0.02423524857
v -0.01435462758 0.008499786258 0.01805249043
v -0.01435176656 -0.004592956509 0.02313037962
v -0.01435145643 0.0008065875154 0.02351811528
v -0.0143394284 -0.006629324052 0.01219914109
v -0.01433550753 -0.003878182732 0.02421235852
v -0.01429786626 -0.002185238525 0.02444029599
v -0.0142891556 0.001807776047 0.02351976372
v -0.01424959488 -0.01703337207 0.0120021496
v -0.01423902716 0.004160864744 0.02284695581
v -0.01419222914 -0.01563773304 0.01632316411
v -0.01418011542 0.006557874847 0.02374124713
v -0.01415347774 0.008893107064 0.01756749861
v -0.01414355449 0.003705283394 0.01464763377
v -0.01411547419 -0.005795223173 0.02394591644
v -0.01408588327 0.004531327635 0.02280630171
v -0.01404579543 0.009025612846 0.01743541844
v -0.01403077971 -0.002134802053 0.02463167347
v -0.01401268225 0.005640089978 0.02225675434
v -0.01399711985 0.005629781168 0.02417173982
v -0.01397456508 0.000746474776 0.02482781932
v -0.01397182792 -0.01717593521 0.01240905747
v -0.01397084258 0.004838789813 0.02275413647
v -0.01394601632 -0.01515182946 0.01030671224
v -0.01393561903 0.002262334805 0.02483002469
v -0.01391038671 0.007219386287 0.02078044787
v -0.01390752662 0.005079851486 0.02268360928
v -0.01389059704 0.003355355002 0.0247751642
v -0.01388919912 -0.0005620425218 0.02486298792
v -0.01388533413 -0.006025787443 0.02400291339
v -0.01387495641 -0.01273529883 0.01625138149
v -0.01386691816 0.009470355697 0.02240025997
v -0.01385621168 0.000840745226 0.02388882264
v -0.01381650381 -0.009538167156 0.02049201727
v -0.01380691677 -0.006377616897 0.0138088651
v -0.01379665732 -0.003676910186 0.02361545525
v -0.01378645841 0.007336894982 0.02068186365
v -0.01377160102 -0.001300014905 0.02491014823
v -0.01376004331 -0.0091738794 0.01315600984
v -0.0136887636 0.01146937069 0.01470868196
v -0.01366107725 -0.01719465293 0.0128172636
v -0.01364020724 0.00392623106 0.0164117422
v -0.01363779791 0.002018174855 0.0239581503
v -0.01358504128 -0.002066551009 0.02498400584
v -0.01357336249 -0.0003438456915 0.02405185439
v -0.01356965303 -0.01310910936 0.0199915804
v -0.01356054284 -0.001622969285 0.02399819903
v -0.01355917845 0.004855181091 0.02465298958
v -0.01352848206 -0.01113650016 0.01879784465
v -0.0135249719 0.007563319057 0.02046094462
v -0.01351816207 0.007306640036 0.02370833233
v -0.01349097211 0.005538048223 0.02278647199
v -0.01348756254 -0.006881012581 0.02256784588
v -0.01347219665 0.006428404711 0.02412077226
v -0.01343830861 -0.003572144778 0.02485523187
v -0.0134202661 -0.006336146966 0.0114885103
v -0.01341468003 0.005262698978 0.02301461622
v -0.013412714 -0.01444163173 0.01294932701
v -0.01337487902 0.009838609956 0.01661624946
v -0.01337439567 0.01033098809 0.02193332464
v -0.01336485054 -0.01446429733 0.01290950365
v -0.01333726291 -0.01708561368 0.01319988258
v -0.01331894472 -0.002699694363 0.02403660491
v -0.01328530442 -0.00529840868 0.02453908324
v -0.0132527817 -0.00100124639 0.02423034422
v -0.01322733704 0.002469293308 0.02416040003
v -0.0132214576 0.005626057275 0.02457886189
v -0.01320625283 -0.01531391777 0.009774458595
v -0.01319967676 0.006119814701 0.02262350544
v -0.01308050845 -0.006447054446 0.02296144515
v -0.01307444926 0.008012918755 0.01985116117
v -0.0130589623 -0.001710948651 0.02430251613
v -0.01303803083 -0.01679366082 0.01382605545
v -0.01302326657 0.009876703843 0.0167291332
v -0.01301226858 -0.002007873263 0.02548962086
v -0.01294761803 0.01102832053 0.0214413777
v -0.01293332223 0.00298322551 0.02424603701
v -0.01289878692 -0.01022487879 0.02261600643
v -0.01289113332 0.00292097684 0.01317480579
v -0.01284868643 0.01232732926 0.01369840559
v -0.01284855325 0.008535486646 0.01895224862
v -0.01283277199 -0.0003596128663 0.02454995364
v -0.01283248328 0.008838906884 0.01842037775
v -0.01282505132 -0.005076855421 0.0112563502
v -0.0128118787 0.007177612279 0.02410673909
v -0.01280354988 0.0003558220924 0.024610525
v -0.01279310323 0.0112735061 0.0212466903
v -0.01276649069 0.0105254408 0.01588194445
v -0.01275766362 0.006368825678 0.02452587709
v -0.01272998378 -0.004965687171 0.0131864585
v -0.01271863375 0.003523681313 0.02425134182
v -0.0126908049 -0.0116276918 0.01836741343
v -0.01267781388 -0.01337383129 0.015358584
v -0.01265444234 0.008128911257 0.0236881189
v -0.01262802258 0.005048491992 0.02376138605
v -0.01262600161 -0.008751210757 0.02161561511
v -0.01261390001 0.009224736132 0.01791652292
v -0.01260524336 -0.005995419808 0.01285705157
v -0.01258405484 -0.007132860832 0.02430002019
v -0.01256979443 0.002729342319 0.01281808224
v -0.0125638796 0.004061168525 0.02419711277
v -0.01256062929 -0.004947833717 0.02512889355
v -0.01255824976 0.0103566898 0.02222073823
v -0.01253992878 -0.005809789058 0.02348983288
v -0.01251238119 0.004576217383 0.02405039966
v -0.01246315893 -0.01597010717 0.009277011268
v -0.01244202815 -0.01645673998 0.009428342804
v -0.01244188566 0.005988700781 0.02335459925
v -0.01238497254 0.008989325725 0.02330761403
v -0.01235499419 0.009696896188 0.02283464372
v -0.01234839391 -0.01689355262 0.009676632471
v -0.01233864948 -0.01449713297 0.01819486357
v -0.0123284664 -0.01731987298 0.0124493707
v -0.01231236756 -0.007324350532 0.02435377985
v -0.01229296811 -0.001088228077 0.02482202649
v -0.01226861402 0.001089593163 0.02495783195
v -0.01218890212 -0.01725239307 0.01000497583
v -0.01218886115 -0.01048248075 0.02003066987
v -0.01216959208 0.007057321258 0.02451437712
v -0.0121521689 0.006606968585 0.02303413115
v -0.01214308944 0.007910782471 0.02405318245
v -0.01210988406 -0.01325563993 0.01997707784
v -0.01210726611 0.01291617099 0.01282486971
v -0.01209768001 -0.009980591014 0.01168714277
v -0.01208988018 0.002328328323 0.0260705594
v -0.01206558477 0.00345192221 0.0258785449
v -0.01205375139 0.002903507091 0.01448621694
v -0.01204789151 0.0007579430239 0.02633129247
v -0.01204059925 -0.004746169318 0.01264778711
v -0.01203273702 -0.0150228003 0.01185261086
v -0.01201497205 -0.003300084732 0.02619087882
v -0.01198546123 -0.01202141587 0.01793514006
v -0.01198046561 0.0124835195 0.02017239667
v -0.011974358 -0.005049662199 0.02405156754
v -0.01197374891 -0.01750689745 0.01039157994
v -0.01193557028 -0.0005344312522 0.0265309196
v -0.01187606063 0.0001860354969 0.02518256009
v -0.01186338346 0.002787880367 0.0142701501
v -0.01186300348 0.008508079685 0.02383457124
v -0.0118438676 0.004901287146 0.02562326752
v -0.01180597395 -0.005818333011 0.01030480675
v -0.01176039409 0.01114370488 0.01534575596
v -0.01172102243 -0.004670134746 0.02430702373
v -0.01171654556 -0.0176408682 0.0108119566
v -0.01171568967 0.01316670887 0.01237335987
v -0.0117035266 -0.0105709983 0.02272327989
v -0.01169286296 -0.00196462241 0.0267335549
v -0.01168415137 0.007751659956 0.02438695543
v -0.01164789312 0.006846512668 0.02313584276
v -0.01161556691 0.005607448984 0.02550135553
v -0.01158791129 0.001707719988 0.02533992752
v -0.0115650529 0.007370704785 0.02235552669
v -0.01153514348 0.01307694707 0.01960078813
v -0.01148090139 -0.007842618972 0.02270848863
v -0.01148079615 -0.001045878395 0.0252877418
v -0.01143497042 -0.01765034348 0.01123844087
v -0.01140095573 -0.006174482871 0.02538305894
v -0.01139806584 0.01191887446 0.01426308416
v -0.0113916155 0.0004892105935 0.02547644265
v -0.01135796495 -0.0139892092 0.01425496768
v -0.01135561336 0.007631960791 0.02197484858
v -0.01134028379 -0.004551702179 0.02634603903
v -0.01131515019 0.009437672794 0.01826083474
v -0.01130486 0.00627617538 0.02540102042
v -0.01128749922 -0.01564223506 0.008509011939
v -0.01124705188 0.005928321276 0.02429301664
v -0.01114694402 -0.017532086 0.0116431918
v -0.01111525111 0.002479898511 0.02669557184
v -0.0111140497 0.009062433615 0.01904458739
v -0.01110789925 0.00563346548 0.02456756867
v -0.01110150106 0.00360215269 0.02643469535
v -0.01109584887 0.007079841569 0.02319966443
v -0.01108453423 -0.01566203311 0.01591865346
v -0.01107956003 0.008149065077 0.02099648677
v -0.01107348688 0.002414544346 0.02556674182
v -0.01106620859 0.0007150007295 0.02711273544
v -0.01102736127 0.008727779612 0.01975676231
v -0.01102434751 -0.002014026046 0.02537194453
v -0.01100546867 0.007550181355 0.02491030656
v -0.01097460557 0.008878766559 0.02401514724
v -0.01096784696 0.0103341639 0.01694134995
v -0.01094439533 0.006459021475 0.02407901175
v -0.01094421931 0.001814712188 0.01113427524
v -0.01093917526 0.004979575053 0.02611809783
v -0.01093447488 0.01379738655 0.01887760125
v -0.0109284604 -0.0006326301373 0.0256369859
v -0.01091618836 -0.008117796853 0.02457297593
v -0.01091100648 0.006894399878 0.02533542365
v -0.0108793946 -0.003143562004 0.02516963892
v -0.01085479651 0.005341977812 0.02488458715
v -0.01084504556 -0.00972417742 0.02125687152
v -0.01084447838 0.009318594821 0.02375626564
v -0.01082583144 0.01360988896 0.01134732924
v -0.01079868712 -0.01262847334 0.01708106697
v -0.01078182925 -0.001999586122 0.02758562006
v -0.01072589215 0.003164491616 0.02564573847
v -0.01062268857 -0.003216322511 0.02756291628
v -0.01058265567 0.01426090021 0.01589078829
v -0.0105799986 0.004664118402 0.02533492818
v -0.01057373267 -0.01550889108 0.01079761051
v -0.01057140063 0.001233871677 0.02593075112
v -0.01056952029 -0.01331481244 0.01991326734
v -0.01056223363 -0.01138592232 0.01920987107
v -0.01055150013 0.003924800549 0.02557705902
v -0.01054293662 -0.004344214685 0.009613156319
v -0.01050293166 0.01267113909 0.01333073899
v -0.01048399322 -0.002071929863 0.02561683208
v -0.01045356598 -0.005306279287 0.01127149537
v -0.01043376978 0.007449789904 0.02531720884
v -0.01042454783 0.001956051216 0.01272577047
v -0.01042020414 -0.01074850745 0.01037511881
v -0.01041051839 0.006117551588 0.0247121416
v -0.01040085964 -0.01082610339 0.02279303968
v -0.01039483957 -0.006802747492 0.02375661023
v -0.01036299858 -0.01557011809 0.01065309346
v -0.01036040299 -0.005668783095 0.02645488456
v -0.01034068689 0.008402469568 0.02471391857
v -0.01033668965 -0.0002413219918 0.02597757056
v -0.01032421738 -0.01284931786 0.01670182496
v -0.01029238012 -0.004186776932 0.01135114767
v -0.01023371797 0.00144176418 0.01045735274
v -0.01023214404 0.0005046440056 0.02921014465
v -0.01021324191 0.00107097975 0.02769643627
v -0.01020620391 0.002809559228 0.02721832134
v -0.01020109747 0.003897863906 0.02690404281
v -0.01019822061 0.002344948938 0.02889531478
v -0.01018698327 0.0005712187849 0.02953683771
v -0.01017893478 0.002324820496 0.02818741649
v -0.01015581004 0.00230282452 0.02740252018
v -0.01014523115 0.002394767012 0.02922377177
v -0.01014447026 0.002755011199 0.02883433737
v -0.01014322136 -0.01676915027 0.01323070377
v -0.01011995971 -0.0002567901975 0.02804895118
v -0.01011769753 0.01385848038 0.01055287942
v -0.01011169795 -0.01629396528 0.007829011418
v -0.01009746268 0.006694764365 0.02438114025
v -0.01009062305 0.0027978539 0.02916352637
v -0.01008879859 0.005112832878 0.02656276152
v -0.01007935405 -0.004338966683 0.02762391604
v -0.01006851811 -0.01677987725 0.007975779474
v -0.0100609893 0.002940452192 0.02727791481
v -0.01005354524 -0.000735618989 0.02817786299
v -0.01005041134 -0.0009015345713 0.02928735875
v -0.01003495138 0.0006383100408 0.02982957289
v -0.01002782956 -0.001190828974 0.03091575578
v -0.01000439934 -0.001235044212 0.03021360002
v -0.009999288246 0.005825909786 0.0251493454
v -0.009998001158 -0.0009289634181 0.02822969295
v -0.009986613877 0.00242744037 0.02951863967
v -0.009981323965 -0.001276145107 0.02954260446
v -0.009980765171 -0.001277717995 0.02952147089
v -0.009978914633 -0.01579682529 0.007727917284
v -0.009968340397 0.01318295114 0.01262991317
v -0.009962321259 -0.01721306145 0.008224031888
v -0.009949761443 0.002057389822 0.02621441893
v -0.009945950471 -0.001179840532 0.02985638194
v -0.009945843369 0.009684228338 0.01851787046
v -0.009945540689 0.002732893918 0.0294719059
v -0.009931957349 0.00281933276 0.02945926227
v -0.009921238758 -0.01457945816 0.01295431703
v -0.0099136075 -0.0009892476955 0.03099148721
v -0.009913034737 0.01482584048 0.01775699481
v -0.009912540205 -0.007178026717 0.0255696401
v -0.009900411591 0.01391995884 0.01031387225
v -0.009862460196 -0.001877513132 0.03070490807
v -0.00985539984 -0.001714903861 0.02844102308
v -0.009835228324 -0.0009618835757 0.0301127471
v -0.009824598208 -0.0110109048 0.009946612641
v -0.009819657542 0.003941731527 0.02712720446
v -0.0098163113 0.004066848662 0.02800496109
v -0.009800484404 -0.01756569371 0.008556878194
v -0.009799448773 0.006315746345 0.02624774352
v -0.009752437472 -0.002117815893 0.02854085155
v -0.009749969468 0.001196646481 0.01001580432
v -0.009734787047 0.004394352436 0.02864320762
v -0.00971326977 -0.003762085922 0.0254332684
v -0.009713152424 -0.00240033865 0.03064676374
v -0.009702525102 0.0054752375 0.02550534718
v -0.009700704366 -0.001639212831 0.02604832128
v -0.009683215059 0.004407436121 0.02897652052
v -0.009676759131 -0.001995433355 0.02598211542
v -0.009674686939 0.006973961368 0.02426609024
v -0.009672400542 0.008079502732 0.02538009733
v -0.009667882696 -0.002545628464 0.03064588457
v -0.009627622552 -0.01773304306 0.01070130244
v -0.009593500756 -0.01781189069 0.008952351287
v -0.009586176835 0.004712130409 0.02793351933
v -0.009560812265 0.01176176593 0.01510818489
v -0.009533328004 0.002925676992 0.02632888034
v -0.009530835785 0.004381978419 0.02927662246
v -0.00951926969 -0.001953612547 0.02605627663
v -0.009515358135 -0.002999162069 0.03068715706
v -0.009511444718 -0.008848330006 0.02246085554
v -0.009508248419 0.01498061977 0.01452438906
v -0.009504810907 -0.002963779261 0.02944424935
v -0.009501648135 0.001460080617 0.01181933563
v -0.009487722069 0.01518847235 0.01732448116
v -0.009475958534 0.009772448801 0.01857900247
v -0.009462004527 0.00715539651 0.02411065996
v -0.009454635903 -0.003064640565 0.02872833982
v -0.0094015738 0.005282708444 0.02689318545
v -0.009379974566 0.004669446964 0.02600410767
v -0.009374366142 -0.005621063057 0.02474480122
v -0.009366427548 0.005118930247 0.02697661519
v -0.009357286617 0.0006643108791 0.02649767697
v -0.009354437701 -0.0179360155 0.009385467507
v -0.009344757535 0.01201630943 0.02164638415
v -0.009335187264 0.003807257861 0.02626673132
v -0.009309465997 0.001738234656 0.02786428668
v -0.009308160283 0.007347247563 0.02387805842
v -0.009302298538 -0.003010964254 0.02583113313
v -0.009295141324 0.006348890718 0.02516496927
v -0.009290506132 0.0009702853276 0.009610564448
v -0.009279891849 6.64868785e-05 0.03088607453
v -0.009275875054 0.002257650252 0.02738900855
v -0.009270061739 0.001467541791 0.02810674906
v -0.009261832573 -0.003651878098 0.03087370098
v -0.009259733371 0.0140686417 0.009622485377
v -0.009254271165 -0.004996459465 0.008595725521
v -0.009246191941 0.001891069114 0.0265569035
v -0.009239562787 -0.005315064453 0.02759696171
v -0.009225831367 0.002453317866 0.02720517293
v -0.009223633446 0.002460352844 0.02719850093
v -0.009223142639 0.001640360337 0.02657473274
v -0.009214635938 0.007341151126 0.02611827478
v -0.009209951386 0.0002836274216 0.03171845526
v -0.009200640954 0.009526019916 0.02440091595
v -0.009188577533 -0.01445781346 0.01787162758
v -0.009185255505 0.002447494306 0.02654798515
v -0.009167780168 0.006463544909 0.02654726803
v -0.009166749194 0.002674527699 0.02719762363
v -0.009152800776 0.001340745133 0.02660719492
v -0.009145109914 0.01545568742 0.01698825881
v -0.009145080112 -0.0113036586 0.009479530156
v -0.009144295938 -0.003841200843 0.02877528965
v -0.009139102884 0.009856511839 0.02412494272
v -0.009119199589 0.005350257736 0.02921164222
v -0.009112797678 -0.01336009149 0.01565678604
v -0.009109410457 0.007704644464 0.02331038937
v -0.009099413641 -0.01793478243 0.009827673435
v -0.009099369869 -0.01066216081 0.02048332244
v -0.009096091613 0.0009965869831 0.02852301672
v -0.009091004729 0.002655920107 0.02788782306
v -0.009089242667 0.009005051106 0.02495653555
v -0.00903747417 0.001437618863 0.02851775847
v -0.009036029689 0.008990298957 0.02040333115
v -0.009031131864 0.01354316715 0.01157694869
v -0.009026775137 0.01022579055 0.02381749451
v -0.009016880766 -0.001098682988 0.02642348409
v -0.009007836692 -0.0087881824 0.02473815903
v -0.009007262997 -0.006589690223 0.02648897097
v -0.009007148445 0.01103422418 0.02295746282
v -0.008994729258 0.003108094679 0.02655686252
v -0.008987638168 -0.004240076523 0.03120191209
v -0.008979885839 -0.01097837184 0.02281594276
v -0.00897809118 0.01061481051 0.02343446761
v -0.008957286365 0.006054754369 0.02854715288
v -0.008956875652 0.0007740676519 0.02874275111
v -0.00895338133 -0.004306197166 0.03125100955
v -0.008950789459 -0.004247550387 0.02873209305
v -0.008937777951 0.008337253705 0.02198082209
v -0.008936165832 0.001170275616 0.01129587833
v -0.008930862881 0.01561218034 0.01678306796
v -0.008929477073 -0.004349875264 0.03119045496
v -0.008917812258 0.0008473561611 0.02669150569
v -0.008917565458 0.006038796157 0.02888597921
v -0.008913318627 -0.002253054176 0.02619735897
v -0.008881171234 0.006432284601 0.02529986203
v -0.008855923079 -0.004479477182 0.03100837767
v -0.008845574223 -0.00444776332 0.02868744731
v -0.008840902708 0.0007386687794 0.02671666071
v -0.0088333413 0.006887936033 0.02483105473
v -0.008832980879 0.007869170047 0.02606227621
v -0.008828476071 0.006112291478 0.02688470483
v -0.008824575692 0.00738529209 0.02634034306
v -0.008817923255 0.01414750423 0.009156463668
v -0.008812456392 -0.004448969383 0.03138671443
v -0.008810035884 0.0005964111187 0.02896196209
v -0.008809451945 -0.01595851593 0.009641409852
v -0.008797163144 0.008591476828 0.02552919462
v -0.008792344481 0.002575351624 0.0285097342
v -0.008788608946 -0.004550931044 0.028657455
v -0.008783097379 0.005965782329 0.0291912742
v -0.008774359711 0.01361772977 0.01129498892
v -0.008774247952 0.003827713663 0.02719798684
v -0.008764075115 0.001007697545 0.03148718923
v -0.008758864366 0.003757678438 0.02654661052
v -0.008758279495 0.006304819603 0.02776321024
v -0.008737241849 0.001225838321 0.03148446232
v -0.008705034852 0.01086558122 0.0169169642
v -0.008703007363 0.003795857076 0.02788818255
v -0.008693993092 0.01490454562 0.01796014421
v -0.008682527579 -0.00476893317 0.03062272444
v -0.00867319759 -0.004495903384 0.03146495298
v -0.008664348163 0.006891325582 0.02665569261
v -0.008655679412 0.01382538211 0.01183205284
v -0.008629414253 0.006028633099 0.02572007477
v -0.008612958714 -0.001737678773 0.02645643242
v -0.008602946997 0.000477618305 0.02679142542
v -0.008589605801 0.004154011142 0.026527768
v -0.008589291014 -0.003637282178 0.01018149592
v -0.008588445373 0.00741422642 0.0264724493
v -0.008586890064 -0.01153809018 0.009112138301
v -0.008584298193 0.001340239774 0.03173448145
v -0.00855157245 0.006533455104 0.02686889842
v -0.008547171019 -0.009348667227 0.02216593549
v -0.008529570885 0.007397268899 0.02651526779
v -0.008515389636 -0.004497159272 0.0315176025
v -0.008512036875 0.002366650151 0.03147519752
v -0.008491412736 -0.005013016053 0.03053258732
v -0.008479326032 0.007831152529 0.02632825077
v -0.008434126154 -0.005124036223 0.02839511633
v -0.008421520703 0.0002819704823 0.02951349691
v -0.008417333476 0.003677146742 0.02851008065
v -0.00841605477 -0.004277313594 0.02565633506
v -0.008386181667 -0.0044663148 0.03153609857
v -0.00838102866 0.002333468059 0.03172684461
v -0.008361006156 -0.005061716307 0.03063225374
v -0.008337577805 0.004670890514 0.02648322284
v -0.008331333287 0.01337677892 0.01267797593
v -0.008295745589 0.005598885473 0.02611390129
v -0.008274557069 0.008274985477 0.02614709362
v -0.008271704428 0.007057509385 0.02854309231
v -0.008256467059 0.007656962145 0.02656028047
v -0.008251080289 0.004927762784 0.02720710635
v -0.00823611673 0.007030819077 0.02769580856
v -0.008226694539 -0.01110460516 0.01992650703
v -0.008203160018 -0.007841581479 0.02362651937
v -0.008185852319 0.004883272108 0.02789719962
v -0.008149728179 0.003471634118 0.03147473559
v -0.008144721389 0.01366888545 0.01986670308
v -0.008129926398 0.0001573351328 0.0269309897
v -0.00812458992 -0.01554196142 0.01539692841
v -0.008118563332 0.005066737067 0.02642793395
v -0.008081936277 -0.00898225978 0.02477252483
v -0.008076467551 -0.005606061779 0.02894310653
v -0.008044147864 0.008162718266 0.0264066942
v -0.00804363098 -0.004527554382 0.009667958133
v -0.008028838784 0.01557251345 0.01271343604
v -0.008024447598 0.003420995781 0.03172637895
v -0.008017412387 -0.006103981286 0.02747221664
v -0.008016265929 0.01005478576 0.01867307536
v -0.008015155792 -0.007901770994 0.02565539069
v -0.00800782349 -0.005648460705 0.02975390106
v -0.007982345298 9.555881843e-05 0.03011544608
v -0.007979471236 0.007278914098 0.02688249201
v -0.007938320749 7.867343811e-05 0.02879333496
v -0.007932603359 0.007861184888 0.02665323764
v -0.007928578183 7.602567348e-05 0.02918533981
v -0.007918820716 1.357368092e-05 0.02698406018
v -0.0079174852 0.004728177097 0.0285187941
v -0.007914989255 4.193361747e-05 0.02883349732
v -0.00791253522 -0.005794524215 0.0294050537
v -0.007907750085 -0.005805227906 0.02789319307
v -0.007894269191 -0.003486146918 0.007899252698
v -0.00789315626 -0.005819480866 0.02896522358
v -0.007891600952 5.114721716e-06 0.02887356095
v -0.007891563699 0.01381965727 0.0103469193
v -0.007887328975 -0.005676589906 0.02985880524
v -0.007886521518 0.01626947522 0.01583114639
v -0.007871511392 -0.005839923397 0.02935592458
v -0.007871204056 0.007538144477 0.02855753154
v -0.007865755819 -0.01800589263 0.009154941887
v -0.00785184931 -0.01786559634 0.009705795906
v -0.007848699577 0.007500863168 0.02890121564
v -0.007833405398 4.352425822e-05 0.02701502852
v -0.007831583731 0.007510213181 0.02766721696
v -0.007796931081 0.007489381358 0.02689441293
v -0.007794471458 -0.01385280583 0.01441962365
v -0.007782605477 -0.003376134671 0.009658562019
v -0.007782364264 -3.148175892e-05 0.0270219408
v -0.007780980319 5.090349441e-05 0.0299285762
v -0.007748016156 -0.005660878494 0.0299404189
v -0.007740271743 0.007388931699 0.02921062335
v -0.007717642933 -0.01617114432 0.008981334046
v -0.007684704848 -3.359471157e-05 0.0301546976
v -0.007661909331 -0.001502776984 0.02684822865
v -0.007659279741 -0.01668684557 0.01258302294
v -0.007655709516 0.004524313845 0.03148307279
v -0.007635576185 -0.01635449193 0.006507918239
v -0.007605385967 -0.009836778976 0.02174560726
v -0.007604296319 0.005959872622 0.02722486854
v -0.007597095799 -0.005618409719 0.0299740769
v -0.007591729052 0.005874798167 0.02622889355
v -0.00754649844 0.005903525278 0.02791475132
v -0.007538232952 0.00445704395 0.03173458949
v -0.007534727454 -0.01683276333 0.006631102413
v -0.007529919501 0.007618588395 0.0292230621
v -0.007512824144 3.633827873e-05 0.03074976243
v -0.007506534457 3.423048838e-05 0.03064314649
v -0.007494383957 0.01015806105 0.01866914518
v -0.007489999756 -0.0006249959115 0.02952989377
v -0.007456178311 -0.01103114989 0.02278999612
v -0.007455063518 -0.002838539192 0.0264644511
v -0.007416330744 -0.01583522931 0.006364713423
v -0.007408738602 0.006663936656 0.02569612488
v -0.007397562731 0.0001017008108 0.008079533465
v -0.007396496367 -0.006283832714 0.02905528992
v -0.007394458167 -0.0009849244962 0.007918260992
v -0.007391355932 -0.01323062833 0.01965678483
v -0.007385693025 -0.01725763828 0.006859947927
v -0.007347520441 0.006196754519 0.02610218525
v -0.007337430492 -0.01152179576 0.01925357431
v -0.007331271656 0.00667116465 0.02571523562
v -0.007312458474 -0.01787886024 0.009413886815
v -0.007299522404 0.005714292638 0.02853576466
v -0.007298153825 0.0003886531922 0.009905057959
v -0.007289116271 -0.006290580612 0.0291647315
v -0.00727476133 0.01240513567 0.01458333712
v -0.007262171712 0.001158967963 0.007915725932
v -0.007259912789 -0.002090220107 0.007673626766
v -0.00725032622 -0.0002329512645 0.03105207533
v -0.007243568078 0.01014394779 0.02484772354
v -0.007216672413 -0.0008082733839 0.03079962358
v -0.007212375756 -0.00072643772 0.0308904238
v -0.007207280491 -0.007257907651 0.02642344311
v -0.007201963104 4.058681589e-05 0.03116799518
v -0.007199426647 4.055128738e-05 0.03116767295
v -0.007198289037 -0.01760238968 0.007179118693
v -0.007188846357 -0.0008243706543 0.03086682037
v -0.007177200634 -0.006530516315 0.02724398673
v -0.007167322561 -0.0062577934 0.02925213799
v -0.007167266682 0.01434010733 0.007497129962
v -0.007125529926 -0.008373217657 0.02337555587
v -0.007123944815 0.008176833391 0.02693974227
v -0.007115961984 0.006964986678 0.02545072138
v -0.007114775945 0.006478760391 0.02595731989
v -0.007109930739 0.0002762318472 0.03127906099
v -0.007107603364 0.01441338565 0.01098452881
v -0.007080879062 0.006517989095 0.02593401447
v -0.007077295333 0.007034844253 0.02537321858
v -0.007067366038 -0.001283010468 0.03014380299
v -0.007065046113 -0.004209317267 0.009064356796
v -0.007037353702 0.005508998409 0.03150008991
v -0.007033635397 -0.01137556043 0.01950228773
v -0.007003968582 0.0005061847623 0.03140024096
v -0.007003048901 0.00218674168 0.007659837604
v -0.006998341996 0.008573154919 0.02673883364
v -0.006991473027 -0.001345735393 0.03079336509
v -0.006988616195 -0.003191307653 0.00735761784
v -0.006984716281 -0.0178422071 0.007568118162
v -0.00697365636 0.00880627241 0.02649986371
v -0.006970608607 0.00939998962 0.02052495256
v -0.006967603695 0.006645891815 0.02585200965
v -0.006954398938 0.0009858976118 0.03139368817
v -0.006945217028 -0.006689242553 0.02473036945
v -0.006929645315 0.005426169839 0.03175134212
v -0.006921017077 -0.01629748568 0.008523366414
v -0.006911418401 0.006707486697 0.02580783144
v -0.006899440661 -0.001328674727 0.02713786997
v -0.006860768422 0.002601374174 0.007527085021
v -0.006851926446 0.0008407867863 0.03160685301
v -0.006845246535 0.009326534346 0.02600343898
v -0.006842597388 0.006910149474 0.02725102007
v -0.006840160117 -0.01568195783 0.009932064451
v -0.00683351839 0.0009721402312 0.03160968795
v -0.006824474316 -0.01786802523 0.009148195386
v -0.006812049076 0.01029414218 0.01863263175
v -0.006793550681 0.006842887495 0.02794060484
v -0.006771063432 0.001913424814 0.03138616681
v -0.006767319981 0.001068493584 0.03177637607
v -0.00676486874 0.007792396471 0.02429925837
v -0.006758206058 -0.01796218194 0.008002879098
v -0.006753031164 1.275788964e-05 -0.00269795768
v -0.006741400808 0.001152941259 0.03184690699
v -0.006724714302 -0.006862204988 0.02833064273
v -0.006714734249 -0.006868155673 0.02835020795
v -0.006701737642 -0.006907292642 0.02689601481
v -0.006690790877 -0.006903674453 0.02750042826
v -0.006688629743 0.008600466885 0.02256622165
v -0.006684017833 0.008560732938 0.0226627849
v -0.006667262409 0.01684847288 0.01479662396
v -0.00666439347 -0.006934382953 0.02687098831
v -0.006653371267 0.001883526682 0.0316023007
v -0.006652555428 -0.006885149982 0.02845226601
v -0.006641190965 -0.001951137441 0.03083217703
v -0.006638091989 -0.006535773166 0.02893627435
v -0.006636634469 -0.004141776823 0.007025735453
v -0.00662950892 -0.002417471493 -0.002642637119
v -0.0066229566 0.00872910209 0.02863875404
v -0.006619357038 0.008618162945 0.02691764757
v -0.006618329789 0.003191262716 0.007307074033
v -0.006616232451 -0.006884245668 0.02850118279
v -0.006613589358 0.008682327345 0.02898519859
v -0.006590700243 0.001868142048 0.03184166178
v -0.006586839445 -0.01233477425 0.007904440165
v -0.006571768317 0.006622223649 0.02856075019
v -0.006556865759 0.01400721632 0.008984988555
v -0.00655234186 -0.009160495363 0.0247768499
v -0.006533188745 -0.01795930602 0.008455100469
v -0.006529377773 0.008547012694 0.0292965807
v -0.006516147405 -0.01236171927 0.007864628918
v -0.006488677114 -0.006840720307 0.02863310277
v -0.00647611171 0.002811745275 0.03138581291
v -0.006445573177 0.00990336854 0.02558723465
v -0.006422124803 -0.00227653631 0.03091436811
v -0.006421818864 0.008816955611 0.02760503814
v -0.006400568876 -0.003388317069 -0.002609942108
v -0.00636355672 0.002766215708 0.03160195425
v -0.006359775551 0.007257668767 0.02529456094
v -0.006355329882 -0.006743908394 0.02872031555
v -0.006343409419 -0.007120191585 0.02810139582
v -0.006338759791 -3.210957948e-05 0.009166060947
v -0.006332499441 0.0158850532 0.01077866554
v -0.006330827251 0.01453231927 0.01020139456
v -0.006324183196 -0.01783128269 0.008896218613
v -0.0063212323 0.01143391058 0.01653916948
v -0.006303906441 0.002741627861 0.03184131533
v -0.006303873379 0.006411006674 0.03152553365
v -0.006286977325 -0.002691884525 0.03105967864
v -0.006255894899 0.002395376563 -0.002715721726
v -0.006241045892 0.008955041878 0.02760253474
v -0.006213089917 -0.01311884262 0.01583345979
v -0.006210593041 -0.005006790627 0.006677925587
v -0.00620775437 0.00631392654 0.03177638352
v -0.006189005449 -0.002354636556 0.02696290612
v -0.006152035203 0.004087771755 0.006897687912
v -0.006140287966 0.01401637588 0.01179128326
v -0.006104453001 0.01045127213 0.02511858195
v -0.006090170704 -0.0088954987 0.02298626676
v -0.006085518748 -0.003205468645 0.03134556115
v -0.0060739615 0.003667433746 0.03139262646
v -0.006070414092 -0.004331474192 -0.00257181935
v -0.005985919386 -0.01521596871 0.01079031453
v -0.005976237822 0.007765805349 0.02728522196
v -0.005969502963 0.01442889869 0.006375898607
v -0.005968400743 0.003607013263 0.0316086486
v -0.005964653566 0.01653780788 0.01565235108
v -0.005937141366 0.007688713726 0.02797441185
v -0.005922838114 0.01402517315 0.01999680139
v -0.005912870169 0.00357365841 0.03184794262
v -0.005906662438 -0.003593140049 0.03166512027
v -0.005851171445 0.009189074859 0.02671993896
v -0.005841993727 -0.0166216772 0.01192926802
v -0.005823584273 -0.003269981593 0.02668989263
v -0.00578311272 -0.01188063622 0.01843985356
v -0.005770100281 -0.005379384384 0.02574006841
v -0.005761689972 -0.007504049689 0.02634261176
v -0.005744015798 0.007439747453 0.02859342843
v -0.005740819499 -0.007250817958 0.02453138307
v -0.005713751074 0.004759497941 0.006524536759
v -0.005703464616 0.007811808027 0.02460459061
v -0.005689523183 0.007822572254 0.02458913252
v -0.005660910159 -0.00397354085 0.03110458888
v -0.005644001067 -0.00523278024 -0.002528849989
v -0.005634522066 -0.008288004436 0.02560798824
v -0.005629375111 0.0110541489 0.02451499179
v -0.005614085589 0.0148471687 0.01015101559
v -0.005604272708 -0.007544871885 0.02773535997
v -0.005595639348 -0.01270493865 0.007362887263
v -0.005588679109 0.01333517116 0.02113150246
v -0.005579340272 -0.01537050586 0.01480169222
v -0.005570616573 0.004467701539 0.0314065069
v -0.005530379247 -0.006062664092 0.006189790554
v -0.005529157817 0.01054685656 0.01847351342
v -0.005528762005 0.005008838139 0.006369832903
v -0.00552431494 -0.007536587305 0.02789229155
v -0.005509294104 0.009517431259 0.0208237581
v -0.00547808595 -0.003691109363 0.008138851263
v -0.005473817699 0.004393355921 0.03162228316
v -0.005466204602 0.007216888946 0.03155902773
v -0.005447867792 0.01140261348 0.02408592403
v -0.005439075641 0.01410405897 0.007917869836
v -0.00543848332 -0.0004038864863 0.008517658338
v -0.005435576662 -0.0002823699615 0.008506969549
v -0.005423441064 0.004351801239 0.03186143562
v -0.005422953982 -0.007469465025 0.02803010494
v -0.005391040817 0.009364221245 0.02938761935
v -0.005389214028 0.0127434833 0.02209027112
v -0.005383322947 0.00710707996 0.03180934489
v -0.005370398983 -0.001429546974 0.008342931978
v -0.005367067643 0.01729249954 0.01373265311
v -0.005364962853 0.01599851996 0.01686934568
v -0.005347494967 0.0006233506138 0.008382205851
v -0.005337707698 -0.007679637522 0.02759559453
v -0.005334672052 0.01179267373 0.02354979515
v -0.005317996722 -0.007353890222 0.02812296897
v -0.005313643254 -0.004178085364 0.02640433051
v -0.005309522618 0.01223451737 0.02289055288
v -0.005307707936 0.0008459839737 0.008338406682
v -0.005263256375 -0.01661893167 0.01161455736
v -0.005213775672 -0.009211469442 0.02473985031
v -0.005201503169 0.008710928261 0.0228792727
v -0.005172916688 -0.002389504341 0.008104808629
v -0.005171704572 -0.01471800264 0.0117185358
v -0.005170736462 0.00457398314 -0.002694761381
v -0.005156962667 -0.004645472392 0.03021587431
v -0.005150349811 -0.01615178026 0.005353873596
v -0.005137277767 -0.002514504362 0.00806860812
v -0.005136376247 0.01448216103 0.005636918359
v -0.005117057823 0.001599829178 0.00814908836
v -0.005114008207 -0.009393044747 0.02245128527
v -0.005101473071 -0.01649885811 0.007545469329
v -0.005037622526 -0.01662342437 0.00548286736
v -0.005016877782 0.008515320718 0.02732700855
v -0.005005803425 -0.007806660142 0.02761574835
v -0.004994685762 -0.0177025497 0.008274583146
v -0.004988802131 0.008429618552 0.02801571786
v -0.004973605275 0.005200586747 0.03142724186
v -0.004959744867 0.01298786607 0.01376241166
v -0.004948491696 0.01413875073 0.007470946759
v -0.004936085548 0.009762701578 0.02655831352
v -0.004933834542 -0.01562642306 0.005215107463
v -0.00489905756 -0.01664562337 0.01129499264
v -0.004887196235 0.005113488063 0.03164265677
v -0.004884557799 -0.017040262 0.005718686618
v -0.004871788435 0.009907517582 0.02877057344
v -0.004869989585 0.009858774021 0.02911857888
v -0.004857855849 0.01542103291 0.0180219505
v -0.004842936061 0.005064425524 0.03188159317
v -0.004828896374 0.01715136133 0.01424208097
v -0.00482740486 0.008155861869 0.02863334864
v -0.004809470382 0.009708927013 0.02943061665
v -0.004797708709 -0.003468076931 0.007760498673
v -0.00479528401 -0.00797863584 0.02588890493
v -0.004786333535 -0.003464626381 0.007754381746
v -0.004783490207 -0.003471127013 0.007751883008
v -0.004780948162 -0.005072328262 0.02970902808
v -0.004757144023 0.002524506999 0.007824394852
v -0.004755865317 0.005894942675 0.005739269778
v -0.004733898211 -0.013012629 0.006920159794
v -0.004731240682 -0.001618492766 -0.002546437085
v -0.004725664854 0.01419841778 0.02005384676
v -0.004713771399 -0.007032846566 0.00566907879
v -0.004713226575 0.01505096257 0.009604403749
v -0.004701090045 -0.01737631857 0.006045676768
v -0.00468326686 -0.005011695437 0.02610259317
v -0.004662916064 0.0006277289358 -0.00258680433
v -0.0046526324 0.008530166931 0.02344398573
v -0.004583662841 -0.007810666692 0.02418627962
v -0.004571607802 -0.005287372973 0.02946862578
v -0.004558730405 -0.005151562858 0.0260459464
v -0.004536840599 0.007914636284 0.0316000618
v -0.004534483887 0.00295967632 0.007632927969
v -0.00452251453 -0.01234933641 0.01718097739
v -0.004513074644 -0.002723626792 -0.002511722967
v -0.004506784957 -0.007893892936 0.02764894441
v -0.004499149974 -0.01760759018 0.006443034858
v -0.004486731719 0.01005133148 0.02762018144
v -0.004484736826 -0.006813575048 0.02501136065
v -0.004472319037 -0.007211539894 0.02470719069
v -0.004468637053 0.007793801371 0.03184973821
v -0.004451276734 -0.005953693297 0.02559845895
v -0.0044382005 -0.006628082599 0.02515067719
v -0.004417637363 -0.007395941764 0.02456112765
v -0.004417465068 -0.005302302539 0.02598247677
v -0.004332020413 -0.00760953268 0.02438409813
v -0.004327538889 -0.0129779242 0.01926164515
v -0.00432614889 0.01077025943 0.01822468266
v -0.004305955488 -0.01498468034 0.01076520607
v -0.00430494966 -0.006821935065 0.02498081885
v -0.004291845951 0.005855136551 0.03145452216
v -0.004291139077 -0.01771982387 0.006886387244
v -0.004289625678 -0.007078960072 0.02477532253
v -0.004273882136 -0.004420840647 0.007365322672
v -0.004273537546 0.01755619422 0.01283639483
v -0.004265042488 0.003406463657 0.007407290861
v -0.004258971661 -0.01090661436 0.02261021361
v -0.004250348546 -0.007810793351 0.0242071785
v -0.004243032075 -0.007340179291 0.02457732335
v -0.004242106806 0.01453926973 0.004880527966
v -0.00424177479 0.01514045242 0.009299689904
v -0.00422571972 -0.007207051385 -0.002406157553
v -0.00422208989 -0.006279159337 0.02541366406
v -0.004217299167 0.005756647326 0.03166946769
v -0.004206431564 -0.007322757039 0.02457359992
v -0.004182920326 -0.003666783916 -0.002473603934
v -0.004180025309 0.005700880196 0.03190812841
v -0.004176872317 -0.01677316055 0.01034804434
v -0.004174610134 -0.009860004298 0.02176953107
v -0.004153560847 -0.006215075962 0.02546310052
v -0.004144414794 -0.007853593677 0.0276694335
v -0.004143027123 -0.006790107582 0.02490131743
v -0.004127897322 0.01669528708 0.01554801501
v -0.004118394572 0.01427963655 0.02007931657
v -0.004115850199 -0.007003540173 0.02470196225
v -0.004113182891 -0.005710059311 0.0290225558
v -0.004108346999 -0.00634667743 0.02535415813
v -0.00409087725 -0.003873718437 -0.002464085817
v -0.004089998081 -0.01771049388 0.007347146049
v -0.004085633438 -0.007246838417 0.02453843132
v -0.004085159395 0.009725812823 0.02071868256
v -0.004076283891 -0.006759940181 0.02484596334
v -0.004048582166 -0.006952132098 0.02464491688
v -0.004045916256 -0.006567929406 0.0250385534
v -0.004031605553 -0.007200238295 0.02450700291
v -0.004022129811 -0.006721673533 0.02478272654
v -0.004008247051 0.01760735177 0.01261521876
v -0.004000050016 -0.006385590881 0.02526448667
v -0.003998287022 -0.006894503254 0.02457749285
v -0.00399364857 -0.006549120881 0.02497825213
v -0.003982440103 -0.006676621269 0.02471373044
v -0.003977425862 0.009148610756 0.02737581357
v -0.003971876111 -0.007131495513 0.02445086651
v -0.003967130091 -0.006833069492 0.02450248227
v -0.003961291164 0.009055633098 0.02806396782
v -0.003958452959 -0.006626329385 0.02464125305
v -0.003956268542 -0.006770358887 0.02442295663
v -0.003953552339 0.01448757388 0.01067387499
v -0.003953287378 -0.008525850251 0.02348738909
v -0.003952914849 0.006623797584 0.005108960904
v -0.003952722996 0.01048253477 0.02625332028
v -0.003951143008 -0.006392859388 0.02521055192
v -0.003950453829 -0.007924114354 0.02760768682
v -0.003948964179 0.01761814021 0.0125655178
v -0.003933152184 0.002753583249 -0.002585766837
v -0.003925791942 -0.006501720287 0.02482589334
v -0.003925763071 -0.006072085351 0.02557778172
v -0.003915989306 -0.006909791846 0.02420289628
v -0.003914575092 -0.007007937878 0.02432546765
v -0.003913099412 -0.008620660752 0.02338002622
v -0.003907131031 -0.006391797215 0.02515211515
v -0.003904692363 -0.005882787518 0.02884967253
v -0.003898791503 -0.006447161548 0.02490606718
v -0.003894608933 0.01194839366 0.01579961553
v -0.00389260333 0.01759836636 0.01265594549
v -0.003891722765 0.010294687 0.02649127692
v -0.003888662439 -0.006173311733 0.02549503185
v -0.003852292895 0.01096009649 0.02567039803
v -0.00383741525 -0.006364918314 0.02502680942
v -0.003834275994 0.008760930039 0.02867998183
v -0.00382113969 -0.006235423964 0.02540099435
v -0.003803871805 -0.006332684774 0.02507431991
v -0.003799274564 -0.007877287455 0.005142055452
v -0.003780801082 -0.008469355293 0.02350015938
v -0.003760413034 -0.006268571131 0.02528930642
v -0.003738922998 -0.006285704672 0.02514461055
v -0.003715737024 -0.01524065528 0.01417664811
v -0.003693803446 -0.009189308621 0.02466371283
v -0.003677270142 0.004187156912 0.006932160817
v -0.003656319575 -0.008345741779 0.02704457194
v -0.003651052713 -0.00599886151 0.02564858831
v -0.003640110139 0.01468829066 0.007499537431
v -0.003629090032 -0.008369118907 0.02346614003
v -0.003626144025 -0.005302685313 0.006934037432
v -0.00361633068 -0.006026147399 0.02563215233
v -0.003615827998 -0.01395626366 0.01301811635
v -0.003615621245 -0.008330365643 0.02717945725
v -0.003602855606 -0.006090753246 0.02557534538
v -0.003586535109 -0.006230940577 0.02523349412
v -0.003583496436 -0.006163120735 0.025477672
v -0.003582122736 -0.008435831405 0.02540577576
v -0.003568784334 0.006405563559 -0.002636451274
v -0.003568730317 0.008897249587 0.02869295329
v -0.003566714004 -0.008277883753 0.02730161697
v -0.00356443692 -0.006208985113 0.02536500804
v -0.003549567191 -0.005391510669 0.006886162795
v -0.003549089655 0.01605961844 0.007953939959
v -0.003538550576 -0.009483030066 0.02225624025
v -0.00353553053 0.006421567872 0.03148794919
v -0.003532262985 -0.006090707611 0.02557939291
v -0.003529628972 0.008493843488 0.03164803982
v -0.003525411943 0.01616939157 0.01680640876
v -0.00352317607 -0.008241562173 0.02339082956
v -0.00351343886 -0.008192352019 0.02740130201
v -0.003483098932 -0.007987631485 0.02317818627
v -0.003477341495 0.008363856003 0.03189694881
v -0.003474610858 -0.008101576008 0.02328332514
v -0.003474142868 0.006313221995 0.03170231357
v -0.003473875578 0.009151175618 0.02225124463
v -0.003472069511 0.0109148249 0.01799243689
v -0.003460060805 -0.008081032895 0.02747093514
v -0.00344461808 0.006251650862 0.03194062784
v -0.003441884182 -0.00622760877 0.02525120042
v -0.003429099685 -0.006166853476 0.02548597753
v -0.003424231429 -0.006170370616 0.02548066713
v -0.003423493821 -0.005532171577 0.006808525883
v -0.003371411003 -0.006242115982 0.02523759939
v -0.003369311569 -0.009424519725 0.02226579189
v -0.003364648903 -0.0134794293 0.006269085221
v -0.003361297771 -0.006245064083 0.02523442917
v -0.003353956621 -0.006230480038 0.02536028437
v -0.003311716951 -0.006249772385 0.02533091232
v -0.003303586505 -0.006266159005 0.0252102185
v -0.003284244565 -0.01658117212 0.006657228805
v -0.003252059687 -0.01278075762 0.01577541046
v -0.003223584965 -0.009318964556 0.02223646641
v -0.00321220886 -0.006316212006 0.02514736913
v -0.00317565538 -0.009264752269 0.02221355587
v -0.003143304493 -0.006425214931 0.02833872661
v -0.003140138462 0.004749849439 0.006514381617
v -0.003124860814 -0.009183239192 0.02217290178
v -0.003122948343 -0.0152203897 0.01386659592
v -0.003097169334 -0.008908571675 0.02199407294
v -0.003091499908 -0.009088000283 0.02211782709
v -0.00308957207 0.01724207588 0.01403734088
v -0.003083457937 -0.009032682516 0.02208252996
v -0.003069245256 0.01530632097 0.008460496552
v -0.003063912503 0.01072999835 0.02888057381
v -0.003027483355 -0.01542639732 0.004434069619
v -0.003022299614 -0.01062124316 0.02032008767
v -0.00302051683 0.01560509298 0.01800130866
v -0.002996358555 0.01098855957 0.01784345694
v -0.002995399758 -0.006516130175 0.02825746313
v -0.002992803929 0.01070446055 0.02767964453
v -0.002975933719 -0.01614909619 0.007488863543
v -0.002955890959 0.01071983203 0.02923464775
v -0.002955043688 0.01076889876 0.02888628468
v -0.002940679435 0.007340737619 0.004350027069
v -0.002916220343 0.0105611505 0.02954611555
v -0.002915605903 0.01427275501 0.005748315714
v -0.002909823786 0.004958955571 0.006339527667
v -0.002894930774 -0.007115553133 0.006421691738
v -0.002883825917 0.01074354257 0.02768923715
v -0.002883212408 -0.005712805782 -0.002356486395
v -0.00287819677 -0.006965015084 0.006423927844
v -0.00287187472 0.009657148272 0.0274309814
v -0.002868441632 0.009558332153 0.02811850235
v -0.002865502378 -0.007261728402 0.006396916695
v -0.0028542988 -0.01098163612 0.0195957236
v -0.00284396857 -0.006875871681 0.006413293071
v -0.002823742572 -0.01054011192 0.020324599
v -0.002819462446 0.01073464286 0.0265125744
v -0.002819387475 -0.006832581013 0.006404208951
v -0.00278069498 -0.008605574258 0.0046104379
v -0.002777994145 0.009246808477 0.02873269469
v -0.00276141637 -0.006173276808 0.006422177888
v -0.002751292195 -0.01524060126 0.01354531385
v -0.002724451013 -0.006723289844 0.006365128793
v -0.002718673553 -0.01369357668 0.005984604359
v -0.002715960611 0.006891414989 0.03152701631
v -0.002692710608 -0.006698211655 0.006351289339
v -0.002679506084 0.01463405136 0.003644309007
v -0.002678486984 0.01534236036 0.008149365894
v -0.002672023606 -0.01039359812 0.02028431743
v -0.002668836154 0.006774892565 0.03174069524
v -0.002663899912 0.009909189306 0.02047067881
v -0.002662514336 0.01340108272 0.01266976632
v -0.002647707937 0.006708508823 0.0319786109
v -0.002638108097 -0.01741171256 0.007272365503
v -0.002624060959 0.01780042052 0.01141935401
v -0.002618883038 -0.01589138806 0.00433489494
v -0.002607662464 -0.0100195948 0.02010586858
v -0.002607489238 0.004568146076 -0.002543423325
v -0.002595751779 -0.01020879019 0.02020654827
v -0.00259371032 -0.006642045453 0.006306684576
v -0.002580509288 0.01081603114 0.02652973682
v -0.00257291575 -0.01157465205 0.01829217747
v -0.002554020612 -0.01551574282 0.008743120357
v -0.002512579318 -0.01635826938 0.004480980337
v -0.002490467858 0.01166634914 0.0251538232
v -0.002474600216 -0.006607189775 0.006251011975
v -0.002459586598 0.00894587487 0.03170223534
v -0.002429034561 -0.006601600908 0.006229269318
v -0.002424202627 0.008808746934 0.03195028752
v -0.002387976972 0.01679184474 0.01539001614
v -0.002377244411 -0.01149146818 0.01829616725
v -0.002372353571 -0.0167679619 0.004734172486
v -0.002352677286 -0.008755000308 -0.00226506032
v -0.002323981375 0.00960462261 0.02125674859
v -0.002298486186 -0.008780986071 0.02492911369
v -0.002280672081 0.01762854494 0.01233161613
v -0.002275401494 -0.006899762433 0.02792617306
v -0.002242376562 -0.006620119326 0.006138003431
v -0.002238790039 0.01431782451 0.005216331221
v -0.00222965749 -0.01134205051 0.0182616841
v -0.002207234968 -0.01709507406 0.005077796057
v -0.002172562527 -0.01095991768 0.01810801029
v -0.002157502109 -0.01115353778 0.01819485426
v -0.002144157654 0.01466009859 0.003244210035
v -0.002140854718 0.01199871302 0.02467446402
v -0.002086034976 -0.006693506148 0.006058468483
v -0.002027948154 -0.01731627621 0.005490006879
v -0.002027669223 -0.009094292298 0.02454590425
v -0.002017995343 -0.01536719315 0.01258304901
v -0.002016920829 0.005627853796 0.005684618838
v -0.001992154401 -0.0131840501 0.01425533835
v -0.0018972127 0.01538329758 0.007470411249
v -0.001862758305 0.01237079501 0.02407389134
v -0.00184545666 -0.01741799712 0.005945632234
v -0.001845387858 0.007257654332 0.03157113865
v -0.001840817975 0.007928543724 0.003569816239
v -0.001840252429 -0.008769719861 0.02669456601
v -0.001815005438 -0.008744430728 0.02683366835
v -0.001813415904 0.007134761196 0.03178405017
v -0.00180120545 0.007064624224 0.03202151135
v -0.00179229246 0.01468878053 0.009330633096
v -0.001788535039 0.01627310924 0.01669794507
v -0.001785738161 -0.008680594154 0.02695881203
v -0.001777329249 -0.01318873465 0.01414519455
v -0.001754835132 -0.008583289571 0.02705972269
v -0.001747743459 -0.0172870066 0.006947709247
v -0.001739760628 -0.01326318271 0.0139390938
v -0.001724958885 0.009930943139 0.02817859873
v -0.001724825939 -0.00846093148 0.02712853998
v -0.001715108287 0.01003409177 0.02749178186
v -0.001704835449 -0.007140393835 0.02772257105
v -0.001702819602 0.01115729008 0.01736740768
v -0.001701330417 0.01385798678 0.02139224485
v -0.001694611041 -0.009194320999 0.004101120867
v -0.001680519781 0.01279600337 0.02333753556
v -0.001674577943 -0.01053547394 0.005671706982
v -0.001672770246 0.009606951848 0.02879078314
v -0.001671178034 -0.01267852075 0.01876764931
v -0.001670990139 -0.01739839464 0.006415575743
v -0.00165933487 0.01786452904 0.01052289456
v -0.001644372707 0.01454709657 0.02015764266
v -0.001618597191 0.01328743808 0.02244916558
v -0.001585699734 -0.01310285088 0.01414849609
v -0.001555196242 0.007769884542 -0.002544624731
v -0.001507556532 -0.01655002497 0.005873952061
v -0.001498333993 0.01229371969 0.01474116649
v -0.00148070103 0.01726674102 0.01376363821
v -0.001443078858 -0.01295125019 0.01411922742
v -0.001440719934 0.01113320142 0.02666253597
v -0.001436910359 -0.0153258564 0.003856237046
v -0.001392977545 -0.01256494038 0.01398842037
v -0.001387911849 0.01787264459 0.01025906391
v -0.001375246211 -0.01276077889 0.01406246517
v -0.001371255494 -0.007257299498 0.02762269601
v -0.001342668314 0.00926399231 0.03176184371
v -0.00132493407 0.009121838957 0.03200895339
v -0.001310618944 -0.00884085428 0.02662615106
v -0.00129065325 0.01571696252 0.01794286445
v -0.001289874082 -0.008813383989 0.02676605433
v -0.0012665377 -0.008747288026 0.02689185366
v -0.001264589257 0.01004910283 0.02008997649
v -0.001260924502 0.009705894627 0.02881311998
v -0.001254958333 0.00605917396 0.005153353326
v -0.001242516562 -0.00864753034 0.02699290216
v -0.001219784725 -0.00852275081 0.02706124261
v -0.001193758566 -0.007120555732 -0.00222899206
v -0.001185561763 0.01437697373 0.004427417181
v -0.001182356384 0.009923160076 0.02040266246
v -0.001163952984 -0.00897959061 0.02452206984
v -0.001130295685 -0.01059168018 0.02229222283
v -0.001105794334 -0.01471855957 0.009918539785
v -0.001061719144 -0.008991969749 0.02448745817
v -0.001050248626 -0.01720012166 0.006723877974
v -0.001039948431 -0.01554672699 0.01126304641
v -0.001024177647 0.006169070955 0.004997333512
v -0.001021096716 -0.01467572059 0.009977808222
v -0.0009948113002 0.01144693978 0.02638071775
v -0.0009807306342 -0.01475504506 0.009759041481
v -0.0009592553834 -0.009003452957 0.02445322275
v -0.0009489963995 0.01438682154 0.00425675232
v -0.0009368249448 0.007514814846 0.03161966056
v -0.0009206598625 0.007387445774 0.03183172643
v -0.0009177579777 0.007314675953 0.03206868842
v -0.0009171566926 -0.007389816921 0.02750629187
v -0.0008958721301 0.01515463274 0.01910778508
v -0.0008908255841 0.01125415973 0.02932512015
v -0.0008877076907 0.01130465418 0.02897739038
v -0.0008732441347 0.01108924113 0.02963490784
v -0.0008581234142 0.01127311494 0.02782131359
v -0.0008291871636 0.01759275608 0.01192241535
v -0.0008049838361 0.005908450112 -0.00246357359
v -0.0008042887785 -0.01510233711 0.008811074309
v -0.0007986093988 0.01535659563 0.006370911375
v -0.0007939223433 0.01126328576 0.02677617595
v -0.0007908529951 -0.008993947878 0.02484816313
v -0.0007852234994 0.01681338064 0.01517257839
v -0.0007361064781 0.01479548775 0.005012863316
v -0.0007288697525 -0.01435207576 0.005207818002
v -0.0006923542242 -0.01325693261 0.005208364688
v -0.0006913595134 0.008372343145 0.002803800628
v -0.0006077739527 0.01461747661 0.02017697133
v -0.0005877594231 0.01617023163 0.005401773378
v -0.0005791909643 -0.009632490575 0.003635165282
v -0.000546240306 0.01016845927 0.02824344486
v -0.0005334909074 0.009836519137 0.02885345742
v -0.000522687973 0.01027436648 0.02755737677
v -0.0005163305905 0.01125963405 0.01683956385
v -0.0004332002136 0.01172419451 0.02608762681
v -0.0004229635815 0.01353816967 0.01133423112
v -0.0004201104748 0.01781055145 0.009876855649
v -0.0004154054041 -0.007502020802 0.02740075439
v -0.0003548713285 0.01468779519 0.001994211227
v -0.0002833310864 0.01134131942 0.02688284963
v -0.0002571147052 -0.01712535135 0.006496053189
v -0.0002390016452 -0.01451992244 0.005042323843
v -0.0002352625306 -0.01623395644 0.00585904438
v -0.0002352338051 0.01117986813 0.0296559073
v -0.000195911678 0.009298464283 0.03207206726
v -0.0001955240441 0.009443454444 0.03182596713
v -0.0001947515702 0.01629397273 0.01653984189
v -0.0001478316844 -0.009775012732 -0.002114819363
v -0.0001454057347 -0.01619782858 0.005861926824
v -0.0001230461639 -0.01578084938 0.009846555069
v -9.839029372e-05 -0.01627741009 0.005681013688
v -7.783593173e-05 0.01785432361 0.008914461359
v -5.671944382e-05 -0.0161413718 0.005856464617
v -3.975214349e-05 0.01721388474 0.01341492869
v -3.362276766e-05 -0.01532527804 0.003414681181
v -2.698331082e-05 -0.01623306796 0.005674634129
v -1.100380177e-05 0.006549706683 0.004339325242
v -1.057363988e-05 0.007454924751 0.03211943805
v -9.723633412e-06 -0.01582893357 0.003482605331
v -3.91730282e-06 0.007529171184 0.03188300878
v -3.848363122e-06 0.007659052499 0.03167184442
v 1.4773359e-05 -0.01524447184 0.005068832077
v 1.742790118e-05 0.01012704615 0.01961098611
v 2.981100988e-05 -0.01631825045 0.005513425916
v 3.951827239e-05 -0.0161764212 0.005660492927
v 4.831669503e-05 -0.0162977092 0.003669677302
v 7.377412112e-05 -0.01599207334 0.005821967497
v 8.817383787e-05 0.01013502199 0.01956692711
v 0.0001170843025 -0.01562590711 0.005684024654
v 0.0001179661413 0.01013824809 0.01954844967
v 0.0001210207993 0.01200239826 0.02568822354
v 0.0001346029312 -0.01581031084 0.005761072971
v 0.000137369585 -0.01670293696 0.003965912387
v 0.0001387540397 -0.01603963971 0.00561159011
v 0.0001387904194 -0.01622299291 0.005464890972
v 0.0001569324813 0.01157961134 0.02666161209
v 0.000169672654 -0.01636296324 0.005329662003
v 0.0001854088914 -0.01577506587 0.005380279385
v 0.0002084969019 -0.01610624418 0.005404151976
v 0.0002105467429 -0.01692318171 0.004212645814
v 0.0002364440297 -0.0162816532 0.005277208053
v 0.0002373112657 -0.01598244905 0.005326384678
v 0.0002490240149 -0.009000998922 0.02511637285
v 0.0002511772618 -0.01701765135 0.00435045734
v 0.0002641870815 -0.01709193364 0.006358575076
v 0.0002675739815 -0.01596745849 0.005103501491
v 0.0002810716978 -0.01619303972 0.005208914168
v 0.0002846280404 -0.0124542471 0.01821457781
v 0.0002871063189 0.01783225499 0.0085203778
v 0.0002885007416 -0.01640108973 0.005172756501
v 0.0002912395867 -0.009067947976 0.02408210188
v 0.00029148467 0.01573958993 0.01784405112
v 0.0003027716302 -0.01610916108 0.005116220564
v 0.0003073938715 -0.01630292833 0.005148878321
v 0.0003117985616 -0.01623284817 0.005134958774
v 0.0003237987403 0.0145233199 0.007768995129
v 0.0003310335742 0.01465373486 0.001551087946
v 0.000435531867 0.0151935406 0.00497781951
v 0.0004554418556 0.01749062538 0.01144057699
v 0.0004580570967 -0.01727614924 0.005058678798
v 0.0005093924701 -0.007618628442 0.0272603035
v 0.0005421054666 0.008679813705 0.002038858831
v 0.0005442217807 -0.01729552448 0.00535624288
v 0.0005571192596 -0.01615955122 0.00833754614
v 0.0005880952231 -0.008889845572 0.02647732943
v 0.0005888954038 -0.008552512154 0.02691423893
v 0.0005929351319 -0.008857898414 0.02661940083
v 0.0005933982902 -0.008681887761 0.02684742585
v 0.0005947838654 -0.008786757477 0.0267464444
v 0.0006067534559 0.01440173201 0.003193086945
v 0.0006119866739 -0.009940899909 0.003197255544
v 0.0006245135446 0.009932417423 0.02891987935
v 0.0006340438267 0.01229879633 0.02516758814
v 0.0006427051267 0.01674677059 0.01489108801
v 0.0006518567097 0.01026767772 0.02831216529
v 0.000662980543 -0.01724478416 0.005768636242
v 0.000671136193 0.01518149581 0.01906572655
v 0.0006828604382 0.01129606552 0.01621830463
v 0.0006893290556 0.01037473697 0.02762689814
v 0.00073046732 0.0176900737 0.009281190112
v 0.0007378424052 0.008577391505 -0.002425303683
v 0.000794191903 -0.01706911437 0.006227778271
v 0.000808838231 0.01235950645 0.01341608446
v 0.0008317481261 -0.007975532673 -0.002092596143
v 0.0008366896072 0.01460113563 0.001239353791
v 0.0009067885112 0.007483274676 0.03217300028
v 0.0009082470206 -0.01240835059 0.01792831719
v 0.0009231114527 0.007557821926 0.03193713352
v 0.0009396005771 0.007688208017 0.03172693029
v 0.0009460224537 0.009335993789 0.0321386978
v 0.0009534680285 0.006775324233 0.003753574565
v 0.0009647437255 0.009481584653 0.03189367056
v 0.0009673623135 0.01163159497 0.0268503055
v 0.000987356063 -0.01535514928 0.003141448833
v 0.0009915094124 0.01125684753 0.02969178185
v 0.0009981918847 0.01142506208 0.02938489616
v 0.001007212792 0.01147840917 0.02903916314
v 0.001020365977 0.01144269109 0.02716924623
v 0.001040808856 0.00678986311 0.003702471033
v 0.001051892992 0.01505777985 0.004261231981
v 0.001072055078 0.01263062935 0.02451077476
v 0.001115818974 0.01437866036 0.002867429517
v 0.001173073775 0.009930810891 0.02895227075
v 0.001195463701 0.01145645604 0.02801234275
v 0.001218301011 0.016217364 0.01632893831
v 0.001228443463 0.01708315685 0.01300251111
v 0.001239748555 0.01464425121 0.02018608153
v 0.001298230141 -0.007627927698 0.0271878019
v 0.001299109659 -0.01241935045 0.01762379706
v 0.001312472625 0.00665412657 -0.002353390679
v 0.001340408693 0.01772286557 0.007347515784
v 0.001343881362 -0.009011317976 0.02385950089
v 0.00135909114 0.01183533389 0.02649570256
v 0.001360350405 0.01020284649 0.01880727895
v 0.001392564387 0.01449317392 0.0009169299155
v 0.001402109512 0.01301481016 0.02370225266
v 0.001487822854 0.01474978868 0.003397065215
v 0.001514262985 -0.007616018411 0.02717471868
v 0.001543097431 0.01492183935 0.003703762777
v 0.001588103944 0.01732830517 0.01091194712
v 0.00159470865 0.01346692536 0.02272407338
v 0.001607945538 -0.01022601873 0.0218747817
v 0.001621221658 0.01400222443 0.02155768126
v 0.00168848224 0.01565710269 0.01770308428
v 0.001721516252 0.008829760365 0.001363351941
v 0.00172393024 0.01329886355 0.009788146242
v 0.00172920397 -0.01537828334 0.002970049158
v 0.001745163347 0.01752423495 0.008661352098
v 0.001760020619 -0.01009369828 0.002829909325
v 0.001768809627 0.01430984028 0.0024674749
v 0.001785660861 0.009893358685 0.02898915485
v 0.001820622711 0.007399302907 0.03222857416
v 0.001838668133 0.01124892756 0.01553545892
v 0.001846571686 0.007472966798 0.03199329227
v 0.001853201305 0.01022726297 0.02838383988
v 0.001853547641 0.01611714996 0.003628562205
v 0.001879413147 0.007601850666 0.03178407997
v 0.001892658183 0.01659145951 0.01455579512
v 0.001904634992 0.01033385564 0.02769940719
v 0.001913817367 0.01161424164 0.02704735845
v 0.001922414405 0.01762840338 0.006688755006
v 0.001927354606 0.01429410838 0.000621413812
v 0.001963655232 -0.01010658871 0.002770078368
v 0.001986637712 0.01142198406 0.02729998529
v 0.001991625177 -0.008787019178 0.02557094395
v 0.002030805452 0.01203421503 0.02608767897
v 0.002050356008 0.01509765815 0.01899079978
v 0.002069670707 -0.01254582126 0.0166995097
v 0.002082854044 0.01159828063 0.02707794681
v 0.002083851956 0.009233863093 0.03220784292
v 0.002100202255 0.01423708443 0.002275106497
v 0.002120839199 0.009377814829 0.03196392581
v 0.00214081537 0.006890963297 0.003087529913
v 0.00224408065 -0.01020012889 -0.001965304837
v 0.002247623168 0.01260449365 0.02469249815
v 0.002296782332 0.01457096729 0.02017191052
v 0.002318497514 -0.008716788143 0.02564430609
v 0.002319488674 -0.01703643426 0.005894530565
v 0.002334832912 0.01463671308 0.002873302437
v 0.002341750078 0.01688195206 0.01254973188
v 0.002347299596 -0.008860305883 0.02374652773
v 0.002371157287 0.01398362126 0.006027457304
v 0.002401413163 -0.008277471177 0.02688904107
v 0.00243193307 -0.008405493572 0.02682374045
v 0.002448927378 0.01604253612 0.01607452333
v 0.002457291586 -0.008509504609 0.02672326565
v 0.002475306857 -0.008580205031 0.02659581229
v 0.002480083844 0.01457354054 0.002746197395
v 0.002484616591 -0.008612066507 0.02645265684
v 0.00251807319 -0.007477198727 0.02714911848
v 0.002528881188 0.01116086636 0.02974648401
v 0.002573314123 0.01748793386 0.005957550369
v 0.002584108617 0.01711207442 0.01036264747
v 0.002584303496 0.0140565699 0.002008169889
v 0.002624761313 0.01012814511 0.01805882901
v 0.002626753645 0.01173631847 0.02676714212
v 0.00263638352 0.01731766015 0.008045617491
v 0.002640481107 0.01295058522 0.02385303006
v 0.002670551883 0.01224064548 0.02554631978
v 0.002717262134 0.007204267196 0.03228532523
v 0.002747697057 0.01445099059 0.002560972236
v 0.00275265961 0.007275873329 0.03205064312
v 0.002801549155 0.007401267998 0.03184244782
v 0.002836656524 0.01111365575 0.02976100519
v 0.002861258341 0.01145943627 0.02718961984
v 0.002879306907 0.01127878856 0.02945946157
v 0.00287991669 0.006873796228 0.002706174739
v 0.002889105352 0.01336938422 0.0228317678
v 0.002898939652 0.01111454424 0.01483439654
v 0.002899511019 0.01546884608 0.01752853766
v 0.002905188594 0.01133311074 0.02911828458
v 0.002934322692 0.009719864465 0.02906035259
v 0.002954954281 0.008839127608 0.0007177572697
v 0.002961389488 -0.01010997873 0.002498914488
v 0.002963749226 0.01387923211 0.02160747163
v 0.002978620119 0.0120438803 0.01188256126
v 0.002985480707 0.01635564119 0.01418731734
v 0.002999716904 0.01591659524 0.002909955569
v 0.003013269743 0.01130665001 0.02770876512
v 0.003018583171 -0.008203984238 -0.001959064975
v 0.003037986346 -0.0153985275 0.002724925056
v 0.003041625023 0.01004776545 0.02845750377
v 0.003042264143 0.01130061224 0.02731292322
v 0.003074802225 -0.01589426212 0.002817677334
v 0.003096084809 -0.01272817701 0.01542809606
v 0.00310686836 0.01015227009 0.02777392417
v 0.003117068671 0.01733788848 0.005361156538
v 0.003129065502 -0.01634979621 0.003029828891
v 0.003159813117 0.008775074966 -0.002286324278
v 0.003177430946 0.01510497835 0.001763718203
v 0.003197576152 -0.01673633978 0.003349370323
v 0.003200612031 0.008993598633 0.03227847815
v 0.003215317149 0.006843189709 0.002542012371
v 0.003235513112 0.01247909851 0.02485303208
v 0.003241598839 0.01490244083 0.01889115945
v 0.003255522344 0.009133693762 0.03203569353
v 0.00327226473 0.01102911029 0.02978502214
v 0.003275830531 -0.01702966355 0.003755101934
v 0.003277492011 0.006835930049 0.002512206323
v 0.003318486735 0.01661781408 0.01208019629
v 0.003325726604 0.01119182911 0.0294852443
v 0.00335777807 0.01124545932 0.02914568037
v 0.003358583897 -0.0172084365 0.004220521078
v 0.003370176535 0.0118174646 0.0263697505
v 0.003386069555 0.01050517615 0.01608400047
v 0.003388772253 -0.00860227365 0.02374536917
v 0.003399157431 -0.007235997822 0.02717201784
v 0.003403872252 0.01101337466 0.01447436307
v 0.003440712113 -0.01726154052 0.004716714844
v 0.003458716674 0.01684828848 0.009818734601
v 0.003505555214 0.01720880903 0.00495294109
v 0.003508899594 0.01436597761 0.02013728768
v 0.003512880998 0.01126513816 0.02723880857
v 0.003516935976 0.01359092072 -0.0001833755523
v 0.003517224221 -0.0171901267 0.005211904645
v 0.003520432161 0.01577839814 0.01579454914
v 0.003554722061 0.006738202181 -0.0022227671
v 0.003580095945 0.01147834677 0.02693245187
v 0.003583146259 -0.01699607447 0.005674157292
v 0.00358331576 0.006901076995 0.0323424153
v 0.003588301362 0.009558605962 0.02910211682
v 0.003627837636 0.006969488226 0.03210832924
v 0.00363385235 -0.009949305095 0.02139665931
v 0.003684706055 0.01277389191 0.02398819104
v 0.003692222293 0.00708945794 0.03190115467
v 0.003696433967 -0.01538966689 0.002630247734
v 0.003718365449 -0.00789275486 0.02693374828
v 0.003751652082 0.01268058922 0.008077102713
v 0.003755439771 0.01118136104 0.02724772319
v 0.003765341127 -0.008016634732 0.02686934918
v 0.003784837201 0.009932547808 0.01732626185
v 0.003805867396 -0.008116961457 0.0267694965
v 0.003836329328 -0.00818467699 0.02664234862
v 0.00385426078 -0.008214440197 0.02649919689
v 0.003880757373 0.01113683265 0.02725077048
v 0.003901022952 -0.008254253305 0.02586996928
v 0.003901412478 0.01384051144 0.001804510131
v 0.003907404374 -0.01504296344 0.009227630682
v 0.003942518961 0.01604769006 0.01380646415
v 0.003949181642 0.01518474799 0.01733617298
v 0.003950194921 -0.01697520725 0.00562146306
v 0.003984435927 0.01314873435 0.02292796969
v 0.00400872156 0.01109057199 0.02725291625
v 0.004015017767 0.01085675787 0.01401492395
v 0.004035542719 -0.01299230568 0.01401308551
v 0.0040540318 -0.008383964188 0.02380732074
v 0.004055036232 0.009414273314 0.02913250774
v 0.004063856322 0.01226817351 0.02499710396
v 0.004077115562 -0.008375657722 0.02381029725
v 0.004081220832 0.01682227664 0.00692442432
v 0.004097161349 0.01188979857 0.02583168074
v 0.004100178368 -0.008367308415 0.02381332591
v 0.004103181884 0.01362705976 0.02164711244
v 0.004107088316 -0.008122415282 0.02651318908
v 0.004150199238 0.008703348227 0.0001580528915
v 0.004151856992 -0.008161773905 0.02589945868
v 0.004155773669 0.01694049127 0.004343576729
v 0.004175939597 -0.00997625012 0.002214973792
v 0.004176903982 0.01629839465 0.01161743142
v 0.004196582828 0.01103794482 0.02723775432
v 0.004201136529 0.009731595404 0.02853215858
v 0.004210806452 -0.01607863978 0.007158227265
v 0.004252197687 0.006655422505 0.00207191892
v 0.004256299697 0.01331681944 0.001171741635
v 0.004270290025 0.01460639853 0.01878104545
v 0.004270425532 0.01688473858 0.004253338091
v 0.004279107787 -0.009887945838 0.02114694938
v 0.004279649816 0.008618778549 0.03234954923
v 0.004279854707 0.009832426906 0.02784944698
v 0.004287606571 0.009808654897 0.01697341166
v 0.00432256842 0.01314571407 0.004173626192
v 0.004349584226 0.0114286337 0.02656321973
v 0.004351881333 0.008752858266 0.0321078971
v 0.004376687109 0.01319450233 -0.0005734600127
v 0.004390395246 -0.006814293098 0.02725018561
v 0.004405832384 0.006494266912 0.03239898384
v 0.004430421628 -0.009928052314 0.002161405981
v 0.004440717399 0.01110871229 0.02701860294
v 0.004456612282 0.01543405745 0.01550712995
v 0.004459018353 0.006558394991 0.03216549009
v 0.00447528949 0.01407575142 0.02010079287
v 0.004515338689 0.01312972978 -0.0006334390491
v 0.004538127221 0.006671082228 0.03195933253
v 0.004565698095 0.01249858737 0.02411421761
v 0.004622851033 0.009954714216 0.01593707502
v 0.004623012152 -0.01534858439 0.002529433928
v 0.00466605043 -0.0100024445 -0.001826323569
v 0.004680272657 -0.009891977534 0.02088044211
v 0.004687290639 -0.01583089121 0.002634047531
v 0.00468857307 -0.01343669277 0.01241042838
v 0.004757757299 -0.01627131179 0.002854378894
v 0.004760782234 0.0119854454 0.02512943
v 0.004772122949 -0.0153386211 0.002516605891
v 0.004775040783 0.01083861105 0.02797888219
v 0.004784909543 0.01655009575 0.005360757932
v 0.004785012454 0.01567609049 0.01343397237
v 0.004830226768 -0.01664285734 0.003178237006
v 0.004848531447 0.01053240243 0.02991695702
v 0.004862627946 0.01481494214 0.01714189351
v 0.004882430658 0.01623195969 0.008831264451
v 0.004882702604 0.01658917405 0.00383624807
v 0.004900178406 -0.01692298427 0.003584843129
v 0.004914277233 0.01281824522 0.023022037
v 0.00494385045 0.01067923382 0.02962480113
v 0.00498122815 0.01135071181 0.01019609906
v 0.005001252051 0.01072533801 0.02929224074
v 0.005014728755 -0.01713960618 0.004541248083
v 0.005031935405 0.01051219366 0.01318979543
v 0.005074252374 0.01325856801 0.02168975025
v 0.00507474551 -0.01687664352 0.005491764285
v 0.005112262443 0.0163111072 0.006108080968
v 0.00511872815 0.010397668 0.01340435352
v 0.005125377793 0.01134710293 0.02605513111
v 0.005132715683 0.008980697952 0.02920465916
v 0.005160441622 -0.007926174439 0.02401016653
v 0.005162368994 0.01422031596 0.01867483556
v 0.005172521807 0.005989918485 0.03245418146
v 0.005178105086 -0.00778620271 -0.001839919016
v 0.005179608241 0.01038572937 0.02995568141
v 0.005193529651 0.006355430465 0.001698829234
v 0.005203849636 0.01093921158 0.02668709308
v 0.005212960765 -0.007722469047 0.02585192397
v 0.005233785138 0.006048730575 0.03222127259
v 0.005245678127 0.01066679601 0.02714952454
v 0.005269234069 0.01372370962 0.02007327229
v 0.005281201098 0.01501872484 0.01523030177
v 0.005297349766 -0.006260047201 0.02738524601
v 0.005304885097 0.008114993572 0.03241999075
v 0.005305581726 0.008430944756 -0.0003142673522
v 0.005311640445 0.01275214646 -0.0009604394436
v 0.005314360373 0.01213853061 0.02423761413
v 0.005316124298 0.009283008985 0.02860680595
v 0.005326614249 0.006152393296 0.03201610222
v 0.00534046581 0.01038668677 0.01292364486
v 0.005352182779 0.01060026791 0.02807800472
v 0.005358068738 -0.00968969427 0.001982025802
v 0.005384704098 0.01066177711 0.02704840153
v 0.005393574014 0.008240983821 0.03217947111
v 0.005404578056 -0.006181744859 0.02740646899
v 0.005404667463 0.009444545023 0.01609543897
v 0.005407799501 0.009378626943 0.02792496234
v 0.005422827788 0.01290223841 0.0008162017912
v 0.005447731819 0.008387256414 -0.000367321074
v 0.005452348851 0.01612732559 0.005796998739
v 0.005457023159 -0.01683006808 0.005457837135
v 0.005462285597 -0.01001198124 0.02007034793
v 0.005500030238 0.01405932754 0.0006569381803
v 0.005503135733 0.006227541249 0.001588568091
v 0.005550269969 -0.007076316979 0.02708207816
v 0.005551726557 0.008349957876 -0.002136809751
v 0.005564668216 -0.008155046962 0.02352401242
v 0.005582853686 0.01556110196 0.01078036427
v 0.005620122887 -0.007188505959 0.0270187743
v 0.005630461033 0.00966409687 0.01484017447
v 0.005641529337 0.01177242119 0.006259069778
v 0.005664945114 0.01436961163 0.01696153916
v 0.005681534763 -0.007277902216 0.02692036331
v 0.005689992104 0.01618394628 0.00336080417
v 0.005712203216 0.01239119284 0.02312332392
v 0.005717070773 0.005540261045 0.03249519318
v 0.005720385816 0.006153129507 -0.002083437517
v 0.005729066674 -0.007336574607 0.02679483593
v 0.005758846644 -0.007360051852 0.02665322646
v 0.005831952207 0.01596844383 0.005286602303
v 0.00584090082 0.008611446247 0.02925373614
v 0.005863120314 0.01127055939 0.02538139746
v 0.005902227014 0.0156309139 0.008086993359
v 0.005911687389 0.01278661285 0.02174853906
v 0.005940557458 0.005448117387 0.03227484226
v 0.005943809636 0.01375495084 0.01858687401
v 0.005970869679 0.01072153542 0.02624645829
v 0.005984063726 0.01009311341 0.01234329585
v 0.006004869007 -0.005682424176 0.02755250037
v 0.006030662917 0.01247651037 0.0004130285233
v 0.006045904011 0.005541142542 0.03207062185
v 0.006073334254 0.005950225983 0.001403527334
v 0.006084241904 0.01041138917 0.02677474916
v 0.006116315257 0.01320282742 0.02006286569
v 0.006150674541 0.01208885852 0.002276238985
v 0.006152857561 0.008424972184 0.02927582338
v 0.006176635623 0.01482026745 0.01276510581
v 0.006183003541 0.005295511801 0.03218477592
v 0.00620135339 -0.01519032195 0.002439338714
v 0.006250863429 0.01542278286 0.007791112177
v 0.006261026487 0.007489753421 0.03248875216
v 0.006307648495 0.01585046947 0.003003328107
v 0.006311651785 -0.007301675156 0.02431134693
v 0.006331071258 0.0083113648 0.02928858623
v 0.006338284817 0.01571443118 0.00475253351
v 0.006342039909 0.01517102774 0.009330758825
v 0.00634226948 0.01011645049 0.02709639445
v 0.006346715614 0.009723665193 0.03013415635
v 0.00636506686 0.007605707739 0.03224934265
v 0.00636611646 0.005214536097 0.032095965
v 0.006371580996 0.008708044887 0.02868043631
v 0.006379630417 0.01386155095 0.01680645719
v 0.006386538036 -0.01607110165 0.002785837278
v 0.00640343735 0.008030979894 -0.0006923675537
v 0.006450007204 -0.01515383273 0.002434168942
v 0.00645177858 0.008983911946 0.01514914818
v 0.006472343579 -0.01328881923 0.01172455214
v 0.006475522649 0.008796980605 0.0279994458
v 0.006483457051 0.009842968546 0.02985007688
v 0.006498912815 -0.009251022711 0.001791587099
v 0.006505565252 -0.01018592902 0.01895489544
v 0.006513662636 0.006761797238 0.03066908568
v 0.006515569054 0.01124093868 0.02451080829
v 0.006532236468 -0.01668878831 0.003513997421
v 0.006542702205 0.0105461739 0.02582281828
v 0.006555048749 -0.008036167361 0.02323526144
v 0.006558444351 0.005127290264 0.03201172873
v 0.006566588767 0.009872231632 0.02952469885
v 0.006603332236 0.01486150362 0.01013489813
v 0.006603543647 -0.01689519174 0.00445317477
v 0.006625645328 0.01567712054 0.002819527872
v 0.006630474702 0.0152692711 0.007219181396
v 0.006634721532 0.01279652212 0.02008039318
v 0.006642292254 0.01321938355 0.01853029989
v 0.006659419276 0.01405249443 0.01474722661
v 0.006662047468 0.00867807772 0.02801280096
v 0.006666172296 -0.007211314049 0.02427643724
v 0.006681548432 0.008348014206 0.02898541838
v 0.006687761284 -0.0049546808 0.02779602446
v 0.006718725897 0.009827666916 0.02832821384
v 0.006745498162 0.005031303503 0.03193327039
v 0.006750220433 0.0119907856 -0.001481244341
v 0.006752340123 -0.008965436369 0.02137332223
v 0.00675508054 -0.009128351696 0.001752661541
v 0.006783983205 0.01473117806 0.01002694108
v 0.006804089528 0.01038301829 0.008409559727
v 0.006854471751 -0.006667007226 0.02680869773
v 0.006872101221 0.00851238519 0.02828310803
v 0.006921108346 0.006645618472 0.03039823472
v 0.006924153771 0.01539865322 0.004210283048
v 0.006926643196 0.00541602727 0.001177147031
v 0.006943728775 -0.004621344618 0.02791938931
v 0.006948945113 -0.006750357337 0.02556786127
v 0.006954246201 0.01463479083 0.009832551703
v 0.006959090941 -0.009194939397 -0.001707004383
v 0.006962028798 -0.01293750014 0.01220901869
v 0.006974676624 -0.01657121629 0.005371175706
v 0.007003425155 -0.006121004466 0.02730810642
v 0.007010730449 0.009681808762 0.02709183097
v 0.007012169808 0.009830928408 0.02681370825
v 0.007023861166 0.0113207167 0.02339452878
v 0.007027558982 0.01330777351 0.01668076962
v 0.007029481698 -0.006819165777 0.02448967099
v 0.007032329682 0.00952212885 0.011319899
v 0.007038734853 0.006841979455 0.03254744038
v 0.007047913503 0.009498164989 0.01136431843
v 0.007057145238 0.008315126412 0.02855039015
v 0.007093078457 -0.006216688082 0.02724568173
v 0.007105033845 0.004748172127 0.03177069873
v 0.007124026306 -0.006758229807 -0.001745434478
v 0.007135878317 0.01501076855 0.006649705581
v 0.007172383368 -0.006290488411 0.02714908123
v 0.00718290545 -0.006705180276 0.02453008853
v 0.007202767301 -0.008054531179 0.02281694114
v 0.007227392402 0.01356401294 0.0145400269
v 0.007234489545 -0.006335897837 0.02702600509
v 0.00724202022 0.008069140837 0.02845674381
v 0.007251880132 0.006856495049 0.03231647238
v 0.007254025433 0.00639819866 0.03011368215
v 0.007256997284 -0.004149244167 0.02810800262
v 0.007274459582 -0.00634955382 0.02688706666
v 0.007283065934 -0.01393637061 0.0100805629
v 0.007288141176 0.01032326929 0.02508588135
v 0.007288603112 0.01261948608 0.01851682551
v 0.007294557523 0.01144735143 2.92211771e-05
v 0.007297275588 0.009359451011 0.01104469597
v 0.007320129313 0.0115851257 0.02197955549
v 0.007333851885 0.01449038927 0.009182842448
v 0.007342615165 0.009432659484 0.02709200233
v 0.007345754653 0.004400287755 0.03164816648
v 0.007346720435 0.01315043122 -4.409812391e-05
v 0.007356855553 0.007555922493 -0.0009555015713
v 0.007361783646 0.0116267642 -0.001663565636
v 0.007375196554 0.01066697575 0.004392500035
v 0.007378913928 -0.003940728493 0.0281972494
v 0.007383761462 0.004365740344 0.03159629181
v 0.007387305144 0.01387376897 0.01212483644
v 0.007408787031 0.006703061517 0.03232876211
v 0.007432871033 0.008851956576 0.03037634119
v 0.007435963955 0.005013082642 0.001076988876
v 0.007451300509 0.01201432105 0.02018486336
v 0.007455580868 0.007631012239 0.02828620374
v 0.007480529603 0.008403867483 0.01413929462
v 0.007482093759 0.006101666018 0.02977725118
v 0.007502208464 -0.01043545641 0.01769464649
v 0.007506290451 0.008765335195 0.01270252187
v 0.007547703106 -0.01522297878 0.007566887885
v 0.007547728717 0.003870324697 0.03155708313
v 0.007549078204 -0.008685663342 0.001638872549
v 0.00756022241 0.01377297938 0.01191016473
v 0.007561074104 0.01341450587 0.01366968453
v 0.007561781444 0.007154940162 0.02809598669
v 0.007572081871 0.009729819372 0.02595839649
v 0.007575740106 0.008339901455 0.01405375078
v 0.007596856914 0.00558790192 0.02957680076
v 0.007614958566 0.004951451905 -0.001947913319
v 0.00761955604 0.01274088025 0.01657252945
v 0.00762604503 -0.007091921754 0.02402610518
v 0.007649731357 0.003899698146 0.03090961836
v 0.00765067758 0.008638512343 0.03043641523
v 0.007659771014 0.00324900914 0.03155980259
v 0.007666086778 0.009166108444 0.02708215266
v 0.007666284218 -0.01641071215 0.005356006324
v 0.007673482411 0.003089854959 0.03157705069
v 0.007680909242 0.009450442158 0.02654673532
v 0.007684418 0.004788514692 0.001039566472
v 0.007686180994 0.009188083932 0.02705911547
v 0.007697201334 0.009139426053 0.02708056942
v 0.00769950822 0.002696475247 0.03164920211
v 0.00770014897 0.007351207547 -0.001033050939
v 0.007713940926 -0.003262448823 0.02851451747
v 0.00772059802 0.01468283217 0.006090979092
v 0.007742671296 -0.01490815077 0.00244362466
v 0.007746181451 0.002569751348 0.03168762103
v 0.007755873725 0.008194296621 0.01396571752
v 0.007756572217 0.007329946384 -0.001986568794
v 0.007768274285 -0.009126574732 0.02036833391
v 0.007789887488 0.0024431739 0.03173146769
v 0.007806742564 0.01294639893 0.01477032807
v 0.007807862014 -0.006926201284 0.02411865257
v 0.00781880971 0.002354904311 0.03176130354
v 0.007821274921 0.00872177165 0.03015867621
v 0.00782206282 -0.01488989871 0.002446035855
v 0.007828165777 0.01089228038 0.0004039350897
v 0.007837804034 0.01422997937 0.008565597236
v 0.007881920785 0.008066394366 0.01398462616
v 0.007883471437 0.009210702963 0.02682545781
v 0.007916357368 0.01196154021 0.01854674518
v 0.007923826575 0.008726730011 0.02983831242
v 0.007927767001 -0.005301385652 0.0275372453
v 0.007939416915 -0.002663744846 0.02883189544
v 0.007939802483 0.013640875 0.01116739586
v 0.007942726836 0.01089611091 0.02219526842
v 0.007970851846 0.001829361077 0.03184133023
v 0.00797393918 -0.01573695801 0.002812060528
v 0.00797824841 0.01123074163 -0.001823753119
v 0.008000143804 0.01016719174 0.02399664372
v 0.008024561219 0.007880188525 0.01413633022
v 0.008027888834 -0.002370779868 0.02900136448
v 0.008029639721 -0.005382183939 0.0274753049
v 0.008031363599 0.008718165569 0.02862530202
v 0.008044276386 0.00152630033 0.03181925789
v 0.008051564917 0.01488275081 0.002091132104
v 0.008078907616 -0.00708213402 0.02379545569
v 0.008091272786 -0.005930506159 0.02483609319
v 0.008092960343 0.001296556904 0.03176961094
v 0.008109322749 -0.007545858622 0.02309019677
v 0.008119973354 -0.005441710819 0.02738023177
v 0.00812027324 0.01127272379 0.02036959305
v 0.008126653731 -0.01631692052 0.003532452509
v 0.008152325638 0.007640383206 0.01449603494
v 0.00816288963 0.00870375149 0.02706178278
v 0.008166221902 -0.016516909 0.004445854574
v 0.008182401769 0.0007747175405 0.03153963014
v 0.008185617626 0.006409575231 0.03262364864
v 0.00818872638 0.004869283177 0.02023879625
v 0.008191082627 -0.00547469873 0.02725946158
v 0.008192488924 0.005524817389 0.01929860003
v 0.008198785596 0.004172568209 0.02099345811
v 0.008211515844 0.006159983575 0.0181200318
v 0.008215844631 0.003633488668 0.02141601034
v 0.008216165006 0.01164287794 0.01853663288
v 0.008220531978 -0.001440986409 0.02961035445
v 0.008237203583 -0.005478534847 0.02712298185
v 0.008239197545 0.0003388034529 0.03118153661
v 0.008240173571 0.01214419678 0.01637762785
v 0.008242684416 0.007336131763 0.01514376141
v 0.008244462311 0.003036199138 0.02171512134
v 0.008248304948 0.006770927459 0.01666478813
v 0.008260757662 0.006920766551 0.01624816284
v 0.008267274126 0.006967782974 -0.001138200983
v 0.008279250935 0.002502250252 0.02182241157
v 0.008286442608 -0.0005226483336 0.03034108877
v 0.008289766498 0.004110577516 0.02085271105
v 0.008290621452 0.009375140071 0.0253928937
v 0.008301074617 -0.0108265942 0.01618666947
v 0.008314189501 0.006596758496 0.01688867062
v 0.008339520544 0.01206840761 0.01628140174
v 0.008343697526 -0.005813478027 0.02484471351
v 0.008354789577 -0.01622319408 0.005354015157
v 0.008364495821 0.004055711906 0.0009844135493
v 0.008368065581 0.009017858654 0.02622703835
v 0.008373519406 0.004985505249 0.01964671165
v 0.008385078982 -0.005594213028 0.02527488582
v 0.00839391537 0.005818563513 0.01827768423
v 0.008407750167 -0.005612521898 0.02497861162
v 0.008410700597 -0.006411196198 0.02434132062
v 0.008420655504 0.01389149856 0.007981006987
v 0.008435287513 0.009247651324 0.006575719453
v 0.008441499434 0.0133809112 0.01049123239
v 0.008451964706 0.0114765279 0.01819740422
v 0.0084524462 0.006311029196 0.03180879354
v 0.008454624563 -0.005563381594 0.02500010654
v 0.008455725387 -0.007128414698 0.02347686328
v 0.008455767296 -0.005665733013 0.02492224239
v 0.008482392877 0.01085274108 0.02048497275
v 0.00849874597 0.008666789159 0.02687181532
v 0.008513908833 -0.00550042931 0.02502455562
v 0.008528132923 0.01019758545 0.02250512317
v 0.0085323276 0.01197488233 0.01591635123
v 0.008544827811 -0.007977136411 0.001505209133
v 0.008546027355 0.01029012632 -0.0002429615706
v 0.008610003628 0.01126496401 0.01837928779
v 0.008623351343 -0.002391414717 0.01974688657
v 0.00862555299 -0.002382316627 0.01975389011
v 0.00863799639 -0.00233200565 0.01978507452
v 0.008644740097 0.001448794967 0.02113661356
v 0.008650848642 -0.002324874979 0.01970664039
v 0.008659584448 0.008441410959 0.0269234851
v 0.008687282912 0.01451538876 0.001828825101
v 0.008688489906 -0.005208738148 -0.001683762297
v 0.008701652288 -0.002192883287 0.01975423284
v 0.008701703511 -0.002078880789 0.01983768679
v 0.008718176745 0.008227503859 0.02700138465
v 0.00872631371 0.01119339466 0.01819453947
v 0.008727507666 -0.001970726298 0.01983754896
v 0.008751843125 -0.002197225578 0.01948725991
v 0.008774903603 -0.009349047206 0.01923536696
v 0.008777028881 0.007264447864 0.03080823272
v 0.008781428449 0.008310426027 0.009362348355
v 0.008787539788 -0.006410515402 0.02415359393
v 0.008790510707 -0.007770421449 0.001472430304
v 0.008796975017 -0.001969299279 0.01972126774
v 0.008801096119 -0.002134360839 0.01951396838
v 0.008809155785 -0.002154287416 0.01934438944
v 0.008816096932 -0.005168386735 0.02510230429
v 0.008822858334 0.01048030518 0.02053107321
v 0.008824388497 -0.002074211836 0.01957258768
v 0.008832064457 0.0005206458154 0.02060666867
v 0.008848033845 -0.001278519165 0.01992333122
v 0.00887141563 0.007904578 0.02706543729
v 0.00889377296 -0.0006799758412 0.02008971944
v 0.008896976709 -0.0003496455611 0.02021005563
v 0.008897426538 -0.0004981765524 0.02015371062
v 0.008898418397 -0.001882319921 0.01958731934
v 0.008917522617 0.01186054945 0.01498263329
v 0.008930661716 -0.002095468808 0.01901698112
v 0.008934353478 0.009456718341 0.002535860986
v 0.008935815655 0.0111141149 0.01769477129
v 0.008941258304 -0.01459070202 0.002499756403
v 0.008945264854 0.002188162645 0.02049187757
v 0.008949739859 0.0104409596 0.02018560097
v 0.008950135671 0.003219682025 0.001012256369
v 0.008952913806 0.009050657973 0.02472462133
v 0.008963836357 0.00731670158 0.03053313121
v 0.00897267554 -0.007830617018 -0.001615174115
v 0.008973154239 -0.01139763929 0.01425414253
v 0.008977263235 0.003581985133 0.01972432435
v 0.008987234905 -0.004978174344 0.02512719855
v 0.00902143959 0.01303377841 0.009871241637
v 0.009022487327 -0.002034672536 0.01906076819
v 0.009039906785 -0.00646300381 0.02391369268
v 0.009047619998 0.008368400857 0.02641921118
v 0.009057755582 -0.001996538835 0.01909334958
v 0.009068296291 0.003241093596 -0.001828365028
v 0.009070630185 0.007303644903 0.03021433949
v 0.009079788812 0.002785364399 0.01999397203
v 0.009082826786 0.01212809887 -0.0004942491651
v 0.009088151157 -0.001952991472 0.01912410557
v 0.009093486704 0.01038535777 0.01983615756
v 0.009109554812 -0.002061801264 0.01848667674
v 0.009110824205 0.00441419892 0.01852928288
v 0.00911663752 0.0104159601 -0.002049911767
v 0.009121203795 -0.001752832439 0.01926798373
v 0.009125086479 0.006260706112 -0.001233290881
v 0.009126778692 -0.00389216654 0.02801208571
v 0.009127438068 0.00817686785 0.02670019493
v 0.009132583626 -0.001852351706 0.01917832717
v 0.009155835956 -0.008353690617 0.02099469677
v 0.009172067977 0.005218762439 0.01716963947
v 0.009174714796 -0.002045647008 0.01852588356
v 0.009192935191 0.007549433503 0.01068106666
v 0.009196319617 0.007283498067 0.02884283289
v 0.009218319319 0.0003523433115 0.01983909495
v 0.00922477711 -0.002064070432 0.01811840758
v 0.009234041907 -0.005747425836 0.02458885871
v 0.009236643091 -0.002017920371 0.01856385916
v 0.009241791442 0.01418081019 0.001632386819
v 0.009241968393 -0.00394882774 0.02795100957
v 0.009260589257 0.007922057994 0.008761350065
v 0.00927656237 0.01411899459 0.002045376226
v 0.009290178306 -0.007707356941 0.0220501218
v 0.009315889329 0.0103165675 0.01923575252
v 0.009324184619 0.01099928282 0.01669964939
v 0.009327365085 -0.004566275515 0.02518015727
v 0.009338176809 -0.005651514512 0.02463003621
v 0.009341826662 -0.00168322539 0.01892370358
v 0.009344052523 -0.003984493669 0.02785872854
v 0.009353375994 -0.002071518218 0.01800848171
v 0.009383515455 0.009555290453 0.02186319232
v 0.009390325285 0.01029867493 0.01901913434
v 0.009405034594 -0.01588241197 0.005373273976
v 0.00940541923 -0.002105072374 0.01749924757
v 0.009412586689 0.0116000073 0.01419870835
v 0.009416175075 0.002298898296 0.001114375889
v 0.009417506866 0.007154426537 0.02714079246
v 0.009423336945 -0.002111736685 0.01743500307
v 0.009424596094 -0.003995956853 0.02774225175
v 0.009434841573 -0.002055462683 0.01805110089
v 0.009442859329 -0.007144972682 0.001382371411
v 0.009455728345 -0.0021250227 0.01731753536
v 0.009471578524 -0.007259726059 0.02260458842
v 0.009477260523 -0.003982364666 0.02761092409
v 0.009495146573 -0.005453651305 0.02473112568
v 0.009503229521 -0.01527193934 0.002906800248
v 0.009512765333 -0.002022332978 0.01809046231
v 0.009514980949 0.006805356592 0.0120206587
v 0.009516196325 -0.002136369934 0.01748586819
v 0.009517979808 -0.01095113903 0.01482494362
v 0.009521490894 -0.00538768759 0.02476494573
v 0.009532637894 0.008779696189 0.02396511659
v 0.009537966922 0.007812363561 0.02657051384
v 0.009553875774 -0.005773048382 0.02441167273
v 0.009564750828 -0.002182667376 0.01690903492
v 0.009582440369 -0.004817332607 0.0249914173
v 0.00958441291 -0.001973281149 0.01812528074
v 0.009586814791 0.00224172906 -0.00177802518
v 0.009592395276 0.006882121321 0.02719005942
v 0.009593780152 0.005794340745 -0.00124546513
v 0.00959713012 0.00588133093 0.03112392128
v 0.009602147155 0.003013041336 0.01859606244
v 0.009603838436 0.009194618091 -0.0003676712513
v 0.009613251314 -0.002137832111 0.01753456146
v 0.009616727941 -0.003150008619 0.02831181139
v 0.00962961372 0.005781997927 -0.001845471561
v 0.009647316299 -0.001910081948 0.01815439574
v 0.00965499226 -0.002737038303 0.002260338515
v 0.009660089388 -0.002234261949 0.01696928032
v 0.009660711512 0.005855235271 0.03198806569
v 0.009666692466 0.005855184048 0.03107445315
v 0.009667309932 -0.01581295952 0.003615766764
v 0.009677052498 0.007588089444 0.02665261179
v 0.009683278389 -0.002275808714 0.01643852331
v 0.009688914753 -0.0096591888 0.01785816252
v 0.009689359926 -0.01600830071 0.004499676637
v 0.00969436951 -0.002286844421 0.01639276743
v 0.009695443325 0.008113715798 0.02541953325
v 0.009696238674 0.002920032479 0.01841698214
v 0.009697296657 -0.005860634148 0.02420236357
v 0.009699217975 -0.001834961004 0.018176727
v 0.009701489471 0.001397594227 0.0189354606
v 0.009704788215 0.006699929945 0.02723074332
v 0.009709987789 -0.002115771407 0.01757859439
v 0.009713218547 -0.00660870783 0.02326148562
v 0.009714388289 0.007423995528 0.02675791085
v 0.009715054184 0.007119526621 0.02696121857
v 0.009717573412 0.006810562685 0.02715243027
v 0.009720070288 -0.002971134614 0.02839088067
v 0.009720873088 -0.00165684463 0.0182749331
v 0.009721463546 0.01018897165 0.01818220317
v 0.00973363407 0.006651645061 0.027238179
v 0.009736536071 -0.00327139115 -0.00166022405
v 0.009739322588 0.001358088804 0.001271268353
v 0.009742774069 0.0060627372 0.01338154264
v 0.009747019038 -0.002348642331 0.01616948284
v 0.009756269865 -0.005455790088 0.02462618984
v 0.009767440148 -0.002257847693 0.01702652499
v 0.00977213122 0.006587648764 0.02723996341
v 0.009772147983 -0.002538423287 0.002200061455
v 0.009780255146 -0.002368550282 0.01646783203
v 0.009784065187 0.003747116309 0.01746169291
v 0.009801801294 -0.002071191324 0.01761599444
v 0.009802610613 -0.002442474943 0.01591645181
v 0.009814090095 0.001056771143 0.00133234635
v 0.009815350175 0.005797057413 0.03194831684
v 0.009826816618 -0.002450742526 0.01623317599
v 0.009830182418 0.009352298453 0.02090780064
v 0.009844792075 0.009829913266 -0.002139447257
v 0.00984530244 -0.002911930205 0.02839634567
v 0.009855616838 0.005784147885 0.03086641058
v 0.009862967767 0.008051272482 0.004747412167
v 0.009868016466 -0.005495570134 0.0245299954
v 0.009869879112 0.005309090484 0.01474862918
v 0.009871752001 -0.002556173597 0.01604161412
v 0.009880209342 -0.004199988674 0.02506848052
v 0.009880342521 -0.002251751022 0.01707708463
v 0.009880869649 -0.003826081287 0.02518839948
v 0.009888586588 0.004536303692 0.01610863581
v 0.009889137931 0.005770963151 0.03125397861
v 0.009889895096 -0.002419473138 0.0165384952
v 0.009895825759 0.005456785206 -0.001235606149
v 0.009900604375 -0.00168155448 0.001978861168
v 0.009916969575 0.00129857345 -0.001739906147
v 0.009924305603 0.001929031801 0.01831496134
v 0.009927549399 0.01008454431 0.01779774018
v 0.009932660498 -0.002515172586 0.01631508395
v 0.00994652696 0.006030410528 0.02898136899
v 0.009956397116 -0.005621393677 0.02431401052
v 0.009961971082 0.005745228846 0.03055921197
v 0.009969756007 1.23067075e-05 0.001558739692
v 0.009970488027 -0.001065397635 0.001816745847
v 0.009974104352 0.00107934291 -0.001732200384
v 0.009977592155 -0.002407542896 0.002148605883
v 0.009982616641 0.01124330703 0.01349511743
v 0.009991797619 -0.002216251567 0.01711788587
v 0.009993294254 -0.002632239601 0.01615261286
v 0.009997555986 0.008584220894 0.02314483374
v 0.01000212505 0.006381467916 0.02716324851
v 0.01000241376 -0.004958913662 0.02476756275
v 0.01000610646 0.006477999035 0.02713680267
v 0.01000788994 -0.002795178443 0.02840246446
v 0.01001489349 -0.002435453702 0.0165991243
v 0.01001671515 0.008733638562 -0.000384632498
v 0.01002592687 0.006152392831 0.02714880183
v 0.01002702489 0.00539196562 0.03179972991
v 0.01006093342 -0.002543750219 0.01638396084
v 0.01006769761 0.01335286163 0.003866164945
v 0.01007705927 -0.006095044781 0.02363948897
v 0.01008120552 -0.01176890079 0.01274810452
v 0.01008339226 -0.002655646065 0.01620585285
v 0.01008820347 -0.005075116176 0.02465634793
v 0.01008915808 -0.00351887662 0.02517031692
v 0.01008942258 0.006040140986 0.02711308748
v 0.01009506732 -0.002153697656 0.01714656688
v 0.0101285791 -0.004293349106 0.02492374741
v 0.01012939773 -0.002380448626 0.002129845321
v 0.01014535408 -0.002414998133 0.01664492488
v 0.01015426312 -0.002661686623 0.01623683795
v 0.01017776038 -0.001113311271 -0.001676848158
v 0.01018368173 -0.002068005269 0.01716128178
v 0.01018443052 0.009934298694 0.01739225537
v 0.01020659599 -0.002594715217 0.02841287293
v 0.01020725723 -0.005396409892 0.02425376326
v 0.01020931918 0.009227926843 0.01991203055
v 0.01021413039 0.006173665635 0.0270540826
v 0.01021523401 0.005988043733 0.02705230936
v 0.01021604892 -0.009136755019 0.01861524954
v 0.0102187125 -0.0023860808 0.002124978229
v 0.01022258122 -0.005894449539 0.02378053218
v 0.01022657845 0.00734301284 0.02586376667
v 0.01022858452 -0.006202422548 0.001259347424
v 0.01022985857 0.00623687217 0.02702426538
v 0.01023035496 -0.002657976002 0.01626112685
v 0.01024021767 0.009485014714 -0.002167603001
v 0.01025216281 -0.001964125084 0.01716097444
v 0.01025891304 -0.003503372194 0.02507656254
v 0.01027122699 -0.002359975828 0.01667254232
v 0.0102732284 -0.003582126927 0.01458503678
v 0.01027541514 -0.001862583449 0.0289343819
v 0.01027577464 0.007021739148 0.007373300381
v 0.01027891599 0.008154269308 0.02363830805
v 0.01027892344 0.006260938477 0.02692980692
v 0.0102871228 -0.002551331883 0.02834064327
v 0.01028809603 0.007697205059 0.02494091354
v 0.01028954424 0.005891254637 0.02700029314
v 0.01030475087 -0.008609881625 0.01970029436
v 0.01030599419 0.008527975529 0.0221895352
v 0.01030745637 0.008218105882 0.0007488001138
v 0.0103075942 -0.002644554246 0.0162772797
v 0.0103158839 -0.003781015053 0.02494237572
v 0.01031699777 0.00475249486 0.031694334
v 0.01034266502 -0.002518159337 0.02821542136
v 0.01034414954 -0.003699692665 0.01470640022
v 0.01035145111 -0.003107534023 0.02511876635
v 0.01035455056 -0.002427065047 0.002127122134
v 0.01036110707 -0.004119357094 0.02471772954
v 0.01036716811 -0.002386472188 0.02841910161
v 0.0103712976 0.01343764644 0.001312159002
v 0.01037408784 -0.001204769011 0.01717858762
v 0.01037446409 -0.01302648149 0.01008525491
v 0.01038174611 -0.002622712636 0.01628489792
v 0.01038247161 -0.002274847124 0.01667976193
v 0.01038871799 0.006357770413 0.02672158554
v 0.01040001493 -0.001924682991 0.01692157798
v 0.01040741708 -0.006738509517 0.02258885093
v 0.01041072421 -0.005944515113 0.001226639375
v 0.0104241427 0.007930131629 0.02387719974
v 0.01042811759 0.006990670692 0.02601839975
v 0.0104282992 0.005557517521 0.02685700729
v 0.01043125894 0.005563144572 0.02685539424
v 0.01043311134 -0.002472793916 0.00213432312
v 0.01043525618 -0.002978357952 0.02504653856
v 0.01043607574 -0.00571538182 0.02368205599
v 0.01043650322 0.005569139495 0.026851926
v 0.01043758634 -0.001884087571 0.02885542251
v 0.01043852419 0.006850679871 0.02621292323
v 0.01044083014 -0.01547886617 0.005413179286
v 0.01044259686 0.005571304355 0.02684702724
v 0.01044606511 0.0053731394 0.02681750804
v 0.01045305189 0.005568304099 0.02683714032
v 0.01046754979 -0.003778857179 0.01481404621
v 0.01047013327 -0.006310787983 0.02306950279
v 0.01047038566 -0.002165785059 0.01666572131
v 0.01047940273 -0.002579119755 0.01628187671
v 0.01050969958 -0.006143630482 0.02323963679
v 0.01051868871 0.006439173128 0.02647931874
v 0.01052746922 -0.004418393597 0.02426966839
v 0.01052789576 0.00521116145 0.0267245844
v 0.01053361781 -0.002568455879 0.002153234556
v 0.01054302882 -0.002087146509 0.02842195891
v 0.01054510288 -0.007915120572 0.02083605528
v 0.01055069547 0.005444671493 0.02672120556
v 0.01055684686 -0.005822686944 0.02342042141
v 0.01055767946 -0.007404455915 0.02162841521
v 0.01055958401 0.004577370826 -0.001154389232
v 0.01056965161 0.004073884338 0.03173230216
v 0.01057083625 -0.001868591295 0.02872981876
v 0.01057462674 -0.005999036599 -0.001556869596
v 0.01058486477 -0.002648269525 0.002171086147
v 0.01059036609 0.006501762662 0.02631191909
v 0.0105938036 0.005076793954 0.02664435841
v 0.01060498506 -0.008661998436 0.0193140693
v 0.01061260514 -0.002713841386 0.002186855301
v 0.01062306296 -0.002676981036 0.0248636771
v 0.01062310301 -0.002472183667 0.01623974927
v 0.01063014846 -0.003810212947 0.0148956636
v 0.01063370146 -0.005817091092 0.02330054529
v 0.01064293738 -0.0007578734076 0.0296048373
v 0.01064925082 0.006208798382 0.008718333207
v 0.01065247972 -0.001819964382 0.0285812933
v 0.01065438613 -0.01396993082 0.002638228238
v 0.01065946557 0.004939008038 0.02656752244
v 0.01066278107 0.003776302561 0.03179519996
v 0.01066697296 0.008405577391 0.02125321329
v 0.01067433786 -0.006117420271 0.02302304842
v 0.01067991555 0.007948246785 -0.0003704614937
v 0.01069203205 -0.006282728631 0.02281398885
v 0.01071809418 -0.002342971275 0.01616021059
v 0.01072279643 -0.002634679433 0.02473856509
v 0.01072467491 -0.004659045488 0.01319747418
v 0.0107269045 -0.001633942244 0.02866547182
v 0.01073461864 0.007818204351 0.02312525548
v 0.01073676068 -0.005731178448 0.02318875678
v 0.01074328925 0.003483231412 0.03188514709
v 0.01074621826 -0.004562523216 0.02382262982
v 0.01074989513 0.001222959138 0.03131218255
v 0.01075027976 0.01095501892 -0.0006836466491
v 0.01075951662 0.01251716912 0.005660781637
v 0.01077716984 0.007362218574 0.02441462688
v 0.01077812538 -0.006681649946 0.02223766781
v 0.01078010071 0.001717307838 0.01616634987
v 0.01078439411 -0.003793482436 0.01493471861
v 0.0107887229 0.000276713341 0.03040040098
v 0.01079145819 0.006809466984 0.02550734207
v 0.01079255436 0.004061368294 0.0291486904
v 0.01079373341 -0.002523967763 0.0159515366
v 0.01079838723 -0.004783588462 0.01330917515
v 0.01079990901 0.00403964147 0.02915031835
v 0.01081486419 -0.0007471824647 0.02953350917
v 0.01082187146 0.00952879712 0.01649901457
v 0.01082485076 0.00586996926 0.02633339167
v 0.01084989589 -0.005562137347 0.02311219275
v 0.01085321791 -0.0007383332122 0.02950813621
v 0.01085379533 0.001471944735 0.03151098639
v 0.01086855866 0.002955900272 0.03199027479
v 0.01088317204 -0.005832043476 0.02288828231
v 0.01088495087 -0.002193893306 0.02470418252
v 0.01088507008 -0.005171538331 0.00112859346
v 0.01091096178 0.0007425411022 0.03076831624
v 0.01091375388 0.002809757134 0.0007716529071
v 0.01091821305 0.001681610476 0.03164726496
v 0.01092393789 -0.004868936259 0.01340856403
v 0.01092740986 -0.005932193249 0.02273993939
v 0.01093250979 0.00541842496 0.01003056485
v 0.01093813311 0.004375829827 0.02626083419
v 0.01095311996 -0.0006970973336 0.0294154156
v 0.01095544733 -0.003726156196 0.002449205145
v 0.01095644664 -0.003727070522 0.01493886299
v 0.01095744222 0.005877133925 0.02612834051
v 0.01095877402 0.002232779283 0.01535707898
v 0.01096123736 0.002496103989 0.03196176514
v 0.01096220966 -0.01468469948 0.003040677868
v 0.01096283924 0.006377730053 0.02569890022
v 0.0109664239 -0.008687987924 0.01883583143
v 0.01096782368 0.002459691837 0.03195455298
v 0.01097422931 0.002423444763 0.03194708005
v 0.01097728498 0.001987542957 0.03180356696
v 0.01098711789 0.002385446569 0.03186812252
v 0.01098857634 5.030624743e-05 0.03008070774
v 0.01099129114 0.002183201956 0.03187935427
v 0.010995063 -0.002703557257 0.02436254546
v 0.01100686006 0.005266024265 0.02624124475
v 0.01101724897 0.0007938122726 0.03071993962
v 0.01103335246 -0.0006180678611 0.02927374467
v 0.01103917509 -0.0006065521738 0.02925500087
v 0.01104789507 0.003807726316 -0.001722779125
v 0.01105867885 -0.0005337457405 0.02926757559
v 0.01105998829 0.003991295118 0.02611096948
v 0.01106659602 0.003712536767 -0.001017497852
v 0.01107354369 0.0001003764628 0.03000989743
v 0.01107611787 0.006813242566 0.02482951991
v 0.01108129788 0.006879395805 0.002985407598
v 0.01108787954 -0.004905027803 0.01348434202
v 0.01108845975 0.007690430619 0.02225442603
v 0.01109858416 -0.004537615459 0.02332064323
v 0.01109933015 -0.003617749549 0.01489759143
v 0.01110194251 0.000861615059 0.0306532681
v 0.01110695116 0.007191073149 0.02378631569
v 0.01111264154 -0.0006320984103 0.02845816873
v 0.01111548953 -0.0006330920151 0.02842699923
v 0.01111847535 0.001907389495 0.03104172088
v 0.01112090144 -0.007338210475 0.02109691314
v 0.01112179831 0.004620959051 0.01135591604
v 0.01112661511 -0.0004630109179 0.01560324989
v 0.01113510132 0.000163041841 0.02992592379
v 0.01113573182 0.001825602725 0.03092489578
v 0.01114374772 -0.01518690214 0.003736545332
v 0.01114444714 0.008147493936 0.02039283328
v 0.01114597172 -0.0001438353793 0.02936719544
v 0.01114945114 0.003016610164 0.01402081363
v 0.0111594582 0.006156407297 0.006008080207
v 0.01115969848 0.0009415966342 0.03057252243
v 0.01116278954 -0.01537710428 0.004591487348
v 0.01117206644 -0.01009999029 0.01523842104
v 0.01117439102 -0.002828302095 0.02407460473
v 0.01117642969 -0.01490938384 0.00335706491
v 0.01118069142 0.008570030332 -0.002167994156
v 0.01119293366 -0.00348427752 0.01481949072
v 0.0111937169 -0.01458100416 0.00306684617
v 0.01119882707 -0.0014818575 0.02463736571
v 0.0111995209 0.00381730916 0.012687549
v 0.011213989 0.001293946407 0.0302922409
v 0.01121646632 -0.006414480507 0.02183587663
v 0.01122141909 0.0004314349499 0.02962276898
v 0.01122579537 -0.007904467173 0.02010891587
v 0.0112296138 0.01263402496 0.002657023259
v 0.01123400126 0.005193127319 0.02595137805
v 0.01123495027 0.0007117609493 0.02979936823
v 0.01124013774 -0.003597367788 0.0146813821
v 0.01124158502 -0.003743046196 0.0024560038
v 0.01124253217 -0.004890638404 0.01352111064
v 0.01124652661 -0.0151161449 0.003705292009
v 0.01125613693 0.004182205535 0.02596397325
v 0.01128044631 0.00633906154 0.02509832755
v 0.01130266208 -0.004794746172 0.02287699282
v 0.01130624581 -0.01412804332 0.002848597243
v 0.01131612528 -0.01068142522 0.01390640065
v 0.01132326759 0.002194986446 0.02834548987
v 0.01133032236 0.003191324649 0.02577223815
v 0.01134772506 0.01162185147 0.007418674417
v 0.01134932507 -0.009290663525 0.01682625338
v 0.0113533875 0.003114649327 0.02573927678
v 0.01136674639 0.0007454743027 0.02841528133
v 0.01137663703 -0.002919588471 0.01458147354
v 0.01138745341 -0.006171798334 0.0106981229
v 0.01139068324 -0.006157630589 0.01103048399
v 0.01140524447 -0.004059954081 0.0009870193899
v 0.01141106803 -0.01519630197 0.004118793644
v 0.01141363569 0.00540606305 0.02559759654
v 0.01141424663 -0.004824611824 0.01352606341
v 0.01141502149 0.01266428828 0.0011242982
v 0.01141826808 0.006612339988 0.02423695661
v 0.011426148 0.002922554268 -0.000863512978
v 0.01144078467 0.0008776754257 0.01461188495
v 0.0114429323 -0.0007501683431 0.02465433627
v 0.01144518796 -0.01502029132 0.005465989932
v 0.01145921554 0.005739975721 0.02531738579
v 0.01146782376 0.007050993852 0.02296433598
v 0.0114743067 0.002906419802 -0.001679807901
v 0.01147540659 -4.653064389e-05 0.01469238289
v 0.0114768371 -0.003875246737 0.0009408351034
v 0.01149252988 -0.006248689257 0.01110260375
v 0.0114947306 -0.01361174323 0.002727468498
v 0.01151279639 -0.01357469987 0.002723083831
v 0.011523569 0.005212961696 0.02548042312
v 0.01152960863 -0.005086663645 0.02232874557
v 0.01154234353 -0.002488064812 0.02375474013
v 0.01155013219 0.005690987688 0.005596961826
v 0.01155473944 -0.006800245494 0.0209929496
v 0.01155605633 -0.004713051952 0.01348927803
v 0.01158286072 0.002125845058 0.02534633502
v 0.01161541976 -0.01196265686 0.01110226288
v 0.01162364334 -0.006304042414 0.01116285287
v 0.01162434835 0.0001418314059 0.02478104085
v 0.01164292078 0.006697752047 -0.0002508200705
v 0.01164814085 -0.004575113766 0.01341844723
v 0.01165100373 0.002013086807 0.000905778259
v 0.01165978983 -0.00382043072 -0.001535907388
v 0.01166215539 -0.008946636692 0.01719685458
v 0.01166800782 -0.01512682531 0.004576296546
v 0.01167228073 0.0006566597731 0.02489723451
v 0.01167229004 0.00604719203 0.02451364323
v 0.01167602837 0.007824950852 0.01954708621
v 0.01167983841 0.001093124156 0.02501453832
v 0.0116839679 -0.008653502911 0.01785201952
v 0.01172963995 -0.007018011063 0.02052032389
v 0.0117457984 0.001982916379 -0.0006473362446
v 0.01177039463 -0.001474878634 0.01388012525
v 0.0117713958 0.004170435946 0.02525275014
v 0.01177141909 -0.006317972671 0.01120525971
v 0.01177537814 -0.003773685545 0.01340533234
v 0.01178567298 -0.003268817673 0.02301321179
v 0.01179987472 0.006455485243 0.02343029343
v 0.01180446241 0.001963263378 -0.001641685143
v 0.01182069909 -0.002769099316 0.0006368141621
v 0.01184379123 -0.007149576675 0.008545611054
v 0.01184719987 0.01231754106 0.001082504168
v 0.0118474653 -0.005052801222 0.01273187809
v 0.01187348738 0.004859169014 0.006875406019
v 0.01187521778 0.005460207351 0.02464486472
v 0.01190118771 0.004890977871 0.02489131875
v 0.01190746669 -0.007270892616 0.008607687429
v 0.01190918032 -0.006506598555 0.002937626094
v 0.01191000734 0.01177921891 0.004407497123
v 0.01191121526 -0.008630255237 0.01751148701
v 0.01191144623 -0.007360896096 0.01981494762
v 0.01191194076 -0.004101560451 0.00101201795
v 0.01192091033 0.0005031045293 0.01329621021
v 0.01192193665 -0.006289628334 0.01122608036
v 0.01194066741 -0.008446357213 0.01785098016
v 0.01195969246 0.008782383054 0.01491671428
v 0.01196352113 -0.007616250776 0.01933331788
v 0.01196670346 -0.008705381304 0.01724832319
v 0.01197304484 -0.01403520908 0.004122981802
v 0.01197473332 0.007662953343 -0.002084009349
v 0.01199463662 0.000268126023 0.02433761023
v 0.01199464127 0.0008184744511 -0.0003458764404
v 0.01199942082 -0.01490622573 0.005038863979
v 0.01200259849 0.002231245628 0.02476155944
v 0.01200714894 -0.003790770657 0.002491604537
v 0.01200785022 -0.007366315927 0.00866640266
v 0.01201988384 -0.005525336135 0.02112982236
v 0.01202003378 -0.008790235035 0.01697587967
v 0.01203331724 -0.001568654319 0.0003047659993
v 0.01203340292 0.0009924169863 -0.001608990133
v 0.0120368572 -0.005503033288 0.01202293299
v 0.01203804649 0.001619876362 0.02462250181
v 0.01204868499 -0.007572326809 0.007469042204
v 0.01205038186 -0.001401260379 0.0002584289759
v 0.01206050068 -0.006221821532 0.01122328639
v 0.012062544 0.007156156469 0.02054779232
v 0.0120779369 0.0008916483494 0.01263741404
v 0.01207931805 -0.004591126461 0.01236910932
v 0.01208252553 0.005870933644 0.02369437367
v 0.01209012885 -0.0003603468067 -2.83960253e-05
v 0.01209559944 0.006054676138 -0.000148864463
v 0.01209581643 0.00577774737 0.001365346834
v 0.01213255618 0.003985019401 0.008150451817
v 0.01213604957 -0.007427194156 0.008716421202
v 0.01214272901 -0.0001023341028 0.01277127024
v 0.01215211395 -0.003683168907 0.02216757461
v 0.0121569233 -0.001437811297 -0.001553671435
v 0.0121740438 -0.006120325997 0.01119681634
v 0.01218568254 -0.004123911262 0.001032570377
v 0.01218673866 -0.001127156545 0.01272484101
v 0.01219800673 0.001304951729 0.01198611222
v 0.0122258151 -0.001595516107 0.02320879512
v 0.01225677785 -0.006019078195 0.0111204721
v 0.01226214506 0.009664111771 -0.0005889162421
v 0.01226547081 0.009777379222 0.01071543619
v 0.01228039805 -0.007447613869 0.008753070608
v 0.01229357719 0.003084053053 0.009419573471
v 0.01230144501 -0.009462866932 0.01519132964
v 0.01230305713 0.007238043007 -0.002020034939
v 0.01231446397 0.005264076404 0.02379731461
v 0.01232217625 0.002178625204 0.01069495454
v 0.01234319434 0.003598996205 0.02425025217
v 0.01235295925 -0.00251639192 0.01214518212
v 0.01238681562 0.004649638664 0.0239885971
v 0.01241008099 0.006564658601 0.02126280032
v 0.01241188683 0.01183754019 0.001066114753
v 0.01242798567 -0.007426182739 0.008773254231
v 0.01243313588 -0.01449615601 0.005522991531
v 0.01246238779 -0.00649230741 0.01019484177
v 0.01246276312 0.002386902692 0.0239648968
v 0.01247223746 -0.008163665421 0.01732370257
v 0.01247514039 0.004720672034 0.003590354696
v 0.01248409692 0.01086721942 0.006109167822
v 0.01249960344 -5.313367001e-05 0.02343405597
v 0.01251763478 -0.00399779249 0.02127921209
v 0.01252951846 -0.007117833011 0.0188594982
v 0.01254142076 0.001209108159 0.0236796923
v 0.01254256815 0.005371909123 -1.4340505e-05
v 0.01256516576 -0.007364924531 0.008775110357
v 0.01256562397 0.004472143017 0.003983719274
v 0.01267967373 -0.007268731948 0.00875822641
v 0.01268445421 0.004476791248 0.003147624433
v 0.01270321943 -0.002083963249 0.02212310769
v 0.01270778943 -0.01101688202 0.01171349827
v 0.01271665841 0.006012372207 0.02172986791
v 0.01271732431 -0.006019947119 0.01955249906
v 0.01272573043 0.006621997803 -0.001905057579
v 0.01273132488 -0.008930323645 0.003540731035
v 0.01273466181 -0.008393472992 0.006237046793
v 0.01273969468 0.007122780662 0.01782788895
v 0.01277278643 -0.009020170197 0.003568289801
v 0.01278919727 -0.001087670564 0.01086676959
v 0.012790245 -0.003841131926 0.002563947812
v 0.01281207055 0.003461737884 0.000473510474
v 0.01281770784 -0.007282117382 0.008415365592
v 0.01282529067 -0.01407280564 0.005907448009
v 0.01284118649 -0.00117034174 0.0107037602
v 0.01284369547 -0.003547854023 0.01047937945
v 0.01285179053 0.004279619083 0.002780240029
v 0.01285312884 -0.002258069813 0.01062917616
v 0.01286142692 -0.004577814136 0.01016193628
v 0.01286267955 -0.001142115914 0.01062843483
v 0.01287789643 -0.009141704068 0.003615937196
v 0.01288038492 -0.008376037702 0.006256530993
v 0.0128830364 -0.004204078577 0.02041900717
v 0.01288428251 0.003533322364 0.005209637806
v 0.01290335879 0.003431154648 -0.00107386522
v 0.01290940214 -0.008382839151 0.01611819863
v 0.012933583 0.003289226443 0.02307881229
v 0.01294426806 -0.001335606561 0.01037241146
v 0.01298028696 0.00546122482 0.02198674902
v 0.01299527101 -0.009156497195 0.00387123134
v 0.01299636252 0.003880287521 0.003319198266
v 0.01301669236 -0.008318963461 0.00626043696
v 0.01302066166 -0.007590840571 0.01707573049
v 0.01302290615 -0.004192945547 0.001119764522
v 0.01302870829 -0.0007064543897 0.009957704693
v 0.01303805597 0.002004380571 0.02277190983
v 0.01304299757 -0.0005549300113 0.02221889608
v 0.01308469754 -0.006487693172 0.01838746108
v 0.01309821568 0.007976567373 0.01329571009
v 0.01310124528 -0.009127414785 0.004059673287
v 0.01310532261 -0.007289431989 0.007554576732
v 0.01310544647 0.0007514267345 0.02245679311
v 0.0131264599 -0.005564006977 0.008890024386
v 0.01312931068 0.002522907453 0.0007305238396
v 0.01313008554 -0.008887520991 0.01489647944
v 0.01313179452 -0.008226639591 0.006248240359
v 0.01314421929 0.002491084859 0.00639870856
v 0.01314691454 -0.00797869917 0.006599789485
v 0.01314714272 -0.0001857235475 0.009353250265
v 0.01315297373 0.003917102702 0.002072427422
v 0.01317500789 -0.006475279108 0.008117926307
v 0.01317525003 -0.002458580537 0.02096966654
v 0.01317946613 0.004291136283 0.02241983823
v 0.0131863011 -0.009597160853 0.002212552354
v 0.01319285855 -0.009078660049 0.004199179821
v 0.01319898851 0.004873130005 0.02207119763
v 0.01320804562 -0.01364713255 0.006270348094
v 0.01322061662 0.002492319094 -0.0008171536028
v 0.01322842948 0.0003499636659 0.008759552613
v 0.01327111013 0.001417669235 0.007572836243
v 0.01328002941 0.004093949217 0.0002987608314
v 0.01328421943 0.01102526207 0.001130728051
v 0.013288619 -0.001900462084 0.009182731621
v 0.01330098696 0.01076594926 0.00267386809
v 0.01330372039 0.005597835872 -0.00166698359
v 0.01332958601 -0.001968962373 0.009032773785
v 0.01332988031 -0.008351737633 0.005543363281
v 0.0133396415 -0.008956230246 0.004378785379
v 0.01334314235 -0.007213452831 0.01690875739
v 0.01334884856 0.005964677315 0.01954337582
v 0.0133678494 0.008984796703 0.009264511988
v 0.01338738855 0.003625093959 0.001452671364
v 0.01339306589 0.003274732735 0.002717106603
v 0.01341942232 -0.001686438685 0.02090284973
v 0.0134219043 -0.001760324696 0.00868153479
v 0.01343875285 -0.003385223448 0.008468865417
v 0.01343919802 -0.008832563646 0.004460349679
v 0.01345668174 0.008398641832 -0.0002743173391
v 0.01347614732 -0.01009914093 0.01227587089
v 0.01350923534 -0.008709980175 0.004482462071
v 0.01353752613 -0.001214547083 0.008149191737
v 0.01357208658 0.003393774386 0.0009179376066
v 0.0135779148 -0.007638967596 0.01589882374
v 0.01358062308 -0.0009524734924 0.02091218159
v 0.01358820684 0.001710234443 0.005524345674
v 0.01358898636 0.003473170334 0.0004726592451
v 0.01358994283 0.001684012706 0.0215290729
v 0.01359449979 0.005468389485 0.020027766
v 0.01361629833 -0.0006130897091 0.007646860555
v 0.01362931635 -0.002682770602 0.01988092437
v 0.01363297086 -0.008535629138 0.00207638368
v 0.01366045605 0.0003801474813 0.02114743739
v 0.01368318964 0.0005597446579 0.00659856759
v 0.01368811633 -0.007832884789 0.005039867945
v 0.0136883352 -0.004632959142 0.01860243455
v 0.013745456 -0.003312717425 0.007331417874
v 0.01374703459 -0.008169447072 0.004434360191
v 0.01374878362 0.004580023699 -0.001392478123
v 0.01375564188 0.002123980084 0.003663793206
v 0.01376417372 0.006289341487 0.01609803177
v 0.01376885641 0.002670326969 0.002044642344
v 0.01378809381 -0.008150350302 0.01479596645
v 0.01379415952 0.004016999621 0.02109518833
v 0.01380361617 0.004971116781 0.02030326612
v 0.01383382175 -0.006858986337 0.005516720004
v 0.01383917313 -0.002843804425 0.007019847631
v 0.01384324208 0.009838046506 0.00432386715
v 0.0138444202 -0.01290319487 0.006836016662
v 0.01384765562 -0.002801308641 0.00698844716
v 0.01385592297 0.002767587779 0.00108252652
v 0.01386228949 -0.005733637139 0.006167979911
v 0.01390404254 -0.001917931368 0.01973155327
v 0.0139223421 -0.002990627429 0.00666555576
v 0.01392659359 -0.002998168115 0.00664724689
v 0.01393094379 -0.002196047688 0.006648920476
v 0.01396798342 0.00280662463 0.02080086619
v 0.01397825032 0.004430743866 0.02039988153
v 0.01398363151 -0.00155122485 0.006315346807
v 0.01398686878 0.0009320710669 0.004586482421
v 0.01401225477 -0.006741303485 0.003562918864
v 0.01402426418 -0.0009092433611 0.005933473818
v 0.01404303964 -0.006372381467 0.003260454163
v 0.01404585782 -0.0002794512548 0.005507982336
v 0.01405934058 -0.007522720844 0.001946765929
v 0.01406278927 -0.004519344307 0.005795775913
v 0.01406307798 -0.002870383905 0.01885914803
v 0.01407552697 -0.007288590074 0.004234955646
v 0.0140813794 -0.005050817505 0.0175182391
v 0.01408422552 -0.001187757356 0.01969106495
v 0.01408539806 0.001465588924 0.02036529034
v 0.01410171017 0.00352517236 -0.001085694879
v 0.01410418376 0.00381780928 0.0203854125
v 0.01412054058 0.002065953566 0.001326091588
v 0.01412107423 0.01014146674 0.001310367137
v 0.01412586123 0.002211891348 0.0008646156639
v 0.0141438162 0.001410994562 0.002786290832
v 0.01414499525 -0.0093491273 0.01236240007
v 0.0141463317 -0.006896628998 0.01563752629
v 0.01416378841 -0.0005051342887 0.01976499707
v 0.01416992117 0.0001493784948 0.01992421225
v 0.01417205483 0.007089206949 0.01164478809
v 0.01417583972 0.003259581747 -0.001005914062
v 0.0142434435 -0.005824106745 0.00318373926
v 0.01424479205 -0.005877767224 0.004554768093
v 0.0142451534 -0.007081399206 0.001890383661
v 0.01426979434 -0.005993666593 0.003369326703
v 0.01428838074 0.008878988214 0.005896990187
v 0.01429571584 0.005066737533 0.01769830845
v 0.01429677475 -0.006543847267 0.003950566985
v 0.01429952309 0.001699280459 0.001032182947
v 0.01431485917 -0.003706365125 0.004882920533
v 0.01433034055 -0.003340271069 0.004833406769
v 0.01433566492 -0.002583080437 0.004766234197
v 0.0143367229 0.0001459945634 0.003568995744
v 0.01434441563 -0.007421785966 0.01461265236
v 0.01434742659 -0.001862659701 0.004574994557
v 0.014351069 -0.002117247321 0.01865574159
v 0.01436095964 -0.001174001372 0.004307450727
v 0.01436474454 -0.0005053693894 0.003957212903
v 0.01442376804 0.0070406585 0.0001941695809
v 0.01442622114 0.002504065866 0.01970446669
v 0.01443597022 -0.005685643293 0.01622458734
v 0.01444512699 -0.004944357555 0.003036148846
v 0.01444862504 0.000431466673 0.001434804872
v 0.0144509552 0.009755864739 0.001419320703
v 0.01446825825 0.0007414020947 0.001906925812
v 0.01447214931 -0.003145313822 0.01787237637
v 0.01448115148 0.00189206237 -0.0005829986185
v 0.01449590735 -0.005625362042 0.003543913364
v 0.01450014766 0.004547962453 0.0181500297
v 0.01450753771 0.0005059352843 0.002020921558
v 0.0145076476 0.00608469639 0.01307839341
v 0.01451204903 -0.004090401344 0.003890495747
v 0.0145168975 -0.004512708168 0.00295872055
v 0.01451772265 -0.003242398845 0.003852161579
v 0.01452023908 -0.004106974695 0.003847057931
v 0.01453921106 -0.001400760608 0.01857995987
v 0.01454244647 0.001195061253 0.01925292984
v 0.01455174014 0.0005879937671 0.001585811377
v 0.01456359308 0.0005169010838 0.001616844907
v 0.0145638641 -0.006231746171 0.001773584634
v 0.01458617207 -0.01195657067 0.007416756824
v 0.0145898927 -0.003970138729 0.002858433872
v 0.01460423786 -0.001940847957 0.002201417461
v 0.01460921951 -0.0006824777811 0.002581076697
v 0.01461811457 -0.001213698764 0.002788119018
v 0.0146224862 -0.0007320659352 0.01863819733
v 0.01462734211 -0.002174644731 0.003005430102
v 0.01462827157 -0.00616476126 0.01534985378
v 0.01462933701 -9.167206008e-05 0.01879599877
v 0.0146330148 -0.002493075794 0.00303860195
v 0.01464369241 -0.004415992647 0.003153299913
v 0.01464686077 -0.004373775329 0.00313984789
v 0.01465440355 0.007915674709 0.007364719175
v 0.01465863734 -0.003851348069 0.003077136353
v 0.01466114633 -0.00415295409 0.003068470396
v 0.01466804557 0.004039595369 0.018409146
v 0.01467986032 -0.0005503489519 0.002010310069
v 0.01470572408 -0.001252219197 0.002212526277
v 0.01470627263 -0.008634502068 0.01231349632
v 0.01471082959 -0.00209848024 0.002442562021
v 0.01473950967 2.611595482e-05 1.476705074e-05
v 0.01474842057 -6.263093383e-05 4.345737398e-05
v 0.01475290023 -0.002420573728 0.01765046827
v 0.01479591243 -0.005117288325 0.001580409706
v 0.01480267197 0.003503180342 0.01850540377
v 0.01480648387 -0.009361193515 0.005300334655
v 0.01481595635 0.005206471309 0.01416729577
v 0.01482111774 -0.006703054998 0.01437589992
v 0.01484073326 -0.003594742855 0.01683570817
v 0.01485188771 0.002981100464 0.01860607043
v 0.01489661261 0.001966773998 0.01853745617
v 0.01489861216 -0.004356258083 0.001439319924
v 0.01490351185 -0.002409647917 0.000809950754
v 0.01493816543 -0.001736236736 0.01755549386
v 0.01495123003 0.009119227529 0.001634497195
v 0.01495930646 0.006975003984 0.008698549122
v 0.01498235669 0.0007248448674 0.01813457161
v 0.01502562128 -0.001100182533 0.01759256795
v 0.01504210569 -0.0004928940325 0.01772741787
v 0.01507756114 0.004444989376 0.01498176903
v 0.01510954648 -0.002903592773 0.016616432
v 0.0151749393 -0.00426983228 0.01563420519
v 0.01518246252 -0.007947488688 0.01217588037
v 0.01519031264 -0.008292564191 0.005028308369
v 0.01519152522 -0.01108918712 0.007802031934
v 0.01527315937 0.005343382247 0.0008583869785
v 0.01529159769 -0.002258575289 0.01650884748
v 0.01529448386 0.003771537216 0.01555754617
v 0.01530505251 0.002252898412 0.0174451042
v 0.01531469077 -0.003936643247 0.01552025415
v 0.01535562612 0.008511750028 0.002017781138
v 0.01538033783 0.001178280683 0.01724053547
v 0.01538800076 -0.001664293115 0.01651865616
v 0.0154130552 2.393563045e-05 0.0169287473
v 0.01541360375 0.00588466879 0.0095233256
v 0.01542275026 -0.001100785448 0.01661520451
v 0.01546874922 0.003157402622 0.01593036391
v 0.01550360862 -0.009359464049 0.009696333669
v 0.01554985717 -0.005353139248 0.01389086619
v 0.01555810589 -0.007268574089 0.00476764515
v 0.01560237631 0.002573877107 0.01613595337
v 0.01562002301 -0.003007693216 0.01530693192
v 0.01566351391 0.008074124344 0.002060160041
v 0.01568690501 -0.002707676264 0.01528569125
v 0.01569738984 0.001992249629 0.01621005312
v 0.01571778022 0.004765600897 0.01081627794
v 0.01572127454 -0.01023149677 0.008038480766
v 0.01574982889 0.007535332814 0.003541547805
v 0.01578849554 -0.001939738053 0.01534149796
v 0.01580746286 -0.004742755555 0.01369714737
v 0.01581077836 -0.001582062454 0.01540711336
v 0.01583966985 -0.0009142475901 0.01554895286
v 0.0158538539 0.00117618707 0.01589837484
v 0.01586788334 0.0008160599973 0.01585996151
v 0.01587255858 0.0004444214283 0.01580735669
v 0.01588331163 0.003454637015 0.001614499837
v 0.01589412242 0.00108897977 0.01577730663
v 0.01590381004 -0.006690373179 0.01180213317
v 0.01591430418 -0.006251201034 0.004505970515
v 0.01593440585 0.001000637072 0.01565506682
v 0.01597640477 0.003767026588 0.0117924884
v 0.01599696092 -0.004187341314 0.01357122324
v 0.0160625428 0.006548605859 0.004960362799
v 0.01612575166 -0.003686478129 0.01352448203
v 0.01614654623 0.005079342518 0.008128087036
v 0.01617798768 -0.009387142025 0.008137604222
v 0.01618967578 -0.004730070475 0.00404290203
v 0.01619027182 0.0028717448 0.01249494404
v 0.01621209458 -0.003219846869 0.01353626139
v 0.01622325741 -0.008196546696 0.009432593361
v 0.01625533588 -0.002305842936 0.003200372681
v 0.01631336845 0.005574078299 0.006242999807
v 0.01632327028 0.001107669785 0.002537038177
v 0.01633441821 -0.002299524378 0.01363768429
v 0.01635993831 -0.005626748782 0.01149983332
v 0.01636018045 0.002062561689 0.01296664216
v 0.01637858711 0.006787190214 0.002664822154
v 0.01644100435 -0.001331233187 0.01374582853
v 0.01648693345 0.001322274795 0.01325057447
v 0.01649618335 -0.0003434824757 0.01382740866
v 0.01652190834 0.004634261131 0.007358232513
v 0.01657132618 0.000633688469 0.01338972989
v 0.01661415398 -2.039538958e-05 0.0134271048
v 0.01662189141 -0.004751974717 0.01141392626
v 0.01665757969 -0.008360217325 0.008103472181
v 0.01669314876 -0.007232664153 0.009157449007
v 0.01674595848 0.004356226884 0.006876952946
v 0.01681189612 -0.003922672942 0.011432942
v 0.01681748964 -0.007986902259 0.008061955683
v 0.01689077355 0.005632984452 0.003250207752
v 0.01697711647 0.003140295856 0.008082532324
v 0.01699101366 -0.003033935092 0.01146352664
v 0.01700044982 -0.006441274192 0.009037824348
v 0.01701057144 -0.001753313816 0.01193427015
v 0.01713739894 -0.007220866624 0.007958401926
v 0.01716664992 0.002019521082 0.00896329619
v 0.0172463581 0.004650699906 0.003757970408
v 0.01725340635 -0.005689886399 0.008995537646
v 0.01731462404 0.0009878638666 0.009568563662
v 0.01742109656 3.928325532e-05 0.00994765386
v 0.01742919162 -0.006508836988 0.007853216492
v 0.01742941327 0.0040597599 0.00406372454
v 0.01743320376 -0.003045094432 0.01018866338
v 0.01748612896 -0.0008322623908 0.0101498859
v 0.01750043035 -0.004867899232 0.008968987502
v 0.01750978455 -0.001632812899 0.01022458542
v 0.01755048893 -0.006207060535 0.007806379348
v 0.01767926477 -0.00586648332 0.007754534483
v 0.01769779436 0.003040920943 0.004588639364
v 0.01769820042 -0.003923780285 0.008984177373
v 0.01786954701 0.002256735926 0.004985373467
v 0.01797403581 -0.00490463106 0.007614616305
v 0.01800399646 0.001531225396 0.005339611322
v 0.01805114001 -0.004580283072 0.007557949051
v 0.01815867983 0.0004693787778 0.005832700059
v 0.01818692312 -0.003828886896 0.0073978398
v 0.01823203824 -0.003470971715 0.007306917571
v 0.01829546876 -0.001179591171 0.006531076506
v 0.01829710789 -0.002608288545 0.007050320506
v 0.01831151731 -0.001990247518 0.00683738105
f 655 894 733
f 733 894 914
f 733 914 746
f 746 914 937
f 746 937 769
f 769 937 960
f 769 960 815
f 815 960 995
f 815 995 876
f 876 995 1039
f 876 1039 944
f 944 1039 1097
f 944 1097 999
f 999 1097 1192
f 999 1192 1071
f 1071 1192 1258
f 1071 1258 1186
f 1186 1258 1305
f 1186 1305 1274
f 1274 1305 1368
f 1274 1368 1341
f 1341 1368 1416
f 1341 1416 1403
f 1403 1416 1484
f 1403 1484 1488
f 1488 1484 1530
f 1488 1530 1548
f 1548 1530 1578
f 1548 1578 1610
f 1610 1578 1638
f 1610 1638 1686
f 1686 1638 1694
f 1686 1694 1746
f 1746 1694 1735
f 1746 1735 1803
f 1803 1735 1778
f 1803 1778 1867
f 1867 1778 1977
f 1880 1867 1900
f 1867 1880 1811
f 1867 1811 1803
f 1803 1811 1756
f 1803 1756 1746
f 1746 1756 1691
f 1746 1691 1686
f 1686 1691 1614
f 1686 1614 1610
f 1610 1614 1550
f 1610 1550 1548
f 1548 1550 1490
f 1548 1490 1488
f 1488 1490 1404
f 1488 1404 1403
f 1403 1404 1340
f 1403 1340 1341
f 1341 1340 1272
f 1341 1272 1274
f 1274 1272 1181
f 1274 1181 1186
f 1186 1181 1062
f 1186 1062 1071
f 1071 1062 990
f 1071 990 999
f 999 990 938
f 999 938 944
f 944 938 863
f 944 863 876
f 876 863 808
f 876 808 815
f 815 808 759
f 815 759 769
f 769 759 738
f 718 715 733
f 718 733 738
f 738 733 746
f 738 746 769
f 580 575 579
f 574 590 596
f 574 596 575
f 575 596 585
f 575 585 579
f 733 715 655
f 596 590 655
f 596 655 643
f 643 655 715
f 890 894 655
f 890 655 881
f 590 846 857
f 590 857 655
f 655 857 865
f 655 865 881
f 847 846 590
f 847 590 841
f 841 590 574
f 841 574 844
f 844 574 594
f 844 594 849
f 849 594 606
f 849 606 868
f 868 606 613
f 868 613 621
f 868 621 905
f 905 621 646
f 905 646 925
f 925 646 939
f 706 961 950
f 706 950 688
f 688 950 939
f 688 939 683
f 683 939 646
f 745 961 706
f 745 706 737
f 737 706 723
f 1838 1850 1820
f 1806 1798 1813
f 1806 1813 1840
f 1840 1813 1869
f 1665 1679 1750
f 1665 1750 1732
f 1732 1750 1813
f 1732 1813 1783
f 1783 1813 1798
f 1501 1473 1533
f 1501 1533 1529
f 1529 1533 1600
f 1529 1600 1590
f 1590 1600 1679
f 1590 1679 1639
f 1639 1679 1665
f 1347 1313 1389
f 1347 1389 1390
f 1390 1389 1473
f 1390 1473 1470
f 1470 1473 1501
f 1173 1125 1237
f 1173 1237 1245
f 1245 1237 1313
f 1245 1313 1322
f 1322 1313 1347
f 710 672 720
f 710 720 743
f 743 720 758
f 743 758 780
f 780 758 814
f 780 814 835
f 835 814 888
f 835 888 916
f 916 888 958
f 916 958 968
f 968 958 1027
f 968 1027 1041
f 1041 1027 1125
f 1041 1125 1150
f 1150 1125 1173
f 651 652 672
f 674 671 645
f 674 645 710
f 710 645 638
f 710 638 672
f 672 638 644
f 672 644 651
f 1850 1869 1813
f 1850 1813 1820
f 1820 1813 1750
f 1820 1750 1759
f 1759 1750 1679
f 1759 1679 1687
f 1687 1679 1600
f 1687 1600 1604
f 1604 1600 1533
f 1604 1533 1537
f 1537 1533 1473
f 1537 1473 1477
f 1477 1473 1389
f 1477 1389 1391
f 1391 1389 1313
f 1391 1313 1315
f 1315 1313 1237
f 1315 1237 1236
f 1236 1237 1125
f 1236 1125 1122
f 1122 1125 1027
f 1122 1027 1024
f 1024 1027 958
f 1024 958 954
f 954 958 888
f 954 888 883
f 883 888 814
f 883 814 811
f 811 814 758
f 811 758 754
f 754 758 720
f 754 720 714
f 714 720 672
f 714 672 660
f 660 672 652
f 661 653 645
f 661 645 671
f 694 661 671
f 694 671 700
f 700 671 687
f 700 687 728
f 728 687 707
f 728 707 761
f 761 707 742
f 761 742 795
f 818 819 801
f 818 801 774
f 774 801 778
f 774 778 742
f 742 778 776
f 742 776 795
f 658 652 651
f 658 651 649
f 649 651 644
f 649 644 653
f 653 644 638
f 653 638 645
f 754 714 748
f 652 658 682
f 652 682 660
f 660 682 716
f 660 716 714
f 714 716 729
f 714 729 748
f 929 971 954
f 929 954 878
f 878 954 883
f 878 883 873
f 873 883 859
f 856 859 883
f 856 883 831
f 831 883 811
f 831 811 813
f 813 811 754
f 813 754 763
f 763 754 748
f 972 1058 1122
f 954 971 972
f 954 972 1024
f 1024 972 1122
f 1353 1391 1315
f 1353 1315 1236
f 1353 1236 1279
f 1279 1236 1122
f 1279 1122 1189
f 1189 1122 1058
f 1428 1512 1477
f 1428 1477 1426
f 1426 1477 1391
f 1426 1391 1421
f 1421 1391 1353
f 1649 1604 1573
f 1477 1512 1573
f 1477 1573 1537
f 1537 1573 1604
f 1758 1759 1688
f 1604 1649 1688
f 1604 1688 1687
f 1687 1688 1759
f 1905 1838 1818
f 1759 1758 1818
f 1759 1818 1820
f 1820 1818 1838
f 1960 1973 1850
f 1960 1850 1948
f 1838 1905 1916
f 1838 1916 1850
f 1850 1916 1937
f 1850 1937 1948
f 1914 1904 1992
f 1989 1992 1904
f 1989 1904 1973
f 1973 1904 1879
f 1973 1879 1850
f 1850 1879 1869
f 1851 1881 1871
f 1851 1871 1824
f 1824 1871 1843
f 1824 1806 1840
f 1824 1840 1851
f 1851 1840 1869
f 1851 1869 1881
f 1881 1869 1879
f 1881 1879 1906
f 1906 1879 1904
f 1921 1898 1917
f 1892 1871 1881
f 1892 1881 1898
f 1898 1881 1906
f 1898 1906 1917
f 1917 1906 1904
f 1917 1904 1914
f 2255 2240 2228
f 2242 2236 2162
f 2286 2257 2171
f 2028 2046 2030
f 2028 2030 2027
f 2027 2030 2026
f 2045 2050 2035
f 2109 2171 2090
f 2109 2090 2086
f 2086 2090 2057
f 2239 2224 2217
f 2239 2217 2259
f 2259 2217 2236
f 2259 2236 2284
f 2284 2236 2242
f 2284 2242 2305
f 2305 2340 2327
f 2305 2327 2284
f 2284 2327 2306
f 2284 2306 2259
f 2259 2306 2283
f 2111 2099 2121
f 2111 2121 2130
f 2148 2162 2236
f 2148 2236 2184
f 2184 2236 2217
f 2184 2217 2198
f 2198 2217 2224
f 2198 2224 2202
f 2136 2150 2155
f 2228 2240 2232
f 2228 2232 2208
f 2208 2232 2218
f 2119 2130 2123
f 2076 2050 2081
f 2076 2081 2128
f 2039 2030 2046
f 2039 2046 2047
f 2047 2046 2073
f 2047 2073 2059
f 2059 2073 2093
f 2059 2093 2083
f 2083 2093 2097
f 2099 2076 2128
f 2099 2128 2121
f 2121 2128 2145
f 2121 2145 2130
f 2130 2145 2150
f 2130 2150 2123
f 2123 2150 2136
f 2196 2185 2177
f 2196 2177 2188
f 2188 2177 2158
f 2188 2158 2182
f 2182 2158 2155
f 2259 2283 2271
f 2259 2271 2239
f 2239 2271 2255
f 2239 2255 2224
f 2224 2255 2228
f 2224 2228 2202
f 2202 2228 2208
f 2035 2050 2034
f 2035 2034 2028
f 2028 2034 2050
f 2028 2050 2046
f 2046 2050 2076
f 2046 2076 2073
f 2073 2076 2099
f 2073 2099 2093
f 2093 2099 2111
f 2093 2111 2097
f 2097 2111 2130
f 2097 2130 2115
f 2115 2130 2119
f 2182 2155 2150
f 2182 2150 2179
f 2179 2150 2145
f 2179 2145 2165
f 2165 2145 2128
f 2165 2128 2138
f 2138 2128 2081
f 2138 2081 2090
f 2090 2081 2050
f 2090 2050 2057
f 2057 2050 2045
f 2286 2340 2305
f 2286 2305 2257
f 2257 2305 2242
f 2257 2242 2171
f 2171 2242 2162
f 2171 2162 2090
f 2090 2162 2148
f 2090 2148 2138
f 2138 2148 2184
f 2138 2184 2165
f 2165 2184 2198
f 2165 2198 2179
f 2179 2198 2202
f 2179 2202 2182
f 2182 2202 2208
f 2182 2208 2188
f 2188 2208 2218
f 2188 2218 2196
f 2430 2441 2408
f 2340 2358 2327
f 2342 2260 2359
f 2260 2185 2275
f 2275 2185 2196
f 2275 2196 2303
f 2303 2196 2218
f 2303 2218 2232
f 2303 2232 2328
f 2328 2232 2240
f 2328 2240 2255
f 2328 2255 2354
f 2354 2255 2271
f 2354 2271 2283
f 2354 2283 2380
f 2380 2283 2306
f 2380 2306 2408
f 2408 2306 2327
f 2408 2327 2430
f 2430 2327 2358
f 2359 2260 2275
f 2359 2275 2374
f 2374 2275 2303
f 2374 2303 2405
f 2405 2303 2328
f 2405 2328 2443
f 2443 2328 2354
f 2443 2354 2462
f 2462 2354 2380
f 2462 2380 2482
f 2482 2380 2408
f 2482 2408 2488
f 2488 2408 2441
f 2560 2576 2555
f 2488 2510 2482
f 2508 2514 2540
f 2482 2510 2538
f 2669 2666 2656
f 2629 2619 2596
f 2629 2596 2644
f 2644 2596 2611
f 2644 2611 2657
f 2657 2611 2621
f 2657 2621 2666
f 2666 2621 2635
f 2666 2635 2656
f 2656 2635 2637
f 2551 2596 2619
f 2551 2619 2533
f 2533 2619 2610
f 2533 2610 2514
f 2514 2610 2598
f 2514 2598 2540
f 2540 2598 2595
f 2602 2637 2635
f 2602 2635 2588
f 2588 2635 2621
f 2588 2621 2586
f 2586 2621 2611
f 2586 2611 2574
f 2574 2611 2596
f 2574 2596 2563
f 2563 2596 2551
f 2457 2342 2359
f 2457 2359 2458
f 2458 2359 2374
f 2458 2374 2474
f 2474 2374 2405
f 2474 2405 2485
f 2485 2405 2443
f 2502 2485 2443
f 2502 2443 2521
f 2521 2443 2462
f 2521 2462 2542
f 2542 2462 2482
f 2542 2482 2555
f 2555 2482 2538
f 2555 2538 2560
f 2508 2457 2458
f 2508 2458 2514
f 2514 2458 2474
f 2514 2474 2533
f 2533 2474 2485
f 2533 2485 2551
f 2551 2485 2502
f 2551 2502 2563
f 2563 2502 2521
f 2563 2521 2574
f 2574 2521 2542
f 2574 2542 2586
f 2586 2542 2555
f 2586 2555 2588
f 2588 2555 2576
f 2588 2576 2602
f 2610 2619 2711
f 2790 2788 2773
f 2657 2666 2669
f 2657 2669 2644
f 2644 2669 2686
f 2709 2716 2738
f 2709 2738 2735
f 2735 2738 2758
f 2735 2758 2781
f 2790 2773 2772
f 2790 2772 2785
f 2785 2772 2763
f 2773 2788 2787
f 2773 2787 2753
f 2753 2787 2769
f 2782 2785 2763
f 2782 2763 2781
f 2781 2763 2752
f 2781 2752 2735
f 2735 2752 2732
f 2735 2732 2709
f 2709 2732 2711
f 2686 2716 2709
f 2686 2709 2644
f 2644 2709 2711
f 2644 2711 2629
f 2629 2711 2619
f 2711 2732 2515
f 2763 2772 2600
f 2763 2600 2752
f 2598 2610 2711
f 2598 2711 2595
f 2595 2711 2515
f 2379 2515 2442
f 2732 2752 2600
f 2732 2600 2515
f 2515 2600 2532
f 2515 2532 2442
f 2325 2185 2379
f 2595 2515 2540
f 2342 2457 2379
f 2342 2379 2260
f 2260 2379 2185
f 2540 2515 2379
f 2540 2379 2508
f 2508 2379 2457
f 2185 2325 2321
f 2185 2321 2177
f 2177 2321 2311
f 2119 2123 2238
f 2158 2177 2311
f 2158 2311 2155
f 2155 2311 2293
f 2155 2293 2136
f 2136 2293 2277
f 2136 2277 2123
f 2123 2277 2250
f 2123 2250 2238
f 2115 2119 2238
f 2115 2238 2097
f 2097 2238 2215
f 2083 2097 2215
f 2083 2215 2059
f 2059 2215 2181
f 2047 2059 2181
f 2047 2181 2039
f 2039 2181 2149
f 2039 2149 2030
f 2030 2149 2026
f 1312 1309 1328
f 1312 1328 1361
f 1407 1401 1377
f 1407 1377 1328
f 1328 1377 1363
f 1328 1363 1361
f 1427 1430 1336
f 1216 1213 1262
f 1216 1262 1264
f 1264 1262 1287
f 1287 1336 1288
f 1214 1216 1264
f 1214 1264 1211
f 1211 1264 1254
f 1241 1198 1206
f 1241 1206 1254
f 1254 1206 1208
f 1254 1208 1211
f 1338 1336 1430
f 1338 1430 1333
f 1333 1430 1425
f 1333 1425 1328
f 1328 1425 1411
f 1328 1411 1407
f 1178 1198 1241
f 1178 1241 1220
f 1220 1241 1239
f 1264 1287 1288
f 1264 1288 1254
f 1254 1288 1285
f 1254 1285 1241
f 1241 1285 1276
f 1241 1276 1239
f 1239 1276 1267
f 1288 1336 1338
f 1288 1338 1285
f 1285 1338 1333
f 1285 1333 1276
f 1276 1333 1328
f 1276 1328 1267
f 1267 1328 1309
f 1129 1088 1154
f 1129 1154 1140
f 1138 1185 1139
f 1213 1216 1187
f 1213 1187 1185
f 1187 1216 1214
f 1187 1214 1183
f 1183 1214 1211
f 1139 1185 1187
f 1139 1187 1123
f 1123 1187 1183
f 1123 1183 1115
f 1115 1183 1163
f 1183 1211 1208
f 1183 1208 1163
f 1163 1208 1206
f 1163 1206 1154
f 1154 1206 1198
f 1154 1198 1140
f 1140 1198 1178
f 1074 1089 1076
f 1088 1076 1089
f 1088 1089 1154
f 1154 1089 1095
f 1154 1095 1163
f 1163 1095 1110
f 1163 1110 1115
f 1175 1155 1170
f 1112 1114 1116
f 1207 1203 1202
f 1069 1073 1080
f 1070 1083 1074
f 1080 1073 1093
f 1165 1168 1147
f 1107 1093 1100
f 1107 1100 1147
f 1147 1100 1137
f 1147 1137 1165
f 1165 1137 1161
f 1194 1195 1170
f 1194 1170 1180
f 1202 1203 1200
f 1175 1170 1195
f 1175 1195 1201
f 1201 1195 1202
f 1201 1202 1197
f 1197 1202 1200
f 1143 1136 1120
f 1143 1120 1141
f 1141 1120 1132
f 1141 1132 1155
f 1138 1139 1124
f 1138 1124 1127
f 1114 1112 1102
f 1114 1102 1118
f 1118 1102 1080
f 1089 1074 1083
f 1089 1083 1095
f 1095 1083 1105
f 1095 1105 1110
f 1080 1093 1107
f 1080 1107 1118
f 1118 1107 1147
f 1118 1147 1151
f 1151 1147 1168
f 1149 1143 1141
f 1149 1141 1152
f 1152 1141 1155
f 1152 1155 1156
f 1156 1155 1175
f 1156 1175 1169
f 1169 1175 1201
f 1169 1201 1193
f 1193 1201 1197
f 1119 1124 1139
f 1119 1139 1113
f 1113 1139 1123
f 1113 1123 1105
f 1105 1123 1115
f 1105 1115 1110
f 1121 1127 1124
f 1121 1124 1116
f 1116 1124 1119
f 1116 1119 1112
f 1112 1119 1113
f 1112 1113 1102
f 1102 1113 1105
f 1102 1105 1080
f 1080 1105 1083
f 1080 1083 1069
f 1069 1083 1070
f 1126 1127 1121
f 1126 1121 1136
f 1136 1121 1116
f 1136 1116 1120
f 1120 1116 1114
f 1120 1114 1132
f 1132 1114 1118
f 1132 1118 1155
f 1155 1118 1151
f 1155 1151 1170
f 1170 1151 1168
f 1170 1168 1180
f 1180 1168 1165
f 1433 1439 1435
f 1433 1435 1422
f 1401 1407 1409
f 1445 1437 1451
f 1448 1435 1439
f 1448 1439 1452
f 1452 1439 1453
f 1427 1436 1440
f 1427 1440 1430
f 1430 1440 1432
f 1430 1432 1425
f 1425 1432 1411
f 1436 1444 1451
f 1436 1451 1440
f 1440 1451 1437
f 1440 1437 1432
f 1432 1437 1423
f 1432 1423 1411
f 1411 1423 1414
f 1411 1414 1407
f 1409 1407 1414
f 1409 1414 1422
f 1422 1414 1423
f 1422 1423 1433
f 1433 1423 1437
f 1433 1437 1439
f 1439 1437 1445
f 1439 1445 1453
f 1453 1445 1451
f 1444 1436 1420
f 1287 1262 1238
f 1287 1238 1336
f 1336 1238 1321
f 1420 1436 1427
f 1420 1427 1400
f 1400 1427 1336
f 1400 1336 1384
f 1384 1336 1321
f 1185 1138 1238
f 1185 1238 1213
f 1213 1238 1262
f 1249 1199 1204
f 1400 1383 1420
f 1453 1451 1330
f 1453 1330 1452
f 1452 1330 1448
f 1383 1249 1204
f 1383 1204 1420
f 1420 1204 1330
f 1420 1330 1444
f 1444 1330 1451
f 1204 1199 1050
f 1204 1050 1022
f 1022 1050 979
f 1022 979 877
f 877 979 921
f 877 921 804
f 804 921 915
f 804 915 708
f 708 915 732
f 708 732 544
f 544 732 663
f 544 663 597
f 544 597 529
f 529 597 540
f 529 540 459
f 459 540 453
f 390 459 453
f 390 453 387
f 387 453 368
f 260 177 159
f 306 387 368
f 306 368 238
f 238 368 292
f 238 292 222
f 222 292 260
f 222 260 203
f 203 260 159
f 46 52 119
f 159 177 146
f 159 146 135
f 135 146 133
f 135 133 108
f 108 133 91
f 108 91 86
f 86 91 77
f 86 77 66
f 66 77 70
f 66 70 52
f 52 70 107
f 52 107 119
f 119 107 132
f 798 942 1014
f 1309 1296 1267
f 1361 1363 1356
f 1361 1356 1312
f 1356 1363 1377
f 1356 1377 1268
f 1268 1377 1401
f 864 1099 965
f 864 965 832
f 942 798 667
f 1064 1205 942
f 1064 942 965
f 965 942 667
f 965 667 832
f 832 667 548
f 1296 1309 1312
f 1296 1312 1166
f 1166 1312 1356
f 1166 1356 1079
f 1079 1356 1268
f 1099 1178 1220
f 1099 1220 965
f 965 1220 1239
f 965 1239 1064
f 1064 1239 1267
f 1064 1267 1205
f 1205 1267 1296
f 1205 1296 942
f 942 1296 1166
f 942 1166 1014
f 1014 1166 1079
f 2054 2052 1961
f 2149 2174 2026
f 2028 2027 1953
f 2028 1953 2035
f 2035 1953 1961
f 2035 1961 2038
f 2038 1961 2052
f 2212 2186 2241
f 2212 2241 2213
f 2213 2241 2174
f 2213 2174 2204
f 2204 2174 2149
f 2214 2241 2186
f 2214 2186 2205
f 2205 2186 2175
f 1096 1045 1046
f 1096 1046 1108
f 1164 1176 1108
f 1164 1108 1084
f 1084 1108 1046
f 1207 1202 1223
f 1165 1161 1223
f 1165 1223 1180
f 1223 1161 1075
f 1223 1075 1209
f 1209 1075 1061
f 1209 1061 1142
f 1142 1061 1106
f 1194 1180 1223
f 1194 1223 1195
f 1195 1223 1202
f 1108 1176 1196
f 1108 1196 1234
f 1234 1196 1246
f 1234 1246 1351
f 1351 1246 1291
f 1060 1106 1061
f 1060 1061 1047
f 1047 1061 1056
f 1047 1056 1007
f 1047 1007 964
f 1047 964 1016
f 1016 964 973
f 945 925 939
f 945 939 964
f 964 939 950
f 964 950 973
f 973 950 961
f 1291 1207 1223
f 1291 1223 1351
f 1351 1223 1282
f 1351 1282 1316
f 1482 1459 1506
f 1482 1506 1598
f 1598 1506 1516
f 1396 1459 1482
f 1396 1482 1369
f 1369 1482 1351
f 1369 1351 1339
f 1339 1351 1316
f 1745 1757 1872
f 1745 1872 1693
f 1693 1872 1736
f 1693 1736 1625
f 1625 1736 1598
f 1625 1598 1568
f 1568 1598 1516
f 1872 1757 1791
f 1872 1791 2033
f 2033 1791 1841
f 2174 1933 1953
f 2174 1953 2026
f 2026 1953 2027
f 1897 1933 2174
f 1897 2174 1882
f 1882 2174 2033
f 1882 2033 1854
f 1854 2033 1841
f 1995 2056 2054
f 1995 2054 1985
f 1985 2054 1961
f 1976 1968 2029
f 1976 2029 1987
f 1987 2029 2051
f 1987 2051 1995
f 1995 2051 2055
f 1995 2055 2056
f 1994 2029 1931
f 1936 1931 2029
f 1936 2029 1940
f 1940 2029 1943
f 1956 1943 2029
f 1956 2029 1964
f 1964 2029 1968
f 1291 1283 1207
f 1193 1197 1169
f 1203 1207 1283
f 1203 1283 1200
f 1200 1283 1273
f 1200 1273 1271
f 1197 1200 1271
f 1197 1271 1169
f 1169 1271 1265
f 1169 1265 1156
f 1156 1265 1251
f 1156 1251 1152
f 1152 1251 1248
f 1152 1248 1243
f 1149 1152 1243
f 1149 1243 1143
f 1143 1243 1240
f 1143 1240 1136
f 1136 1240 1235
f 1136 1235 1126
f 1126 1235 1232
f 1127 1126 1232
f 1127 1232 1138
f 1138 1232 1238
f 846 847 819
f 846 819 818
f 1007 1056 966
f 879 945 823
f 1088 1129 1059
f 1088 1059 1076
f 1069 1070 969
f 969 1070 1074
f 1093 1073 1072
f 727 806 696
f 727 696 620
f 966 1056 1061
f 1073 1069 969
f 1073 969 1072
f 1072 969 966
f 1072 966 1075
f 1075 966 1061
f 1100 1093 1072
f 1100 1072 1137
f 1137 1072 1075
f 1137 1075 1161
f 382 483 425
f 382 425 326
f 326 425 363
f 324 205 270
f 324 270 363
f 363 270 302
f 363 302 326
f 756 810 949
f 756 949 1021
f 1021 949 1140
f 447 520 532
f 532 461 421
f 532 421 447
f 447 421 378
f 1140 1178 1099
f 1140 1099 1021
f 1021 1099 864
f 1021 864 756
f 756 864 832
f 1129 1140 949
f 1129 949 1059
f 1059 949 969
f 1059 969 1076
f 1076 969 1074
f 806 879 823
f 806 823 696
f 696 823 744
f 696 744 640
f 518 536 605
f 518 605 472
f 472 605 632
f 472 632 543
f 463 472 543
f 463 543 433
f 433 543 483
f 433 483 399
f 399 483 382
f 832 548 523
f 832 523 756
f 756 523 670
f 756 670 810
f 810 670 735
f 810 735 949
f 949 735 853
f 949 853 969
f 969 853 875
f 969 875 966
f 966 875 744
f 966 744 1007
f 1007 744 823
f 1007 823 964
f 964 823 945
f 378 324 363
f 378 363 447
f 447 363 425
f 447 425 520
f 520 425 483
f 520 483 622
f 622 483 543
f 622 543 757
f 757 543 632
f 523 461 532
f 523 532 670
f 670 532 520
f 670 520 735
f 735 520 622
f 735 622 853
f 853 622 757
f 853 757 875
f 875 757 632
f 875 632 744
f 744 632 605
f 744 605 640
f 640 605 536
f 640 536 696
f 696 536 610
f 696 610 620
f 620 610 536
f 879 861 905
f 879 905 945
f 945 905 925
f 795 776 781
f 795 781 800
f 800 781 786
f 800 786 879
f 879 786 821
f 879 821 861
f 597 663 1084
f 1283 1291 1246
f 1283 1246 1273
f 1271 1273 1246
f 1271 1246 1265
f 1265 1246 1196
f 1251 1265 1196
f 1251 1196 1248
f 1248 1196 1176
f 1248 1176 1164
f 1248 1164 1243
f 1243 1164 1240
f 1232 1235 921
f 1232 921 1238
f 1238 921 979
f 1045 1043 1046
f 1084 663 732
f 1235 1240 1164
f 1235 1164 921
f 921 1164 1084
f 921 1084 915
f 915 1084 732
f 1046 1043 988
f 1046 988 1084
f 1084 988 862
f 1084 862 597
f 597 862 767
f 597 767 540
f 540 767 537
f 540 537 453
f 453 537 427
f 453 427 368
f 368 427 364
f 368 364 292
f 292 364 297
f 292 297 260
f 260 297 177
f 1400 1384 1383
f 1383 1384 1321
f 1249 1383 1321
f 1249 1321 1199
f 1199 1321 1238
f 1199 1238 1050
f 1050 1238 979
f 1981 1996 1983
f 2286 2171 2281
f 2286 2281 2340
f 2340 2281 2456
f 2340 2456 2358
f 2358 2456 2430
f 2052 2057 2045
f 2052 2045 2038
f 2038 2045 2035
f 2054 2056 2109
f 2054 2109 2052
f 2052 2109 2086
f 2052 2086 2057
f 2171 2109 2056
f 2171 2056 2281
f 2281 2056 2055
f 2281 2055 2096
f 2096 2055 2051
f 2096 2051 2029
f 1983 1996 2070
f 1983 2070 2079
f 2079 2070 2143
f 2740 2762 2714
f 2782 2781 2714
f 2782 2714 2765
f 2765 2714 2762
f 2488 2441 2503
f 2488 2503 2545
f 2545 2503 2608
f 2652 2655 2607
f 2652 2607 2617
f 2500 2416 2472
f 2500 2472 2557
f 2570 2500 2557
f 2570 2557 2607
f 2607 2557 2604
f 2607 2604 2617
f 2702 2703 2685
f 2702 2685 2695
f 2695 2685 2665
f 2079 2143 2160
f 2079 2160 2206
f 2206 2160 2353
f 1990 1983 2079
f 1990 2079 2063
f 2063 2079 2206
f 2063 2206 2163
f 2163 2206 2353
f 2163 2353 2416
f 2416 2353 2466
f 2416 2466 2472
f 2472 2466 2552
f 2472 2552 2557
f 2557 2552 2599
f 2557 2599 2604
f 2441 2430 2456
f 2441 2456 2503
f 2503 2456 2605
f 2503 2605 2608
f 2608 2605 2665
f 2608 2665 2714
f 2714 2665 2685
f 2714 2685 2740
f 2740 2685 2703
f 2655 2695 2665
f 2655 2665 2607
f 2607 2665 2605
f 2607 2605 2570
f 2570 2605 2456
f 2570 2456 2500
f 2500 2456 2281
f 2500 2281 2416
f 2416 2281 2096
f 2416 2096 2163
f 2163 2096 2029
f 2163 2029 2063
f 2063 2029 1994
f 2063 1994 1990
f 613 606 624
f 613 624 621
f 555 557 551
f 557 558 552
f 557 552 551
f 551 552 562
f 551 562 577
f 629 621 624
f 629 624 602
f 602 624 572
f 602 572 595
f 595 572 577
f 594 574 575
f 594 575 580
f 551 577 572
f 551 572 580
f 580 572 624
f 580 624 594
f 594 624 606
f 865 857 874
f 1793 1751 1824
f 1812 1793 1824
f 1812 1824 1829
f 1829 1824 1843
f 687 671 674
f 687 674 707
f 742 707 674
f 742 674 774
f 774 674 818
f 1150 1250 1179
f 1150 1179 1041
f 1041 1179 1081
f 1041 1081 968
f 968 1081 1028
f 968 1028 916
f 916 1028 982
f 916 982 835
f 835 982 951
f 835 951 780
f 780 951 923
f 780 923 743
f 743 923 889
f 743 889 710
f 710 889 874
f 710 874 674
f 674 874 857
f 674 857 818
f 818 857 846
f 1322 1366 1300
f 1322 1300 1245
f 1245 1300 1250
f 1245 1250 1173
f 1173 1250 1150
f 1470 1487 1419
f 1470 1419 1390
f 1390 1419 1366
f 1390 1366 1347
f 1347 1366 1322
f 1529 1535 1487
f 1529 1487 1501
f 1501 1487 1470
f 1665 1643 1581
f 1665 1581 1639
f 1639 1581 1535
f 1639 1535 1590
f 1590 1535 1529
f 1806 1824 1751
f 1806 1751 1798
f 1798 1751 1701
f 1798 1701 1783
f 1783 1701 1643
f 1783 1643 1732
f 1732 1643 1665
f 736 731 724
f 423 380 450
f 598 633 554
f 553 558 570
f 562 505 571
f 562 571 577
f 577 571 595
f 465 571 457
f 570 598 554
f 570 554 553
f 553 554 497
f 553 497 558
f 558 497 505
f 558 505 552
f 552 505 562
f 469 455 513
f 469 513 479
f 479 513 493
f 704 654 601
f 704 601 659
f 659 601 567
f 659 567 630
f 455 454 500
f 455 500 513
f 513 500 567
f 513 567 493
f 493 567 601
f 493 601 517
f 517 601 654
f 448 414 383
f 448 383 418
f 418 383 349
f 418 349 396
f 396 349 330
f 212 208 265
f 212 265 285
f 285 265 295
f 285 295 336
f 285 336 347
f 285 347 367
f 367 347 373
f 414 380 341
f 414 341 383
f 383 341 279
f 383 279 349
f 349 279 268
f 349 268 330
f 330 268 248
f 330 248 298
f 298 248 247
f 298 247 296
f 296 247 236
f 296 236 289
f 289 236 229
f 289 229 219
f 358 350 282
f 404 476 358
f 282 212 285
f 282 285 358
f 358 285 367
f 358 367 404
f 404 367 373
f 219 212 282
f 219 282 289
f 289 282 350
f 289 350 296
f 296 350 354
f 296 354 298
f 298 354 357
f 298 357 330
f 330 357 377
f 330 377 396
f 457 571 505
f 457 505 454
f 454 505 497
f 454 497 500
f 500 497 554
f 500 554 567
f 567 554 633
f 567 633 630
f 630 633 703
f 630 703 659
f 659 703 724
f 659 724 704
f 704 724 731
f 508 477 517
f 508 517 538
f 538 517 654
f 450 380 414
f 450 414 477
f 477 414 448
f 477 448 517
f 517 448 418
f 517 418 493
f 493 418 396
f 493 396 479
f 479 396 377
f 479 377 469
f 469 377 357
f 469 357 455
f 455 357 354
f 455 354 454
f 454 354 350
f 454 350 457
f 457 350 358
f 457 358 465
f 465 358 476
f 465 476 571
f 571 476 524
f 571 524 595
f 595 524 602
f 797 775 796
f 796 775 734
f 558 557 570
f 570 557 599
f 604 599 557
f 604 557 560
f 560 557 555
f 616 599 604
f 616 604 717
f 717 604 686
f 717 686 755
f 755 686 752
f 598 570 599
f 598 599 633
f 633 599 616
f 633 616 703
f 703 616 717
f 703 717 734
f 734 717 755
f 734 755 796
f 796 755 752
f 796 752 791
f 993 932 1000
f 932 836 730
f 932 730 1000
f 1000 730 799
f 1000 799 1013
f 1013 799 1018
f 625 539 458
f 625 458 691
f 730 836 691
f 730 691 549
f 549 691 458
f 419 458 539
f 419 539 288
f 288 539 467
f 288 467 237
f 237 467 456
f 237 456 371
f 48 46 119
f 48 119 53
f 53 119 63
f 78 63 119
f 78 119 101
f 101 119 109
f 214 116 276
f 214 276 226
f 226 276 231
f 174 237 371
f 174 371 132
f 132 371 311
f 132 311 119
f 119 311 276
f 119 276 109
f 109 276 116
f 779 795 800
f 641 697 726
f 833 859 856
f 833 856 825
f 825 856 831
f 813 763 750
f 813 750 831
f 831 750 726
f 831 726 825
f 825 726 697
f 729 716 631
f 637 631 716
f 637 716 618
f 618 716 682
f 618 682 658
f 618 658 584
f 584 658 649
f 584 649 653
f 584 653 530
f 530 653 661
f 728 761 634
f 728 634 700
f 700 634 694
f 678 806 727
f 678 727 608
f 386 495 499
f 386 499 424
f 525 420 430
f 525 430 533
f 533 430 434
f 533 434 528
f 528 434 424
f 528 424 519
f 519 424 499
f 372 300 312
f 372 312 395
f 395 312 320
f 395 320 406
f 415 337 372
f 415 372 445
f 445 372 395
f 445 395 480
f 480 395 406
f 480 406 504
f 800 879 806
f 800 806 779
f 779 806 678
f 779 678 547
f 547 678 608
f 547 608 515
f 634 488 530
f 634 530 694
f 694 530 661
f 761 795 779
f 761 779 634
f 634 779 547
f 634 547 488
f 488 547 515
f 488 515 466
f 748 729 631
f 748 631 763
f 763 631 607
f 763 607 750
f 750 607 576
f 750 576 726
f 726 576 541
f 726 541 641
f 294 300 372
f 294 372 319
f 319 372 337
f 420 328 339
f 420 339 430
f 430 339 345
f 430 345 434
f 434 345 352
f 434 352 424
f 424 352 356
f 424 356 386
f 504 618 584
f 504 584 480
f 480 584 530
f 480 530 445
f 445 530 488
f 445 488 415
f 415 488 466
f 415 466 484
f 484 466 515
f 484 515 536
f 536 515 608
f 536 608 620
f 620 608 727
f 495 541 576
f 495 576 499
f 499 576 607
f 499 607 519
f 519 607 631
f 519 631 528
f 528 631 637
f 528 637 533
f 533 637 618
f 533 618 525
f 525 618 504
f 525 504 420
f 420 504 406
f 420 406 328
f 328 406 320
f 833 873 859
f 1931 1926 1921
f 1931 1921 1994
f 1994 1921 1917
f 1994 1917 1990
f 1990 1917 1914
f 1990 1914 1983
f 1981 1983 1914
f 1981 1914 1978
f 1978 1914 1980
f 1982 1980 1914
f 1982 1914 1991
f 1991 1914 1992
f 1476 1531 1573
f 1649 1573 1531
f 1649 1531 1623
f 1623 1531 1587
f 1426 1317 1392
f 1426 1392 1428
f 1428 1392 1476
f 1428 1476 1512
f 1512 1476 1573
f 1353 1279 1346
f 1353 1346 1421
f 1012 1058 972
f 1012 972 891
f 891 972 971
f 891 971 860
f 860 971 929
f 860 929 855
f 855 929 878
f 855 878 833
f 833 878 873
f 1189 987 1111
f 1189 1111 1279
f 1279 1111 1256
f 1279 1256 1346
f 1346 1256 1317
f 1346 1317 1421
f 1421 1317 1426
f 1222 1317 1256
f 1222 1256 1190
f 1190 1256 1111
f 1190 1111 1078
f 1078 1111 987
f 1078 987 984
f 984 987 887
f 899 872 1012
f 899 1012 900
f 900 1012 891
f 1189 1058 1012
f 1189 1012 987
f 987 1012 872
f 987 872 887
f 887 872 820
f 1435 1448 1330
f 1435 1330 1422
f 884 1204 1022
f 884 1022 877
f 708 544 884
f 708 884 804
f 804 884 877
f 589 529 459
f 589 459 489
f 306 360 422
f 306 422 387
f 387 422 489
f 387 489 390
f 390 489 459
f 135 108 176
f 135 176 159
f 159 176 223
f 159 223 203
f 203 223 283
f 203 283 222
f 222 283 360
f 222 360 238
f 238 360 306
f 137 108 86
f 137 86 66
f 1225 1330 1204
f 1225 1204 953
f 953 1204 884
f 953 884 589
f 589 884 544
f 589 544 529
f 1409 1422 1330
f 1409 1330 1401
f 1401 1330 1225
f 1401 1225 1268
f 1268 1225 953
f 1268 953 1079
f 461 422 360
f 461 360 421
f 421 360 283
f 421 283 378
f 378 283 223
f 378 223 324
f 324 223 176
f 324 176 205
f 205 176 108
f 205 108 153
f 153 108 137
f 1014 1079 953
f 1014 953 798
f 798 953 589
f 798 589 667
f 667 589 489
f 667 489 548
f 548 489 422
f 548 422 523
f 523 422 461
f 722 698 711
f 722 711 765
f 765 711 741
f 765 741 783
f 790 782 785
f 790 785 895
f 895 785 898
f 902 898 897
f 850 897 898
f 850 898 783
f 783 898 785
f 783 785 765
f 765 785 782
f 765 782 722
f 1843 1977 1829
f 1812 1829 1977
f 1812 1977 1800
f 1800 1977 1778
f 1892 1910 2227
f 1977 1843 1871
f 1977 1871 2151
f 2151 1871 1892
f 2151 1892 2187
f 2187 1892 2227
f 1940 2346 2335
f 1940 2335 1936
f 1936 2335 1931
f 1926 1931 2335
f 1926 2335 1923
f 1923 2335 2318
f 1923 2318 1910
f 1910 2318 2273
f 1910 2273 2227
f 2360 2400 2357
f 2095 2078 2209
f 2201 2187 2227
f 2201 2227 2211
f 2211 2227 2273
f 2209 2078 2211
f 2209 2211 2357
f 2357 2211 2273
f 2357 2273 2360
f 2360 2273 2318
f 2323 2310 2357
f 2323 2357 2334
f 2334 2357 2400
f 2118 2053 2095
f 2118 2095 2140
f 2209 2180 2173
f 2209 2173 2095
f 2095 2173 2164
f 2095 2164 2140
f 2226 2180 2209
f 2226 2209 2235
f 2235 2209 2357
f 2235 2357 2301
f 2301 2357 2310
f 2053 1974 1963
f 2053 1963 2095
f 2095 1963 1951
f 2095 1951 2078
f 1974 1930 1963
f 1589 1620 1597
f 1678 1661 1712
f 1712 1661 1601
f 1712 1601 1597
f 1712 1597 1724
f 1724 1597 1620
f 1861 1842 1891
f 1891 1842 1963
f 1891 1963 1924
f 1924 1963 1930
f 1842 1861 1809
f 1842 1809 1753
f 1753 1809 1742
f 1742 1678 1712
f 1742 1712 1753
f 1753 1712 1724
f 1753 1724 1842
f 1842 1724 1830
f 1842 1830 1963
f 1963 1830 1951
f 2075 2252 2004
f 2446 2403 2356
f 2446 2356 2469
f 1949 2019 2075
f 2004 1915 1927
f 2351 2289 2266
f 1647 1653 1696
f 1696 1653 1661
f 1929 2019 1949
f 1929 1949 1891
f 1891 1949 1861
f 2219 2112 2133
f 2219 2133 2263
f 2289 2263 2133
f 2289 2133 2266
f 2266 2133 2066
f 1696 1755 1795
f 1696 1795 1739
f 1739 1795 1789
f 2075 2004 1927
f 2075 1927 1949
f 1949 1927 1862
f 1949 1862 1861
f 1861 1862 1809
f 2290 2385 2252
f 2066 1997 2159
f 2066 2159 2266
f 2266 2159 2356
f 2266 2356 2351
f 2351 2356 2403
f 2477 2469 2385
f 2477 2385 2461
f 2461 2385 2290
f 2461 2290 2298
f 2298 2290 2252
f 2298 2252 2134
f 2134 2252 2075
f 2134 2075 2089
f 2089 2075 2019
f 2112 2049 2021
f 2112 2021 2133
f 2133 2021 1959
f 2133 1959 2066
f 2066 1959 1885
f 2066 1885 1997
f 1997 1885 1827
f 2385 2469 2356
f 2385 2356 2252
f 2252 2356 2159
f 2252 2159 2004
f 2004 2159 1997
f 2004 1997 1915
f 1915 1997 1827
f 1915 1827 1927
f 1927 1827 1789
f 1927 1789 1862
f 1862 1789 1795
f 1862 1795 1809
f 1809 1795 1755
f 1809 1755 1742
f 1742 1755 1696
f 1742 1696 1678
f 1678 1696 1661
f 1233 1227 1374
f 1374 1227 1372
f 1374 1372 1502
f 1502 1372 1495
f 1589 1597 1495
f 1496 1502 1542
f 1502 1495 1597
f 1502 1597 1542
f 1542 1597 1601
f 1502 1496 1398
f 1502 1398 1374
f 1374 1398 1379
f 1242 1233 1266
f 1266 1233 1374
f 1266 1374 1334
f 1334 1374 1379
f 854 797 796
f 854 796 926
f 926 796 791
f 926 791 909
f 926 909 941
f 941 909 1036
f 1068 941 1036
f 1068 1036 1224
f 1224 1036 1218
f 1224 1218 1233
f 1233 1218 1227
f 910 854 926
f 910 926 962
f 962 926 941
f 962 941 1031
f 1031 941 1068
f 1031 1068 1146
f 1146 1068 1224
f 1146 1224 1242
f 1242 1224 1233
f 704 731 740
f 1131 1146 1242
f 1601 1661 1653
f 1601 1653 1647
f 1148 1266 1334
f 1148 1334 1362
f 1362 1334 1379
f 1362 1379 1398
f 1362 1398 1434
f 1434 1398 1496
f 1491 1434 1496
f 1491 1496 1538
f 1538 1496 1542
f 1547 1538 1542
f 1547 1542 1583
f 1583 1542 1601
f 1583 1601 1631
f 1631 1601 1647
f 702 751 612
f 702 612 654
f 654 612 538
f 740 731 736
f 867 871 766
f 1146 1131 924
f 1146 924 1031
f 1031 924 882
f 1031 882 962
f 962 882 871
f 962 871 910
f 910 871 867
f 910 867 854
f 854 867 766
f 854 766 777
f 777 766 740
f 777 740 753
f 753 740 736
f 477 509 468
f 477 468 450
f 450 468 423
f 1242 1266 1148
f 1242 1148 1131
f 1131 1148 948
f 1131 948 924
f 924 948 842
f 546 509 477
f 546 477 612
f 612 477 508
f 612 508 538
f 612 751 709
f 612 709 546
f 546 709 673
f 546 673 509
f 509 673 656
f 654 704 740
f 654 740 702
f 702 740 766
f 702 766 751
f 751 766 871
f 751 871 709
f 709 871 882
f 709 882 673
f 673 882 924
f 673 924 656
f 656 924 842
f 423 468 438
f 1538 1547 1574
f 1298 1290 1499
f 482 462 760
f 1318 1521 1386
f 1052 959 980
f 1052 980 1104
f 1104 980 1318
f 1104 1318 1326
f 1326 1318 1386
f 980 959 760
f 980 760 636
f 636 760 462
f 681 1008 636
f 665 677 521
f 948 1148 976
f 948 976 842
f 438 521 677
f 438 677 439
f 439 677 685
f 439 685 432
f 432 685 681
f 432 681 405
f 405 681 636
f 405 636 416
f 416 636 462
f 1669 1710 1666
f 1669 1666 1577
f 1577 1666 1612
f 1290 1270 1471
f 1290 1471 1499
f 1499 1471 1577
f 1499 1577 1553
f 1553 1577 1612
f 1696 1739 1636
f 1647 1696 1636
f 1647 1636 1631
f 1631 1636 1583
f 1511 1622 1544
f 1511 1544 1393
f 1393 1544 1429
f 1827 1885 1784
f 1827 1784 1789
f 1789 1784 1731
f 1789 1731 1739
f 1739 1731 1690
f 1739 1690 1636
f 1636 1690 1574
f 1636 1574 1583
f 1583 1574 1547
f 1270 1393 1429
f 1270 1429 1471
f 1471 1429 1544
f 1471 1544 1577
f 1577 1544 1622
f 1577 1622 1669
f 1971 1955 2018
f 1885 1959 1825
f 1885 1825 1784
f 1784 1825 1710
f 1784 1710 1731
f 1731 1710 1669
f 1731 1669 1690
f 1690 1669 1622
f 1690 1622 1574
f 1574 1622 1511
f 1574 1511 1538
f 1538 1511 1491
f 1505 1386 1521
f 1505 1521 1554
f 1554 1521 1593
f 1554 1593 1630
f 1630 1593 1671
f 1630 1671 1699
f 1699 1671 1727
f 1699 1727 1743
f 1743 1727 1786
f 1743 1786 1796
f 1796 1786 1835
f 998 1008 1320
f 998 1320 1327
f 1327 1320 1514
f 1327 1514 1519
f 1519 1514 1576
f 1519 1576 1586
f 1586 1576 1642
f 1586 1642 1660
f 1660 1642 1702
f 1660 1702 1721
f 1721 1702 1749
f 1721 1749 1777
f 1777 1749 1863
f 1777 1863 1889
f 1889 1863 1955
f 1889 1955 1903
f 1903 1955 1971
f 636 1008 998
f 636 998 980
f 980 998 1327
f 980 1327 1318
f 1318 1327 1519
f 1318 1519 1521
f 1521 1519 1586
f 1521 1586 1593
f 1593 1586 1660
f 1593 1660 1671
f 1671 1660 1721
f 1671 1721 1727
f 1727 1721 1777
f 1727 1777 1786
f 1786 1777 1889
f 1786 1889 1835
f 1835 1889 1903
f 1298 1005 991
f 1298 991 1290
f 1290 991 976
f 1290 976 1270
f 1270 976 1148
f 1270 1148 1393
f 1393 1148 1362
f 1393 1362 1511
f 1511 1362 1434
f 1511 1434 1491
f 438 468 509
f 438 509 521
f 521 509 656
f 521 656 665
f 665 656 842
f 665 842 677
f 677 842 976
f 677 976 685
f 685 976 991
f 685 991 681
f 681 991 1005
f 681 1005 1008
f 1008 1005 1298
f 1008 1298 1320
f 1320 1298 1499
f 1320 1499 1514
f 1514 1499 1553
f 1514 1553 1576
f 1576 1553 1612
f 1576 1612 1642
f 1642 1612 1666
f 1642 1666 1702
f 1702 1666 1710
f 1702 1710 1749
f 1749 1710 1825
f 1749 1825 1863
f 1863 1825 1959
f 1863 1959 1955
f 1955 1959 2021
f 1955 2021 2018
f 2018 2021 2049
f 1799 1770 1714
f 1040 1001 901
f 1117 1085 1145
f 482 760 514
f 1713 1684 1675
f 1713 1675 1668
f 1668 1675 1629
f 1668 1629 1605
f 1539 1575 1570
f 1575 1539 1509
f 1575 1509 1526
f 1526 1509 1447
f 1410 1337 1395
f 1410 1395 1447
f 1447 1395 1478
f 1447 1478 1526
f 1001 1040 1215
f 662 626 721
f 662 721 692
f 514 760 721
f 514 721 591
f 591 721 626
f 1052 1104 1038
f 1052 1038 959
f 1343 1326 1370
f 1038 1104 1326
f 1038 1326 1221
f 1221 1326 1343
f 1877 1837 1919
f 957 1002 1182
f 957 1182 1103
f 1103 1182 1307
f 1103 1307 1275
f 1275 1307 1405
f 1275 1405 1381
f 1381 1405 1503
f 1381 1503 1472
f 1472 1503 1563
f 1472 1563 1536
f 1536 1563 1634
f 1536 1634 1595
f 1595 1634 1697
f 1595 1697 1657
f 1657 1697 1744
f 1657 1744 1714
f 1714 1744 1837
f 1714 1837 1799
f 1799 1837 1877
f 1343 1370 1475
f 1343 1475 1450
f 1450 1475 1545
f 1450 1545 1522
f 1522 1545 1613
f 1522 1613 1588
f 1588 1613 1683
f 1588 1683 1658
f 1658 1683 1734
f 1658 1734 1717
f 1717 1734 1788
f 1717 1788 1774
f 1774 1788 1836
f 1774 1836 1814
f 1814 1836 1886
f 1814 1886 1864
f 1864 1886 1950
f 1002 1038 1221
f 1002 1221 1182
f 1182 1221 1343
f 1182 1343 1307
f 1307 1343 1450
f 1307 1450 1405
f 1405 1450 1522
f 1405 1522 1503
f 1503 1522 1588
f 1503 1588 1563
f 1563 1588 1658
f 1563 1658 1634
f 1634 1658 1717
f 1634 1717 1697
f 1697 1717 1774
f 1697 1774 1744
f 1744 1774 1814
f 1744 1814 1837
f 1837 1814 1864
f 1837 1864 1919
f 1919 1864 1950
f 1950 1984 2013
f 1950 2013 1919
f 1919 2013 1941
f 1919 1941 1877
f 1877 1941 1913
f 1877 1913 1799
f 1799 1913 1831
f 1799 1831 1770
f 1770 1831 1808
f 1770 1808 1785
f 1134 1117 1145
f 1134 1145 1260
f 1260 1145 1281
f 1260 1281 1325
f 1325 1281 1375
f 1325 1375 1337
f 1337 1375 1457
f 1337 1457 1395
f 1395 1457 1518
f 1395 1518 1478
f 1478 1518 1571
f 1478 1571 1526
f 1526 1571 1628
f 1526 1628 1575
f 1575 1628 1668
f 1575 1668 1570
f 1570 1668 1605
f 1085 1001 1215
f 1085 1215 1145
f 1145 1215 1332
f 1145 1332 1281
f 1281 1332 1412
f 1281 1412 1375
f 1375 1412 1504
f 1375 1504 1457
f 1457 1504 1558
f 1457 1558 1518
f 1518 1558 1618
f 1518 1618 1571
f 1571 1618 1677
f 1571 1677 1628
f 1628 1677 1718
f 1628 1718 1668
f 1668 1718 1729
f 1668 1729 1713
f 2049 2013 1984
f 2049 1984 2018
f 2018 1984 1950
f 2018 1950 1971
f 1971 1950 1886
f 1971 1886 1903
f 1903 1886 1836
f 1903 1836 1835
f 1835 1836 1788
f 1835 1788 1796
f 1796 1788 1734
f 1796 1734 1743
f 1743 1734 1683
f 1743 1683 1699
f 1699 1683 1613
f 1699 1613 1630
f 1630 1613 1545
f 1630 1545 1554
f 1554 1545 1475
f 1554 1475 1505
f 1505 1475 1370
f 1505 1370 1386
f 1386 1370 1326
f 1785 1729 1718
f 1785 1718 1770
f 1770 1718 1677
f 1770 1677 1714
f 1714 1677 1618
f 1714 1618 1657
f 1657 1618 1558
f 1657 1558 1595
f 1595 1558 1504
f 1595 1504 1536
f 1536 1504 1412
f 1536 1412 1472
f 1472 1412 1332
f 1472 1332 1381
f 1381 1332 1215
f 1381 1215 1275
f 1275 1215 1040
f 1275 1040 1103
f 1103 1040 901
f 1103 901 957
f 957 901 789
f 957 789 1002
f 1002 789 692
f 1002 692 1038
f 1038 692 721
f 1038 721 959
f 959 721 760
f 626 662 527
f 626 527 591
f 591 527 514
f 527 662 692
f 527 692 623
f 623 692 789
f 623 789 768
f 768 789 901
f 768 901 1001
f 768 1001 933
f 933 1001 1085
f 1134 1260 933
f 1134 933 1117
f 1117 933 1085
f 1337 1410 1177
f 1337 1177 1325
f 1325 1177 1260
f 1570 1605 1387
f 1539 1570 1387
f 1539 1387 1509
f 1509 1387 1177
f 1509 1177 1447
f 1447 1177 1410
f 1675 1596 1534
f 1675 1534 1629
f 1596 1513 1483
f 1596 1483 1534
f 1534 1483 1455
f 1534 1455 1397
f 1397 1289 1387
f 1397 1387 1534
f 1534 1387 1605
f 1534 1605 1629
f 1019 955 1177
f 1019 1177 1090
f 1090 1177 1387
f 1090 1387 1252
f 1252 1387 1289
f 933 1260 1177
f 933 1177 852
f 852 1177 955
f 593 563 768
f 593 768 647
f 647 768 933
f 647 933 705
f 705 933 852
f 768 563 522
f 768 522 623
f 623 522 474
f 623 474 452
f 623 452 527
f 527 452 409
f 527 409 514
f 514 409 369
f 325 261 416
f 325 416 462
f 514 369 325
f 514 325 482
f 482 325 462
f 501 611 478
f 386 356 381
f 386 381 495
f 317 291 348
f 398 271 280
f 398 280 449
f 449 280 293
f 449 293 478
f 478 293 301
f 478 301 501
f 501 301 307
f 697 565 701
f 697 701 825
f 825 701 833
f 291 256 271
f 291 271 348
f 348 271 398
f 348 398 437
f 437 398 449
f 437 449 511
f 511 449 478
f 511 478 565
f 565 478 611
f 565 611 701
f 356 317 348
f 356 348 381
f 381 348 437
f 381 437 495
f 495 437 511
f 495 511 541
f 541 511 565
f 541 565 641
f 641 565 697
f 131 158 156
f 179 220 255
f 179 255 204
f 204 255 215
f 141 156 220
f 141 220 166
f 166 220 179
f 92 131 156
f 92 156 100
f 100 156 141
f 43 8 51
f 43 51 81
f 14 31 11
f 12 11 31
f 12 31 21
f 21 31 104
f 21 104 42
f 42 104 131
f 42 131 71
f 71 131 92
f 14 22 32
f 14 32 31
f 31 32 43
f 31 43 104
f 104 43 81
f 220 259 267
f 220 267 286
f 244 259 220
f 244 220 216
f 216 220 156
f 216 156 185
f 185 156 158
f 361 389 255
f 361 255 329
f 329 255 220
f 329 220 299
f 299 220 286
f 416 261 405
f 389 405 261
f 389 261 255
f 255 261 224
f 255 224 215
f 668 639 490
f 307 355 501
f 503 506 690
f 346 426 342
f 315 379 313
f 400 318 321
f 400 321 410
f 410 321 331
f 872 899 675
f 899 900 690
f 899 690 675
f 675 690 506
f 675 506 498
f 498 506 412
f 379 481 366
f 379 366 313
f 313 366 308
f 628 701 611
f 628 611 481
f 481 611 501
f 481 501 366
f 366 501 355
f 366 355 308
f 308 355 307
f 668 891 860
f 668 860 639
f 639 860 855
f 315 318 400
f 315 400 379
f 379 400 490
f 379 490 481
f 481 490 639
f 481 639 628
f 628 639 855
f 628 855 701
f 701 855 833
f 412 342 426
f 412 426 498
f 498 426 492
f 498 492 586
f 498 586 627
f 498 627 675
f 675 627 771
f 675 771 872
f 872 771 820
f 331 342 412
f 331 412 410
f 410 412 506
f 410 506 400
f 400 506 503
f 400 503 490
f 490 503 690
f 490 690 668
f 668 690 900
f 668 900 891
f 226 231 250
f 321 278 310
f 321 310 331
f 331 310 342
f 318 315 305
f 301 293 250
f 307 301 250
f 307 250 308
f 308 250 305
f 308 305 313
f 313 305 315
f 256 252 250
f 271 256 250
f 271 250 280
f 280 250 293
f 252 249 228
f 252 228 250
f 250 228 214
f 250 214 226
f 321 318 305
f 321 305 278
f 278 305 250
f 278 250 240
f 240 250 231
f 2528 2581 2539
f 2364 2368 2407
f 2524 2522 2583
f 2581 2528 2479
f 2571 2616 2642
f 2584 2626 2631
f 2584 2631 2577
f 2577 2631 2625
f 2577 2625 2569
f 2569 2625 2616
f 2569 2616 2513
f 2513 2616 2571
f 2531 2584 2577
f 2531 2577 2501
f 2501 2577 2569
f 2501 2569 2477
f 2477 2569 2513
f 2582 2612 2679
f 2582 2679 2641
f 2641 2679 2701
f 2641 2701 2663
f 2663 2701 2718
f 2663 2718 2673
f 2673 2718 2728
f 2673 2728 2681
f 2681 2728 2729
f 2681 2729 2676
f 2676 2729 2719
f 2676 2719 2705
f 2478 2534 2553
f 2534 2612 2582
f 2534 2582 2553
f 2553 2582 2641
f 2553 2641 2590
f 2590 2641 2663
f 2590 2663 2626
f 2626 2663 2673
f 2626 2673 2631
f 2631 2673 2681
f 2631 2681 2625
f 2625 2681 2676
f 2625 2676 2616
f 2616 2676 2705
f 2616 2705 2642
f 2642 2705 2692
f 2522 2517 2578
f 2522 2578 2583
f 2583 2578 2622
f 2583 2622 2627
f 2518 2524 2583
f 2518 2583 2593
f 2593 2583 2627
f 2593 2627 2684
f 2843 2819 2822
f 2843 2822 2844
f 2844 2822 2824
f 2845 2844 2824
f 2845 2824 2842
f 2842 2824 2826
f 2841 2842 2826
f 2841 2826 2839
f 2839 2826 2823
f 2839 2823 2834
f 2834 2823 2817
f 2834 2817 2832
f 2832 2817 2811
f 2832 2811 2820
f 2820 2811 2799
f 2820 2799 2812
f 2812 2799 2751
f 2800 2721 2750
f 2800 2750 2801
f 2801 2750 2767
f 2801 2767 2807
f 2807 2767 2779
f 2807 2779 2809
f 2809 2779 2776
f 2809 2776 2808
f 2808 2776 2766
f 2808 2766 2804
f 2804 2766 2746
f 2804 2746 2793
f 2793 2746 2715
f 2793 2715 2756
f 2756 2715 2684
f 2756 2684 2717
f 2717 2684 2627
f 2717 2627 2658
f 2658 2627 2622
f 2819 2800 2801
f 2819 2801 2822
f 2822 2801 2807
f 2822 2807 2824
f 2824 2807 2809
f 2824 2809 2826
f 2826 2809 2808
f 2826 2808 2823
f 2823 2808 2804
f 2823 2804 2817
f 2817 2804 2793
f 2817 2793 2811
f 2811 2793 2756
f 2811 2756 2799
f 2799 2756 2717
f 2799 2717 2751
f 2751 2717 2658
f 2368 2375 2447
f 2368 2447 2407
f 2407 2447 2504
f 2407 2504 2479
f 2479 2504 2559
f 2479 2559 2581
f 2375 2534 2478
f 2375 2478 2447
f 2447 2478 2553
f 2447 2553 2504
f 2504 2553 2590
f 2504 2590 2559
f 2559 2590 2626
f 2559 2626 2581
f 2581 2626 2584
f 2581 2584 2539
f 2539 2584 2531
f 2481 2498 2534
f 2481 2534 2435
f 2435 2534 2375
f 2498 2518 2593
f 2498 2593 2534
f 2534 2593 2684
f 2534 2684 2612
f 2612 2684 2715
f 2612 2715 2679
f 2679 2715 2746
f 2679 2746 2701
f 2701 2746 2766
f 2701 2766 2718
f 2718 2766 2776
f 2718 2776 2728
f 2728 2776 2779
f 2728 2779 2729
f 2729 2779 2767
f 2729 2767 2719
f 2719 2767 2750
f 2719 2750 2705
f 2705 2750 2721
f 2705 2721 2692
f 2785 2784 2790
f 2671 2675 2699
f 2699 2675 2724
f 2699 2724 2722
f 2722 2724 2739
f 2722 2739 2755
f 2755 2739 2768
f 2755 2768 2769
f 2755 2769 2760
f 2760 2769 2787
f 2760 2787 2774
f 2774 2787 2788
f 2775 2774 2788
f 2775 2788 2777
f 2777 2788 2790
f 2777 2790 2780
f 2780 2790 2784
f 401 507 392
f 235 217 157
f 123 134 175
f 123 175 169
f 85 52 46
f 85 46 48
f 85 48 53
f 85 53 112
f 112 53 63
f 112 63 130
f 130 63 78
f 130 78 145
f 145 78 101
f 242 284 382
f 172 117 211
f 376 401 392
f 376 392 258
f 258 392 365
f 235 365 332
f 235 332 217
f 217 332 284
f 217 284 192
f 192 284 242
f 192 242 165
f 165 242 211
f 165 211 144
f 144 211 117
f 275 376 258
f 275 258 269
f 269 258 169
f 269 169 239
f 239 169 175
f 258 365 235
f 258 235 169
f 169 235 157
f 169 157 123
f 123 157 113
f 242 382 326
f 242 326 211
f 211 326 302
f 211 302 172
f 172 302 270
f 172 270 153
f 153 270 205
f 507 536 518
f 507 518 392
f 392 518 472
f 392 472 365
f 365 472 463
f 365 463 332
f 332 463 433
f 332 433 284
f 284 433 399
f 284 399 382
f 101 113 157
f 101 157 145
f 145 157 217
f 145 217 130
f 130 217 192
f 130 192 112
f 112 192 165
f 112 165 85
f 85 165 144
f 85 144 52
f 52 144 117
f 52 117 66
f 66 117 172
f 66 172 137
f 137 172 153
f 1424 1431 1269
f 1219 1261 1032
f 834 793 792
f 935 886 919
f 1480 1443 1474
f 180 141 166
f 22 14 16
f 26 45 30
f 72 59 69
f 72 69 79
f 30 45 41
f 30 41 32
f 32 41 43
f 16 14 11
f 200 142 193
f 64 42 71
f 64 71 73
f 73 71 92
f 73 92 94
f 94 92 100
f 94 100 142
f 142 100 141
f 142 141 193
f 193 141 180
f 96 93 62
f 96 62 76
f 76 62 39
f 76 39 67
f 67 39 27
f 67 27 49
f 49 27 18
f 36 49 18
f 36 18 33
f 33 18 17
f 34 33 17
f 34 17 35
f 35 17 20
f 35 20 44
f 44 20 42
f 44 42 55
f 55 42 64
f 37 19 25
f 37 25 47
f 47 25 38
f 47 38 58
f 58 38 65
f 58 65 82
f 82 65 98
f 82 98 111
f 111 98 129
f 111 129 140
f 87 79 69
f 87 69 90
f 90 69 80
f 90 80 106
f 106 80 102
f 106 102 118
f 118 102 124
f 140 152 124
f 140 124 111
f 111 124 102
f 111 102 82
f 82 102 80
f 82 80 58
f 58 80 69
f 58 69 47
f 47 69 59
f 47 59 37
f 37 59 45
f 37 45 19
f 19 45 26
f 32 22 16
f 32 16 30
f 30 16 9
f 30 9 26
f 26 9 5
f 26 5 19
f 19 5 13
f 19 13 25
f 25 13 28
f 25 28 38
f 38 28 56
f 38 56 65
f 65 56 88
f 65 88 98
f 98 88 122
f 98 122 129
f 129 122 154
f 1442 1458 1286
f 163 154 201
f 163 201 209
f 209 201 323
f 209 323 338
f 338 323 446
f 338 446 464
f 464 446 600
f 464 600 615
f 173 163 209
f 173 209 221
f 221 209 338
f 221 338 351
f 351 338 464
f 351 464 473
f 473 464 615
f 473 615 635
f 1292 1286 1458
f 1292 1458 1299
f 1299 1458 1461
f 1299 1461 1324
f 1324 1461 1474
f 1311 1259 1324
f 1311 1324 1358
f 1358 1324 1474
f 1358 1474 1399
f 1399 1474 1443
f 190 233 213
f 257 213 233
f 257 233 309
f 309 233 370
f 669 614 496
f 669 496 485
f 485 496 442
f 485 442 370
f 370 442 391
f 370 391 309
f 190 173 221
f 190 221 233
f 233 221 351
f 233 351 370
f 370 351 473
f 370 473 485
f 485 473 635
f 485 635 669
f 669 635 792
f 669 792 614
f 614 792 793
f 1413 1417 1261
f 1413 1261 1335
f 1335 1261 1219
f 1417 1424 1269
f 1417 1269 1261
f 1261 1269 1017
f 1261 1017 1032
f 1032 1017 824
f 1431 1438 1277
f 1431 1277 1269
f 1269 1277 1023
f 1269 1023 1017
f 1017 1023 809
f 1017 809 824
f 824 809 581
f 1438 1442 1286
f 1438 1286 1277
f 1277 1286 1035
f 1277 1035 1023
f 1023 1035 816
f 1023 816 809
f 809 816 564
f 809 564 581
f 581 564 435
f 494 581 435
f 494 435 397
f 397 435 304
f 397 304 353
f 316 353 304
f 316 304 246
f 246 304 188
f 246 188 202
f 202 188 150
f 202 150 170
f 170 150 121
f 170 121 127
f 127 121 93
f 127 93 103
f 103 93 96
f 21 42 20
f 21 20 10
f 10 20 17
f 10 17 4
f 4 17 18
f 4 18 3
f 3 18 27
f 3 27 15
f 15 27 39
f 15 39 29
f 29 39 62
f 29 62 54
f 54 62 93
f 54 93 84
f 84 93 121
f 84 121 114
f 114 121 150
f 114 150 148
f 148 150 188
f 148 188 186
f 186 188 304
f 186 304 303
f 303 304 435
f 303 435 436
f 436 435 564
f 436 564 569
f 569 564 816
f 569 816 830
f 830 816 1035
f 830 1035 1055
f 1055 1035 1286
f 1055 1286 1067
f 1067 1286 1292
f 1067 1292 1082
f 1082 1292 1299
f 1082 1299 1109
f 1109 1299 1324
f 1109 1324 1026
f 1026 1324 1259
f 6 10 4
f 6 4 2
f 2 4 3
f 2 3 1
f 1 3 15
f 1 15 7
f 7 15 29
f 7 29 23
f 23 29 54
f 23 54 50
f 50 54 84
f 50 84 83
f 83 84 114
f 83 114 115
f 115 114 148
f 115 148 149
f 149 148 186
f 149 186 189
f 189 186 303
f 189 303 314
f 314 303 436
f 314 436 440
f 440 436 569
f 440 569 583
f 583 569 830
f 583 830 848
f 848 830 1055
f 848 1055 870
f 870 1055 1067
f 870 1067 892
f 892 1067 1082
f 892 1082 919
f 919 1082 1109
f 919 1109 935
f 935 1109 1026
f 128 118 124
f 128 124 139
f 139 124 152
f 139 152 162
f 162 152 178
f 129 154 163
f 129 163 140
f 140 163 173
f 140 173 152
f 152 173 190
f 152 190 178
f 178 190 213
f 12 21 10
f 12 10 11
f 11 10 6
f 11 6 16
f 16 6 2
f 16 2 9
f 9 2 1
f 9 1 5
f 5 1 7
f 5 7 13
f 13 7 23
f 13 23 28
f 28 23 50
f 28 50 56
f 56 50 83
f 56 83 88
f 88 83 115
f 88 115 122
f 122 115 149
f 122 149 154
f 154 149 189
f 154 189 201
f 201 189 314
f 201 314 323
f 323 314 440
f 323 440 446
f 446 440 583
f 446 583 600
f 600 583 848
f 600 848 615
f 615 848 870
f 615 870 635
f 635 870 892
f 635 892 792
f 792 892 919
f 792 919 834
f 834 919 886
f 715 718 643
f 2041 2014 2142
f 1900 2014 2041
f 1900 2041 1880
f 1880 2041 1922
f 1880 1922 1811
f 1811 1922 1901
f 1811 1901 1810
f 1811 1810 1756
f 1756 1810 1737
f 1756 1737 1691
f 1691 1737 1716
f 1691 1716 1614
f 1614 1716 1615
f 1614 1615 1582
f 1614 1582 1550
f 1550 1582 1569
f 1550 1569 1493
f 1550 1493 1490
f 1490 1493 1402
f 1490 1402 1404
f 1404 1402 1373
f 1404 1373 1340
f 1340 1373 1229
f 1340 1229 1272
f 1272 1229 1042
f 1272 1042 1181
f 1181 1042 997
f 1181 997 1062
f 1062 997 920
f 1062 920 990
f 990 920 817
f 990 817 938
f 938 817 803
f 938 803 863
f 863 803 712
f 863 712 666
f 863 666 808
f 808 666 619
f 808 619 759
f 759 619 588
f 759 588 738
f 738 588 587
f 738 587 578
f 738 578 718
f 718 578 573
f 718 573 643
f 643 573 596
f 580 579 551
f 578 559 556
f 578 556 573
f 573 556 585
f 573 585 596
f 559 555 551
f 559 551 556
f 556 551 579
f 556 579 585
f 794 695 803
f 559 578 587
f 559 587 566
f 712 803 695
f 712 695 666
f 666 695 609
f 666 609 619
f 619 609 566
f 619 566 588
f 588 566 587
f 555 559 566
f 555 566 560
f 560 566 609
f 560 609 604
f 604 609 695
f 604 695 686
f 686 695 794
f 686 794 752
f 752 794 791
f 2071 2107 2125
f 2071 2125 1986
f 2048 2071 1986
f 2048 1986 2020
f 2020 1986 2006
f 2020 2006 2015
f 2015 2006 2008
f 2276 2274 2234
f 2234 2274 2125
f 2234 2125 2199
f 2199 2125 2107
f 2274 2276 2294
f 2274 2294 2312
f 2312 2294 2326
f 2411 2397 2343
f 2411 2343 2412
f 2312 2326 2369
f 2312 2369 2343
f 2343 2369 2432
f 2343 2432 2412
f 2412 2432 2467
f 2197 2234 2199
f 2197 2199 2137
f 2137 2199 2107
f 2268 2313 2091
f 2524 2518 2437
f 2287 2304 2166
f 2345 2337 2364
f 2368 2364 2337
f 2368 2337 2339
f 2339 2337 2304
f 2339 2304 2352
f 2352 2304 2287
f 2230 2166 2304
f 2230 2304 2307
f 2307 2304 2337
f 2307 2337 2329
f 2329 2337 2345
f 2074 2161 2135
f 2074 2135 2043
f 2178 2132 2126
f 2178 2126 2194
f 2194 2126 2108
f 2108 2098 2135
f 2108 2135 2194
f 2194 2135 2161
f 2194 2161 2210
f 2210 2161 2251
f 2210 2251 2295
f 2295 2251 2315
f 2135 2098 2009
f 2135 2009 2043
f 2043 2009 1942
f 1969 1876 2104
f 1969 2104 2124
f 2124 2104 2316
f 2497 2517 2522
f 2497 2522 2386
f 2437 2518 2498
f 2313 2268 2324
f 2313 2324 2437
f 2437 2324 2386
f 2437 2386 2524
f 2524 2386 2522
f 2481 2435 2414
f 2498 2481 2414
f 2498 2414 2437
f 2437 2414 2316
f 2437 2316 2313
f 2313 2316 2104
f 2313 2104 2091
f 2091 2104 1876
f 2137 2132 2178
f 2137 2178 2221
f 2221 2178 2194
f 2221 2194 2233
f 2233 2194 2210
f 2233 2210 2245
f 2245 2210 2295
f 1942 1920 1966
f 1942 1966 2043
f 2043 1966 2016
f 2043 2016 2074
f 2074 2016 2166
f 2074 2166 2161
f 2161 2166 2230
f 2161 2230 2251
f 2251 2230 2307
f 2251 2307 2315
f 2315 2307 2329
f 1920 1828 1876
f 1920 1876 1966
f 1966 1876 1969
f 1966 1969 2016
f 2016 1969 2124
f 2016 2124 2166
f 2166 2124 2316
f 2166 2316 2287
f 2287 2316 2414
f 2287 2414 2352
f 2352 2414 2435
f 2352 2435 2339
f 2339 2435 2375
f 2339 2375 2368
f 2341 2369 2326
f 2377 2400 2445
f 2302 2310 2314
f 2291 2301 2310
f 2291 2310 2292
f 2296 2292 2310
f 2296 2310 2300
f 2300 2310 2302
f 2334 2394 2314
f 2334 2314 2323
f 2323 2314 2310
f 2445 2400 2451
f 2445 2451 2501
f 2501 2451 2454
f 2531 2501 2454
f 2531 2454 2539
f 2539 2454 2483
f 2467 2432 2479
f 2467 2479 2528
f 2486 2467 2528
f 2486 2528 2493
f 2493 2528 2539
f 2493 2539 2496
f 2496 2539 2483
f 2369 2341 2393
f 2326 2294 2309
f 2278 2309 2294
f 2278 2294 2272
f 2272 2294 2276
f 2272 2276 2258
f 2258 2276 2234
f 2197 2237 2234
f 2221 2233 2237
f 2221 2237 2137
f 2137 2237 2197
f 2501 2477 2439
f 2501 2439 2445
f 2445 2439 2394
f 2445 2394 2377
f 2377 2394 2334
f 2377 2334 2400
f 2432 2369 2393
f 2432 2393 2479
f 2479 2393 2427
f 2479 2427 2407
f 2341 2326 2309
f 2341 2309 2393
f 2393 2309 2347
f 2393 2347 2427
f 2427 2347 2345
f 2427 2345 2407
f 2407 2345 2364
f 2258 2234 2237
f 2258 2237 2272
f 2272 2237 2233
f 2272 2233 2278
f 2278 2233 2245
f 2278 2245 2309
f 2309 2245 2295
f 2309 2295 2347
f 2347 2295 2315
f 2347 2315 2345
f 2345 2315 2329
f 2700 2608 2714
f 2700 2714 2733
f 2630 2637 2602
f 2669 2656 2683
f 2758 2738 2733
f 2758 2733 2781
f 2781 2733 2714
f 2686 2669 2683
f 2686 2683 2716
f 2716 2683 2694
f 2630 2602 2576
f 2630 2576 2640
f 2640 2576 2560
f 2560 2538 2632
f 2560 2632 2640
f 2640 2632 2694
f 2640 2694 2630
f 2630 2694 2683
f 2630 2683 2637
f 2637 2683 2656
f 2510 2488 2545
f 2510 2545 2538
f 2538 2545 2608
f 2538 2608 2632
f 2632 2608 2700
f 2632 2700 2694
f 2694 2700 2733
f 2694 2733 2716
f 2716 2733 2738
f 2459 2519 2370
f 2370 2519 2556
f 2370 2556 2288
f 2288 2556 1945
f 2288 1945 2253
f 2253 1945 2122
f 2044 2122 1945
f 2044 1945 2023
f 2023 1945 1935
f 2023 1935 1911
f 1911 1935 1817
f 1911 1817 1801
f 2643 2476 2333
f 2643 2333 2556
f 2556 2333 2062
f 2556 2062 1945
f 2802 2794 2623
f 2623 2794 2770
f 2680 2643 2556
f 2680 2556 2713
f 2713 2556 2623
f 2713 2623 2734
f 2734 2623 2770
f 1911 1801 1711
f 1911 1711 1846
f 1846 1711 1822
f 1525 1676 1599
f 1754 1822 1711
f 1754 1711 1695
f 1695 1711 1704
f 1695 1704 1676
f 1676 1704 1644
f 1676 1644 1599
f 1592 1676 1525
f 1592 1525 1541
f 1541 1525 1492
f 1541 1492 1527
f 1527 1492 1413
f 1527 1413 1469
f 824 1244 1319
f 824 1319 1032
f 1032 1319 1388
f 1032 1388 1219
f 1219 1388 1469
f 1219 1469 1335
f 1335 1469 1413
f 1153 1244 824
f 1153 824 1053
f 1053 824 581
f 1053 581 983
f 983 581 494
f 943 983 494
f 943 494 907
f 907 494 397
f 907 397 648
f 648 397 353
f 648 353 470
f 170 127 334
f 170 334 202
f 202 334 385
f 202 385 246
f 246 385 470
f 246 470 316
f 316 470 353
f 103 96 110
f 334 127 103
f 334 103 197
f 197 103 110
f 67 99 110
f 67 110 76
f 76 110 96
f 408 199 168
f 408 168 343
f 343 168 75
f 343 75 36
f 36 75 99
f 36 99 49
f 49 99 67
f 262 343 36
f 262 36 254
f 254 36 33
f 254 33 243
f 243 33 34
f 142 200 243
f 142 243 94
f 73 94 243
f 73 243 64
f 64 243 55
f 44 55 243
f 44 243 35
f 35 243 34
f 826 828 534
f 826 534 642
f 642 534 413
f 603 642 413
f 603 413 550
f 550 413 277
f 550 277 512
f 512 277 199
f 512 199 429
f 429 199 408
f 534 828 840
f 534 840 784
f 784 840 869
f 2647 2499 2633
f 2506 2205 2175
f 2506 2175 2499
f 2499 2175 2489
f 2499 2489 2633
f 1513 1540 1523
f 262 254 409
f 826 642 839
f 839 642 603
f 839 603 866
f 866 603 880
f 946 911 955
f 946 955 970
f 970 955 1019
f 970 1019 985
f 262 409 452
f 262 452 343
f 343 452 474
f 563 408 343
f 563 343 522
f 522 343 474
f 911 880 603
f 911 603 955
f 955 603 550
f 955 550 852
f 852 550 512
f 852 512 705
f 705 512 429
f 705 429 647
f 647 429 408
f 647 408 593
f 593 408 563
f 166 179 180
f 180 179 204
f 180 204 193
f 193 204 215
f 193 215 200
f 200 215 224
f 200 224 261
f 200 261 243
f 243 261 325
f 409 254 243
f 409 243 369
f 369 243 325
f 1252 1049 985
f 1252 985 1090
f 1090 985 1019
f 1130 1049 1252
f 1130 1252 1228
f 1228 1252 1301
f 1397 1385 1301
f 1397 1301 1289
f 1289 1301 1252
f 1513 1523 1460
f 1513 1460 1483
f 1483 1460 1385
f 1483 1385 1455
f 1455 1385 1397
f 2203 2141 2566
f 2203 2566 2317
f 2317 2566 2401
f 2527 2566 2141
f 2527 2141 2429
f 2429 2141 2087
f 2429 2087 2256
f 2256 2087 1993
f 2256 1993 2190
f 2190 1993 1932
f 2190 1932 2085
f 2085 1932 1894
f 2085 1894 1958
f 1958 1894 1816
f 1958 1816 1895
f 1895 1816 1761
f 1895 1761 1844
f 1844 1761 1747
f 1844 1747 1748
f 1748 1747 1673
f 1748 1673 1700
f 1700 1673 1591
f 1700 1591 1692
f 1692 1591 1523
f 1692 1523 1632
f 1632 1523 1540
f 2465 2401 2614
f 2654 2614 2401
f 2654 2401 2594
f 2594 2401 2566
f 2720 2647 2614
f 2720 2614 2687
f 2687 2614 2654
f 2529 2499 2647
f 2529 2647 2547
f 2547 2647 2541
f 2507 2536 2519
f 2507 2519 2473
f 2473 2519 2459
f 2536 2541 2647
f 2536 2647 2519
f 2519 2647 2720
f 2519 2720 2556
f 2556 2720 2623
f 2803 2802 2623
f 2803 2623 2792
f 2792 2623 2791
f 2757 2791 2623
f 2757 2623 2731
f 2731 2623 2720
f 107 70 75
f 107 75 132
f 132 75 168
f 132 168 174
f 174 168 199
f 927 1065 1018
f 927 1018 869
f 869 1018 799
f 869 799 784
f 784 799 730
f 784 730 534
f 237 174 199
f 237 199 288
f 288 199 277
f 288 277 413
f 419 288 413
f 419 413 458
f 458 413 534
f 458 534 549
f 549 534 730
f 1284 1230 932
f 2204 2489 2213
f 2212 2213 2489
f 2212 2489 2186
f 2186 2489 2175
f 2149 2181 2204
f 2204 2181 2215
f 2311 2321 2633
f 2633 2321 2325
f 2293 2311 2633
f 2293 2633 2277
f 2277 2633 2489
f 2277 2489 2250
f 2250 2489 2204
f 2250 2204 2238
f 2238 2204 2215
f 2633 2675 2650
f 2633 2650 2601
f 2601 2650 2585
f 2601 2585 2372
f 2372 2585 2548
f 2325 2379 2442
f 2325 2442 2633
f 2633 2442 2532
f 2633 2532 2675
f 2675 2532 2600
f 2675 2600 2724
f 2724 2600 2739
f 2753 2739 2600
f 2753 2600 2773
f 2773 2600 2772
f 2117 2372 2548
f 2117 2548 2065
f 2065 2548 2487
f 2065 2487 2003
f 2003 2487 2338
f 2003 2338 2225
f 1928 2003 2225
f 1928 2225 1902
f 1902 2225 2144
f 1902 2144 1853
f 1853 2144 2024
f 1853 2024 1794
f 1794 2024 1887
f 1794 1887 1766
f 1766 1887 1792
f 1738 1766 1792
f 1738 1792 1681
f 1681 1792 1682
f 1681 1682 1617
f 1611 1617 1682
f 1611 1682 1585
f 1585 1682 1572
f 1585 1572 1551
f 1551 1572 1549
f 1551 1549 1528
f 1551 1528 1500
f 1551 1500 1497
f 1497 1500 1489
f 1352 1284 1360
f 1352 1360 1365
f 1415 1489 1500
f 1415 1500 1360
f 1360 1500 1468
f 1360 1468 1365
f 1348 1360 1284
f 1348 1284 1295
f 1295 1284 1231
f 1210 1231 1284
f 1210 1284 1159
f 1159 1284 1086
f 1063 1086 1284
f 1063 1284 1048
f 1048 1284 932
f 1048 932 1020
f 1020 932 1009
f 1003 1009 932
f 1003 932 994
f 994 932 993
f 932 1230 1030
f 932 1030 836
f 836 1030 992
f 836 992 691
f 691 992 917
f 691 917 625
f 625 917 539
f 676 456 467
f 676 467 713
f 713 467 539
f 713 539 787
f 787 539 917
f 240 231 276
f 240 276 278
f 278 276 310
f 342 310 276
f 342 276 346
f 346 276 311
f 388 346 311
f 388 311 417
f 417 311 371
f 417 371 487
f 487 371 456
f 487 456 582
f 582 456 676
f 1047 1016 812
f 1209 1142 1101
f 1209 1101 1223
f 1223 1101 1133
f 1282 1223 1133
f 1282 1133 1316
f 1316 1133 1191
f 1316 1191 1314
f 1316 1314 1339
f 1339 1314 1350
f 1369 1339 1350
f 1369 1350 1396
f 1396 1350 1464
f 1459 1396 1464
f 1459 1464 1506
f 1506 1464 1561
f 1767 1693 1625
f 1767 1625 1645
f 1645 1625 1568
f 1645 1568 1561
f 1561 1568 1516
f 1561 1516 1506
f 1745 1693 1767
f 1745 1767 1757
f 1757 1767 1860
f 1757 1860 1791
f 1791 1860 1952
f 1791 1952 1841
f 1854 1841 1952
f 1854 1952 1882
f 1882 1952 2088
f 1882 2088 1897
f 1897 2088 2146
f 1897 2146 1933
f 1933 2146 2170
f 1953 1933 2170
f 1953 2170 1961
f 1961 2170 2261
f 1961 2261 1985
f 1985 2261 2330
f 1985 2330 1995
f 1995 2330 2355
f 1995 2355 1987
f 1987 2355 2348
f 1047 812 906
f 1006 1101 1142
f 1006 1142 930
f 930 1142 1106
f 930 1106 906
f 906 1106 1060
f 906 1060 1047
f 961 745 812
f 961 812 973
f 973 812 1016
f 2125 2274 2120
f 2279 2244 2265
f 2279 2265 2312
f 2101 2110 2191
f 2191 2170 2146
f 2191 2146 2101
f 2101 2146 2088
f 2101 2088 1952
f 2274 2312 2265
f 2274 2265 2120
f 2120 2265 2244
f 2120 2244 2110
f 2110 2244 2223
f 2110 2223 2191
f 2101 1952 1962
f 2101 1962 2110
f 2110 1962 1970
f 2110 1970 2120
f 2120 1970 1979
f 2120 1979 2125
f 2125 1979 1986
f 1584 1582 1615
f 1584 1615 1619
f 1619 1615 1716
f 1619 1716 1722
f 1722 1716 1737
f 1722 1737 1810
f 1722 1810 1821
f 1821 1810 1901
f 1821 1901 1944
f 1944 1901 1922
f 1944 1951 1830
f 1944 1830 1821
f 1821 1830 1724
f 1821 1724 1722
f 1722 1724 1620
f 1722 1620 1619
f 1619 1620 1589
f 1619 1589 1584
f 2280 2463 2080
f 1700 1765 1748
f 1748 1765 1893
f 1632 1540 1765
f 1632 1765 1692
f 1692 1765 1700
f 1608 1765 1540
f 1608 1540 1596
f 1596 1540 1513
f 1804 1833 1765
f 1804 1765 1776
f 1776 1765 1608
f 1776 1608 1719
f 1719 1608 1596
f 1719 1596 1684
f 1684 1596 1675
f 1765 1833 1965
f 1765 1965 1893
f 1893 1965 2032
f 2280 2080 1893
f 2280 1893 2100
f 2100 1893 2032
f 2509 2349 2463
f 2723 2667 2561
f 2723 2561 2651
f 2651 2561 2349
f 2651 2349 2573
f 2573 2349 2509
f 2805 2833 2667
f 2805 2667 2754
f 2754 2667 2723
f 2749 2667 2833
f 2749 2833 2816
f 2816 2833 2867
f 2887 2892 2846
f 2887 2846 2880
f 2846 2892 2899
f 2846 2899 2863
f 2863 2899 2901
f 2846 2720 2816
f 2846 2816 2880
f 2880 2816 2867
f 2731 2720 2846
f 2731 2846 2757
f 2757 2846 2863
f 2757 2863 2791
f 2791 2863 2792
f 2566 2527 2667
f 2566 2667 2594
f 2594 2667 2749
f 2594 2749 2654
f 2654 2749 2816
f 2654 2816 2687
f 2687 2816 2720
f 2667 2527 2429
f 2667 2429 2561
f 2561 2429 2256
f 2561 2256 2349
f 2349 2256 2190
f 2080 2463 2349
f 2080 2349 2085
f 2085 2349 2190
f 1844 1748 1893
f 1844 1893 1895
f 1895 1893 2080
f 1895 2080 1958
f 1958 2080 2085
f 2471 2465 2139
f 2614 2601 2372
f 2614 2372 2465
f 2465 2372 2117
f 2465 2117 2139
f 2628 2730 2562
f 2049 2064 2013
f 2105 2113 2061
f 1684 1713 1719
f 2103 2280 2100
f 2573 2509 2438
f 2899 2892 2877
f 2862 2892 2887
f 2862 2887 2853
f 2853 2887 2880
f 2853 2880 2838
f 2838 2880 2867
f 2821 2833 2805
f 2821 2805 2696
f 2696 2805 2754
f 1833 1804 1852
f 1833 1852 1965
f 1965 1852 2103
f 1965 2103 2032
f 2032 2103 2100
f 1729 1762 1713
f 1804 1776 1807
f 1804 1807 1852
f 1852 1807 1934
f 1852 1934 2103
f 2103 1934 2229
f 2103 2229 2280
f 2280 2229 2438
f 2280 2438 2463
f 2463 2438 2509
f 1808 1831 1856
f 2116 2216 2012
f 2116 2012 1954
f 1954 2012 1890
f 1954 1890 1856
f 1856 1890 1802
f 1856 1802 1808
f 1808 1802 1785
f 2025 2082 2037
f 2025 2037 1988
f 1988 2037 2000
f 1912 1847 1899
f 1912 1899 2022
f 2022 1899 2000
f 2022 2000 2061
f 2061 2000 2037
f 2061 2037 2105
f 2105 2037 2082
f 2058 1912 2022
f 2058 2022 2106
f 2106 2022 2061
f 2106 2061 2172
f 2172 2061 2113
f 2628 2562 2216
f 2523 2628 2216
f 2523 2216 2362
f 2362 2216 2116
f 2362 2116 2243
f 2243 2116 2207
f 2783 2736 2660
f 2783 2660 2806
f 2877 2892 2862
f 2877 2862 2871
f 2871 2862 2855
f 2806 2855 2862
f 2806 2862 2783
f 2783 2862 2853
f 2783 2853 2736
f 2736 2853 2838
f 2867 2833 2821
f 2867 2821 2838
f 2838 2821 2696
f 2838 2696 2736
f 2736 2696 2580
f 2736 2580 2660
f 2660 2580 2452
f 1776 1719 1782
f 1776 1782 1807
f 1807 1782 1873
f 1807 1873 1934
f 1934 1873 2010
f 1934 2010 2229
f 2229 2010 2350
f 2229 2350 2438
f 2438 2350 2516
f 2438 2516 2573
f 2573 2516 2653
f 2573 2653 2651
f 2651 2653 2723
f 2064 2082 2025
f 2064 2025 2013
f 2013 2025 1988
f 2013 1988 1941
f 1941 1988 2000
f 1941 2000 1913
f 1913 2000 1899
f 1913 1899 1831
f 1831 1899 1847
f 1831 1847 1856
f 1856 1847 1912
f 1856 1912 1954
f 1954 1912 2058
f 1954 2058 2116
f 2116 2058 2106
f 2116 2106 2207
f 2207 2106 2172
f 2825 2855 2806
f 2825 2806 2730
f 2730 2806 2660
f 2730 2660 2562
f 2562 2660 2452
f 2562 2452 2216
f 2216 2452 2072
f 2216 2072 2012
f 2012 2072 1947
f 2012 1947 1890
f 1890 1947 1834
f 1890 1834 1802
f 1802 1834 1762
f 1802 1762 1785
f 1785 1762 1729
f 1719 1713 1762
f 1719 1762 1782
f 1782 1762 1834
f 1782 1834 1873
f 1873 1834 1947
f 1873 1947 2010
f 2010 1947 2072
f 2010 2072 2350
f 2350 2072 2452
f 2350 2452 2516
f 2516 2452 2580
f 2516 2580 2653
f 2653 2580 2696
f 2653 2696 2723
f 2723 2696 2754
f 1018 1065 1013
f 2139 2117 2065
f 2139 2065 2077
f 1928 1918 2077
f 1928 2077 2003
f 2003 2077 2065
f 1794 1766 1779
f 1794 1779 1853
f 1853 1779 1918
f 1853 1918 1902
f 1902 1918 1928
f 1779 1766 1738
f 1779 1738 1635
f 1635 1738 1681
f 1551 1497 1508
f 1585 1551 1508
f 1585 1508 1611
f 1611 1508 1635
f 1611 1635 1617
f 1617 1635 1681
f 1360 1348 1376
f 1360 1376 1415
f 1415 1376 1508
f 1415 1508 1489
f 1489 1508 1497
f 1376 1348 1295
f 1376 1295 1263
f 1263 1295 1231
f 1086 1063 1135
f 1086 1135 1159
f 1159 1135 1263
f 1159 1263 1210
f 1210 1263 1231
f 1135 1063 1048
f 1135 1048 1057
f 1057 1048 1020
f 1013 1065 1051
f 1013 1051 1000
f 1000 1051 993
f 994 993 1051
f 994 1051 1003
f 1003 1051 1057
f 1003 1057 1009
f 1009 1057 1020
f 688 693 706
f 930 906 922
f 851 922 906
f 851 906 802
f 802 906 812
f 802 812 737
f 737 812 745
f 706 693 698
f 782 790 773
f 782 773 722
f 722 773 739
f 773 790 827
f 773 827 837
f 837 827 912
f 790 895 896
f 790 896 827
f 827 896 904
f 827 904 912
f 747 739 773
f 747 773 788
f 788 773 837
f 912 922 851
f 912 851 837
f 837 851 802
f 837 802 788
f 788 802 737
f 788 737 747
f 747 737 723
f 747 723 739
f 739 723 706
f 739 706 722
f 722 706 698
f 404 373 460
f 208 227 265
f 524 476 526
f 770 783 650
f 1293 1364 1357
f 1293 1357 1354
f 967 772 975
f 967 975 1044
f 1044 975 1171
f 850 680 845
f 850 845 897
f 897 845 902
f 699 689 568
f 699 568 711
f 711 568 650
f 711 650 741
f 741 650 783
f 568 689 664
f 568 664 526
f 526 664 629
f 526 629 524
f 524 629 602
f 476 404 460
f 476 460 526
f 526 460 491
f 526 491 568
f 568 491 545
f 568 545 650
f 650 545 680
f 650 680 770
f 770 680 850
f 770 850 783
f 486 443 592
f 359 428 393
f 335 251 327
f 335 327 393
f 393 327 344
f 393 344 359
f 265 227 251
f 265 251 335
f 265 335 295
f 295 335 336
f 428 443 486
f 428 486 393
f 393 486 431
f 393 431 335
f 335 431 384
f 335 384 336
f 336 384 347
f 1293 1354 1280
f 1293 1280 1158
f 1158 1280 1171
f 1158 1171 1011
f 1011 1171 975
f 1011 975 918
f 918 975 772
f 764 918 772
f 764 772 679
f 679 772 592
f 679 592 516
f 516 592 443
f 373 347 384
f 373 384 460
f 460 384 431
f 460 431 491
f 491 431 486
f 491 486 545
f 545 486 592
f 545 592 680
f 680 592 772
f 680 772 845
f 845 772 967
f 845 967 902
f 2156 2249 2040
f 2249 2156 2453
f 829 657 1077
f 531 441 829
f 257 309 340
f 257 340 213
f 213 340 178
f 1670 1667 1769
f 1480 1656 1462
f 1480 1462 1443
f 1443 1462 1399
f 1624 1559 1520
f 1624 1520 1664
f 1664 1520 1641
f 1087 1355 1293
f 1364 1293 1355
f 1364 1355 1449
f 1449 1355 1520
f 1449 1520 1510
f 1510 1520 1559
f 95 40 60
f 95 60 126
f 126 60 68
f 97 198 120
f 97 120 89
f 89 120 74
f 125 106 118
f 125 118 218
f 218 118 128
f 143 139 162
f 143 162 264
f 614 963 807
f 614 807 496
f 496 807 561
f 496 561 442
f 442 561 402
f 442 402 391
f 1098 1033 1026
f 935 1026 1033
f 935 1033 886
f 886 1033 1010
f 886 1010 834
f 834 1010 963
f 834 963 793
f 793 963 614
f 1358 1399 1462
f 1358 1462 1311
f 1311 1462 1408
f 1311 1408 1259
f 1259 1408 1026
f 679 475 542
f 679 542 764
f 764 542 684
f 764 684 918
f 918 684 822
f 918 822 1011
f 1011 822 1087
f 1011 1087 1158
f 1158 1087 1293
f 327 272 344
f 208 136 160
f 208 160 227
f 227 160 195
f 227 195 251
f 126 68 187
f 126 187 272
f 272 187 281
f 407 516 443
f 407 443 281
f 281 443 428
f 281 428 272
f 272 428 359
f 272 359 344
f 68 74 120
f 68 120 187
f 187 120 198
f 187 198 281
f 281 198 322
f 281 322 407
f 407 322 475
f 407 475 516
f 516 475 679
f 136 40 95
f 136 95 160
f 160 95 126
f 160 126 195
f 195 126 272
f 195 272 251
f 251 272 327
f 375 264 441
f 375 441 451
f 451 441 531
f 128 139 143
f 128 143 218
f 218 143 264
f 218 264 290
f 290 264 375
f 657 829 441
f 657 441 340
f 340 441 264
f 340 264 178
f 178 264 162
f 309 391 402
f 309 402 502
f 502 402 561
f 502 561 762
f 762 561 807
f 762 807 981
f 981 807 963
f 981 963 1157
f 1157 963 1010
f 1157 1010 1212
f 1212 1010 1033
f 1212 1033 1247
f 1247 1033 1098
f 1247 1098 1294
f 1294 1098 1026
f 1294 1026 1359
f 1359 1026 1408
f 340 309 502
f 340 502 657
f 657 502 762
f 657 762 1077
f 1077 762 981
f 1077 981 1323
f 1323 981 1157
f 1323 1157 1446
f 1446 1157 1212
f 1446 1212 1485
f 1485 1212 1247
f 1485 1247 1507
f 1507 1247 1294
f 1507 1294 1546
f 1546 1294 1359
f 1546 1359 1603
f 1603 1359 1408
f 1603 1408 1663
f 1663 1408 1462
f 1663 1462 1708
f 1708 1462 1656
f 2386 2249 2453
f 2386 2453 2497
f 2497 2453 2491
f 2497 2491 2517
f 1876 1845 1939
f 1876 1939 2091
f 2091 1939 2040
f 2091 2040 2268
f 2268 2040 2249
f 2268 2249 2324
f 2324 2249 2386
f 1858 2069 1708
f 1858 1708 1819
f 1819 1708 1656
f 1667 1664 1641
f 1667 1641 1769
f 1769 1641 1685
f 1769 1685 1828
f 1828 1685 1706
f 1828 1706 1876
f 1876 1706 1764
f 1876 1764 1845
f 1845 1764 1823
f 1845 1823 1939
f 1939 1823 1907
f 1939 1907 2040
f 2040 1907 1998
f 2040 1998 2156
f 2156 1998 2131
f 2156 2131 2453
f 97 106 125
f 97 125 198
f 198 125 218
f 198 218 322
f 322 218 290
f 322 290 475
f 475 290 375
f 475 375 542
f 542 375 451
f 542 451 684
f 684 451 531
f 684 531 822
f 822 531 829
f 822 829 1087
f 1087 829 1077
f 1087 1077 1355
f 1355 1077 1323
f 1355 1323 1520
f 1520 1323 1446
f 1520 1446 1641
f 1641 1446 1485
f 1641 1485 1685
f 1685 1485 1507
f 1685 1507 1706
f 1706 1507 1546
f 1706 1546 1764
f 1764 1546 1603
f 1764 1603 1823
f 1823 1603 1663
f 1823 1663 1907
f 1907 1663 1708
f 1907 1708 1998
f 1998 1708 2069
f 1998 2069 2131
f 2506 2499 2529
f 2506 2529 2537
f 2537 2529 2547
f 2537 2547 2554
f 2554 2547 2541
f 2507 2490 2554
f 2507 2554 2536
f 2536 2554 2541
f 2370 2288 2320
f 2370 2320 2459
f 2459 2320 2490
f 2459 2490 2473
f 2473 2490 2507
f 2044 2068 2122
f 2122 2068 2320
f 2122 2320 2253
f 2253 2320 2288
f 1846 1857 1911
f 1911 1857 2068
f 1911 2068 2023
f 2023 2068 2044
f 1695 1705 1754
f 1754 1705 1857
f 1754 1857 1822
f 1822 1857 1846
f 1705 1695 1676
f 1705 1676 1552
f 1552 1676 1592
f 1469 1388 1406
f 1469 1406 1527
f 1527 1406 1552
f 1527 1552 1541
f 1541 1552 1592
f 1406 1388 1319
f 1406 1319 1278
f 1278 1319 1244
f 1278 1244 1153
f 1278 1153 1092
f 1092 1153 1053
f 1092 1053 983
f 1092 983 974
f 974 983 943
f 974 943 952
f 952 943 907
f 952 1096 1108
f 952 1108 974
f 974 1108 1234
f 974 1234 1092
f 1092 1234 1351
f 1092 1351 1278
f 1278 1351 1482
f 1278 1482 1406
f 1406 1482 1598
f 1406 1598 1552
f 1552 1598 1736
f 2205 2506 2537
f 2205 2537 2214
f 2214 2537 2554
f 2214 2554 2241
f 2241 2554 2490
f 2241 2490 2174
f 2174 2490 2320
f 2174 2320 2033
f 2033 2320 2068
f 2033 2068 1872
f 1872 2068 1857
f 1872 1857 1736
f 1736 1857 1705
f 1736 1705 1552
f 2901 2903 2863
f 2794 2802 2857
f 2907 2857 2909
f 2909 2857 2861
f 2902 2898 2857
f 2904 2902 2857
f 2904 2857 2906
f 2906 2857 2907
f 2875 2796 2814
f 2875 2814 2879
f 2879 2814 2830
f 2879 2830 2885
f 2885 2830 2891
f 2697 2646 2796
f 2697 2796 2771
f 2771 2796 2815
f 2837 2815 2796
f 2837 2796 2856
f 2856 2796 2875
f 2526 2530 2492
f 2526 2492 2460
f 2475 2476 2526
f 2475 2526 2448
f 2460 2444 2428
f 2460 2428 2526
f 2526 2428 2431
f 2526 2431 2448
f 2575 2530 2526
f 2575 2526 2603
f 2603 2526 2476
f 2603 2476 2646
f 2646 2476 2643
f 2796 2646 2643
f 2796 2643 2814
f 2814 2643 2680
f 2814 2680 2830
f 2830 2680 2713
f 2770 2849 2830
f 2770 2830 2734
f 2734 2830 2713
f 2897 2891 2830
f 2897 2830 2898
f 2898 2830 2849
f 2898 2849 2857
f 2857 2849 2770
f 2857 2770 2794
f 2792 2863 2803
f 2910 2909 2861
f 2910 2861 2908
f 2908 2861 2905
f 2857 2802 2803
f 2857 2803 2861
f 2861 2803 2863
f 2861 2863 2905
f 2905 2863 2903
f 43 41 8
f 45 59 40
f 8 41 45
f 8 45 24
f 24 45 40
f 106 97 90
f 90 97 89
f 90 89 87
f 87 89 74
f 60 40 59
f 60 59 68
f 68 59 72
f 68 72 74
f 74 72 79
f 74 79 87
f 1616 1609 1720
f 2444 2460 2419
f 2448 2431 2333
f 2448 2333 2475
f 2475 2333 2476
f 2425 2492 2530
f 2425 2530 2468
f 2468 2530 2575
f 1599 1602 1525
f 1525 1602 1417
f 1525 1417 1492
f 1492 1417 1413
f 1707 1709 1602
f 1424 1417 1606
f 1424 1606 1609
f 1609 1606 1715
f 1609 1715 1720
f 1720 1715 1826
f 1659 1633 1627
f 1659 1627 1725
f 1725 1627 1621
f 2002 1975 2157
f 2002 2157 2114
f 2114 2157 2425
f 2114 2425 2299
f 2299 2425 2468
f 1621 1616 1720
f 1621 1720 1725
f 1725 1720 1826
f 1725 1826 1832
f 1832 1826 1972
f 1832 1972 1975
f 1975 1972 2153
f 1975 2153 2157
f 2157 2153 2419
f 2157 2419 2425
f 2425 2419 2460
f 2425 2460 2492
f 2431 2428 2384
f 2431 2384 2333
f 2333 2384 2127
f 2333 2127 2062
f 2062 2127 1957
f 1945 2062 1957
f 1945 1957 1935
f 1935 1957 1815
f 1817 1935 1815
f 1817 1815 1801
f 1801 1815 1709
f 1801 1709 1711
f 1711 1709 1707
f 1711 1707 1704
f 1704 1707 1602
f 1704 1602 1644
f 1644 1602 1599
f 1556 1480 1633
f 1556 1633 1637
f 1637 1633 1659
f 1431 1424 1609
f 1431 1609 1438
f 1438 1609 1616
f 1438 1616 1442
f 1442 1616 1621
f 1442 1621 1458
f 1458 1621 1627
f 1458 1627 1461
f 1461 1627 1633
f 1461 1633 1474
f 1474 1633 1480
f 1728 1659 1725
f 1728 1725 1763
f 1763 1725 1832
f 1763 1832 1859
f 1859 1832 1975
f 1859 1975 1925
f 1925 1975 2002
f 1417 1602 1606
f 1606 1602 1709
f 1606 1709 1715
f 1715 1709 1815
f 1715 1815 1826
f 1826 1815 1957
f 1826 1957 1972
f 1972 1957 2127
f 1972 2127 2153
f 2153 2127 2384
f 2153 2384 2419
f 2419 2384 2428
f 2419 2428 2444
f 8 24 61
f 8 61 51
f 61 24 40
f 61 40 105
f 105 40 136
f 57 51 61
f 57 61 138
f 138 61 105
f 138 105 164
f 164 105 136
f 164 136 208
f 91 133 99
f 1045 1096 952
f 1045 952 1043
f 1043 952 907
f 988 1043 907
f 988 907 862
f 862 907 648
f 862 648 767
f 767 648 470
f 767 470 537
f 537 470 385
f 537 385 427
f 427 385 334
f 427 334 364
f 364 334 197
f 364 197 297
f 297 197 110
f 297 110 177
f 177 110 99
f 177 99 146
f 146 99 133
f 91 99 75
f 91 75 77
f 77 75 70
f 2587 2620 2613
f 2609 2617 2604
f 2262 2423 2331
f 1772 1818 1703
f 1992 2195 1999
f 1992 1999 1991
f 1991 1999 1982
f 1948 2129 1960
f 1960 2129 2176
f 1960 2176 1973
f 1973 2176 1989
f 2094 2129 1948
f 2094 1948 1908
f 1908 1948 1937
f 1908 1937 1916
f 1818 1772 1908
f 1818 1908 1905
f 1905 1908 1916
f 1688 1649 1703
f 1688 1703 1758
f 1758 1703 1818
f 1730 1623 1726
f 1662 1726 1623
f 1662 1623 1626
f 1626 1623 1587
f 1866 1888 1868
f 1866 1868 1790
f 1790 1868 1730
f 1790 1730 1752
f 1752 1730 1726
f 2102 2262 2094
f 2102 2094 2042
f 2042 2094 1908
f 2661 2690 2639
f 2661 2671 2699
f 2661 2699 2690
f 2690 2699 2722
f 2690 2722 2725
f 2725 2722 2755
f 2725 2755 2760
f 2725 2760 2743
f 2743 2760 2774
f 2747 2748 2775
f 2747 2775 2777
f 2742 2764 2741
f 2785 2782 2765
f 2785 2765 2764
f 2764 2765 2762
f 2764 2762 2741
f 2741 2762 2740
f 2703 2702 2704
f 2664 2698 2695
f 2664 2695 2655
f 2609 2604 2599
f 2609 2599 2544
f 2544 2599 2552
f 2382 2520 2466
f 2382 2466 2353
f 2183 2160 2143
f 2183 2143 2084
f 2084 2143 2070
f 2084 2070 2005
f 2005 2070 1996
f 2005 1996 1978
f 1978 1996 1981
f 2777 2780 2745
f 2777 2745 2747
f 2747 2745 2712
f 2747 2712 2748
f 2748 2712 2708
f 2774 2775 2748
f 2774 2748 2743
f 2743 2748 2708
f 2743 2708 2725
f 2725 2708 2688
f 2725 2688 2690
f 2690 2688 2662
f 2690 2662 2639
f 2639 2662 2606
f 2636 2613 2674
f 2636 2674 2649
f 2649 2674 2682
f 2649 2564 2550
f 2649 2550 2636
f 2636 2550 2511
f 2636 2511 2613
f 2613 2511 2480
f 2613 2480 2587
f 2589 2620 2587
f 2589 2587 2579
f 2579 2587 2480
f 2579 2480 2423
f 2423 2480 2511
f 2423 2511 2331
f 2331 2511 2550
f 2331 2550 2376
f 2376 2550 2564
f 2376 2564 2415
f 1888 2042 1908
f 1888 1908 1868
f 1868 1908 1772
f 1868 1772 1730
f 1730 1772 1703
f 1730 1703 1623
f 1623 1703 1649
f 2005 2007 2092
f 2005 2092 2084
f 2084 2092 2200
f 2084 2200 2183
f 2183 2200 2382
f 2183 2382 2160
f 2160 2382 2353
f 2544 2422 2558
f 2544 2558 2609
f 2609 2558 2624
f 2609 2624 2617
f 2617 2624 2664
f 2617 2664 2652
f 2652 2664 2655
f 2784 2785 2764
f 2784 2764 2780
f 2780 2764 2742
f 2780 2742 2745
f 2745 2742 2710
f 2745 2710 2712
f 2712 2710 2682
f 2712 2682 2708
f 2708 2682 2674
f 2708 2674 2688
f 2688 2674 2613
f 2688 2613 2662
f 2662 2613 2620
f 2662 2620 2606
f 2606 2620 2589
f 2707 2704 2670
f 2707 2670 2678
f 2678 2670 2638
f 2678 2638 2648
f 2648 2638 2568
f 1992 1989 2176
f 1992 2176 2195
f 2195 2176 2433
f 2195 2433 2422
f 2422 2433 2568
f 2422 2568 2558
f 2558 2568 2638
f 2558 2638 2624
f 2624 2638 2670
f 2624 2670 2664
f 2664 2670 2704
f 2664 2704 2698
f 2698 2704 2702
f 2698 2702 2695
f 2552 2466 2520
f 2552 2520 2544
f 2544 2520 2382
f 2544 2382 2422
f 2422 2382 2200
f 2422 2200 2195
f 2195 2200 2092
f 2195 2092 1999
f 1999 2092 2007
f 1999 2007 1982
f 1982 2007 2005
f 1982 2005 1980
f 1980 2005 1978
f 2094 2262 2331
f 2094 2331 2129
f 2129 2331 2376
f 2129 2376 2176
f 2176 2376 2415
f 2176 2415 2433
f 2433 2415 2564
f 2433 2564 2568
f 2568 2564 2649
f 2568 2649 2648
f 2648 2649 2682
f 2648 2682 2678
f 2678 2682 2710
f 2678 2710 2707
f 2707 2710 2742
f 2707 2742 2704
f 2704 2742 2741
f 2704 2741 2703
f 2703 2741 2740
f 2614 2647 2633
f 2614 2633 2601
f 1065 927 908
f 1065 908 1051
f 1051 908 893
f 1051 893 1057
f 1057 893 940
f 1057 940 1135
f 2471 2139 2077
f 2471 2077 2398
f 2398 2077 1918
f 2398 1918 2147
f 2147 1918 1779
f 1938 2147 1779
f 1938 1779 1768
f 1768 1779 1635
f 1768 1635 1607
f 1607 1635 1508
f 1607 1508 1479
f 1479 1508 1376
f 1479 1376 1329
f 1329 1376 1263
f 1329 1263 1172
f 1172 1263 1135
f 1172 1135 1015
f 1015 1135 940
f 1761 1816 1768
f 1591 1673 1607
f 927 869 840
f 927 840 908
f 908 840 828
f 908 828 893
f 880 940 893
f 880 893 866
f 839 866 893
f 839 893 826
f 826 893 828
f 970 985 1015
f 970 1015 946
f 946 1015 940
f 946 940 911
f 911 940 880
f 1329 1172 1301
f 1228 1301 1172
f 1228 1172 1130
f 1130 1172 1015
f 1130 1015 1049
f 1049 1015 985
f 1591 1607 1479
f 1523 1591 1479
f 1523 1479 1460
f 1460 1479 1329
f 1460 1329 1385
f 1385 1329 1301
f 1761 1768 1607
f 1761 1607 1747
f 1747 1607 1673
f 1768 1816 1894
f 1768 1894 1938
f 1938 1894 1932
f 2141 2203 2147
f 2141 2147 2087
f 2087 2147 1938
f 2087 1938 1993
f 1993 1938 1932
f 2147 2203 2317
f 2147 2317 2398
f 2398 2317 2401
f 2398 2401 2471
f 2471 2401 2465
f 266 287 232
f 253 234 333
f 167 206 161
f 194 207 206
f 194 206 181
f 181 206 167
f 266 294 319
f 266 319 287
f 287 319 337
f 274 239 175
f 274 175 183
f 183 175 134
f 206 273 196
f 206 196 161
f 161 196 151
f 269 239 274
f 269 274 275
f 275 274 394
f 275 394 376
f 376 394 401
f 394 411 444
f 394 444 401
f 401 444 507
f 374 411 394
f 374 394 273
f 273 394 274
f 273 274 196
f 196 274 183
f 196 183 151
f 151 183 134
f 234 232 287
f 234 287 333
f 333 287 337
f 333 337 362
f 362 337 415
f 207 232 234
f 207 234 206
f 206 234 253
f 206 253 273
f 273 253 333
f 273 333 374
f 374 333 362
f 374 362 411
f 411 362 415
f 411 415 444
f 444 415 484
f 444 484 507
f 507 484 536
f 245 249 263
f 256 291 252
f 225 241 210
f 232 207 230
f 232 230 266
f 294 266 230
f 294 230 300
f 300 230 312
f 207 194 210
f 207 210 230
f 230 210 241
f 230 241 312
f 312 241 320
f 328 320 241
f 328 241 263
f 263 241 225
f 263 225 245
f 339 328 263
f 339 263 345
f 345 263 352
f 249 252 291
f 249 291 263
f 263 291 317
f 263 317 352
f 352 317 356
f 123 113 116
f 123 116 134
f 134 116 214
f 134 214 151
f 151 214 161
f 225 210 228
f 225 228 245
f 245 228 249
f 167 161 214
f 167 214 181
f 181 214 228
f 181 228 194
f 194 228 210
f 113 101 109
f 113 109 116
f 1217 1091 1162
f 725 582 676
f 725 676 713
f 725 713 787
f 725 787 858
f 858 787 917
f 934 917 992
f 934 992 1162
f 1162 992 1030
f 1352 1382 1284
f 1284 1382 1162
f 1284 1162 1230
f 1230 1162 1030
f 1500 1528 1515
f 1500 1515 1468
f 1468 1515 1382
f 1468 1382 1365
f 1365 1382 1352
f 1528 1549 1566
f 1528 1566 1515
f 1515 1566 1557
f 1515 1557 1517
f 1515 1517 1498
f 1515 1498 1382
f 1382 1498 1456
f 1253 1217 1162
f 1253 1162 1297
f 1297 1162 1382
f 1297 1382 1378
f 1378 1382 1456
f 858 917 934
f 858 934 977
f 977 934 1162
f 977 1162 1054
f 1054 1162 1091
f 2753 2769 2768
f 2753 2768 2739
f 535 582 749
f 471 487 617
f 417 510 403
f 417 403 388
f 388 403 346
f 749 582 725
f 749 725 947
f 947 725 858
f 947 858 977
f 947 977 1128
f 1128 977 1054
f 1253 1306 1217
f 1217 1306 1128
f 1217 1128 1091
f 1091 1128 1054
f 1306 1253 1297
f 1306 1297 1454
f 1454 1297 1378
f 1454 1378 1456
f 1454 1456 1560
f 1560 1456 1498
f 1566 1579 1689
f 1566 1689 1557
f 1557 1689 1560
f 1557 1560 1517
f 1517 1560 1498
f 1689 1579 1655
f 1689 1655 1797
f 1797 1655 1760
f 2024 2144 1946
f 2024 1946 1887
f 1887 1946 1797
f 1887 1797 1792
f 1792 1797 1760
f 2338 2487 2270
f 2338 2270 2225
f 2225 2270 2060
f 2589 2650 2606
f 2675 2671 2661
f 2675 2661 2650
f 2650 2661 2639
f 2650 2639 2606
f 487 582 535
f 487 535 617
f 617 535 749
f 617 749 838
f 838 749 947
f 838 947 1029
f 1029 947 1128
f 1029 1128 1257
f 1257 1128 1306
f 1257 1306 1394
f 1394 1306 1454
f 1394 1454 1524
f 1524 1454 1560
f 1524 1560 1646
f 1646 1560 1689
f 1646 1689 1773
f 1773 1689 1797
f 1773 1797 1896
f 1896 1797 1946
f 1896 1946 2060
f 2060 1946 2144
f 2060 2144 2225
f 1594 1626 1587
f 1594 1587 1481
f 1317 1222 1144
f 1317 1144 1331
f 1392 1317 1331
f 1392 1331 1476
f 1476 1331 1481
f 1476 1481 1531
f 1531 1481 1587
f 1078 936 1144
f 1078 1144 1190
f 1190 1144 1222
f 820 771 719
f 820 719 887
f 887 719 936
f 887 936 984
f 984 936 1078
f 426 346 403
f 426 403 492
f 492 403 510
f 492 510 586
f 586 510 719
f 586 719 627
f 627 719 771
f 2585 2650 2589
f 2585 2589 2549
f 2549 2589 2579
f 2549 2579 2404
f 2404 2579 2423
f 2404 2423 2193
f 2193 2423 2262
f 2193 2262 2011
f 1790 1723 1866
f 1866 1723 1848
f 1888 1866 1848
f 1888 1848 2042
f 2042 1848 2011
f 2042 2011 2102
f 2102 2011 2262
f 1662 1626 1594
f 1662 1594 1726
f 1726 1594 1723
f 1726 1723 1752
f 1752 1723 1790
f 417 487 471
f 417 471 510
f 510 471 617
f 510 617 719
f 719 617 838
f 719 838 936
f 936 838 1029
f 936 1029 1144
f 1144 1029 1257
f 1144 1257 1331
f 1331 1257 1394
f 1331 1394 1481
f 1481 1394 1524
f 1481 1524 1594
f 1594 1524 1646
f 1594 1646 1723
f 1723 1646 1773
f 1723 1773 1848
f 1848 1773 1896
f 1848 1896 2011
f 2011 1896 2060
f 2011 2060 2193
f 2193 2060 2270
f 2193 2270 2404
f 2404 2270 2487
f 2404 2487 2549
f 2549 2487 2548
f 2549 2548 2585
f 1792 1760 1682
f 1566 1549 1572
f 1566 1572 1579
f 1579 1572 1682
f 1579 1682 1655
f 1655 1682 1760
f 299 286 423
f 423 286 267
f 423 267 380
f 380 267 259
f 191 216 185
f 191 185 184
f 184 185 158
f 182 184 158
f 182 158 171
f 171 158 131
f 147 155 104
f 147 104 81
f 219 229 155
f 219 155 147
f 219 147 212
f 212 147 208
f 164 208 147
f 164 147 138
f 138 147 81
f 138 81 57
f 57 81 51
f 131 104 155
f 131 155 171
f 171 155 229
f 171 229 182
f 182 229 236
f 182 236 184
f 184 236 247
f 184 247 191
f 191 247 248
f 191 248 216
f 216 248 268
f 216 268 244
f 244 268 279
f 244 279 259
f 259 279 341
f 259 341 380
f 2299 2468 2282
f 1556 1637 1680
f 2575 2603 2484
f 2002 2114 1909
f 2002 1909 1925
f 1859 1925 1909
f 1859 1909 1763
f 1763 1909 1884
f 1763 1884 1728
f 1728 1884 1680
f 1728 1680 1659
f 1659 1680 1637
f 2591 2449 2484
f 2591 2484 2646
f 2646 2484 2603
f 2535 2426 2449
f 2535 2449 2565
f 2565 2449 2591
f 2449 2426 2231
f 2449 2231 2484
f 2484 2231 2282
f 2484 2282 2575
f 2575 2282 2468
f 1480 1556 1680
f 1480 1680 1656
f 1656 1680 1884
f 1656 1884 1819
f 1858 1819 1884
f 1858 1884 2231
f 2231 1884 1909
f 2231 1909 2282
f 2282 1909 2114
f 2282 2114 2299
f 2525 2517 2491
f 2525 2491 2535
f 2535 2491 2453
f 2535 2453 2426
f 2426 2453 2131
f 2426 2131 2231
f 2231 2131 2069
f 2231 2069 1858
f 2477 2461 2439
f 2291 2292 2267
f 2134 2089 2154
f 2019 1929 2031
f 1929 1924 1930
f 1929 1930 2031
f 2031 1930 1974
f 2031 1974 2036
f 2036 1974 2053
f 2140 2164 2169
f 2140 2169 2118
f 2118 2169 2168
f 2118 2168 2167
f 2254 2264 2222
f 2164 2173 2222
f 2164 2222 2169
f 2169 2222 2264
f 2169 2264 2168
f 2180 2226 2220
f 2053 2118 2167
f 2053 2167 2036
f 2036 2167 2154
f 2036 2154 2031
f 2031 2154 2089
f 2031 2089 2019
f 2220 2226 2248
f 2220 2248 2247
f 2247 2248 2267
f 2302 2314 2247
f 2302 2247 2300
f 2300 2247 2267
f 2300 2267 2296
f 2296 2267 2292
f 2363 2394 2439
f 2363 2439 2381
f 2381 2439 2461
f 2461 2298 2322
f 2461 2322 2381
f 2381 2322 2308
f 2381 2308 2363
f 2363 2308 2285
f 2363 2285 2394
f 2394 2285 2314
f 2173 2180 2220
f 2173 2220 2222
f 2222 2220 2247
f 2222 2247 2254
f 2254 2247 2314
f 2254 2314 2264
f 2264 2314 2285
f 2264 2285 2168
f 2168 2285 2308
f 2168 2308 2167
f 2167 2308 2322
f 2167 2322 2154
f 2154 2322 2298
f 2154 2298 2134
f 2226 2235 2248
f 2267 2248 2235
f 2267 2235 2291
f 2291 2235 2301
f 1929 1891 1924
f 2137 2107 2071
f 1805 1839 1865
f 2017 2015 2008
f 2071 2048 2137
f 2132 2137 2048
f 2132 2048 2126
f 2126 2048 2020
f 2126 2020 2108
f 2108 2020 2015
f 2108 2015 2098
f 2098 2015 2017
f 1967 2001 2008
f 1839 1805 1733
f 1839 1733 1769
f 1769 1733 1670
f 2017 2008 2001
f 2017 2001 2098
f 2098 2001 1967
f 2098 1967 2009
f 2009 1967 1875
f 2009 1875 1942
f 1942 1875 1865
f 1942 1865 1920
f 1920 1865 1839
f 1920 1839 1828
f 1828 1839 1769
f 703 734 724
f 724 734 775
f 797 854 777
f 797 777 775
f 775 777 753
f 775 753 724
f 724 753 736
f 978 1004 1025
f 931 1004 978
f 931 978 895
f 895 978 896
f 912 904 986
f 912 986 922
f 922 986 996
f 922 996 930
f 930 996 1006
f 904 896 978
f 904 978 986
f 986 978 1025
f 986 1025 996
f 996 1025 1066
f 996 1066 1006
f 1006 1066 1101
f 1160 1302 1167
f 1101 1066 1133
f 1133 1066 1184
f 1174 1184 1066
f 1174 1066 1167
f 1167 1066 1025
f 1167 1025 1160
f 1160 1025 1004
f 1314 1191 1310
f 1303 1342 1344
f 1303 1344 1308
f 1308 1344 1345
f 1308 1345 1310
f 1310 1345 1349
f 1310 1349 1314
f 1314 1349 1350
f 1302 1342 1303
f 1302 1303 1167
f 1167 1303 1308
f 1167 1308 1174
f 1174 1308 1310
f 1174 1310 1184
f 1184 1310 1191
f 1184 1191 1133
f 1463 1567 1465
f 1561 1464 1562
f 1565 1652 1651
f 1565 1651 1564
f 1564 1651 1650
f 1564 1650 1562
f 1562 1650 1648
f 1562 1648 1561
f 1561 1648 1645
f 1567 1652 1565
f 1567 1565 1465
f 1465 1565 1564
f 1465 1564 1467
f 1467 1564 1562
f 1467 1562 1466
f 1466 1562 1464
f 1466 1464 1350
f 1466 1350 1349
f 1466 1349 1467
f 1467 1349 1345
f 1467 1345 1465
f 1465 1345 1344
f 1465 1344 1463
f 1463 1344 1342
f 1652 1672 1651
f 1781 1849 1780
f 1952 1860 1962
f 1860 1767 1870
f 1962 1860 1870
f 1962 1870 1970
f 1970 1870 1874
f 1970 1874 1979
f 1979 1874 1878
f 1979 1878 1986
f 1986 1878 1883
f 1849 1883 1878
f 1849 1878 1780
f 1780 1878 1874
f 1780 1874 1775
f 1775 1874 1870
f 1775 1870 1771
f 1771 1870 1767
f 1771 1767 1645
f 1771 1645 1648
f 1771 1648 1775
f 1775 1648 1650
f 1775 1650 1780
f 1780 1650 1651
f 1780 1651 1781
f 1781 1651 1672
f 931 895 898
f 931 898 902
f 931 902 967
f 931 967 1004
f 1004 967 1044
f 1004 1044 1160
f 1160 1044 1171
f 1160 1171 1302
f 1302 1171 1280
f 1302 1280 1342
f 1342 1280 1354
f 920 997 913
f 803 817 794
f 1229 1226 1037
f 1229 1037 1042
f 913 791 794
f 913 794 920
f 920 794 817
f 909 791 913
f 909 913 1037
f 1037 913 997
f 1037 997 1042
f 1226 1227 1218
f 1226 1218 1037
f 1037 1218 1036
f 1037 1036 909
f 1226 1229 1373
f 1226 1373 1371
f 1371 1373 1402
f 1371 1402 1493
f 1371 1493 1494
f 1494 1493 1569
f 1494 1569 1584
f 1584 1569 1582
f 1584 1589 1495
f 1584 1495 1494
f 1494 1495 1372
f 1494 1372 1371
f 1371 1372 1227
f 1371 1227 1226
f 2211 2192 2201
f 2187 2201 2151
f 1900 1867 1977
f 1900 1977 2014
f 2014 1977 2151
f 2014 2151 2142
f 2142 2151 2201
f 2142 2201 2152
f 2152 2201 2192
f 2142 2152 2041
f 2152 2192 2067
f 2152 2067 2041
f 2041 2067 1944
f 2041 1944 1922
f 2192 2211 2078
f 2192 2078 2067
f 2067 2078 1951
f 2067 1951 1944
f 2332 2396 2319
f 2170 2191 2261
f 2261 2191 2223
f 2244 2279 2319
f 2244 2319 2223
f 2223 2319 2297
f 2223 2297 2261
f 2319 2279 2312
f 2319 2312 2332
f 2332 2312 2343
f 2332 2343 2396
f 2396 2343 2397
f 2330 2261 2361
f 2361 2261 2297
f 2361 2297 2365
f 2365 2297 2319
f 2365 2319 2378
f 2378 2319 2396
f 885 890 881
f 890 885 903
f 865 874 881
f 885 881 874
f 885 874 903
f 903 874 889
f 903 889 928
f 928 889 923
f 928 923 956
f 956 923 951
f 956 951 989
f 989 951 982
f 989 982 1034
f 1034 982 1028
f 1034 1028 1094
f 1094 1028 1081
f 1094 1081 1188
f 1188 1081 1179
f 1188 1179 1255
f 1255 1179 1250
f 1255 1250 1304
f 1304 1250 1300
f 1304 1300 1367
f 1367 1300 1366
f 1367 1366 1418
f 1418 1366 1419
f 1418 1419 1486
f 1486 1419 1487
f 1486 1487 1532
f 1532 1487 1535
f 1532 1535 1580
f 1580 1535 1581
f 1580 1581 1640
f 1640 1581 1643
f 1640 1643 1698
f 1698 1643 1701
f 1698 1701 1741
f 1741 1701 1751
f 1741 1751 1787
f 1787 1751 1793
f 1793 1812 1800
f 1793 1800 1787
f 1787 1800 1778
f 1787 1778 1741
f 1741 1778 1735
f 1741 1735 1698
f 1698 1735 1694
f 1698 1694 1640
f 1640 1694 1638
f 1640 1638 1580
f 1580 1638 1578
f 1580 1578 1532
f 1532 1578 1530
f 1532 1530 1486
f 1486 1530 1484
f 1486 1484 1418
f 1418 1484 1416
f 1418 1416 1367
f 1367 1416 1368
f 1367 1368 1304
f 1304 1368 1305
f 1304 1305 1255
f 1255 1305 1258
f 1255 1258 1188
f 1188 1258 1192
f 1188 1192 1094
f 1094 1192 1097
f 1094 1097 1034
f 1034 1097 1039
f 1034 1039 989
f 989 1039 995
f 989 995 956
f 956 995 960
f 956 960 928
f 928 960 937
f 928 937 903
f 903 937 914
f 903 914 890
f 890 914 894
f 1892 1898 1910
f 1910 1898 1921
f 1910 1921 1923
f 1923 1921 1926
f 905 861 868
f 868 861 843
f 868 843 849
f 849 843 844
f 698 693 711
f 621 629 664
f 621 664 646
f 646 664 689
f 693 688 683
f 693 683 711
f 711 683 646
f 711 646 699
f 699 646 689
f 2355 2395 2371
f 2355 2371 2348
f 2399 2421 2417
f 2440 2434 2417
f 2440 2417 2436
f 2436 2417 2421
f 2388 2392 2390
f 2413 2424 2418
f 2366 2348 2371
f 2366 2371 2373
f 2373 2371 2395
f 2373 2395 2389
f 2389 2395 2409
f 2389 2409 2392
f 2392 2409 2424
f 2392 2424 2390
f 2390 2424 2413
f 2391 2361 2365
f 2391 2365 2402
f 2402 2365 2378
f 2402 2378 2417
f 2417 2378 2396
f 2417 2396 2399
f 2399 2396 2397
f 2434 2418 2424
f 2434 2424 2417
f 2417 2424 2409
f 2417 2409 2402
f 2402 2409 2395
f 2402 2395 2391
f 2391 2395 2355
f 2391 2355 2361
f 2361 2355 2330
f 2346 1940 1943
f 2346 1943 2367
f 2367 1943 1956
f 2367 1956 2383
f 2383 1956 1964
f 2383 1964 2387
f 2388 2387 1964
f 2388 1964 2392
f 2392 1964 1968
f 2392 1968 2389
f 2389 1968 1976
f 1987 2348 2366
f 1987 2366 1976
f 1976 2366 2373
f 1976 2373 2389
f 805 801 819
f 861 821 843
f 819 847 841
f 819 841 805
f 805 841 844
f 781 776 778
f 781 778 786
f 786 778 801
f 786 801 821
f 821 801 805
f 821 805 843
f 843 805 844
f 1463 1441 1543
f 1463 1543 1567
f 1567 1543 1555
f 1567 1555 1652
f 1652 1555 1654
f 1357 1364 1380
f 1357 1380 1354
f 1354 1380 1342
f 1463 1342 1380
f 1463 1380 1441
f 1441 1380 1364
f 1441 1364 1449
f 1441 1449 1510
f 1441 1510 1543
f 1543 1510 1559
f 1543 1559 1555
f 1555 1559 1624
f 1555 1624 1654
f 1654 1624 1664
f 1855 1849 1740
f 1986 1883 2006
f 2006 1883 1849
f 1740 1849 1781
f 1740 1781 1674
f 1674 1781 1672
f 1674 1672 1654
f 1654 1672 1652
f 1654 1664 1667
f 1654 1667 1674
f 1674 1667 1670
f 1674 1670 1740
f 1740 1670 1733
f 1875 1967 1855
f 1875 1855 1865
f 1865 1855 1740
f 1865 1740 1805
f 1805 1740 1733
f 2006 1849 1855
f 2006 1855 2008
f 2008 1855 1967
f 2318 2335 2360
f 2387 2388 2450
f 2387 2450 2383
f 2367 2383 2450
f 2367 2450 2346
f 2346 2450 2335
f 2434 2440 2450
f 2434 2450 2418
f 2413 2418 2450
f 2413 2450 2390
f 2390 2450 2388
f 2421 2399 2455
f 2421 2455 2436
f 2436 2455 2440
f 2493 2455 2486
f 2399 2397 2411
f 2399 2411 2455
f 2455 2411 2412
f 2455 2412 2486
f 2486 2412 2467
f 2450 2440 2455
f 2450 2455 2496
f 2496 2455 2493
f 2360 2335 2450
f 2360 2450 2400
f 2400 2450 2451
f 2454 2451 2450
f 2454 2450 2483
f 2483 2450 2496
f 432 405 389
f 432 389 439
f 439 389 361
f 439 361 438
f 438 361 329
f 438 329 423
f 423 329 299
f 2517 2525 2578
f 2900 2893 2895
f 2828 2837 2860
f 2815 2813 2789
f 2815 2789 2771
f 2771 2789 2726
f 2771 2726 2697
f 2697 2726 2668
f 2697 2668 2646
f 2646 2668 2591
f 2875 2879 2860
f 2875 2860 2856
f 2856 2860 2837
f 2876 2860 2879
f 2876 2879 2883
f 2883 2879 2885
f 2883 2885 2888
f 2888 2885 2891
f 2888 2891 2897
f 2888 2897 2895
f 2895 2897 2898
f 2895 2898 2900
f 2900 2898 2902
f 2847 2843 2844
f 2847 2844 2850
f 2850 2844 2845
f 2850 2845 2868
f 2870 2850 2868
f 2870 2868 2884
f 2884 2868 2864
f 2882 2884 2864
f 2882 2864 2878
f 2878 2864 2859
f 2878 2859 2874
f 2848 2865 2829
f 2840 2829 2865
f 2840 2865 2852
f 2852 2865 2874
f 2852 2874 2854
f 2854 2874 2859
f 2535 2565 2634
f 2535 2634 2615
f 2615 2634 2691
f 2615 2691 2672
f 2672 2691 2744
f 2672 2744 2727
f 2727 2744 2798
f 2727 2798 2778
f 2778 2798 2812
f 2565 2591 2668
f 2565 2668 2634
f 2634 2668 2726
f 2634 2726 2691
f 2691 2726 2789
f 2691 2789 2744
f 2744 2789 2813
f 2744 2813 2798
f 2798 2813 2848
f 2778 2812 2751
f 2778 2751 2727
f 2727 2751 2658
f 2727 2658 2672
f 2672 2658 2622
f 2672 2622 2615
f 2615 2622 2578
f 2615 2578 2535
f 2535 2578 2525
f 2798 2848 2829
f 2798 2829 2812
f 2812 2829 2840
f 2812 2840 2820
f 2820 2840 2852
f 2820 2852 2832
f 2832 2852 2854
f 2832 2854 2834
f 2834 2854 2859
f 2834 2859 2839
f 2839 2859 2864
f 2839 2864 2841
f 2841 2864 2868
f 2841 2868 2842
f 2842 2868 2845
f 2815 2837 2828
f 2815 2828 2813
f 2813 2828 2860
f 2813 2860 2848
f 2848 2860 2876
f 2848 2876 2865
f 2865 2876 2883
f 2865 2883 2874
f 2874 2883 2888
f 2874 2888 2878
f 2878 2888 2895
f 2878 2895 2882
f 2882 2895 2893
f 2882 2893 2884
f 2642 2645 2571
f 2786 2759 2693
f 2495 2543 2597
f 2903 2901 2881
f 2906 2907 2893
f 2906 2893 2900
f 2906 2900 2904
f 2904 2900 2902
f 2910 2890 2909
f 2881 2901 2899
f 2207 2420 2243
f 2049 2112 2189
f 2049 2189 2064
f 2082 2064 2189
f 2082 2189 2105
f 2105 2189 2113
f 2269 2336 2246
f 2269 2246 2189
f 2189 2246 2172
f 2189 2172 2113
f 2207 2172 2246
f 2207 2246 2420
f 2420 2246 2336
f 2420 2336 2406
f 2406 2336 2269
f 2406 2269 2344
f 2189 2112 2219
f 2189 2219 2269
f 2269 2219 2263
f 2269 2263 2344
f 2344 2263 2289
f 2693 2645 2706
f 2693 2706 2786
f 2786 2706 2795
f 2446 2469 2512
f 2446 2512 2494
f 2494 2512 2567
f 2494 2567 2546
f 2546 2567 2618
f 2546 2618 2592
f 2592 2618 2677
f 2592 2677 2659
f 2659 2677 2737
f 2403 2446 2494
f 2403 2494 2464
f 2464 2494 2546
f 2464 2546 2505
f 2505 2546 2592
f 2505 2592 2572
f 2572 2592 2659
f 2645 2642 2692
f 2645 2692 2706
f 2706 2692 2721
f 2706 2721 2795
f 2795 2721 2800
f 2909 2890 2894
f 2909 2894 2907
f 2907 2894 2896
f 2907 2896 2893
f 2893 2896 2884
f 2910 2908 2889
f 2910 2889 2890
f 2890 2889 2866
f 2890 2866 2894
f 2894 2866 2869
f 2894 2869 2896
f 2896 2869 2872
f 2896 2872 2884
f 2884 2872 2873
f 2884 2873 2870
f 2871 2855 2881
f 2871 2881 2877
f 2877 2881 2899
f 2836 2825 2761
f 2836 2761 2797
f 2797 2761 2689
f 2362 2495 2597
f 2362 2597 2523
f 2523 2597 2689
f 2523 2689 2628
f 2628 2689 2761
f 2628 2761 2730
f 2730 2761 2825
f 2908 2905 2886
f 2908 2886 2889
f 2889 2886 2858
f 2889 2858 2866
f 2866 2858 2818
f 2866 2818 2869
f 2869 2818 2827
f 2869 2827 2872
f 2872 2827 2831
f 2872 2831 2873
f 2873 2831 2835
f 2873 2835 2870
f 2870 2835 2850
f 2469 2477 2513
f 2469 2513 2512
f 2512 2513 2571
f 2512 2571 2567
f 2567 2571 2645
f 2567 2645 2618
f 2618 2645 2693
f 2618 2693 2677
f 2677 2693 2759
f 2677 2759 2737
f 2289 2351 2410
f 2289 2410 2344
f 2344 2410 2470
f 2344 2470 2406
f 2406 2470 2543
f 2406 2543 2420
f 2420 2543 2495
f 2420 2495 2243
f 2243 2495 2362
f 2847 2850 2835
f 2847 2835 2843
f 2843 2835 2819
f 2905 2903 2881
f 2905 2881 2886
f 2886 2881 2851
f 2886 2851 2858
f 2858 2851 2810
f 2858 2810 2818
f 2818 2810 2737
f 2818 2737 2827
f 2827 2737 2759
f 2827 2759 2831
f 2831 2759 2786
f 2831 2786 2835
f 2835 2786 2795
f 2835 2795 2819
f 2819 2795 2800
f 2351 2403 2464
f 2351 2464 2410
f 2410 2464 2505
f 2410 2505 2470
f 2470 2505 2572
f 2470 2572 2543
f 2543 2572 2659
f 2543 2659 2597
f 2597 2659 2737
f 2597 2737 2689
f 2689 2737 2810
f 2689 2810 2797
f 2797 2810 2851
f 2797 2851 2836
f 2836 2851 2881
f 2836 2881 2825
f 2825 2881 2855
