v -0.01017722581 0.002884054556 -0.001119692461
v -0.01017718296 0.003939968068 -0.001446572016
v -0.01016712189 0.004291007295 -0.001630859566
v -0.01016190182 0.004239301663 -0.00171634357
v -0.01015329454 0.004622226581 -0.001847365405
v -0.01014924422 0.004561963025 -0.001928101177
v -0.01014565863 0.003855394199 -0.001622420154
v -0.01014340948 0.002851342317 -0.001309753046
v -0.01013202406 0.001778003178 -0.001078199479
v -0.01012775768 0.0039059876 0.0002776223409
v -0.01012432575 0.004501471296 -0.00200781622
v -0.01010304503 0.004149562679 -0.001861806028
v -0.01009947341 0.001798862824 -0.001271171961
v -0.01009163354 0.004457033705 -0.002065446693
v -0.01009129267 0.005499999505 -0.002481951145
v -0.01006873697 0.001444792259 0.0002685930813
v -0.01004047412 0.0007024429506 -0.001326684025
v -0.01003825478 0.003779672785 -0.001776294201
v -0.01003540494 0.002824194962 -0.001476339879
v -0.01001610328 0.00393485697 0.003931757994
v -0.01001290884 0.0007763511385 -0.001511231181
v -0.0100068301 0.006241546944 -0.003015639726
v -0.01000079978 0.004080994055 -0.001969626872
v -0.009992020205 0.001822146471 -0.001439935761
v -0.009989541955 0.004376628436 -0.002167003695
v -0.009987875819 0.006114983466 -0.003182342974
v -0.009980319999 0.003961945884 0.005094278604
v -0.009939933196 0.006700310856 -0.00334473257
v -0.009920119308 0.006822883151 -0.003432506928
v -0.009918726049 0.001576586277 0.005241457373
v -0.009913502261 -0.0002643049229 -0.001847726293
v -0.009907182306 0.0008494862705 -0.00167149771
v -0.009894485585 -0.0001398167224 -0.002011873526
v -0.009893334471 0.006523089483 -0.001058433205
v -0.009885861538 0.005996889435 -0.00332291727
v -0.009871375747 0.003727375763 -0.001878387877
v -0.009869437665 0.002807887504 -0.001587707549
v -0.009864266962 0.004116695374 0.009135369211
v -0.009843597189 0.00402810052 -0.002048259135
v -0.009831559844 0.004314455204 -0.002240479458
v -0.00982584618 0.001843679929 -0.001552068861
v -0.009801538661 0.001904110657 0.009318979457
v -0.009791680612 -1.966638774e-05 -0.002152769594
v -0.009778280742 0.004268870223 0.01271901652
v -0.009775660932 -0.001056204899 -0.002599957632
v -0.009767268784 -0.0008869325393 -0.002731011482
v -0.009759825654 0.006494278554 0.003922136035
v -0.009739651345 0.0009078640724 -0.001775613171
v -0.009720372036 0.007854170166 -0.00416830834
v -0.009717591107 0.005908093415 -0.00341233355
v -0.009716000408 -0.001348261256 -0.003010661807
v -0.009715211578 0.007722444367 -0.004343810491
v -0.009706996381 0.002254967112 0.01296302117
v -0.009703130461 -0.001065995079 0.0002172920213
v -0.009681244381 0.003520873375 -0.001830053283
v -0.009677694179 0.003707122291 -0.001912115375
v -0.009677495807 0.002804922173 -0.001625988167
v -0.009668135084 -0.0007257464458 -0.002841841895
v -0.009668011218 0.004006780218 -0.002073435113
v -0.009664704092 0.004343368113 0.01740900427
v -0.009659201838 -0.001413193066 -0.003616704838
v -0.009657381102 -0.001616810099 -0.003531876486
v -0.009657346644 0.0022569797 -0.001574020833
v -0.009654694237 0.004289295059 -0.002263006987
v -0.009642378427 0.006497781258 0.008535169065
v -0.009633312002 0.001859659329 -0.001589439809
v -0.0096284803 -0.0009995151777 0.002885897411
v -0.009621686302 7.164380077e-05 -0.002240833128
v -0.009618916549 0.007591539528 -0.004491175059
v -0.009596229531 -0.001734528108 -0.005586777348
v -0.009594552219 -0.001679773908 -0.004609008785
v -0.009589424357 -0.001676977496 -0.005586782936
v -0.009585548192 -0.001902800053 -0.00458138017
v -0.009585119784 0.002436214825 0.01772138104
v -0.009578084573 -0.001904925564 -0.005586778745
v -0.009566671215 0.006456887349 0.01244654413
v -0.009563662112 -0.001220935723 -0.003687317017
v -0.009562251158 -0.0008469050517 0.005367619917
v -0.009558334015 0.005500073545 -0.003163893707
v -0.00955766812 -0.001567796222 -0.005586780142
v -0.009544096887 0.0009411792853 -0.001806179644
v -0.009534854442 0.008466406725 -0.004774678033
v -0.009513393044 0.005864299368 -0.003434897168
v -0.009504364803 -0.0006206368562 0.007591521833
v -0.009501610883 -0.00147011294 -0.004631474148
v -0.009497884661 -0.001462740824 -0.005586777814
v -0.009495024569 -0.0006077153957 -0.002907695714
v -0.009490822442 0.004362603184 0.02385788411
v -0.009463516064 -0.001421421999 -0.005586780608
v -0.009453899227 -0.0003391520877 0.009534121491
v -0.009448626079 0.007486539893 -0.004581754562
v -0.009439983405 0.008357725106 -0.004939783365
v -0.009420731105 0.0001171929325 -0.002260643756
v -0.009417092428 0.002489004284 0.02386132814
v -0.009404265322 0.009007711895 -0.004757110029
v -0.009387531318 -0.001084139105 -0.00372710987
v -0.009377331473 -0.0001188838869 -0.002452453366
v -0.009360335767 0.004367856309 0.03055010922
v -0.009356578812 0.0002098007535 0.01332316175
v -0.009348490275 0.004530030768 0.03762833402
v -0.009348248132 0.004590261728 0.03778547421
v -0.00934798643 0.004438197706 0.03721203282
v -0.009347679093 0.004416337237 0.03706357628
v -0.009347678162 0.004416337237 0.03706357628
v -0.009347374551 0.004383469 0.03691743314
v -0.009347123094 0.00435262965 0.03681255504
v -0.009346425533 0.00473681232 0.03806317225
v -0.009345667437 0.004381376784 0.03617440164
v -0.009344638325 0.004139894154 0.03635929152
v -0.009344333783 0.004379273858 0.0354289934
v -0.009344053455 0.004844648764 0.03821720555
v -0.009342806414 0.00404320145 0.03621998057
v -0.009340761229 0.004954378586 0.03834712878
v -0.009339319542 0.007478647865 0.01249108836
v -0.009331770241 0.003693325212 0.03586241603
v -0.009331709705 -0.00131973438 -0.005586777814
v -0.009325343184 0.003554232884 0.03576145694
v -0.009323362261 -0.001323683769 -0.004643380176
v -0.009322484024 0.005334421992 0.03866790608
v -0.00931978412 -0.001313608373 -0.005586779676
v -0.009315974079 0.003386502853 0.03566180542
v -0.009312778711 0.005477561615 0.03875315562
v -0.009306270629 0.005534481723 0.03811191395
v -0.009305332787 0.006418144796 0.02404980175
v -0.009302810766 0.00896093715 -0.003202976426
v -0.009299641475 0.0003879965807 0.01558659598
v -0.009296303615 0.003107113764 0.03554003313
v -0.009287212975 -0.0005559961428 -0.002916405676
v -0.009286579676 -0.00280956435 -0.005586781073
v -0.009282356128 0.002943630097 0.03549086303
v -0.009280384518 0.008911010809 -0.005159656983
v -0.009272369556 0.00825952366 -0.005042287987
v -0.009270608425 0.005938303191 0.03893326595
v -0.009270344861 0.008785644546 -0.001029838808
v -0.009269218892 0.00252169231 0.03107655607
v -0.009251333773 0.006103000604 0.03896701708
v -0.009247376584 0.007411905099 0.0175952632
v -0.009237870574 0.007427771576 -0.004598201253
v -0.009233664721 0.0004959712969 0.01819704659
v -0.009228743613 0.002450000495 0.0354289934
v -0.009203759022 -0.0009110568208 -0.003469218034
v -0.009195326827 0.006397755817 0.03158623725
v -0.009188370779 0.009605999105 -0.004922216292
v -0.00918037165 0.006591771729 0.03898822516
v -0.009179617278 0.009554883465 -0.005132353865
v -0.009170741774 0.008744434454 0.003764731809
v -0.009170663543 -0.001034433721 -0.003733677091
v -0.009154994041 0.007817236707 -0.004859118722
v -0.009138576686 0.001847168547 0.03542900085
v -0.009138575755 0.001847168547 0.03542900085
v -0.009115790017 0.008817184716 -0.005269138608
v -0.00910621509 0.007386801764 0.02403941751
v -0.009104114026 -0.001271671499 -0.004642355721
v -0.009099737741 -0.001261789585 -0.005586782005
v -0.009086902253 0.009477458894 -0.005312195513
v -0.009083260782 0.008641761728 0.008486688137
v -0.009080324322 0.006919429172 0.0389277786
v -0.009072236717 0.0005835155607 0.02442417853
v -0.009070551954 -0.003400538582 -0.002909139963
v -0.00903014373 0.008443962783 0.01259473432
v -0.009020772763 0.001250000088 0.0354289934
v -0.009009449743 0.007357047871 0.03140968829
v -0.008987559937 -0.003446786199 0.0001168540912
v -0.008975239471 0.004534374457 -0.002445364604
v -0.008970016614 0.005935565569 -0.003487920854
v -0.008951115422 0.008343764581 0.01774292067
v -0.008942466229 0.004289295059 -0.002263008151
v -0.008931744844 0.00720258709 0.03883385286
v -0.00892703142 0.0006553354324 0.03171553463
v -0.008926472627 0.00938783586 -0.005427748896
v -0.008920734748 0.007749079727 0.03794717044
v -0.008919660002 -0.003350786865 0.002907526912
v -0.008903564885 0.01025598869 -0.005013389979
v -0.008899449371 0.0007558832876 0.03549098596
v -0.008880470879 0.008845753968 -0.005329316482
v -0.008864210919 -0.003145861439 0.005450397264
v -0.008862049319 0.007845900953 0.03807864711
v -0.008858579211 0.0100411661 -0.005397645757
v -0.008856236003 0.009953198954 -0.003116620705
v -0.008847649209 0.0005705021322 0.03554796055
v -0.008830842562 0.009787194431 -0.001029884093
v -0.008828088641 0.008309296332 0.02410609275
v -0.008816322312 -0.002848236356 0.00772359129
v -0.008816065267 0.007373737637 0.03875347227
v -0.008812218904 -0.003944423515 -0.00558678247
v -0.00879857596 0.003843970364 -0.001981125912
v -0.008797156624 0.009104903787 -0.005407367367
v -0.00878480915 0.005947470665 -0.003451553872
v -0.008782630786 0.004567137919 -0.002420567209
v -0.008771400899 -0.002481804695 0.009742145427
v -0.00875776913 0.004334297031 -0.002250588033
v -0.008753194474 0.007914899848 0.03819455579
v -0.008749507368 0.009746145457 0.003693903331
v -0.008745502681 0.00827306509 0.03129963577
v -0.00872446131 0.007427771576 -0.004598204978
v -0.008707387373 0.000124709346 0.03577559441
v -0.008703564294 0.009955554269 -0.005518300924
v -0.008698256686 0.01065215934 -0.00502499193
v -0.008681656793 0.01064300071 -0.005234330427
v -0.008678984828 0.009605544619 0.008499566466
v -0.008677294478 -0.001773976604 0.01372933947
v -0.008655273356 -2.366768058e-05 0.03588699177
v -0.008641447872 0.003900571493 -0.001979292138
v -0.008637459949 0.00934804976 0.01275824569
v -0.008625976741 0.005999824498 -0.003363723634
v -0.008622378111 -0.001547201653 0.01608348824
v -0.008616340347 0.004642690066 -0.002335643396
v -0.008606251329 0.007947263308 0.03828065097
v -0.008599758148 0.004415551201 -0.002182501834
v -0.008591855876 0.01059345808 -0.005417693872
v -0.008571600541 0.009221702814 0.01796850003
v -0.008566286415 -0.004486853722 -0.003074824112
v -0.008560349233 -0.001410937635 0.01877133176
v -0.008554304019 0.007419435773 -0.004552764818
v -0.008538617752 0.008140642196 -0.005037842784
v -0.008523980156 -0.0003630441497 0.03624659032
v -0.008516865782 0.006086026318 -0.003235868644
v -0.008513900451 0.00986308977 -0.0055545168
v -0.008509131148 0.004749524873 -0.00220276718
v -0.008501796983 0.003976819571 -0.001928899204
v -0.008499994874 0.005510125309 -0.002044215566
v -0.008492012508 0.004522063304 -0.002067386871
v -0.008490269072 0.007755008992 0.03849000484
v -0.008484981954 -0.004532311112 4.60583833e-05
v -0.008476614952 0.004869909491 -0.002044223016
v -0.008476552553 0.008974405006 0.03702936321
v -0.008475134149 -0.0004774958361 0.03642114624
v -0.008471682668 0.006193256471 -0.00308677624
v -0.008467664011 0.009180486202 0.02425388247
v -0.008463882841 0.003030770924 -0.00167232682
v -0.008459821343 0.006325489376 -0.003086776938
v -0.008448737673 0.004638132639 -0.001922652009
v -0.008443671279 0.01051170472 -0.005542506464
v -0.008441736922 0.005510056391 -0.001707886346
v -0.008439308032 0.007939922623 0.03832732886
v -0.008426065557 0.006618674379 -0.002044222085
v -0.008421792649 -0.004424438346 0.002893690486
v -0.008414859883 0.009046123363 0.03716556728
v -0.008414546028 -0.00129444513 0.02511441521
v -0.008405226283 0.00744882971 -0.004463638179
v -0.008399521932 0.009140464477 0.03126731887
v -0.008396070451 0.006376937032 -0.001707879244
v -0.008395525627 0.004064540844 -0.001834731549
v -0.008385583758 -0.0006687507266 0.03686472401
v -0.008372513577 -0.004197805189 0.005468510557
v -0.008372207172 0.008111919276 -0.004988196306
v -0.00837093778 0.004408933222 -0.001707880874
v -0.008368314244 0.0066110068 -0.001707884483
v -0.008358883671 -0.0007186415605 0.03707621992
v -0.008336450905 -0.0007499991334 0.03742898628
v -0.00833372958 0.004153907299 -0.001707880991
v -0.008330270648 -0.003871964291 0.007770386524
v -0.008326264098 0.01085614599 -0.003049540101
v -0.008313719183 0.003089297563 -0.001659128815
v -0.00831014663 0.009087962098 0.03728697076
v -0.008307240903 0.01069933269 -0.00103635632
v -0.008305292577 -0.0007499989588 0.03871137649
v -0.008305286057 -0.0007499961648 0.03871137649
v -0.008296196349 0.007513026707 -0.0043410738
v -0.00828897208 -0.003474372905 0.009831395
v -0.008285199292 0.008896105923 -0.00534597924
v -0.008280452341 -0.0007500000065 0.03975302726
v -0.008280333132 -0.001165688387 0.03246224299
v -0.008263817988 0.01041248161 -0.005586778279
v -0.008251769468 -0.00495344447 -0.005586779211
v -0.008245789446 -0.003065368393 0.01181755774
v -0.008243762888 0.01066103671 0.003630949883
v -0.008239769377 0.00760352239 -0.004200669937
v -0.008236242458 -0.0007500001229 0.04012900218
v -0.008226366714 0.00811461173 -0.004890022334
v -0.008218903095 -0.0008791052969 0.0397050567
v -0.00820818264 0.007708110847 -0.003086781362
v -0.00820818264 0.007708110847 -0.002044218127
v -0.008198740892 -0.0027138351 0.01392970979
v -0.008194147609 -0.0007555976044 0.04027852789
v -0.008190067485 0.01049131155 0.008539204486
v -0.008179207332 0.003153980477 -0.001597033581
v -0.00817315653 0.00909479335 0.03737993911
v -0.008165532723 0.007860952057 -0.003086779965
v -0.008159585297 0.01018613018 0.01298237685
v -0.008151924238 0.007692976855 -0.001707883086
v -0.008146109059 -0.002473737113 0.01633828878
v -0.008124057204 0.002256630687 -0.001571953995
v -0.008122085594 0.008844209835 -0.005296033807
v -0.008119636215 0.008149018511 -0.004754597787
v -0.008106554858 0.01004051138 0.0182723552
v -0.008088144474 0.002178823808 -0.001571355155
v -0.008078309707 -0.0008076691302 0.04049393535
v -0.008074642159 0.003218255471 -0.001491836505
v -0.008064250462 0.008210309781 -0.004599150736
v -0.00802165363 0.009995231405 0.02448686771
v -0.008019289002 0.009066524915 0.03743489832
v -0.008010339923 0.003275441471 -0.001354967128
v -0.007979674265 0.008818037808 -0.005192420911
v -0.00796754472 0.009953903034 0.03132395819
v -0.007964760996 0.009663580917 -0.005527376197
v -0.007956599817 -0.005470874719 -0.003244252643
v -0.007948628627 0.002235717606 -0.001547478372
v -0.00794677902 0.01179824397 -0.005007641856
v -0.007936622016 0.01179046649 -0.005221728701
v -0.007878646255 -0.005517990794 -3.960056347e-05
v -0.007876592688 0.008821420372 -0.005047272891
v -0.007866072468 0.008563971147 -0.001707885298
v -0.007856960408 0.01172923949 -0.005411073565
v -0.00785006769 0.008759823628 -0.002044216497
v -0.007836692967 -0.0009399661212 0.04073531553
v -0.007824910805 0.008853270672 -0.004879623186
v -0.007822065614 0.002286999719 -0.001479622908
v -0.007820885628 -0.005401342642 0.002860426903
v -0.007804434747 0.009587089531 -0.005481452215
v -0.007796264254 0.008737482131 -0.001707884017
v -0.007794539444 0.01021361537 0.03625389934
v -0.007777918596 -0.005157614592 0.005467383657
v -0.007770479657 -0.001703664195 0.03939874098
v -0.007741385605 -0.004810807761 0.007799783722
v -0.007734055631 0.01025854237 0.03639375418
v -0.00772990752 -0.005679670721 -0.005586777348
v -0.007727952208 -0.0009979782626 0.04081643373
v -0.007721433416 0.01162502356 -0.00554068666
v -0.007720400114 0.002327919705 -0.001373582403
v -0.007713964209 0.01166810934 -0.002999270568
v -0.007704740856 -0.0009387357859 0.04077385738
v -0.007704098709 -0.004392555449 0.009904369712
v -0.007703253534 0.009681052528 0.03700921312
v -0.007700469345 0.01151986886 -0.001046926947
v -0.007674949244 0.001340975286 -0.001677342225
v -0.007671999279 -0.000869377749 0.04069939256
v -0.007665622979 0.009530886076 -0.005375934765
v -0.007663741708 -0.003966248129 0.01194538642
v -0.007653472945 0.01148567162 0.003577852156
v -0.007652667351 0.002354783472 -0.001239575096
v -0.00763803022 0.01027110312 0.03651954979
v -0.007636029739 -0.0008184718317 0.04061248526
v -0.007632625755 -0.00105192943 0.04088239744
v -0.007619266398 -0.003603534074 0.01411760878
v -0.007615386974 0.01129466202 0.008607109077
v -0.007594999857 0.009316542186 -0.003086778801
v -0.007594835013 0.01095342822 0.01326787844
v -0.007585258223 -0.001836404903 0.03988298401
v -0.007577854209 0.01041248068 -0.005586781073
v -0.007569790818 -0.003359991359 0.01658596285
v -0.007567551453 0.00950293988 -0.005223730579
v -0.007555484306 0.01149740536 -0.005586777814
v -0.007553699426 0.01079498511 0.01865485124
v -0.007548814639 0.001389960409 -0.00164492894
v -0.007522274274 0.009506266564 -0.005045974161
v -0.007515647449 0.01024948806 0.03661833331
v -0.007515185513 -0.003218084574 0.019379545
v -0.007500000764 0.008600000292 0.01232899446
v -0.007500000764 0.008600001223 0.02932899632
v -0.007500000764 0.009101910517 0.01232899632
v -0.007500000764 0.009101911448 0.02932899818
v -0.007498500403 0.005650016479 0.0388382338
v -0.007498500403 0.005650017411 0.02661768347
v -0.007498500403 0.005650017876 0.03361768275
v -0.007498500403 0.005650018342 0.002122987993
v -0.00749755837 0.005608648062 0.03971048445
v -0.0074952906 0.006065737922 0.03896070272
v -0.007495121565 0.005229515955 0.03859469295
v -0.007487597875 0.0009865554748 -0.001787707908
v -0.007486768998 0.01074838731 0.02480912395
v -0.00748598855 0.006258232519 0.03991211206
v -0.007478836458 0.00606304314 0.0009289938607
v -0.007478046231 0.009153614752 0.02974751033
v -0.007477208972 0.009155566804 0.01190260053
v -0.00746959215 0.005125321448 0.002748298459
v -0.007465184666 0.006521817297 0.03898841515
v -0.007464126218 -0.0008050922188 0.04059200361
v -0.007461069152 0.004736808594 0.0380631648
v -0.00745942397 0.006279108115 0.0009289910668
v -0.007441235241 0.01032508444 -0.005559201352
v -0.007438887376 0.006755487062 0.0008055475773
v -0.007438162342 0.004538882058 0.03765408322
v -0.007432451472 0.00142573996 -0.001577600138
v -0.007424458861 0.004438198172 0.037212044
v -0.007423660718 0.004732637201 0.03361769393
v -0.007423660718 0.004732638597 0.03961773962
v -0.007423457224 0.0068687764 0.0389399603
v -0.007422809955 0.006873260252 0.04022649303
v -0.007416913286 0.009292818606 0.03014003858
v -0.007413249463 0.009300951846 0.01150045358
v -0.007411014754 0.006651900709 0.0009289925219
v -0.00740806153 0.006970737129 0.03891407326
v -0.007407721132 0.004327107687 0.03673872724
v -0.007403520867 0.00699911546 0.04030853882
v -0.007400222588 0.004280690569 0.0009289927548
v -0.007391831372 -0.003085131058 0.02589470893
v -0.007379523013 0.01019636542 0.03668067604
v -0.007369104773 0.004104900174 0.03630590811
v -0.007367580198 0.004396873992 0.003396562533
v -0.007357839495 0.009755845182 -0.003086782526
v -0.007357839495 0.009755845182 -0.002044219058
v -0.007351719309 0.004016006365 0.03618495911
v -0.007351719309 0.004016006831 0.0009289935115
v -0.007347811479 -0.001222593244 0.04105623439
v -0.007334987633 0.001445424627 -0.001480268431
v -0.007329853717 0.007388472557 0.03874560818
v -0.00730944844 0.01024077926 -0.005471900571
v -0.007307409775 0.009726675227 -0.00170788588
v -0.007303729188 0.004095434677 0.03967193887
v -0.007300094236 0.007520064712 0.0007205845905
v -0.007293587551 -0.001256101648 0.04108588398
v -0.007288878318 -0.001884817844 0.04033203796
v -0.007276853081 0.01021992695 -0.005436380394
v -0.007275686134 -0.002875851002 0.03331188858
v -0.007267555222 -0.0009011086076 -0.003448310075
v -0.007267555222 -0.0004408727109 -0.002774098655
v -0.007267555222 -0.000120474826 -0.002450817497
v -0.007267555222 0.000163021381 -0.002224828582
v -0.007267555222 0.0005814804463 -0.00196772092
v -0.007267554756 -0.001299630967 -0.005020081531
v -0.007267554756 -0.001261789817 -0.005586778745
v -0.007267554756 -0.001192647265 -0.004210800864
v -0.007263731677 0.00144763093 -0.00136069872
v -0.007263401989 0.00766895432 -0.000283080677
v -0.007242724299 0.0006732516922 0.03086378425
v -0.007242724299 0.001250000671 0.03542899713
v -0.007242724299 0.001781482017 0.03021863475
v -0.007242724299 0.002450001193 0.03542898968
v -0.007242724299 0.003386603901 0.0356618613
v -0.007242724299 0.003552449867 0.03576028347
v -0.007242724299 0.003552450798 0.02946902066
v -0.007242723834 -0.0003109417739 0.03152278438
v -0.007242723834 9.254163888e-05 0.03513910994
v -0.007242723834 0.0001250815112 0.03542898595
v -0.007242723834 0.0001612764609 0.03575129807
v -0.007242723834 0.000484634249 0.03558123112
v -0.007240831852 3.401753202e-05 0.03584110364
v -0.00724071404 0.007755010854 0.03848999366
v -0.007236624137 0.003529903479 0.02936108597
v -0.007236021105 -0.006329663098 -0.003415493295
v -0.007233001757 -0.001293802052 0.04111787677
v -0.007230085321 -0.0001643285941 0.03601489961
v -0.007224244997 -0.001256988733 0.04111572728
v -0.007218229584 0.003463539528 0.02926672064
v -0.007216709666 -0.002524395706 0.03909260407
v -0.00721490616 -0.0003170160053 0.03618622944
v -0.007210880518 0.009718708694 0.03040380403
v -0.007207661401 0.009724910371 0.01124838553
v -0.007207574788 0.008599999361 0.03083029389
v -0.007207574788 0.009725075215 0.03083029389
v -0.00720159011 -0.0004156423965 0.03632191569
v -0.007196596824 -0.001156465616 0.04109472781
v -0.007195518818 0.008600001223 0.01079825964
v -0.007195518818 0.009748188779 0.01079826243
v -0.00719379168 0.003678828944 0.003754341975
v -0.00719379168 0.003678828944 0.0266176872
v -0.00719379168 0.003678829875 0.0266176872
v -0.00719379168 0.003678830341 0.03361767903
v -0.007192562334 0.003374664346 0.02919722907
v -0.00718996767 0.01016434468 -0.005280245095
v -0.007177138235 0.007976853289 0.04097253457
v -0.007172957063 -0.001133088022 0.03166287765
v -0.007163232192 -0.006381516345 -0.0001409379765
v -0.007161447313 -0.001064826967 0.04105417803
v -0.007159488741 0.003265781794 0.02914128266
v -0.007158953696 -0.0006383683649 0.03677015752
v -0.007156862412 0.01014316641 -0.005102128256
v -0.007156151813 -0.0008251195541 0.03524202108
v -0.007145849057 -0.0006882831804 0.03693598509
v -0.007144470233 0.001900719013 0.02967193536
v -0.007142836694 0.003513104282 0.003808675101
v -0.007126769982 0.0004237556132 0.03046869859
v -0.007121717557 -0.0007499991334 0.03742899001
v -0.007120356429 -0.0009861004073 0.04099591076
v -0.007111490238 -0.006260063034 0.00280555035
v -0.007110023871 0.0005980718997 -0.001930504106
v -0.007103355136 -0.001289823791 -0.005586777348
v -0.007097788621 0.003376903012 0.03974343836
v -0.007094496395 -0.001330531552 -0.005019634962
v -0.007094496395 -0.001222603722 -0.004203204066
v -0.007094496395 -0.0009284908883 -0.003433981212
v -0.007094496395 -0.0004641915439 -0.002753812587
v -0.007094496395 0.0001450359414 -0.002199700568
v -0.007085178513 0.008259724826 0.0006387181929
v -0.007083052304 -0.000749998726 0.03885223716
v -0.007083019707 -0.006378278136 -0.005586783402
v -0.007075265516 -0.0009234810714 0.04092286155
v -0.007074693218 -0.006005073898 0.005444261245
v -0.00704746414 0.002934214426 0.02905086242
v -0.007043663878 -0.005646234844 0.00780837005
v -0.007036220748 0.0006095674471 -0.001885465579
v -0.007033421192 0.0111741377 -0.005586777814
v -0.007030552253 -0.0008818118367 0.04084259272
v -0.007024514489 0.01282173488 -0.005100031383
v -0.007020726334 0.01241556648 -0.003153560683
v -0.007020406891 0.01238741167 -0.002963356208
v -0.007020249497 0.01265390683 -0.004357229453
v -0.007018496282 0.01281524356 -0.004990357906
v -0.007017907687 0.01230054069 -0.002181349089
v -0.007014151197 0.01281055715 -0.005209013354
v -0.007011457346 0.01224660687 -0.001059237751
v -0.00701064337 -0.005220008083 0.009956284426
v -0.007004588842 0.01223800611 -0.0001136668216
v -0.006998873781 -0.00280454685 0.03898719698
v -0.006994334981 -0.001838002121 0.03182863444
v -0.006992066745 -0.0007500000065 0.0390377827
v -0.006992066745 -0.0007499944768 0.0390377827
v -0.00698825065 0.0003175070451 0.03030044213
v -0.006982505322 0.01222371496 0.002948424313
v -0.006976193748 0.008553672582 -0.001337451511
v -0.006976193748 0.008553672582 0.000606268819
v -0.006973776035 -0.004791079555 0.01205155812
v -0.006969037466 0.003028264968 0.003915577661
v -0.0069626146 0.01214548573 0.006327657029
v -0.006957729347 0.008599999361 0.01031799801
v -0.006957729347 0.008600000292 0.03133999556
v -0.006957729347 0.008600001223 0.02661768533
v -0.006957678124 -0.001370542799 -0.005586779211
v -0.00695328135 0.0005862605758 -0.001840524608
v -0.006947373506 0.01273853425 -0.005404336378
v -0.006945392117 0.01172954403 0.01233835611
v -0.006944033783 0.0006108465604 -0.001804612693
v -0.006941525731 0.01164515875 0.0136155216
v -0.006940005347 -0.00147913571 0.0412574932
v -0.006932741962 -0.004431471694 0.01428509131
v -0.00691400189 7.779031148e-05 -0.002105736872
v -0.006914001424 -0.001446061884 -0.005017953925
v -0.006914001424 -0.001334602246 -0.004174805712
v -0.006914001424 -0.00103086431 -0.003380418755
v -0.006914001424 -0.0005513721844 -0.002677987097
v -0.006913965568 -0.001409822726 -0.005586780608
v -0.006913360208 0.008707825094 0.03770256788
v -0.006911316887 0.01148084272 0.01903967373
v -0.00690704491 0.01107339002 -0.005559394602
v -0.006903938949 0.002569874981 0.02902338468
v -0.006887308322 -0.004196261056 0.01681802422
v -0.006883906201 -0.0007500002393 0.03919965029
v -0.00688335998 0.0006225004909 -0.001692556194
v -0.006876482628 0.0005970653147 -0.001717704465
v -0.006873297505 0.01031037234 0.03147861362
v -0.006872831378 0.0005823028623 -0.001732787117
v -0.006872824393 0.000582308101 -0.001732794102
v -0.006871992722 0.001707508694 0.02938262746
v -0.006868178956 0.0005619915901 -0.001754263649
v -0.006865881849 0.01032221783 0.01016778033
v -0.006861943752 0.001450983458 -0.000376779004
v -0.006861531176 0.01198462024 0.01016101614
v -0.0068480419 -0.001506748027 0.03833435476
v -0.006846013013 -0.001495288685 -0.005586782936
v -0.006840832066 0.01137564238 0.03564110771
v -0.006838232279 0.002419644734 0.0009289972368
v -0.006837643217 -0.004063440021 0.01967616938
v -0.006829980761 0.01261192281 -0.005538834259
v -0.006825129967 0.008909277618 0.04160577059
v -0.006824571639 0.008910501376 0.037549261
v -0.006822240073 0.00268438668 0.03361769393
v -0.006822240073 0.002684387146 0.0397229977
v -0.006821548101 0.01138833445 0.03570338339
v -0.006813585293 0.0004976771888 -0.001683339709
v -0.00681333337 0.002364955842 0.003656068118
v -0.00681333337 0.002364956541 0.0009381024865
v -0.006808211561 -0.002894585952 0.0394522734
v -0.006798459683 -2.725618469e-05 -0.0019589609
v -0.006798459217 -0.001626537647 -0.005015324336
v -0.006798459217 -0.001509560621 -0.004130446352
v -0.006798459217 -0.001190788345 -0.003296735464
v -0.006798459217 -0.0006875620456 -0.002559536602
v -0.006798453629 -0.001592042623 -0.005586778745
v -0.006792351138 -0.0002200119488 0.03044639155
v -0.006791932974 0.001337333117 -0.0002969326742
v -0.006786894053 0.01139511727 0.03578424454
v -0.006785020698 0.01097612269 -0.005472697318
v -0.006780796219 -0.001651312457 -0.005586780608
v -0.006779133808 0.002262932248 0.003656066488
v -0.006778054405 -0.001999812666 0.03537376598
v -0.00677710399 0.01053327881 -0.001707884832
v -0.006772153545 0.01190145314 0.0122262314
v -0.006767556537 0.01070141047 -0.005104290321
v -0.006767556537 0.0114917336 -0.005586777814
v -0.006767555606 0.002155953553 0.001015603542
v -0.006767555606 0.002155954018 0.003656063927
v -0.00676755514 -0.001766609377 -0.005586777814
v -0.00676755514 -0.001344123855 -0.003216496669
v -0.00676755514 -0.0008345059468 0.002778226975
v -0.00676755514 -0.0008181406884 -0.002445969498
v -0.00676755514 -0.0001279752614 -0.001818235149
v -0.00676755514 0.0003502627369 -0.001524388557
v -0.00676755514 0.0006609122502 0.003273909213
v -0.00676755514 0.001211634721 -0.0002086069435
v -0.006767554674 -0.004163699225 -0.005553352181
v -0.006767554674 -0.004130074289 -0.005586781073
v -0.006767554674 -0.004123514518 -0.001989230048
v -0.006767554674 -0.003754983889 0.001596080139
v -0.006767554674 -0.003412138671 0.001744244015
v -0.006767554674 -0.003083310556 0.03888060898
v -0.006767554674 -0.002605343005 0.0400150083
v -0.006767554674 -0.001799577847 -0.005012811162
v -0.006767554674 -0.001677310909 -0.004087913781
v -0.006767524872 0.01064301748 -0.003086782293
v -0.006767415442 -0.004163510632 -0.005586782005
v -0.006766998675 -0.004196945578 -0.005586782936
v -0.006764490623 0.002152846428 0.003762495704
v -0.006759820506 0.002250434365 0.004163376521
v -0.006758421194 0.002548269928 0.003949999809
v -0.006754798349 0.01095202565 -0.005437408574
v -0.006753619295 0.01188420691 0.0126863746
v -0.006739907432 0.01067915745 -0.002044219524
v -0.006738113239 0.01138926111 0.0358681716
v -0.006728805136 -0.001614349312 0.04134420305
v -0.006727386732 -0.003929014318 0.02630689368
v -0.006720973644 0.002170888474 0.004316433333
v -0.00672041392 -0.001563763712 0.04136200249
v -0.00671390444 0.00203666673 0.004094080999
v -0.006710241549 -0.004223582335 0.001667735283
v -0.006703286897 -0.002522695344 0.03207378834
v -0.006703120656 -0.004624907859 -0.001961653121
v -0.006698741578 -0.004681820981 -0.005569330882
v -0.006698544603 -0.001463372144 0.04138073325
v -0.006693712436 0.01064366009 -0.001707886462
v -0.006691108923 0.002078065183 0.004247097764
v -0.006689324975 0.00210789335 0.00441432884
v -0.006684952416 -0.001890233601 0.03804390505
v -0.006684926338 0.01245547459 -0.005586783402
v -0.006682540756 0.01152819861 0.03556860238
v -0.006682538893 0.01152819674 0.03556860238
v -0.006681021769 -0.004744669423 -0.005586780142
v -0.006674821954 0.002079947386 0.0290233884
v -0.006674002856 0.01088759024 -0.005282212514
v -0.006667316426 -0.001363704796 0.04137986898
v -0.00665700715 0.0004765380872 0.003896845737
v -0.00665178895 -0.001061604824 0.00340227969
v -0.006646692287 0.01178471278 0.01647239923
v -0.006642675493 0.01086266898 -0.005104924552
v -0.006641364656 -0.004030843265 0.002230601152
v -0.006639785133 0.002312414581 0.0396756418
v -0.006633343175 0.01177229173 0.01728824899
v -0.006628060713 -0.001269288827 0.04135927558
v -0.006622536108 -0.003668848192 0.03377372026
v -0.006621819455 0.01134050731 0.03600084037
v -0.006614828017 0.0093346918 0.0005202874891
v -0.006602811161 0.009357088245 -0.002294919919
v -0.00660150405 -0.00443753833 0.002009302378
v -0.006594137754 -0.001700597815 0.04139371589
v -0.006582460366 -0.001184134162 0.04131985083
v -0.006574995816 0.01171799935 0.02370582148
v -0.006568477023 0.0116267493 0.03559014201
v -0.006542755291 -0.004665505141 0.001735305414
v -0.006532902829 0.001815967262 0.004739144817
v -0.006532589905 -0.00111167517 0.0412636511
v -0.006530658808 0.01167674456 0.03193956986
v -0.006526455749 -0.002895419952 0.03988546133
v -0.006523416843 0.01167674363 0.03372336552
v -0.006523416378 0.01167674363 0.03372336552
v -0.006519237533 0.01167674363 0.03549951687
v -0.006515404675 -0.005094257649 -0.001935851178
v -0.006508086808 0.01167674456 0.03558516875
v -0.006506282836 -0.0007499998319 0.03967771307
v -0.006498725154 -0.005164584145 -0.005584213417
v -0.006488800514 0.01162102818 0.03575585783
v -0.006488732528 0.01124984212 0.03608505428
v -0.006486792583 0.00153761101 0.004563104361
v -0.006469654385 0.001655297005 0.004671488889
v -0.006456176285 0.01167674549 0.03569321334
v -0.006447956897 -0.005247734021 -0.005586781539
v -0.006445729174 0.01093141735 0.03203503788
v -0.006445729174 0.01093141828 0.009622948244
v -0.006432942115 0.009655808099 0.04211278632
v -0.006427216344 0.01240769029 0.009602929465
v -0.006425000262 0.006231271196 -8.93966353e-05
v -0.006425000262 0.006310532335 -0.0002901850385
v -0.006425000262 0.009073514491 -0.001956972061
v -0.006424999796 0.003760275664 0.003724088892
v -0.006424999796 0.004095637705 0.003509635106
v -0.006424999796 0.004320770502 0.003181346925
v -0.006424999796 0.004396873526 0.00339656556
v -0.006424999796 0.00439999951 0.00247171917
v -0.006424999796 0.004399999976 0.002791238716
v -0.006424999796 0.005125321448 0.002748299157
v -0.006424999796 0.005347993691 0.001321169548
v -0.006424999796 0.005741441157 0.000776549452
v -0.006424999796 0.006449998822 -0.001956968103
v -0.006424999796 0.006449999288 -0.00104999973
v -0.006424244028 0.009670283645 0.037014395
v -0.006406607572 -0.007051096763 -0.003584942548
v -0.006378129125 0.01156512741 0.03588951379
v -0.006373052951 0.009754009545 0.0321120806
v -0.006370173767 0.01167674456 0.03577598184
v -0.006364980713 0.01104464661 0.032120388
v -0.006362596992 0.00956677366 -0.002544813557
v -0.006357545964 0.001520048594 0.004966377281
v -0.006351077463 -0.004948515911 0.001856732764
v -0.006344035733 0.0003120104375 0.004452975933
v -0.006340800319 -0.007110755425 -0.0002554939128
v -0.006338373758 -0.006993195973 -0.005586776882
v -0.006328428164 0.009825046174 0.009500565939
v -0.006325023714 -0.001263214857 0.003956377972
v -0.006322864443 -0.002537988825 0.03759067133
v -0.00631846115 0.01111650188 0.009490636177
v -0.006315223873 -0.003138426691 0.03232789412
v -0.00630581798 0.001739622443 0.003949997481
v -0.006305817515 0.001739622792 0.02661768347
v -0.006305817049 0.001739621744 0.03361769021
v -0.006305817049 0.001739621861 0.02661768347
v -0.006295559462 -0.006988632958 0.002730684122
v -0.006286986172 -0.004273061641 0.002787737176
v -0.006278338842 -0.004478981253 0.002688492183
v -0.006273662206 -0.00505531393 0.001794912736
v -0.006272052415 0.01282252464 0.002917570295
v -0.006268790923 -0.001153268153 0.04133531079
v -0.006264624652 -0.006728488021 0.005400083493
v -0.006255527958 0.01265630312 0.008003390394
v -0.006251631305 0.01146770455 0.03597477078
v -0.006244055461 -0.002654910786 0.03751437366
v -0.00624375511 0.01167674363 0.03583735973
v -0.006238736212 -0.00636678515 0.007796168327
v -0.006224239245 0.001045860699 0.004801194649
v -0.006215217989 -0.005501189735 -0.00191349024
v -0.006210143678 -0.005945368204 0.009985791519
v -0.006205183454 -0.001916577574 0.04153610393
v -0.006191494409 -0.001831035479 0.0415885374
v -0.006188513711 0.00156298466 0.03949961811
v -0.006186517421 0.01135652233 0.009365442209
v -0.006186517421 0.01135652326 0.03229254484
v -0.006178170443 0.006450000219 -0.003106461605
v -0.006177649833 0.01005284023 0.04232161492
v -0.006177385803 -0.005528459791 0.01213305444
v -0.006167828105 -0.001739212312 0.0416241549
v -0.006167156156 0.001160982763 0.00495263841
v -0.006161666475 0.01007596403 0.0004390080867
v -0.0061445022 0.001199406921 0.0290233884
v -0.006140634418 -0.005186104216 0.01442737784
v -0.006139894482 -0.0007499983767 0.04012898728
v -0.006137295626 0.01011086907 -0.003193244105
v -0.00613520341 -0.001644907286 0.04164158925
v -0.006124681327 -0.005631869193 -0.005586776417
v -0.006118971389 -0.003042938188 0.03549075499
v -0.006100642495 -0.003786879126 0.03859743848
v -0.006100094877 -0.004970805254 0.01702804118
v -0.006094929297 -0.001552119735 0.04163995758
v -0.006092413329 -0.0034200761 0.03243260831
v -0.006056121551 -0.004855278414 0.01995726489
v -0.006048630923 -0.001464565634 0.04161934927
v -0.006040124223 0.01024599839 0.009239047766
v -0.006035574246 0.01025217213 0.02661768533
v -0.006035574246 0.01025217306 0.03242267668
v -0.006026181858 -0.004990180489 0.002539560432
v -0.006016545929 0.0007082874072 0.004911066033
v -0.006009179633 0.01028773375 0.0004158402153
v -0.00600912096 0.01028781198 -0.003425291041
v -0.006006828044 0.01151398569 -0.003086777637
v -0.006006828044 0.01151398662 -0.002044221619
v -0.006002408452 0.01167674363 0.03587283939
v -0.005998283159 -0.00138563267 0.04158091918
v -0.005965657532 0.01147276629 -0.001707881107
v -0.005960833281 0.01080135535 -0.0004071939038
v -0.005959896371 -0.004724176601 0.02672265843
v -0.005948564038 -0.001321760938 0.04152908549
v -0.005947556812 0.01116886642 -0.001076963032
v -0.005934553687 -0.001329754596 0.04153710976
v -0.005919072777 -0.00537143508 0.001843245816
v -0.005911502521 -0.004612038378 0.03044229187
v -0.005910888314 -0.003085316159 0.0372502692
v -0.005910612177 0.01282738894 0.009136978537
v -0.005907486193 0.01133472659 -0.001319848816
v -0.005907337647 -0.003841386409 0.03904118389
v -0.005898433272 0.0005321549834 0.004953654949
v -0.005874108057 0.01046313718 0.0003966771183
v -0.005873198621 0.01143062022 -0.001441652654
v -0.005870228168 0.0104680201 0.04243386909
v -0.005867628846 -0.004406813532 0.03425094858
v -0.005858939607 0.0001856576419 0.004880300257
v -0.005852458067 0.01049028058 0.03650275245
v -0.005849655718 0.01240213402 -0.005586777814
v -0.005844797473 0.01089338679 0.0006338313688
v -0.005841882899 0.0006022923044 0.005031458102
v -0.005822688341 -0.005820491351 -0.001895977883
v -0.005820316728 -0.001415818115 0.004375774879
v -0.005812280811 0.01156202797 -0.00158613571
v -0.005804578308 0.0006622617948 0.005127128214
v -0.005801965948 -0.00320767099 0.03718060628
v -0.005801641848 -0.000783134019 0.04049154744
v -0.005796480924 0.0007405658835 0.005349824205
v -0.005790761206 0.01376332343 -0.005086008459
v -0.005789825693 0.0007324838662 0.005352483131
v -0.005788655486 0.0007084395038 0.005235554185
v -0.005788241047 0.0111598894 0.0007622981211
v -0.005784158129 0.01375292428 -0.005197376013
v -0.005784004461 0.01375250518 -0.004974664189
v -0.005764989182 -0.005897017661 -0.005586778279
v -0.005745149218 0.01228009537 -0.005559732672
v -0.005743546877 -0.004450772889 0.003196503036
v -0.005739767104 -0.005257620476 0.002488766331
v -0.005732828751 0.01367134415 -0.005398157984
v -0.005730859935 0.01115670335 0.001382326474
v -0.005730629899 0.01169862039 -0.001707884017
v -0.00572634954 0.0106434403 0.001843461301
v -0.005711101927 0.01179550029 -0.003086776705
v -0.005705335643 0.01173530426 -0.001736937906
v -0.005702197552 -0.00740675861 -0.005586780142
v -0.005699823145 -0.005895459093 -0.001918617869
v -0.005683995318 -0.002270331373 0.0416289866
v -0.00567937782 0.01177115086 -0.001766468864
v -0.005670573097 0.01070862543 0.03637729585
v -0.005668121856 0.0008885446005 0.03924079612
v -0.005668121856 0.0008885452989 0.03361767903
v -0.005668121856 0.01071145665 0.04245707393
v -0.005664933939 0.01115325186 0.002067960566
v -0.005664234515 0.01147615071 0.001126657706
v -0.005659312475 0.01082254201 0.002419389086
v -0.005657588132 0.01072358526 0.00241749268
v -0.005644946359 0.01153572369 0.0010742296
v -0.005644757301 0.01104472298 0.002421977697
v -0.005644080695 0.01216208655 -0.005474058446
v -0.005642808974 0.01115230285 0.002296729712
v -0.005641696975 -0.003805337474 0.03945496678
v -0.005640188698 0.01352408342 -0.005537193269
v -0.005636895075 0.01167674363 0.03587284312
v -0.005636895075 0.01167674456 0.0327103734
v -0.005631265696 0.01141315047 0.001789923408
v -0.005620354787 0.01076604519 0.03272076324
v -0.005618984811 0.0121327769 -0.005439166445
v -0.005617809948 0.01303339377 0.008935634047
v -0.005617205054 0.01184622012 -0.001751491567
v -0.005592315458 -0.001977740321 0.04184772819
v -0.005588907283 0.01139247883 0.002340810606
v -0.005586726591 0.01136752311 0.002432519337
v -0.005568940658 0.01082363259 0.008905619383
v -0.005568627268 0.01082397997 0.003123723436
v -0.005553554278 -0.001890481915 0.04186190292
v -0.005551545415 0.01205399912 -0.005285555031
v -0.005526572932 0.01179993991 0.0008366621332
v -0.00552467443 0.01202272996 -0.005109705031
v -0.00552454358 0.01334019843 -0.005586781073
v -0.005522789434 0.01194338035 -0.001879628398
v -0.00551339332 0.01180000324 0.001053223968
v -0.005512674805 0.01351202093 -0.003110044403
v -0.005510282703 0.01336012222 -0.001338326023
v -0.005509625655 -0.001804614789 0.04185812548
v -0.005507334601 0.0139180785 -0.004972085822
v -0.005501635838 0.0004026225361 0.005437955726
v -0.00550109474 -0.004884153139 0.003074901644
v -0.005498765036 0.00039964795 0.0290233884
v -0.005497590639 -0.003999943379 0.0326767005
v -0.005496655591 0.01333698351 0.002896339865
v -0.005489110481 0.01184217166 0.001024275902
v -0.005487328395 0.01316780411 0.008100054227
v -0.005482899956 -0.007640980184 -0.003746310947
v -0.005481199361 0.006449999288 -0.004053280223
v -0.005481199361 0.01091922354 -0.004053285345
v -0.005462229252 -0.001723232679 0.0418368578
v -0.005448219366 -0.00497032702 0.003031226341
v -0.005447559059 0.0001146305076 0.005097408779
v -0.005441471934 0.0110018542 0.004249345977
v -0.005436570384 0.01096659433 0.004264742136
v -0.005430630874 -0.0008685856592 0.04080743715
v -0.005426645279 0.01163038984 0.03589510918
v -0.005426645279 0.0116303917 0.03589510918
v -0.005425651092 -0.007710446138 -0.0003754043137
v -0.005422237795 0.01098163426 0.004399566911
v -0.005416336469 0.0006121975021 0.0391038321
v -0.0054137595 0.01180001814 0.002544633346
v -0.005410915241 0.01162276417 0.03284302354
v -0.005399531219 0.01179997344 0.002741725417
v -0.005391980987 0.0001814601419 0.005202617496
v -0.005387322512 -0.007590794936 0.002643816406
v -0.005366112571 0.01113913767 0.005010910332
v -0.00536197098 -0.007330286782 0.005341854412
v -0.005360410549 0.01189150941 0.00259161368
v -0.005360343494 0.0002269557444 0.005327348597
v -0.005354636814 0.01210135408 -0.001746672788
v -0.005348981824 0.0120943822 -0.00191052747
v -0.005347511731 0.01105871703 0.005131819285
v -0.005345968064 0.00439999951 0.001580982818
v -0.005321010947 0.01203467883 0.001775949844
v -0.005316865165 -0.006565527059 0.009997268207
v -0.005293119699 -0.003692698898 0.03693101555
v -0.005291557405 0.01202795375 0.002327316208
v -0.005288750865 -0.006171158515 0.01219272148
v -0.0052751326 0.01202078443 0.002654825104
v -0.005269075278 0.01113726571 0.00591494469
v -0.005257011391 -0.00585599523 0.01454499923
v -0.00525653176 0.01114957873 0.006027497817
v -0.005247489084 0.01149037201 0.03596353531
v -0.005246090703 0.01123300102 0.006099438295
v -0.00524585275 0.0112302592 0.006102354731
v -0.005245423876 0.01122751366 0.006105240434
v -0.005241967272 -0.000292185141 0.005015233066
v -0.005241333507 0.0121653704 0.0008123604348
v -0.005233729724 0.01147247665 0.03293373808
v -0.005231722258 0.01163297612 0.005569076631
v -0.005222102627 -0.005668514874 0.01721303724
v -0.005221634172 -0.003894970985 0.03558630124
v -0.005216402933 -0.005842900369 0.001748207025
v -0.005194925703 -0.001502567902 0.004614262842
v -0.005184468348 -0.005575763062 0.02021541819
v -0.005183078814 0.01145364251 0.006357072387
v -0.005182561465 0.01161313429 0.006047968753
v -0.005181756802 0.01183663867 0.005332841538
v -0.005181579385 -0.003978210501 0.03243260086
v -0.005171125755 0.01224607043 -0.002044218127
v -0.005160153378 -0.004252110608 0.03281419724
v -0.00515832426 0.01124441903 0.006409266032
v -0.005150715355 0.01151429769 0.006461343262
v -0.005145927425 0.01153598912 0.006461266428
v -0.005145075731 0.01150718518 0.006480779964
v -0.005143596791 0.01125833299 0.03361769393
v -0.005143596791 0.01125833392 0.0329757221
v -0.005143596791 0.01125833392 0.03608067706
v -0.005133934319 0.01196653582 0.005194530822
v -0.005127282813 -0.004636813421 0.03819996119
v -0.005125266034 -0.003238446079 0.003953732084
v -0.005116283894 -0.002580915112 0.04174722359
v -0.005106575321 -0.002532379935 0.04182283208
v -0.005103068426 -0.005451455247 0.02712451667
v -0.005092075095 0.01205667388 0.005105108954
v -0.005089573562 -0.004198080394 0.003554946743
v -0.005089371931 -0.002473101486 0.0418888256
v -0.005080746487 0.01203090139 0.005371531937
v -0.005078088958 -0.004542723298 0.003408002201
v -0.005077471957 0.01131989807 -0.004350780975
v -0.005073826294 0.0113232499 0.04238273948
v -0.005068919621 -0.00188707863 0.04193487763
v -0.005065200385 -0.002404947532 0.04194299877
v -0.0050621829 -0.00531754503 0.03089519218
v -0.005052667111 -0.0003757842642 0.005035615992
v -0.005048955791 0.01229223702 0.002771153813
v -0.005042803008 0.01171040535 0.006681052968
v -0.005041584373 0.01191790309 0.006077698432
v -0.005034875125 -0.002330177464 0.04198364541
v -0.005034863483 0.0116781611 0.006724108942
v -0.005030734465 0.01136252657 0.008633476682
v -0.005027320702 0.01339175738 0.008632067591
v -0.005024489481 -0.005074426997 0.03472081199
v -0.005015969742 -0.0003384285665 0.005070477724
v -0.005004829261 0.01237040386 0.0007011400303
v -0.004999759607 -0.002727287356 0.04162899777
v -0.004982165992 0.01177371759 0.006807785947
v -0.00498136133 0.01178559102 0.006798421033
v -0.004973013885 0.01157223154 0.006818444002
v -0.004959831014 -0.002170753432 0.04201918468
v -0.004958159756 0.01227555517 0.004911815748
v -0.004948865157 0.01221156307 0.005407507997
v -0.004941564985 -0.0002630736271 0.005179866217
v -0.004940745886 0.01144260727 0.006837245543
v -0.00493596727 -0.0001476914331 0.005471995566
v -0.004926755559 -0.004667630419 0.03862382099
v -0.004916069563 -0.003972949926 0.03679615259
v -0.004907882307 0.0001287837076 0.003949998412
v -0.004907882307 0.0001287840132 0.02661768347
v -0.004907881841 0.0001287830091 0.03361769393
v -0.004907881841 0.0001287830964 0.02661768347
v -0.004904216621 -0.0004391231632 0.005052429624
v -0.004890462849 -0.0002181130403 0.005316053983
v -0.004876222461 -0.00201899861 0.04199272022
v -0.004875001498 -0.004431521986 0.03292784467
v -0.004842266906 0.01152734179 0.006976407487
v -0.004838591442 -0.002729234751 0.04178402573
v -0.004836102948 0.01218453422 0.006096234545
v -0.004822713323 0.01240825281 0.005070507526
v -0.004808766302 -0.007860099897 -0.005586780608
v -0.004765754566 8.835542758e-06 0.03873175383
v -0.004749740008 -0.0003043061879 0.02902338468
v -0.004738226999 0.01201652735 0.007125899196
v -0.004736427683 0.01199847739 0.007137977052
v -0.004736211617 0.01203294471 0.007111704443
v -0.004728736822 0.0125314882 0.004737774376
v -0.004723353777 0.01198597252 0.007155349478
v -0.004722215701 0.01205355301 0.007104855031
v -0.004722157028 -0.005910858046 0.002357086167
v -0.004700011108 0.01254218444 0.004903564695
v -0.004698452074 0.0125833042 0.002844375558
v -0.004684780724 -0.006445998792 -0.00558678247
v -0.004668721464 -0.004607409704 0.03901886567
v -0.00466559222 0.01376848295 0.002883036621
v -0.004665087443 0.01262009423 0.001748386305
v -0.00466123037 0.01359882113 0.008204129525
v -0.004650082439 0.01168444753 0.008497899398
v -0.004649735056 0.01262861304 0.002300262917
v -0.004645808134 0.01168782264 0.02661768906
v -0.004645808134 0.01168782264 0.03361769021
v -0.004641458392 0.01262089144 0.0006475723931
v -0.004627949558 0.01170187071 0.007217644248
v -0.004625488538 0.004399999976 0.0003522131883
v -0.004620878492 0.01170740742 -0.004573879763
v -0.004611468874 0.01246311516 0.005668899976
v -0.004611468408 0.01246311516 0.005668899976
v -0.004609294701 0.01252438407 0.005369182676
v -0.004609291907 0.01252438035 0.00536918221
v -0.004590613302 0.01173095871 0.04221706837
v -0.004583987873 0.01239459775 0.00610261457
v -0.004573763348 -0.001148403971 0.04132686183
v -0.004563452676 0.01261668839 0.005054225679
v -0.004563450348 0.01261668466 0.005054225679
v -0.004557325039 -0.0005875815405 0.005088745616
v -0.00452421885 0.01265945286 0.004964174703
v -0.004524217919 0.01265945099 0.004964174237
v -0.004520250484 0.01262820512 0.005135313608
v -0.004518773407 -0.0006045664195 0.005092400126
v -0.004487573635 0.01180929877 0.007341786288
v -0.004482298158 -0.005590383429 0.002906230977
v -0.004480613861 -0.008106807247 -0.00389304501
v -0.004476618022 0.01229699887 0.006946474779
v -0.004476618022 0.01229700074 0.006946474779
v -0.004473918583 0.01270098612 0.004913243931
v -0.004473917652 0.01270098425 0.004913243465
v -0.004461895209 -0.002675651107 0.04204563797
v -0.004461469594 0.01273500547 -0.003086779034
v -0.004456967115 0.006449999288 -0.004630512558
v -0.004456967115 0.01183203422 -0.004630511161
v -0.004448955879 0.01213487331 0.007396097295
v -0.004439749289 0.01274835318 0.004654852673
v -0.004439357203 0.01339014247 -0.005586776882
v -0.004437086638 0.01274400763 0.004778400529
v -0.004433237482 -0.008186914027 -0.0004923009546
v -0.004429088905 0.01273095142 0.004901448265
v -0.004417316988 0.01222734526 0.007400277536
v -0.004415520933 0.01220341772 0.007415490691
v -0.004413852934 0.01224732492 0.007380389143
v -0.00440895604 0.01217849646 0.007424544543
v -0.004405983258 0.01226113643 0.007358719129
v -0.004402163904 -0.008071768098 0.002553517232
v -0.004396589007 -0.002534622559 0.04209761694
v -0.004394836724 -0.0006120165926 0.005199385341
v -0.004391476046 0.01370636653 0.008429599926
v -0.004382161889 -0.00781423226 0.005277180113
v -0.004375000019 0.004399999045 -0.001049997052
v -0.004375000019 0.004399999976 -0.001956972759
v -0.004363006912 0.01449218392 -0.005076324567
v -0.004361385945 0.01190150063 0.007435531821
v -0.004360408057 0.01325119566 -0.005560015328
v -0.004358980805 0.01448252704 -0.005189265124
v -0.0043573156 0.01447809022 -0.004963913001
v -0.00435616076 0.01279890072 0.002802772215
v -0.004347111098 -0.0006114104181 0.005358751863
v -0.004346271046 -0.007078155875 0.009995637462
v -0.004325530492 -0.002391607268 0.04209753871
v -0.004323245026 -0.006712337025 0.01223394554
v -0.004323100206 0.0143948812 -0.005393802188
v -0.004308884963 0.00439999951 -0.002264866605
v -0.004297124688 -0.006429716479 0.01463896781
v -0.004283959046 0.01311666053 -0.005475227721
v -0.004280872643 -0.004205511883 0.03693101555
v -0.004268460907 -0.006273963023 0.01737035997
v -0.004264937248 0.01308317296 -0.005440671463
v -0.004256929737 0.01423307694 -0.005535973236
v -0.004247078206 0.01286290307 -0.003086782061
v -0.004247078206 0.012862904 -0.002044218825
v -0.004237705842 -0.006206498481 0.02044320852
v -0.004229519516 0.01287301444 0.00072923681
v -0.004213606007 0.01299277693 -0.005288436078
v -0.004210521467 0.01211543195 0.007540354505
v -0.004192726221 0.01295609958 -0.005113814957
v -0.004191670567 -0.0007557706558 0.005119477399
v -0.004180114251 -0.004763178993 0.03319150209
v -0.004178179428 -0.004389974289 0.03653406352
v -0.004177788738 -0.005120654125 0.003291490488
v -0.004177443683 -0.006667616777 -0.002074280754
v -0.004173852503 0.01402982231 -0.005586779211
v -0.004171792418 -0.006091003306 0.02749421261
v -0.004148017615 -0.004501438234 0.03565432131
v -0.00413871929 -0.005935824942 0.03131621331
v -0.004122196231 0.004399999976 -0.002518486232
v -0.004118034616 0.01293584518 -0.001746671624
v -0.004113685805 0.0129279932 -0.001910528517
v -0.004107823595 -0.00565594947 0.03515923023
v -0.004095250741 0.01208322402 0.008373535238
v -0.004094204865 0.01383172907 0.008373375982
v -0.004088304937 0.01233376469 0.007605121937
v -0.004076146521 -0.00537673058 0.03778394312
v -0.004073278047 -0.003223201726 0.04162899032
v -0.004072231706 -0.0007979933871 0.005256462842
v -0.004069712944 -0.004803878255 0.03323137015
v -0.00406758301 -0.001329103368 0.04153649881
v -0.004054806195 -0.0005094016669 0.03831478581
v -0.004054806195 -0.0005094014341 0.03361767903
v -0.004054806195 0.01210940164 0.03361768648
v -0.004054806195 0.01210940257 0.04195131361
v -0.004038930871 0.0129791107 0.002655803226
v -0.004022727255 0.01212990191 0.007622321602
v -0.003954280168 -0.003166913055 0.04182898998
v -0.003944833297 0.01249538455 0.007589891553
v -0.00392992422 0.01303706691 0.0009108286467
v -0.003911809996 -0.003073828528 0.04198015109
v -0.003911497071 -0.0008992337971 0.02902338654
v -0.003910338972 -0.0008999074926 0.005180565175
v -0.003888230305 0.01251258142 0.007637275383
v -0.003887695493 0.01252374146 0.007608485408
v -0.003886072664 0.01249202341 0.007662326563
v -0.003878586227 0.01246594451 0.007680164184
v -0.003877095645 -0.002997740638 0.04204833135
v -0.003874583403 -0.00538326893 0.03819063306
v -0.003867254825 0.01243856922 0.007688681595
v -0.003847848391 0.00439999951 -0.002673101379
v -0.003847393673 -0.008220372722 -0.005586779676
v -0.003847262822 0.01254368667 0.007620523218
v -0.003838553559 -0.002913265489 0.04209567606
v -0.003823141335 -0.006549569778 0.001605753554
v -0.003818205558 -0.0009553316049 0.005131863523
v -0.003792798147 0.01428479794 -0.00309764035
v -0.003792748787 0.01413870417 -0.001353475498
v -0.003788140602 0.01411841251 0.00287596439
v -0.003787979949 0.01469074748 -0.004961097147
v -0.003786883317 0.01395000797 0.008307497948
v -0.003776881378 0.01311479602 0.002402405953
v -0.00376406312 -0.002749998821 0.04212899134
v -0.003752247663 -0.004421868362 0.03693101928
v -0.003734741593 0.0124089513 0.007723798975
v -0.003732098499 0.01250148285 0.007725627162
v -0.003711175639 0.01314707845 0.001182844164
v -0.00370991556 0.01231816784 -0.004841945134
v -0.003686815966 0.01233126223 0.007729636505
v -0.003682534676 0.01316081453 0.00224719313
v -0.003628864419 -0.00529965898 0.03856969625
v -0.003626862541 -0.00496796798 0.03323138133
v -0.003612086643 -0.006438717246 0.002250672551
v -0.003610247979 -0.004920013715 0.03279817477
v -0.003595681163 0.01238187402 0.04165386036
v -0.003583081067 0.01320780721 0.001525169355
v -0.003571512643 0.01321314555 0.001891908119
v -0.003564075567 -0.0007990431623 0.03696801513
v -0.003564075567 -0.000799042522 0.03803120553
v -0.003563024802 -0.006876123603 -0.005586781539
v -0.003555076197 -0.008308298886 -0.005586776417
v -0.003536382923 -0.004706822801 0.03243260086
v -0.003500001039 0.01243324857 0.008328993805
v -0.003500000807 0.01404570229 0.008328995667
v -0.003428612836 -0.006091430783 0.002805226482
v -0.003415465355 -0.00845607277 -0.00401857635
v -0.003379012691 -0.008546487428 -0.0005978007102
v -0.003355467925 -0.008436772041 0.002468356164
v -0.003340629395 -0.008184087463 0.005213657394
v -0.003330160864 0.01252012048 0.007774380967
v -0.003313824302 -0.007480923086 0.009985813871
v -0.003313023364 0.01279704738 0.007695436478
v -0.003306123661 0.01278185192 0.007736304309
v -0.003296243027 -0.007145156618 0.01226010732
v -0.003290044842 0.01274643745 0.007769247983
v -0.003286094638 0.01273773797 0.00777321402
v -0.003276227508 -0.006895837374 0.01471028291
v -0.00327224494 0.0127072325 0.007778997067
v -0.003254299751 -0.006771722343 0.01749734767
v -0.003250472015 0.01335394382 -0.002044219524
v -0.003230855567 -0.006729090586 0.02063325606
v -0.003195686499 -0.00558766257 0.003197349608
v -0.003180957865 -0.006622976623 0.02781351283
v -0.003175442573 -0.001294598333 0.005135129672
v -0.003159206128 0.01260216255 0.0412793383
v -0.003155940212 -0.006448572967 0.03168285638
v -0.003147470998 0.01339578629 -0.001746672206
v -0.003147470998 0.01339578629 0.004654848017
v -0.003144146875 0.01338744722 -0.001910534455
v -0.003139913548 0.01337682828 0.004901449196
v -0.003132335842 -0.006135641132 0.03554212302
v -0.003113039071 -0.001023414778 0.003949998412
v -0.003113039071 -0.001023414428 0.02661768347
v -0.003113038605 -0.001023415476 0.03361769393
v -0.003113038605 -0.00102341536 0.02661768347
v -0.003098266432 -0.003615185386 0.0416290015
v -0.003065769328 -0.00351957744 0.04182899371
v -0.003061612137 0.01290604938 0.007695435081
v -0.003060903866 0.01342974789 -0.003086782759
v -0.003055236069 0.01289062481 0.007736304775
v -0.003040377516 0.01285468228 0.007769247517
v -0.003023928497 0.01281489152 0.007778997533
v -0.0029997807 -0.001373958774 0.02902338654
v -0.002926289802 0.0127055645 0.02661768906
v -0.002926289802 0.01270556543 0.00832899753
v -0.002926289802 0.01270556636 0.03361768275
v -0.002919549355 -0.00601182133 0.03736482561
v -0.002909828676 -0.003463574452 0.04198014736
v -0.002908769529 0.01271296293 0.007776742335
v -0.002908766735 0.01271296293 -0.00502323173
v -0.002890678588 0.01408620086 -0.005586777348
v -0.00287738652 0.01272608433 0.04091273993
v -0.002855336061 -0.003295714967 0.04209568352
v -0.002839444671 0.01393547747 -0.005560232792
v -0.002799926093 -0.003125024727 0.04212898761
v -0.002789786318 0.01378939208 -0.005476090126
v -0.002783925738 0.01276417822 0.04069624096
v -0.002777411602 0.01375297271 -0.005441790912
v -0.002751772758 -0.0007992613246 0.03803121299
v -0.002751772758 -0.0007992606843 0.04361326993
v -0.002751670079 -0.0004169513704 0.04451555759
v -0.00275150151 0.0002107311157 0.04552491754
v -0.002751391381 0.0006210063002 0.03910888359
v -0.002751368796 0.0007056031027 0.04611617327
v -0.00275095948 0.002228141064 0.04734254256
v -0.002750937128 0.002311369637 0.0396756418
v -0.002750884742 0.002506638411 0.04750000685
v -0.002750819782 0.002749544336 0.04762405157
v -0.002750685206 0.00325073977 0.04361768439
v -0.002750631189 0.003451700089 0.04286769405
v -0.002750631189 0.003451700322 0.04436768964
v -0.002750596032 0.003582490142 0.04796452448
v -0.002750483574 0.004000737797 0.04491673037
v -0.002750483574 0.00400073966 0.04231864586
v -0.002750475192 0.004031138495 0.04809840024
v -0.002750458661 0.004094213713 0.03967192769
v -0.002750281943 0.004750737455 0.04211769253
v -0.002750281943 0.004750739783 0.04511768743
v -0.00275021675 0.004994142801 0.04827974364
v -0.002750080545 0.005500738509 0.0449167192
v -0.002750080545 0.005500738975 0.04231864959
v -0.002750051906 0.00560737215 0.03971049562
v -0.002749953885 0.005973055959 0.04832438752
v -0.00274993293 0.006049776915 0.04286769032
v -0.00274993293 0.006049776915 0.04436768964
v -0.002749885432 0.006227648817 0.04831343889
v -0.002749878913 0.006250738632 0.04361768067
v -0.002749822335 0.006462503225 0.04829506576
v -0.002749724546 0.006826109253 0.04825077206
v -0.002749691484 0.006948567927 0.04823146388
v -0.002749678679 0.006997864693 0.04030854627
v -0.002749512671 0.007614549249 0.04808664322
v -0.002749190899 0.008812886663 0.04764288291
v -0.002749162493 0.008917740546 0.04759161174
v -0.00274896482 0.009654817171 0.0421127975
v -0.002748903818 0.009882168844 0.04700833187
v -0.002748784376 0.01032590028 0.04666021839
v -0.00274875341 0.0104407426 0.04656020552
v -0.00274874852 0.01045881771 0.04243251681
v -0.002748516621 0.01132262684 0.04238274321
v -0.00274849846 0.01139002573 0.04552588612
v -0.002748414408 0.01170434337 0.04506841674
v -0.002748311963 0.01208457351 0.04197276384
v -0.002748199506 0.01250449475 0.04328463599
v -0.002748172963 0.01260205265 0.04127933457
v -0.002748167375 0.0126230251 0.04281308502
v -0.002748125931 0.01277838089 0.04045821354
v -0.002748125931 0.01277838089 0.0413488932
v -0.002744554542 -0.001757278689 0.04186523333
v -0.002743916353 0.01365434658 -0.005290568341
v -0.002741042757 0.01500554848 -0.005070563406
v -0.002738911659 0.01499647275 -0.005184425507
v -0.002737306524 0.01498925686 -0.004957544152
v -0.002736113966 -0.005985908676 0.03775792569
v -0.002730085514 0.01361368224 -0.005116879474
v -0.002717796247 0.01490515377 -0.005391184241
v -0.002714121249 0.002638427308 0.04758490622
v -0.002696104348 -0.007120943163 -0.005586781073
v -0.002691464033 0.006796807982 0.04827797785
v -0.002678286517 0.01473422442 -0.005535239819
v -0.002648355439 -0.004904564936 0.03653405607
v -0.002628491959 0.01451872382 -0.005586782005
v -0.002616620855 -0.004779889714 0.03693101555
v -0.002576809376 0.004536013585 0.04827798158
v -0.002573700156 0.001163081033 0.04665218666
v -0.002549465979 -0.007193494588 -0.002180292737
v -0.002522259019 -0.005873281509 0.03812543675
v -0.002459210111 0.01153063588 0.04551566392
v -0.002455112059 0.01288677845 0.007776856888
v -0.002441952238 -0.00682215672 0.002173373243
v -0.002436889103 0.01215842739 0.04449243844
v -0.002435713308 0.007318192162 0.0482779704
v -0.002414521761 -0.008570101112 -0.005586782005
v -0.002403104678 -0.007187447976 -0.005586781073
v -0.002380345017 0.009219935164 0.04758490622
v -0.002369020134 -0.004971700255 0.03653405979
v -0.002355544595 0.0143449232 0.008328995667
v -0.00233323779 -0.007030846085 0.001508729765
v -0.002317914972 -0.006455393974 0.00273185689
v -0.002303169342 -0.008696270175 -0.004116366152
v -0.002278429689 -0.008795492351 -0.0006835205131
v -0.002269623568 0.004043181892 0.04827797413
v -0.002262618858 -0.008691026829 0.002396910451
v -0.002252804115 -0.008443612605 0.005158884916
v -0.002234987449 -0.007771498989 0.009972704574
v -0.002223118441 -0.007462780457 0.01227460708
v -0.002218835987 0.01296426822 -0.005142945796
v -0.002209572587 -0.007242931053 0.01475997362
v -0.002198333619 0.01371080521 -0.00308677787
v -0.002198333619 0.01371080615 -0.002044222085
v -0.002178939991 -0.007125144824 0.02077816427
v -0.002160444856 -0.005926900078 0.003128966317
v -0.002145454288 -0.007027528249 0.02806417085
v -0.002128674882 -0.006837485358 0.03197262064
v -0.00212665461 0.0137296617 0.004654852208
v -0.00212665461 0.01372966263 -0.001746675349
v -0.002124408726 0.0137209706 -0.001910531078
v -0.002124408726 0.01372097246 -0.001910530962
v -0.002122686245 -0.007243642583 -0.005586776882
v -0.002121548401 0.01370990183 0.004901450593
v -0.002112994436 0.01299619675 0.03361769393
v -0.002112994436 0.01299619768 0.04134889692
v -0.002112994203 -0.001396198291 0.03361769393
v -0.002112994203 -0.001396198059 0.03696801886
v -0.002112732735 -0.006497765891 0.03584543616
v -0.002091386123 0.01067350712 0.04665217549
v -0.002086340217 -0.00389856589 0.0416290015
v -0.002080244478 0.007777420804 0.0482779704
v -0.002074314747 -0.0008113189833 0.04421900958
v -0.002071541501 -0.001708239201 0.005145890638
v -0.002070343588 0.01324187964 0.007695436943
v -0.002066032263 0.01322575752 0.007736305241
v -0.002064457163 -0.003799985629 0.04182900116
v -0.002055984689 0.01318818517 0.007769247517
v -0.002044860739 0.01314658951 0.007778996136
v -0.002031717217 -0.001719565364 0.02902338468
v -0.002022143221 0.002156797098 0.04758489877
v -0.00193214335 0.01459878776 -0.001365145436
v -0.001932023326 0.01442317106 0.00832899753
v -0.001931704581 0.01474229898 -0.003101256909
v -0.001931182458 0.01457911823 0.002873697318
v -0.001928987913 0.01514489483 -0.004955942743
v -0.001869519241 0.003622270888 0.04827798158
v -0.001866833773 -0.0001500287617 0.04551565647
v -0.001838942408 -0.005424777046 0.03323137015
v -0.001830518362 -0.005374731496 0.03279818222
v -0.00180286367 0.01308008656 0.008328994736
v -0.00180032826 0.01308071613 0.007777052466
v -0.001800062717 -0.0007995169726 0.04442396387
v -0.001793066622 -0.005152236205 0.03243259713
v -0.001750000054 0.004399999976 -5.130224023e-10
v -0.001749999938 0.0007999998634 -2.296910218e-09
v -0.001643191441 0.009629089385 0.04758489877
v -0.001639609691 0.008155692369 0.0482779704
v -0.001587611274 0.0007399172173 0.04665217549
v -0.001583226142 -0.006500574294 0.03700763732
v -0.001556786126 0.01385622099 -0.003086782293
v -0.001515544602 0.0007999998052 -0.0008750007255
v -0.001515544602 0.0008000000962 0.0008749975823
v -0.001515544252 0.004399999045 -0.0008749990375
v -0.001515544252 0.00439999951 0.0008749992703
v -0.001509739086 0.01314647403 0.04134889692
v -0.001505892375 0.01314726286 -0.005232181866
v -0.001505892142 0.006450000219 -0.005232186057
v -0.001480729436 0.0130053116 0.04281207174
v -0.001473019016 -0.003808222013 0.04198014736
v -0.001461297739 0.005725891795 0.04870476946
v -0.001458150218 -0.006436175201 0.03739114851
v -0.001446302864 0.006021565758 0.04870475829
v -0.001445433823 -0.003633906832 0.04209567979
v -0.001417384017 -0.003456654958 0.04212898761
v -0.001416467014 0.005433252547 0.04870476201
v -0.001394815976 0.01258725394 0.04421901703
v -0.00139287638 0.003290517954 0.0482779704
v -0.001380327041 -0.00205376721 0.04200390354
v -0.001372096478 0.006308169104 0.04870476946
v -0.001317419927 -0.006291971542 0.03775217757
v -0.001313646091 0.005155625753 0.04870476946
v -0.001300086966 0.004399999976 -0.003192540724
v -0.001275327639 -0.005030733533 0.0369310081
v -0.00125530106 0.01190836728 0.04551565275
v -0.001247378299 0.001824319013 0.04758489877
v -0.001241715974 0.006573967636 0.04870476946
v -0.001238388009 0.01448030677 -0.005586781539
v -0.00123121147 -0.007054801565 0.002126478124
v -0.001228063717 -0.008724061772 -0.005586781539
v -0.001216497505 0.01432296447 -0.005560353864
v -0.001195264165 0.01417037286 -0.005476594903
v -0.001189967035 0.01413229946 -0.00544244051
v -0.001175596262 0.01402899437 -0.005291815381
v -0.00116958865 0.01398600731 -0.005118666682
v -0.001168673276 -0.006676221266 0.00268733874
v -0.001166800852 0.01452360209 0.00832899753
v -0.001159441774 -0.008834892884 -0.00417983951
v -0.001157044084 0.004904381 0.04870476946
v -0.001146940864 -0.008940256201 -0.0007410995313
v -0.001134116901 -0.008596568368 0.005120445043
v -0.001131849829 0.008437522687 0.04827797413
v -0.00112522475 -0.007947553881 0.009961239994
v -0.001119246008 -0.007658368908 0.01228081901
v -0.001112412312 -0.007459568325 0.01478903927
v -0.001108637778 0.01392739173 -0.002044222085
v -0.001096980646 -0.007376266643 0.02087052725
v -0.001089278026 -0.006132724695 0.003087469609
v -0.001080171554 -0.007284812629 0.02822794393
v -0.001071884646 0.01393214613 -0.001746676862
v -0.001071884646 0.01393214613 0.004654850811
v -0.001071751234 -0.007084256038 0.03216298297
v -0.001070752623 0.01392323989 -0.001910528983
v -0.001069311053 0.01391189918 0.004901451059
v -0.001067545614 0.01099473797 0.04665218294
v -0.001066439669 -0.001623793622 0.003949997015
v -0.001066439552 -0.001623793505 0.02661769092
v -0.001066439087 -0.001623793505 0.02661769092
v -0.001066439087 -0.001623793272 0.03361768275
v -0.001063718693 -0.006726581603 0.03604506701
v -0.00106049946 0.006808079779 0.04870476946
v -0.001049556769 -0.004069967661 0.0416290015
v -0.001043763594 0.0134456642 0.007695435546
v -0.00104158977 0.01342911646 0.007736304309
v -0.001038547955 -0.003969589248 0.04182899371
v -0.001036524307 0.01339055505 0.007769248914
v -0.001030916581 0.01334786508 0.007778991479
v -0.00102549023 -0.001929560327 0.02902338654
v -0.001020546304 -0.001930240658 0.005155435298
v -0.0009990673279 0.01323315874 0.008328995667
v -0.0009990673279 0.01323315967 0.02661768906
v -0.0009990672115 0.0132331606 0.03361769021
v -0.0009927846259 0.01323399972 -0.005275073461
v -0.0009651324945 0.01527262852 -0.005068257451
v -0.0009644577513 0.0152638182 -0.005182477646
v -0.0009637874318 0.01525534503 -0.004954988603
v -0.0009572950075 0.0151708331 -0.005390138365
v -0.0009530727402 0.004689803347 0.04870476574
v -0.0009437785484 0.01499578543 -0.005534952041
v -0.0009267056012 0.01477475464 -0.005586777814
v -0.0009238917846 -0.007403868716 -0.005586777814
v -0.0009222265799 -0.002111399546 0.04202429578
v -0.0008909658645 -0.005199295934 0.03653405607
v -0.00088028959 -0.005071088206 0.03693101183
v -0.000875000027 0.00439999951 -0.001515546232
v -0.000875000027 0.004399999976 0.001515544369
v -0.0008749999106 0.0008000003872 -0.001515547861
v -0.0008749999106 0.0008000005619 0.001515542739
v -0.0008592088707 0.003061503638 0.04827797413
v -0.000857042789 -0.007459799293 -0.002233975101
v -0.0008409708971 0.01325270068 0.007777122315
v -0.0008387654671 0.009881478734 0.04758489877
v -0.0008358658524 0.00700092176 0.04870476201
v -0.0008209012449 -0.006655828096 0.03688919172
v -0.0007843542844 -0.007274564821 0.001459604129
v -0.0007490714197 -0.006574679166 0.03726961836
v -0.0007100823568 0.004520676099 0.04870477319
v -0.0006693174946 -0.006417624187 0.03762916476
v -0.0006308875745 -0.0004040233907 0.04551566765
v -0.0006268662983 -0.0007998317597 0.04485591128
v -0.0005777513143 0.008611372672 0.0482779704
v -0.0005770119024 0.007144596428 0.04870476574
v -0.0005365254474 0.0005239138845 0.04665217921
v -0.0004380210303 0.004403928295 0.04870475829
v -0.0004215455556 0.001654605498 0.04758489877
v -0.000393246155 0.01457394287 0.008328991011
v -0.0002945353626 0.007233224809 0.04870477319
v -0.0002903653367 0.002944602165 0.04827797785
v -0.0001480268984 0.004344332498 0.04870476574
v -2.683867706e-07 -0.004127349705 0.0416290015
v -2.655299056e-07 -0.004026370123 0.04182899743
v -2.423172996e-09 0.01529076509 -0.004954742268
v -2.168799584e-09 0.01475000754 -0.001369819161
v -2.096472107e-09 0.0139999995 -0.003086778568
v -2.094624918e-09 0.01400000043 -0.002044222783
v -2.033180513e-09 0.014730216 0.00287596113
v -1.9245745e-09 0.01489293296 -0.00310581713
v -9.18040699e-10 0.0139795905 0.00490145199
v -8.582924371e-10 0.01329999883 0.008328993805
v -8.216290426e-10 -0.005302094389 0.03243260831
v -7.963544824e-10 0.01399102341 -0.001910527353
v -6.967924571e-10 0.01400000136 -0.001746676513
v -6.882738823e-10 0.01400000043 0.004654851276
v -5.156707283e-10 -0.001999999862 0.02902338654
v -2.703219593e-10 0.01203601714 0.04551566765
v -1.682358419e-10 -0.00169999944 0.03361768275
v -1.659483523e-10 0.007263176609 0.04870475829
v -1.634648944e-10 -0.001699999208 0.03696800768
v -1.301525138e-10 0.009966773912 0.04758489504
v -8.91231533e-12 0.005799999926 0.04884888232
v 3.124135325e-11 0.008670122363 0.04827797785
v 3.740049243e-11 0.004399999045 -0.001749999588
v 4.220589503e-11 0.002548269928 0.003949999809
v 4.260302874e-11 0.00439999951 0.001749997027
v 6.594873259e-11 0.01272909343 0.04421900585
v 1.085798881e-10 0.01329999976 0.03361767903
v 1.159958657e-10 0.01315588783 0.04281206802
v 1.196038407e-10 0.01330000069 0.04134888202
v 1.38939471e-10 0.0007999998052 -0.001750001218
v 1.415407513e-10 0.0008000001544 -2.971834334e-09
v 1.437643199e-10 0.0007999998052 0.001750002732
v 1.65767941e-10 0.01110329665 0.04665217549
v 4.803893394e-10 -0.003747569164 0.04209568352
v 5.558434824e-10 -0.00356811122 0.04212898761
v 5.753545973e-10 -0.005302094389 0.03243260831
v 6.497260507e-10 -0.005236329511 0.03653406352
v 6.559753296e-10 -0.005527717993 0.03279817477
v 7.379620803e-10 -0.003924052697 0.04198014364
v 7.79681486e-10 -0.007464061491 0.02090295963
v 8.286634712e-10 -0.006714679301 0.03684359416
v 8.343494229e-10 -0.007466360927 0.01745507866
v 8.485337988e-10 -0.001999999397 0.005159076769
v 8.824857511e-10 -0.007534320466 0.01479850896
v 9.140693757e-10 -0.007374984678 0.02828659117
v 9.338793072e-10 -0.006463921163 0.03758193552
v 9.39169631e-10 -0.005578468554 0.0332313776
v 9.956093727e-10 -0.00767182 0.01283232495
v 1.009403006e-09 -0.008987103589 -0.0007621546974
v 1.013035211e-09 -0.007457264233 0.02449570037
v 1.023864438e-09 -0.007776643615 0.01179948356
v 1.036666086e-09 -0.00877489429 -0.005586775951
v 1.046719045e-09 -0.006625441834 0.03722527996
v 1.085596613e-09 -0.007224189583 0.03142292053
v 1.100845637e-09 -0.008646717295 0.005105943885
v 1.159223384e-09 -0.008962024935 -0.00244845124
v 1.299118702e-09 -0.008547107689 0.00596503308
v 1.366810332e-09 -0.008921649307 0.001736051869
v 1.982985109e-09 -0.006750240456 0.002672418719
v 2.059265869e-09 -0.007132781669 0.002110758564
v 2.061039117e-09 -0.006201715209 0.003073561238
v 3.005770743e-09 0.01458035316 0.008328996599
v 6.119552722e-07 0.01341528818 0.007778997067
v 6.151137768e-07 0.01345834509 0.00776924938
v 6.181779213e-07 0.01349723712 0.007736303844
v 6.195040214e-07 0.01351392735 0.007695432752
v 8.233753306e-07 -0.002158310264 0.04203946143
v 1.41613009e-06 0.01329999883 -0.005307967775
v 0.0001256195246 0.01329894643 0.007776603103
v 0.0001480270876 0.004344332032 0.04870476574
v 0.0002751194988 -0.007437716238 -0.005586776417
v 0.0002833804756 0.01341021433 0.007778993808
v 0.0002903655986 0.002944602864 0.04827797413
v 0.0002945351007 0.007233224344 0.04870477319
v 0.0004215450317 0.00165460608 0.04758489877
v 0.0004380211758 0.004403925966 0.04870477319
v 0.0004425522347 0.01405285019 -0.005118966568
v 0.0004447884276 0.01409623679 -0.005292027723
v 0.0004502264492 0.01420037262 -0.005442556925
v 0.0004522334202 0.01423874591 -0.00547668431
v 0.0004602810077 0.01439251471 -0.005560376216
v 0.0004685847089 0.01455106214 -0.005586779211
v 0.0005005681305 0.007448161952 0.03979048505
v 0.0005005681305 0.007448162418 0.04670462012
v 0.0005052461638 0.007525018882 0.0398356542
v 0.0005262849736 0.007642320823 0.04652348906
v 0.0005365259713 0.0005239124293 0.04665218666
v 0.0005770114949 0.007144596893 0.04870476574
v 0.0005777510232 0.008611371741 0.04827796668
v 0.0005969114136 0.007817702368 0.04007636011
v 0.0005969151389 0.007817706093 0.04007636383
v 0.0006097191945 0.007838944905 0.04631349817
v 0.0006233206368 -0.0008001672104 0.04485590011
v 0.0006308871089 -0.0004040225176 0.04551565647
v 0.0006342472625 0.007401479874 0.04674478993
v 0.0006343012792 0.007401457056 0.03988079354
v 0.0006343022105 0.007401457056 0.03988079354
v 0.0006656016922 -0.006418648642 0.03762776777
v 0.0007056148606 0.007954468951 0.04617505893
v 0.0007100818912 0.004520676564 0.04870476946
v 0.0007110914448 0.01326621324 0.007776102517
v 0.0007442255155 -0.006574472412 0.03727155551
v 0.000762431242 0.007344572805 0.03996429965
v 0.000762431242 0.007344572805 0.04679213837
v 0.0007843559724 -0.007274564356 0.001459601684
v 0.0007845796063 0.008013227955 0.04609961063
v 0.0007885539671 0.008015564643 0.04034769908
v 0.0007998214569 0.01455377322 0.008328992873
v 0.0008161849109 -0.006656495389 0.03688867763
v 0.000835865445 0.007000920828 0.04870477319
v 0.0008387647104 0.009881478734 0.04758489504
v 0.0008570450591 -0.007459799759 -0.002233969979
v 0.0008592086961 0.003061504569 0.0482779704
v 0.0008632885292 0.008050181903 0.04042845592
v 0.0008673042757 0.008051575162 0.04604834318
v 0.000874999736 0.0007999998634 0.001515541924
v 0.000874999736 0.0007999999798 -0.001515541109
v 0.0008750000852 0.004399999976 -0.00151554693
v 0.0008750000852 0.004399999976 0.001515543787
v 0.0008802908123 -0.005071088206 0.03693101183
v 0.0008909674361 -0.0051992964 0.03653405607
v 0.0009056722047 -0.007405320648 -0.005586782005
v 0.0009217872284 -0.00211144425 0.04202431068
v 0.0009267877904 0.01477474254 -0.005586781539
v 0.0009438617271 0.0149957696 -0.005534946918
v 0.0009530720417 0.004689802881 0.04870477319
v 0.0009573802236 0.01517081819 -0.005390139297
v 0.0009638759657 0.01525533106 -0.004954989068
v 0.000964544015 0.0152638033 -0.005182478111
v 0.0009652206209 0.01527261455 -0.005068257451
v 0.0009713295731 0.008072835393 0.04052931443
v 0.000992781017 0.01323400065 -0.005275076721
v 0.000992781017 0.01323400252 0.007775856648
v 0.0009990669787 0.01323315874 0.02661768533
v 0.0009990669787 0.01323315967 0.008328992873
v 0.0009990669787 0.01323315967 0.03361768648
v 0.001000585849 0.00798276253 0.04613909498
v 0.001000610995 0.008073884994 0.04601769149
v 0.001020547585 -0.001930240542 0.005155434366
v 0.001023784047 0.008027317002 0.04608000442
v 0.001024030847 -0.008739767596 -0.005586776882
v 0.001025488717 -0.001929560327 0.02902338654
v 0.001032129396 0.01334770676 0.007778992876
v 0.001035400899 0.00804896187 0.04604978487
v 0.001037744107 0.01339039486 0.007769250777
v 0.001038020477 -0.00396964699 0.04182898998
v 0.00104121014 0.008059627376 0.04603450373
v 0.001042815158 0.01342895534 0.007736306172
v 0.001043168129 0.008071304299 0.04601814225
v 0.001044992008 0.01344550401 0.007695437875
v 0.001047017518 0.008070186712 0.0460191071
v 0.001047017518 0.008070188574 0.03561769053
v 0.001047161175 0.008070505224 0.04058992118
v 0.001047374564 0.008070793003 0.03901768476
v 0.001049023471 -0.004070026334 0.04162899777
v 0.001060499111 0.006808079779 0.04870477319
v 0.00106372044 -0.006726581138 0.03604507074
v 0.001066404395 -0.001623799093 0.003950000275
v 0.001066404511 -0.001623798744 0.02661768533
v 0.001066405443 -0.001623798744 0.02661768533
v 0.001066405443 -0.001623798162 0.03361768648
v 0.001067545381 0.01099473704 0.04665218666
v 0.001069309074 0.01391189825 0.004901447799
v 0.001070750877 0.01392323989 -0.001910532243
v 0.001071752748 -0.007084256038 0.0321629867
v 0.001071883016 0.01393214427 -0.001746672671
v 0.001071883016 0.01393214613 0.004654848017
v 0.001080173533 -0.007284813095 0.02822794951
v 0.001085145283 0.008064351976 0.04601855204
v 0.001089281403 -0.006132724695 0.003087475663
v 0.001096981927 -0.007376266178 0.02087052725
v 0.001108633936 0.01392739173 -0.002044221386
v 0.001112413942 -0.00745956786 0.0147890402
v 0.001119247754 -0.007658368908 0.01228082087
v 0.001125227194 -0.007947552949 0.009961242788
v 0.001131849363 0.008437522687 0.0482779704
v 0.001134119229 -0.008596568368 0.005120448302
v 0.001146942843 -0.008940255269 -0.0007411024417
v 0.001157043851 0.004904381465 0.04870476946
v 0.001159443869 -0.008834892884 -0.004179841373
v 0.001165352995 0.008039295673 0.03901768848
v 0.001165352995 0.008039296605 0.04601773992
v 0.001168677234 -0.006676220801 0.002687338274
v 0.00119672867 0.007994959131 0.0460571833
v 0.001231216011 -0.007054800633 0.002126476262
v 0.001241715741 0.00657396717 0.04870476201
v 0.001247377833 0.001824318198 0.04758490622
v 0.001255301526 0.01190836634 0.0455156602
v 0.001275329269 -0.005030734465 0.03693101928
v 0.001300087431 0.00439999951 -0.003192535602
v 0.001310248044 -0.006294320803 0.03774950281
v 0.001313645625 0.005155625287 0.04870476946
v 0.001322664903 0.007921451703 0.04602588341
v 0.001335946377 0.00791311264 0.04601769149
v 0.001335947309 0.00791311264 0.03901768103
v 0.001372096245 0.006308167242 0.04870477319
v 0.00138032774 -0.002053766279 0.04200389236
v 0.001392876264 0.003290517954 0.04827797413
v 0.001394816441 0.01258725487 0.04421900958
v 0.001416466897 0.00543325115 0.04870476946
v 0.001417384949 -0.003456655657 0.04212899879
v 0.001445434755 -0.003633906366 0.04209567606
v 0.001446303097 0.006021564826 0.04870477319
v 0.001449101372 -0.006437538657 0.03739185259
v 0.001461297739 0.005725891329 0.04870476946
v 0.001471274416 -0.007346601225 -0.005586776417
v 0.001473019714 -0.003808221081 0.04198015109
v 0.001480729203 0.0130053116 0.04281206056
v 0.00150053727 0.007799596991 0.03901769221
v 0.00150053727 0.007799597923 0.03706768155
v 0.001500657643 0.00824997481 0.03901769593
v 0.001500657643 0.008249976672 0.03706768528
v 0.001501493854 0.008688544855 0.03561767936
v 0.001501493854 0.008688544855 0.03901768103
v 0.001505892375 0.006449999288 -0.005232182331
v 0.001509739086 0.01314647496 0.04134888574
v 0.001511276467 0.01314615831 -0.005231638905
v 0.001511781942 0.008295784704 0.03706768528
v 0.001511781942 0.008295785636 0.03901769593
v 0.001515544369 0.00439999951 -0.0008750018314
v 0.001515544369 0.00439999951 0.0008749964763
v 0.001515544835 0.0007999998052 0.0008750021807
v 0.001515544835 0.0008000001544 -0.0008750035195
v 0.001556782285 0.01385622192 -0.003086780896
v 0.001574528404 -0.006502863485 0.03700590879
v 0.001587611157 0.000739916577 0.04665218666
v 0.00160353689 0.007717985194 0.03561769053
v 0.00160353689 0.007717986591 0.03706768155
v 0.001639610156 0.008155691437 0.04827797413
v 0.001643191325 0.009629088454 0.0475849025
v 0.0016727763 0.01311107539 0.007775285747
v 0.001688183867 0.008867622353 0.037067689
v 0.001688183867 0.008867622353 0.03901768103
v 0.001749999821 0.0008000003872 -3.646758673e-09
v 0.00175000017 0.00439999951 -1.94404115e-09
v 0.001760916435 -0.007305537816 -0.005586781539
v 0.001793067437 -0.005152236205 0.03243260086
v 0.001796517055 -0.000800481881 0.04442395642
v 0.001802862156 0.01308008749 0.008328991942
v 0.001830519759 -0.005374730565 0.03279817477
v 0.00183894427 -0.005424777512 0.0332313776
v 0.001866834005 -0.0001500283688 0.04551565275
v 0.001869519008 0.003622270888 0.04827797413
v 0.00192898151 0.01514488086 -0.004955942277
v 0.001931178151 0.0145791173 0.002873699414
v 0.001931700623 0.01474230178 -0.003101262031
v 0.001932139625 0.01459878683 -0.00136514334
v 0.001965170726 0.0144176418 0.008328996599
v 0.001988547854 0.008397374302 0.03561769053
v 0.001988547854 0.008397376165 0.03706768155
v 0.002022142988 0.002156795934 0.04758490995
v 0.002031716052 -0.001719565014 0.005146305077
v 0.002031716052 -0.001719565014 0.0290233884
v 0.00203224807 0.01381677669 -0.005117828026
v 0.002042582026 0.01385868434 -0.005291227251
v 0.002046043053 0.01314627193 0.007778997067
v 0.002057173289 0.01318786666 0.00776924938
v 0.002063938417 -0.003800099483 0.04182898998
v 0.002067226451 0.01322543621 0.007736300584
v 0.002067542635 0.01395985205 -0.00544213457
v 0.002071540337 0.01324155927 0.007695432287
v 0.00207431498 -0.0008113192744 0.04421900958
v 0.002076752717 0.01399717573 -0.005476361141
v 0.002080243779 0.007777419873 0.04827797413
v 0.002085816581 -0.003898681141 0.04162899405
v 0.002091386123 0.01067350619 0.04665217921
v 0.002098708414 0.009170465171 0.03561769053
v 0.002098708414 0.009170465171 0.03706768155
v 0.002112734364 -0.006497764029 0.03584542498
v 0.002112994203 0.01299619675 0.04134888574
v 0.002112994203 0.01299619861 0.03361768275
v 0.002112994436 -0.001396196778 0.03361768275
v 0.002112994436 -0.001396196545 0.03696800768
v 0.002113690367 0.01414682437 -0.005560299847
v 0.002121547237 0.01370990183 0.004901449662
v 0.002124407096 0.01372097153 -0.001910531777
v 0.00212665298 0.0137296617 0.004654851742
v 0.00212665298 0.01372966263 -0.001746675815
v 0.002128676511 -0.006837483961 0.03197261319
v 0.002145455685 -0.007027527783 0.02806417271
v 0.00215179217 0.01430117898 -0.005586776882
v 0.002160448348 -0.005926898681 0.003128962126
v 0.002178942319 -0.007125143893 0.02077816054
v 0.002194751287 -0.007146364544 0.01759134792
v 0.002198329661 0.01371080615 -0.00204422255
v 0.002198329661 0.01371080801 -0.003086778335
v 0.002209573751 -0.007242930587 0.01475997362
v 0.002218449721 0.01296438929 -0.005143008661
v 0.002223120537 -0.007462779526 0.0122746015
v 0.002234989544 -0.007771498524 0.0099727083
v 0.002252805978 -0.008443611674 0.005158882122
v 0.002262620721 -0.008691025898 0.002396908822
v 0.002269623568 0.004043180961 0.04827797785
v 0.002278431552 -0.00879549142 -0.0006835278473
v 0.002303171204 -0.008696269244 -0.004116363823
v 0.002309711184 -0.008588252589 -0.005586775951
v 0.002317919163 -0.006455392577 0.00273185363
v 0.002333239885 -0.007030845154 0.001508728019
v 0.002369021531 -0.004971699789 0.03653405979
v 0.002380344784 0.009219935164 0.04758490995
v 0.002435713075 0.007318192627 0.04827797785
v 0.002438919386 0.01215777453 0.04449218139
v 0.002441956429 -0.006822155789 0.002173375105
v 0.002459210344 0.01153063867 0.0455156602
v 0.002509164857 -0.005879693199 0.03811950982
v 0.002549468307 -0.007193494122 -0.002180287614
v 0.00257369969 0.001163081033 0.04665217921
v 0.002576808911 0.004536015447 0.04827797413
v 0.002599050989 0.01283526234 0.007775441743
v 0.002616621787 -0.004779888317 0.03693101555
v 0.002627836773 0.01451885793 -0.005586779676
v 0.002648356836 -0.004904564004 0.03653405607
v 0.002677618526 0.01473436039 -0.005535239354
v 0.002691464033 0.006796808448 0.04827798158
v 0.002714121249 0.002638427773 0.04758489877
v 0.002717118477 0.01490529347 -0.005391187035
v 0.002720549935 -0.005991834681 0.03775551543
v 0.002736625494 0.01498939469 -0.004957538098
v 0.002738227835 0.01499661151 -0.005184426438
v 0.002740359167 0.01500568632 -0.005070563871
v 0.002744554542 -0.001757277525 0.04186522961
v 0.002748227213 -0.0008007385186 0.03803121299
v 0.002748227213 -0.0008007378783 0.04361326993
v 0.002748465631 8.651242388e-05 0.04535537213
v 0.002748497296 0.0002063664724 0.04552104697
v 0.002748608124 0.0006195291062 0.03910888359
v 0.002748639323 0.0007339793374 0.04614787921
v 0.002748783212 0.001271087094 0.04665765911
v 0.002748824423 0.001422231086 0.04678294808
v 0.002749062376 0.002309892559 0.0396756418
v 0.002749275183 0.003101560054 0.04778392985
v 0.002749314532 0.003249262692 0.04361768439
v 0.002749369014 0.003450222779 0.04286769405
v 0.002749369014 0.003450223012 0.04436768964
v 0.00274951593 0.00399926072 0.04491673037
v 0.00274951593 0.003999262583 0.04231864586
v 0.002749524312 0.004029661417 0.04809840024
v 0.002749541542 0.004092734773 0.03967192769
v 0.002749717562 0.004749260377 0.04211769626
v 0.002749717562 0.004749260377 0.04511768743
v 0.002749782754 0.004992665723 0.04827974737
v 0.002749919193 0.005499261431 0.04491672292
v 0.002749919193 0.005499261897 0.04231865332
v 0.002749947598 0.005605894607 0.03971049562
v 0.002750045853 0.005971578881 0.04832439125
v 0.00275006704 0.006048299372 0.04286769405
v 0.00275006704 0.006048299838 0.04436768964
v 0.002750114771 0.006227727514 0.04831335321
v 0.002750120591 0.006249261089 0.04361768067
v 0.002750177635 0.006461026147 0.04829506949
v 0.002750275657 0.00682623731 0.04825052246
v 0.002750308719 0.006947090849 0.04823146388
v 0.002750321524 0.006996387616 0.04030855
v 0.002750725951 0.008502094075 0.04778178036
v 0.002750809072 0.008811408654 0.04764288291
v 0.002750837477 0.008916263469 0.04759161174
v 0.00275103515 0.009653340094 0.0421127975
v 0.002751097316 0.009884910658 0.04700529203
v 0.002751215128 0.0103244232 0.04666021839
v 0.00275124656 0.01043926645 0.04656019062
v 0.00275125145 0.01045734063 0.04243252054
v 0.002751482883 0.0113211479 0.04238274321
v 0.00275150151 0.01138854958 0.04552587494
v 0.002751585795 0.01170286536 0.04506841674
v 0.002751687542 0.01208309643 0.04197276756
v 0.002751800464 0.01250301767 0.04328463599
v 0.002751826541 0.01260057371 0.04127933457
v 0.002751832362 0.01262154803 0.04281308874
v 0.002751874272 0.01277690381 0.04045821726
v 0.002751874272 0.01277690381 0.04134889692
v 0.002787215402 0.0127628604 0.04069473222
v 0.002799927024 -0.003125024028 0.04212899134
v 0.002855337458 -0.003295713337 0.04209567606
v 0.00288107316 0.0127245523 0.0409126766
v 0.002904906403 -0.006018651184 0.03736001998
v 0.00290876301 0.01271296572 -0.005023234989
v 0.002908763941 0.01271296479 0.007775647566
v 0.002909829374 -0.003463574219 0.04198014364
v 0.002926289802 0.01270556357 0.008328995667
v 0.002926290035 0.0127055645 0.03361768275
v 0.002926290035 0.01270556543 0.02661768906
v 0.002949036658 -0.007057026494 -0.005586780608
v 0.002999779303 -0.001373959356 0.02902338468
v 0.003025058424 0.012814424 0.007778995205
v 0.003041513963 0.0128542129 0.007769246586
v 0.003056378337 0.01289015077 0.007736305241
v 0.003060899908 0.01342974603 -0.00308677787
v 0.003062756499 0.01290557534 0.007695436012
v 0.003065266879 -0.003519747872 0.04182899371
v 0.003097620094 0.01416626107 0.008328996599
v 0.003097758396 -0.003615356283 0.0416289866
v 0.003113006707 -0.001023429562 0.003949999809
v 0.003113006707 -0.001023429213 0.02661768533
v 0.003113007639 -0.001023430261 0.03361769393
v 0.003113007639 -0.001023429213 0.02661768533
v 0.003132337239 -0.006135640666 0.03554212674
v 0.003139912384 0.01337682735 0.004901446868
v 0.003142351517 0.01260996424 0.007776355837
v 0.003144144779 0.01338744815 -0.001910528401
v 0.00314414571 0.01338744815 -0.001910528401
v 0.003147468902 0.01339578535 -0.001746673486
v 0.003147468902 0.01339578629 0.004654854536
v 0.003155942308 -0.006448572036 0.03168286383
v 0.003162860172 0.01260046382 0.04127933085
v 0.00317544397 -0.001294596703 0.005135123618
v 0.003180959495 -0.006622975692 0.02781351656
v 0.003195689758 -0.005587661173 0.003197353333
v 0.003230857663 -0.006729089655 0.02063325606
v 0.003250468289 0.01335394476 -0.002044217661
v 0.003254301148 -0.006771721411 0.01749734953
v 0.003272243775 0.01270723157 0.007778993342
v 0.003276229603 -0.006895836908 0.01471028756
v 0.003286038525 0.0127376169 0.007773261052
v 0.003290043678 0.01274643652 0.007769254036
v 0.003296244889 -0.007145156153 0.01226011291
v 0.00329896505 0.0127660865 0.007755297236
v 0.003306122031 0.01278185192 0.007736303844
v 0.003313021734 0.01279704738 0.007695436943
v 0.003313825931 -0.007480922155 0.009985814802
v 0.003340631956 -0.008184086531 0.005213660654
v 0.00335547002 -0.00843677111 0.002468353603
v 0.003379015252 -0.008546486497 -0.0005978007684
v 0.00341546745 -0.008456071839 -0.004018580075
v 0.003428616794 -0.006091428921 0.002805224154
v 0.003499999642 0.0124332495 0.008328991011
v 0.003499999642 0.01404570322 0.008328992873
v 0.00352374278 -0.008317180909 -0.005586782005
v 0.003536384553 -0.00470682187 0.03243260458
v 0.003549731569 0.01328720711 -0.005115355831
v 0.003560529556 -0.0008009566809 0.03696801513
v 0.003560529556 -0.0008009560406 0.03803120553
v 0.003567565698 0.01332589425 -0.00528950803
v 0.003589842701 0.01256658137 0.007753765676
v 0.003597281175 0.01238100138 0.04165242985
v 0.003610249609 -0.004920013249 0.03279818222
v 0.00361043727 -0.005311304238 0.03856068477
v 0.003611078952 0.01342043374 -0.005441233516
v 0.003612090135 -0.006438715383 0.002250673715
v 0.003614509013 0.01319319662 0.001384780742
v 0.003626864403 -0.004967967048 0.0332313776
v 0.003627176629 0.01345539652 -0.005475666374
v 0.003642123891 0.01235628873 0.007738144603
v 0.003646237077 0.01317818835 0.001754033379
v 0.003691817634 0.01359574776 -0.005560125224
v 0.003708386328 0.01314835902 0.001019774703
v 0.003709950484 0.01231814828 -0.004841935821
v 0.003752249293 -0.004421866965 0.03693101183
v 0.003758539911 0.01374062337 -0.005586779211
v 0.003764064284 -0.002749998588 0.04212900251
v 0.003786878893 0.01395000983 0.008307495154
v 0.003787966212 0.01469073072 -0.004961094819
v 0.003788136411 0.01411841251 0.002875960898
v 0.003792698495 -0.002812759019 0.04212421551
v 0.003792745061 0.0141387051 -0.001353478292
v 0.003792793723 0.01428479794 -0.003097635694
v 0.00380016421 0.01310320199 0.002100439044
v 0.003818205558 -0.0009553308482 0.005131863523
v 0.003822265659 -0.002877562772 0.04210892692
v 0.003823142732 -0.006549568381 0.001605753787
v 0.003838554258 -0.002913265256 0.04209567979
v 0.003847848391 0.004399999045 -0.002673098817
v 0.003853635397 -0.005394794978 0.0381853953
v 0.003864724189 0.01243972499 0.007689482532
v 0.003876038827 0.01246700343 0.007681040093
v 0.003877096344 -0.002997740638 0.0420483388
v 0.003882789053 0.01252606139 0.007610407192
v 0.003883550176 0.01249301247 0.007663331926
v 0.003885780461 0.0125135649 0.007638399955
v 0.003886974417 0.01221415773 0.007671454456
v 0.003907525446 -0.0009016015683 0.005179154221
v 0.003911495209 -0.0008992342628 0.0290233884
v 0.003911810927 -0.003073826665 0.04198014364
v 0.003917854279 0.01304323692 0.0007048451807
v 0.003926804755 -0.008194864728 -0.005586777348
v 0.003954281099 -0.003166911658 0.04182898998
v 0.004036341794 0.01298051048 0.002353061456
v 0.004052056465 -0.000511167862 0.03831516579
v 0.004053472076 0.01211025938 0.04194859788
v 0.00405480573 -0.0005094018416 0.03361769021
v 0.004054806195 0.0121094007 0.03361767903
v 0.004056571983 -0.005389022641 0.03777637333
v 0.00405874569 -0.0008224351332 0.005127041135
v 0.004060802516 0.012969031 0.001996863866
v 0.004067582544 -0.001329102437 0.04153649136
v 0.004069714341 -0.004803878255 0.03323138133
v 0.004072792362 -0.003223428736 0.04162899777
v 0.00407561101 0.01296353806 0.001459224382
v 0.004094159231 0.01208393648 0.008373370394
v 0.004094467498 -0.006688980386 -0.005586779676
v 0.004096004181 0.01208273415 0.04197277501
v 0.004107824992 -0.005655948073 0.03515923023
v 0.004108145367 0.0129179908 0.004901448265
v 0.004113684408 0.0129279932 -0.00191052875
v 0.004118032753 0.01293584518 -0.001746671391
v 0.004118032753 0.01293584704 0.004654848948
v 0.004122196697 0.00439999951 -0.002518485533
v 0.004138720687 -0.005935823545 0.03131621704
v 0.004148019012 -0.004501436837 0.03565432504
v 0.004165015649 0.01403341535 -0.005586780608
v 0.004171793815 -0.006091002375 0.02749421075
v 0.00417744508 -0.00666761538 -0.002074281685
v 0.004177791532 -0.005120652728 0.003291497007
v 0.004178181291 -0.004389972426 0.03653405607
v 0.004180564079 0.01379663311 0.008387315087
v 0.004185892642 -0.0007583206752 0.005120047368
v 0.004202370998 0.01288851164 0.0004974138574
v 0.004209149629 0.01288775168 0.002002803842
v 0.004214240238 0.0120774461 0.007534154225
v 0.004223815165 0.01226852555 0.007538225036
v 0.004224256147 0.01288255956 0.0014651682
v 0.004237707239 -0.006206497084 0.02044320665
v 0.004247074481 0.012862904 -0.003086776007
v 0.004247074481 0.01286290493 -0.002044220222
v 0.004247888457 0.01423676964 -0.00553596532
v 0.004268462304 -0.006273962092 0.01737035997
v 0.00428087404 -0.004205510486 0.03693101555
v 0.004297126085 -0.006429714616 0.01463896409
v 0.004308884963 0.004399999045 -0.002264869399
v 0.004313895013 0.01439864282 -0.005393773783
v 0.004323246423 -0.006712335628 0.01223394461
v 0.004339174367 0.01191731635 0.007452667691
v 0.004346272908 -0.007078154478 0.009995638393
v 0.00434801681 0.01448185835 -0.004963858519
v 0.004349683877 0.01448631939 -0.005189230666
v 0.004353696946 0.01449596975 -0.005076275207
v 0.004357101396 0.01279833354 0.002522627125
v 0.004375000484 0.004399999045 -0.001050000545
v 0.004375000484 0.004399999976 -0.001956968801
v 0.004382163752 -0.007814231329 0.00527718477
v 0.004395022057 -0.0006112610572 0.005199823994
v 0.004402165767 -0.008071767166 0.002553516533
v 0.004405981395 0.01226113737 0.007358719129
v 0.004408808425 0.01217849646 0.007424327545
v 0.004413921386 0.01224712096 0.007380641066
v 0.004413921386 0.01224712282 0.007380641066
v 0.004415502306 0.012203319 0.007415542845
v 0.004415502306 0.01220331993 0.007415535394
v 0.00441732211 0.01222717017 0.007400420029
v 0.004424208775 -0.006557948422 -0.005586779211
v 0.004429087043 0.01273094956 0.004901450127
v 0.004433239345 -0.008186913095 -0.0004922983935
v 0.004437074997 0.0127439918 0.004778633825
v 0.004439747892 0.01274835505 0.004654848482
v 0.004445491824 -0.0006365639856 0.005099569913
v 0.004455942661 0.0127136223 0.004905574489
v 0.004455943592 0.01271362416 0.004905574955
v 0.004456967115 0.006449999288 -0.004630515352
v 0.004456967581 0.01183203422 -0.004630513955
v 0.004461465869 0.0127350064 -0.003086781129
v 0.004480615724 -0.008106806315 -0.00389304501
v 0.004482302349 -0.005590381101 0.00290623121
v 0.004504936747 0.01267666928 0.004938400816
v 0.004509723745 0.01256436668 0.005492375698
v 0.004525258671 0.01211694628 0.007337972987
v 0.004526617937 0.01177994348 0.007315167692
v 0.004530359525 0.0126920687 0.0003966732183
v 0.004530836362 0.01211374253 0.00733348215
v 0.004544360563 -0.0005924174329 0.005090528633
v 0.004544374067 0.01263908762 0.005002575461
v 0.004573763814 -0.001148402574 0.04132686555
v 0.004585716408 0.01239731349 0.006083297078
v 0.004586153198 0.01258282643 0.005151215009
v 0.004587959964 -0.004178056028 0.03667878732
v 0.004592888523 0.01172919758 0.04221667722
v 0.004612936638 0.01247664448 0.005596330855
v 0.004612936638 0.01247664634 0.005596330855
v 0.004624577239 0.0117045138 -0.004572473466
v 0.004625488073 0.004400000442 0.00035221281
v 0.004645404406 -0.004625425674 0.03900739551
v 0.004645808134 0.01168782264 0.00849661883
v 0.004645808134 0.01168782357 0.02661768347
v 0.004645808134 0.0116878245 0.03361768275
v 0.004661226645 0.01359882392 0.008204125799
v 0.004665588029 0.01376848388 0.002883032896
v 0.004699737299 0.01254238747 0.004903746303
v 0.004718770273 0.01254052948 0.004732913338
v 0.004722160287 -0.005910855252 0.002357081044
v 0.004723719321 -0.0003246780834 0.005448484328
v 0.00473630894 0.01255803555 0.002579442458
v 0.004737316631 0.01203239802 0.007111009676
v 0.004737528041 0.01199795585 0.007137261797
v 0.004739307333 0.01201600209 0.007125206292
v 0.004749738611 -0.0003043059842 0.0290233884
v 0.004766907543 9.785056136e-06 0.03873423859
v 0.004781484138 0.01252655406 0.002577221487
v 0.004793263972 0.01199301798 0.007030824665
v 0.004799187649 -0.004474612884 0.03295757994
v 0.004822311457 0.01240861788 0.005070663989
v 0.004829149228 0.01189939491 0.00703479629
v 0.00483271433 0.01176012866 0.007026254665
v 0.004833901301 0.01349463128 0.008557961322
v 0.004835673608 0.01218497567 0.006096256897
v 0.004836816806 -0.002726024715 0.04178155214
v 0.004838177469 -0.002037415048 0.04199757054
v 0.004858432338 0.01151363458 0.006971633062
v 0.004874438979 -0.002012442099 0.04198805988
v 0.004890838172 -0.0002165100013 0.005317043513
v 0.004896127153 -0.0004411445116 0.005054209847
v 0.004900997039 -0.0046857954 0.03861646354
v 0.004901949782 0.01147634443 0.006670318078
v 0.004905981012 0.0124313226 0.002560796449
v 0.004907855298 0.0001287598861 0.003950002603
v 0.004907855298 0.0001287602063 0.02661768906
v 0.00490785623 0.0001287611231 0.02661768906
v 0.00490785623 0.0001287614141 0.03361768275
v 0.004916015547 -0.002084133914 0.0420085229
v 0.004919314291 0.01242602244 0.002031265991
v 0.004922667053 0.01180918422 0.006908747368
v 0.004925194662 0.01242766157 0.000401921192
v 0.004936003592 0.01242137793 0.001493745716
v 0.004941942636 -0.0002614296682 0.005180819426
v 0.0049427622 0.01343754493 0.008598251268
v 0.004944224376 -0.007799494546 -0.005586778279
v 0.004948101006 0.01228928193 0.004900896456
v 0.004948326387 0.01221219171 0.005407632794
v 0.004955009092 0.01246597245 -0.005111662205
v 0.004958458245 -0.002163335448 0.0420146659
v 0.004972427152 0.01180410478 0.006798012182
v 0.004975761287 0.01175089274 0.006826863158
v 0.004979365971 0.01249980647 -0.005286926404
v 0.00498022791 0.01176208816 0.006817439105
v 0.004981484264 0.01177455299 0.006808889564
v 0.004998168442 -0.002243756782 0.0420050025
v 0.004999300931 -0.002727564191 0.04162899032
v 0.005016312469 -0.0003367562604 0.005071411375
v 0.005024490412 -0.0050744256 0.03472081572
v 0.005031802226 0.0133892931 0.008633919992
v 0.005033799913 -0.00232281792 0.04197961092
v 0.005039919633 0.012584107 -0.005439883564
v 0.005040936172 0.01191896666 0.006077796221
v 0.005041602533 0.01135267876 0.00863799639
v 0.00504292082 0.0123418197 0.0004323133035
v 0.005043572746 0.01135088876 0.006688016467
v 0.005053848494 -0.0003737320658 0.005036437418
v 0.005062184297 -0.005317543633 0.03089519031
v 0.005062414333 0.01261539944 -0.005474614911
v 0.005076792557 0.01132052392 0.04238274693
v 0.005077459849 0.01131990924 -0.004350786563
v 0.005078090355 -0.00454272097 0.003407995682
v 0.005080096889 0.01203194913 0.005371744279
v 0.005088391248 -0.00246672146 0.04188542813
v 0.005089574493 -0.004198079463 0.003554948606
v 0.005094827618 0.01205121726 0.00511035556
v 0.005102020223 0.01148576569 0.006585150957
v 0.005103069823 -0.005451453384 0.02712451108
v 0.005103192758 -0.004655604251 0.03819031268
v 0.005125266965 -0.003238441888 0.003953730687
v 0.005125582218 0.01222192869 0.002494958695
v 0.005129484925 0.01153539121 0.006521030795
v 0.005134276114 0.01196572278 0.005195363425
v 0.005143594462 0.01125833578 0.0329757221
v 0.005143594462 0.01125833578 0.03361769393
v 0.005143594462 0.01125833672 0.03608067706
v 0.00514386408 0.01125808246 0.006471319124
v 0.005149030127 0.01149972621 0.006470135413
v 0.005151006393 0.01151370723 0.006460551638
v 0.005152933765 0.01274125464 -0.005559869576
v 0.005171122495 0.01224607229 -0.00204422255
v 0.005180595443 0.01145968679 0.006364694797
v 0.005181580316 -0.003978209104 0.03243260458
v 0.005181756336 0.01183663495 0.005332845263
v 0.005181977525 0.01161487773 0.006048162468
v 0.005184469279 -0.005575761665 0.02021541446
v 0.005194926169 -0.001502562547 0.00461426843
v 0.005195044912 -0.006204316393 -0.005586779211
v 0.005198205356 -0.004225959536 0.03279883787
v 0.005201272666 0.01120340172 0.006303696893
v 0.005216404796 -0.005842899438 0.001748207025
v 0.00522162253 -0.003894974943 0.03558630869
v 0.005222104024 -0.005668513477 0.01721303724
v 0.005231730174 0.01130521856 0.006174767856
v 0.005233726464 0.01147247851 0.03293373063
v 0.005238696933 0.01158792712 0.005624528043
v 0.005241967272 -0.000292184297 0.00501523586
v 0.005245329812 0.01122751459 0.006105220877
v 0.005245851353 0.01123026013 0.006102350075
v 0.005246122833 0.01123300288 0.006099441089
v 0.005246480927 0.01287132315 -0.005586777814
v 0.005252828356 0.01149689872 0.03596030548
v 0.00525283115 0.01149689686 0.03596030548
v 0.005256972741 0.01114922762 0.006025474053
v 0.005257012788 -0.005855994299 0.01454500295
v 0.005270713009 0.01113589853 0.005900440738
v 0.005283521488 0.01112300716 0.005783942062
v 0.005288752727 -0.006171157118 0.01219272148
v 0.005293121096 -0.003692697734 0.03693101555
v 0.005316867027 -0.006565526128 0.009997271001
v 0.005334669724 0.01107174531 0.005317898467
v 0.00534596853 0.00439999951 0.001580980956
v 0.005348979961 0.0120943822 -0.001910529099
v 0.005354635417 0.01210135501 -0.001746673719
v 0.005360469222 0.0002277192252 0.005328065716
v 0.005361972377 -0.007330285385 0.005341854412
v 0.005372584332 0.01203012653 0.0006038084975
v 0.005374556873 0.01113835908 0.004932537209
v 0.005387323909 -0.007590793073 0.002643811516
v 0.005392109975 0.0001822515769 0.0052033104
v 0.005409023259 -0.004070736002 0.03271303326
v 0.005410314072 0.0120545933 -0.00174068776
v 0.005410912447 0.0116227651 0.03284301981
v 0.005415065214 -0.00164743897 0.04180127382
v 0.005416011903 0.01180001162 0.002512837062
v 0.005422663409 0.0006188105908 0.03910888359
v 0.005424870178 0.01184523944 0.00205169525
v 0.005425652955 -0.007710444275 -0.0003754054196
v 0.005430393387 0.01180001907 0.002308952156
v 0.005430630874 -0.0008685843204 0.04080743715
v 0.005444209557 0.01163812727 0.03589138761
v 0.005444210488 0.01163812727 0.03589138761
v 0.005447662435 0.0001154318888 0.005098093301
v 0.005448220298 -0.004970325623 0.003031227505
v 0.005454333965 0.01114353351 0.004171388224
v 0.005455712788 0.01112031844 0.00417412119
v 0.0054559852 0.01185555384 0.001514714095
v 0.005461878609 -0.001717459643 0.04183727503
v 0.00546337897 -3.94163435e-05 0.005022134166
v 0.005481198896 0.006449999288 -0.004053283017
v 0.005481198896 0.01091922261 -0.004053281154
v 0.005482901819 -0.007640978321 -0.003746313741
v 0.00548732467 0.01316780597 0.008100052364
v 0.0054966514 0.01333698537 0.002896338468
v 0.005498763639 0.0003996486194 0.0290233884
v 0.005501095671 -0.004884151276 0.003074900713
v 0.005503355525 0.01335341297 -0.005586776882
v 0.005507309455 0.01391808316 -0.004972085822
v 0.005509451497 -0.001798707526 0.04185858741
v 0.005510278977 0.01336012315 -0.001338326139
v 0.005512671545 0.01351202279 -0.00311004417
v 0.005527425092 0.01157665718 0.002358791186
v 0.005531820934 0.01180001069 0.0007514763856
v 0.005541105289 0.01192587055 -0.00187180948
v 0.005545101129 0.01180004887 0.0005279468023
v 0.005547417328 0.0108473897 0.003456813516
v 0.005553529598 -0.001884591882 0.04186238348
v 0.005562176928 0.0004690944625 0.005424911156
v 0.005565835629 0.01306785922 0.008903745562
v 0.005566454958 0.01082638744 0.003295366885
v 0.00556924101 0.01082330011 0.008905805647
v 0.005592401605 -0.001972026657 0.04184821621
v 0.005599698052 -0.003415376181 0.03706886992
v 0.005602610763 0.01114962529 0.002701010788
v 0.00561467791 -0.003830955364 0.03944113478
v 0.005618468858 0.01353768632 -0.005537165329
v 0.005619333126 0.01076720096 0.03272140399
v 0.00563438097 0.01108831633 0.002466258826
v 0.005636892281 0.01167674642 0.03271036595
v 0.005636892281 0.01167674642 0.03587283194
v 0.005645523313 0.01115240529 0.002270119265
v 0.005649040919 -0.002138636075 0.04176881537
v 0.005662302487 0.01113448013 0.002123757731
v 0.005665098317 0.0008850575541 0.03924059123
v 0.00566812139 0.0008885444258 0.03361769021
v 0.00566812139 0.01071145572 0.04245717451
v 0.005668483209 0.01112064626 0.00208259467
v 0.005672174506 0.01070677396 0.03637833893
v 0.005678941496 0.01177159697 -0.001766472589
v 0.005683995783 -0.002270330209 0.04162899777
v 0.005699824542 -0.005895457231 -0.001918620896
v 0.005704810843 0.01173604373 -0.001737534185
v 0.005710672587 0.01368524134 -0.005398064852
v 0.005711098202 0.01179550216 -0.003086778568
v 0.005727184936 0.01134249382 0.0009122410556
v 0.005730628502 0.01169862133 -0.001707884134
v 0.005738639273 0.01113095228 0.001333180233
v 0.005739768501 -0.005257619079 0.002488767263
v 0.005743545014 -0.004450770095 0.003196496982
v 0.005761543289 0.01376645174 -0.004974449519
v 0.005761738867 0.01376694813 -0.005197206978
v 0.005764488131 0.01113389898 0.00105794135
v 0.005764990114 -0.005897015799 -0.005586782005
v 0.005768292118 0.01377733331 -0.005085810088
v 0.005771365017 0.01115705539 0.0009355463553
v 0.005775326397 0.01115882397 0.0008902436239
v 0.005779951345 0.01057934668 0.001532217604
v 0.005788621958 0.0007083579549 0.005235993769
v 0.005797642749 0.01116070058 0.0006508029182
v 0.005802338012 -0.0007830096874 0.04049087688
v 0.005804543849 0.000662192353 0.00512754824
v 0.005804853048 0.01112516131 0.0006555470172
v 0.00581080839 0.01156480983 -0.001588905696
v 0.0058203144 -0.001415812061 0.004375769757
v 0.005822690204 -0.005820489023 -0.001895983354
v 0.005841835402 0.0006022165762 0.005031881388
v 0.005858937278 0.0001856609742 0.004880298395
v 0.005866339896 0.01144738123 -0.001461532316
v 0.005867630243 -0.004406811204 0.03425094858
v 0.005868516862 0.0105883358 0.0006600249908
v 0.005872664042 -0.007304335013 -0.005586781073
v 0.005877729971 -0.003867698368 0.03903179243
v 0.005879372358 0.01045649778 0.04243253171
v 0.00588884484 0.01044451259 0.0003987051605
v 0.005901535973 0.0104972804 0.0002762983495
v 0.005906886421 0.01116654184 -0.0005871646572
v 0.005910974462 -0.003085205099 0.03725034371
v 0.005911503453 -0.004612036981 0.0304422956
v 0.005919074174 -0.005371433683 0.001843250007
v 0.005928831175 0.01089541428 -0.0002151980443
v 0.005932744127 -0.003595312359 0.03249686584
v 0.005945435725 0.01072255801 -0.0002287795214
v 0.005947846454 0.01116899308 -0.001077692956
v 0.005948466714 -0.001320418552 0.04152922705
v 0.005956157576 0.01081138756 -0.0004160981625
v 0.005959897768 -0.004724175204 0.02672265843
v 0.005960719194 0.01035190281 0.0365845561
v 0.005965654273 0.01147276908 -0.001707879594
v 0.005983659066 -0.001300728647 0.04150851443
v 0.00599823473 -0.00138422288 0.04158107191
v 0.006002405658 0.01167674642 0.03587283567
v 0.006006824784 0.01151398756 -0.003086779499
v 0.006006824784 0.01151398756 -0.002044216031
v 0.006009119097 0.0102878157 -0.003425299888
v 0.006009131204 0.01028779894 0.0004158292431
v 0.006024952512 0.01274109539 0.009226635098
v 0.006026182789 -0.004990179092 0.002539560664
v 0.006035573781 0.01025217213 0.0266176872
v 0.006035573781 0.01025217306 0.0092353113
v 0.006040330976 0.01024571806 0.03241876513
v 0.006048631389 -0.00146311603 0.04161950946
v 0.006050421856 -0.002916266676 0.03735067695
v 0.006056122482 -0.004855277017 0.01995726861
v 0.006072759628 -0.003813955234 0.0385858044
v 0.00609241426 -0.003420073772 0.03243260086
v 0.006094968412 -0.001550668385 0.04164012149
v 0.006099275313 0.000838677166 0.004874281585
v 0.006100096274 -0.004970803391 0.01702804118
v 0.0061189509 -0.003042950295 0.03549076244
v 0.006135271396 -0.001643496333 0.04164175689
v 0.006137295626 0.01011086814 -0.00319324038
v 0.006139894947 -0.0007499977364 0.04012899846
v 0.006140635349 -0.005186102819 0.0144273825
v 0.006144500803 0.001199407154 0.02902338654
v 0.006161556579 0.0100761205 0.000438983232
v 0.006163603626 -0.00559486635 -0.005586780608
v 0.006167189218 0.01140642911 -0.005107145756
v 0.006167910993 -0.001737883314 0.04162432998
v 0.006168007851 0.001163414912 0.004954346456
v 0.006177387666 -0.005528458394 0.01213305537
v 0.006178169977 0.006449999288 -0.003106461139
v 0.006178169977 0.01003804803 -0.00310645788
v 0.006178573705 0.01005149819 0.04232238233
v 0.006180044729 -0.002745118458 0.03745678067
v 0.006186516024 0.01135652233 0.00936544314
v 0.006186516024 0.01135652233 0.03229254857
v 0.006188882049 0.001563523314 0.03950080276
v 0.006191576365 -0.001829814864 0.04158867523
v 0.006196680013 0.0114342887 -0.005283762701
v 0.006205250509 -0.001915484434 0.04153620079
v 0.006210145541 -0.005945366342 0.009985787794
v 0.006215217058 -0.005501186475 -0.00191349315
v 0.006215584464 0.01167674456 0.03584587574
v 0.006224961951 0.001048414968 0.004802747164
v 0.006238738075 -0.006366783287 0.007796167862
v 0.006251609419 0.01146772224 0.03597476333
v 0.006255523767 0.01265630499 0.008003391325
v 0.00626462698 -0.006728485692 0.005400077906
v 0.006271797232 0.01150544453 -0.005438228138
v 0.006272049155 0.01282252558 0.002917565405
v 0.006273662671 -0.005055311136 0.001794908196
v 0.006278339773 -0.004478979856 0.002688495442
v 0.006286584772 0.001410186989 0.005041263998
v 0.006286981981 -0.004273058381 0.002787734149
v 0.006295561325 -0.006988631096 0.002730681794
v 0.006299835164 0.01153198723 -0.005473329686
v 0.006305798423 0.001739592524 0.003950000741
v 0.006305798423 0.001739592873 0.0266176872
v 0.006305798423 0.001739593456 0.03361768648
v 0.006318459287 0.01111650094 0.009490636177
v 0.006325019524 -0.001263208804 0.003956371453
v 0.006328426767 0.009825048968 0.009500567801
v 0.006340801716 -0.007110754028 -0.0002554916427
v 0.006344031543 0.0003120143956 0.004452971276
v 0.006351078395 -0.004948513582 0.00185672869
v 0.006362597458 0.00956677366 -0.002544816583
v 0.006364977919 0.01104464848 0.03212039545
v 0.006365107372 0.01167674642 0.03577942774
v 0.006373050623 0.00975401327 0.0321120806
v 0.006378103513 0.01156514417 0.03588950634
v 0.006406609435 -0.007051094901 -0.003584941151
v 0.006412924733 0.01163899247 -0.005559551995
v 0.00642499933 0.004320770502 0.003181342501
v 0.006424999796 0.004095638171 0.003509630915
v 0.006424999796 0.00439999951 0.002791241976
v 0.006424999796 0.004399999976 0.002471714746
v 0.006424999796 0.005125321448 0.002748302417
v 0.006424999796 0.005905983504 0.0005222637556
v 0.006424999796 0.006385282148 -0.0005371067091
v 0.006424999796 0.00907351356 -0.001956968801
v 0.006425000262 0.003760276129 0.003724084701
v 0.006425000262 0.004396873992 0.003396561369
v 0.006425000262 0.006305685733 -0.0002766424732
v 0.006425000262 0.006449999288 -0.001956972294
v 0.006425000262 0.006449999288 -0.001049996587
v 0.006425206084 -0.006929575931 -0.005586776417
v 0.006435012911 0.009652351961 0.04211279377
v 0.006445727777 0.01093141828 0.009622946382
v 0.006445727777 0.01093141828 0.0320350416
v 0.006446034648 0.01167674642 0.03570633009
v 0.006447957363 -0.005247732159 -0.005586782936
v 0.006469836924 0.001655908534 0.004672163632
v 0.006482575554 -0.001056061359 0.04119462892
v 0.006488729734 0.01124984398 0.036085058
v 0.006488776766 0.01162104774 0.03575584665
v 0.006491950247 0.001744338544 0.004801510368
v 0.006497630384 -0.002929813694 0.03986888751
v 0.006498721894 -0.005164579488 -0.005584217608
v 0.006500652991 0.01167674549 0.03560922667
v 0.006506282836 -0.0007499971543 0.03967770189
v 0.006515402813 -0.005094253924 -0.00193585339
v 0.006519234739 0.01167674549 0.03549950942
v 0.006523412652 0.01167674456 0.03372335806
v 0.006523413584 0.01167674642 0.03372335806
v 0.006528429687 -0.002826498356 0.03220401332
v 0.006528833415 0.01231522765 0.009716301225
v 0.006529965904 0.01174974348 -0.005586780608
v 0.006530657411 0.01167674549 0.03193956986
v 0.00653200224 -0.001109824399 0.04126157612
v 0.006542753894 -0.004665501881 0.001735305879
v 0.006557917222 -0.002142468002 0.03786154836
v 0.006558270659 0.001686789561 0.004463459831
v 0.006568457 0.01162677072 0.03559012339
v 0.006576051004 -0.001712349243 0.04139756039
v 0.006580218673 0.01172285993 0.02298675105
v 0.006581920199 -0.001182160224 0.04131782055
v 0.0065869838 0.01161614712 0.03552752361
v 0.006586985663 0.01161614899 0.03552752361
v 0.006592541002 0.009376089089 0.03721425682
v 0.006601504516 -0.004437536467 0.002009301446
v 0.006602196954 0.01132914983 0.03601713479
v 0.006602809764 0.009357091039 -0.002294928301
v 0.006602810696 0.009357091039 -0.002294928301
v 0.006613411009 0.009337341413 0.0005199958687
v 0.006622537039 -0.003668846097 0.03377372399
v 0.006627561525 -0.001267260057 0.04135731608
v 0.00663563516 0.001856911113 0.004321504384
v 0.006637910847 0.002308847615 0.03967564553
v 0.006641363259 -0.004030840471 0.002230596729
v 0.00664812373 0.01178604737 0.01639337651
v 0.006651786156 -0.001061600051 0.003402276663
v 0.006657005288 0.0004765414342 0.003896842944
v 0.006659379695 0.002049996983 0.00449417159
v 0.006666847505 -0.001361701521 0.04137802869
v 0.006674821023 0.002079947619 0.02902338654
v 0.006679962855 0.002090034541 0.004442196339
v 0.006681023166 -0.00474466756 -0.005586780608
v 0.006684923079 0.01245547645 -0.005586783402
v 0.006689222995 0.001979785739 0.004182975739
v 0.006691678427 0.002079905244 0.004248448648
v 0.006693709642 0.01064366195 -0.001707885531
v 0.006694642361 0.01182933152 0.01439558621
v 0.006698740646 -0.004681818187 -0.005569329485
v 0.006703120191 -0.00462490553 -0.001961651258
v 0.006703286897 -0.002522693248 0.03207378089
v 0.006704901811 0.01137931645 0.03591377288
v 0.006710241083 -0.004223580007 0.001667737844
v 0.00672153756 0.002172658918 0.004317893181
v 0.006727228872 -0.001860876568 0.03157545254
v 0.006727387663 -0.003929012455 0.02630688995
v 0.006739904173 0.01067915838 -0.002044221386
v 0.006744192913 0.00210824958 0.003950804472
v 0.006753674243 0.01188425999 0.01268494222
v 0.006758420728 0.002548269928 0.003949999809
v 0.00676697772 -0.00260518305 0.04001568258
v 0.006767000072 -0.004196943715 -0.005586782005
v 0.006767416373 -0.004163508769 -0.005586781073
v 0.006767522078 0.01064301841 -0.003086781595
v 0.006767553277 0.01070141234 -0.00510428939
v 0.006767553743 0.01149173453 -0.005586776882
v 0.006767554674 -0.001677309279 -0.00408791285
v 0.006767554674 0.002155955182 0.001015604357
v 0.00676755514 -0.003754982259 0.001596080954
v 0.00676755514 -0.003412136342 0.001744237379
v 0.00676755514 -0.001766607282 -0.005586776882
v 0.00676755514 -0.001344121876 -0.003216495737
v 0.00676755514 -0.0008345028036 0.002778220456
v 0.00676755514 0.0003502643376 -0.001524387742
v 0.00676755514 0.0006609148113 0.003273909912
v 0.00676755514 0.001211674651 -0.0002085204906
v 0.00676755514 0.002155955648 0.003656064626
v 0.006767555606 -0.003083307995 0.03888060898
v 0.006767555606 -0.001799575752 -0.00501281023
v 0.006767555606 -0.0008181386511 -0.002445968566
v 0.006767555606 -0.0001279727439 -0.001818234334
v 0.006767556071 -0.004163697828 -0.005553351715
v 0.006767556071 -0.00413007196 -0.005586780142
v 0.006767556071 -0.00412351219 -0.001989229117
v 0.006776283495 -0.002930743154 0.03944042325
v 0.006777102128 0.01053327881 -0.001707883202
v 0.006778046023 -0.001999812201 0.03537376598
v 0.006779132877 0.002262934344 0.003656068351
v 0.006786908954 0.01139514428 0.03578424826
v 0.006791932043 0.001337373396 -0.0002968437038
v 0.006794781424 0.002324657049 0.003959127702
v 0.006795761175 0.000466907688 -0.001650584047
v 0.006796173751 -0.001598409377 -0.005586778745
v 0.006798459217 -0.0006875600666 -0.002559540095
v 0.006798459217 -2.725464947e-05 -0.001958964393
v 0.006798459683 -0.001626535668 -0.005015327595
v 0.006798459683 -0.001509558642 -0.004130449612
v 0.006798459683 -0.001190786483 -0.003296731506
v 0.006810500287 0.0002168948704 0.03017801791
v 0.006813332904 0.002364957705 0.0009381079581
v 0.006813332904 0.002364958636 0.003656066256
v 0.00682167802 0.002683155704 0.03972322494
v 0.006822239608 0.002684387146 0.03361768275
v 0.006822240073 0.008915613405 0.04161256924
v 0.006826414727 0.008906455711 0.03755227849
v 0.006827133242 0.0006069515366 0.02994936705
v 0.006830126978 0.01261208486 -0.00553888781
v 0.006837644149 -0.004063438158 0.01967616938
v 0.006838231813 0.002419646364 0.0009289978188
v 0.006840828806 0.01137564518 0.03564111516
v 0.006848042365 -0.001506747212 0.03833436221
v 0.006861529779 0.01198461931 0.01016101893
v 0.006861942355 0.001451022807 -0.0003766904701
v 0.006865344476 0.01032307092 0.01016694587
v 0.006868178956 0.000561992696 -0.001754260156
v 0.006872684229 0.0005817519268 -0.001733362442
v 0.006872692611 0.0005817456986 -0.001733355457
v 0.006873867474 0.01030945778 0.03147771582
v 0.006876482628 0.0005970667698 -0.001717707491
v 0.006878898479 -0.001449173666 -0.005586776417
v 0.006881013047 0.001926227706 0.02928148955
v 0.006883359514 0.0006225031684 -0.001692558406
v 0.006883906201 -0.0007499982021 0.03919964656
v 0.006887309719 -0.004196258727 0.01681802236
v 0.006903938483 0.002569876844 0.02902338468
v 0.006905990653 0.01147302613 0.01975427009
v 0.006913966034 -0.001409820863 -0.005586779676
v 0.006914001424 -0.0013346005 -0.004174804781
v 0.006914001424 -0.001030862448 -0.003380417824
v 0.00691400189 -0.001446060021 -0.005017952994
v 0.00691400189 -0.0005513707874 -0.002677986166
v 0.00691400189 7.779167936e-05 -0.002105736174
v 0.006914118305 0.0005774655147 -0.001805564039
v 0.006920601707 0.01150105521 0.01769420505
v 0.006929871626 0.002631748328 0.02902254649
v 0.006932742428 -0.0044314689 0.01428508665
v 0.006942790467 0.01166820899 0.01323720999
v 0.006947445683 0.01273861807 -0.005404369906
v 0.0069488585 -0.001473538578 0.0412526913
v 0.006957728881 0.008599999361 0.01031799521
v 0.006957728881 0.008599999361 0.02661768906
v 0.006957728881 0.008599999361 0.03133999184
v 0.006962888874 0.01214777958 0.006269810721
v 0.006968560163 -0.002841908019 0.03897307441
v 0.006969046313 -0.001914755441 0.03185341507
v 0.006969318725 0.003028971609 0.003915481269
v 0.006973776966 -0.004791078158 0.01205155812
v 0.006976192351 0.008553676307 -0.001337451744
v 0.006976223085 0.008553598076 0.0006062693428
v 0.006979318801 0.0006123646745 -0.001839326695
v 0.006982501131 0.01222371869 0.002948424546
v 0.006987718865 0.0003005281033 0.03031022102
v 0.006992120296 -0.0007499978528 0.03903768584
v 0.006992120296 -0.0007499931962 0.03903768584
v 0.00699986564 0.0005931634223 -0.001874451875
v 0.007002525032 0.01223738119 0.0001616814698
v 0.007006207947 -0.001336324494 -0.005586776882
v 0.007010644302 -0.00522000622 0.00995627977
v 0.007011339534 0.01224627066 -0.001042600838
v 0.007014531177 0.01281097252 -0.005209078547
v 0.007018492557 0.01281524543 -0.004990353715
v 0.007019251119 0.01233359426 -0.002530028112
v 0.007024727296 0.01282197051 -0.005100043491
v 0.007043665275 -0.005646232516 0.007808369119
v 0.007056547794 0.00834069401 0.03799247369
v 0.007070700638 -0.0008680776809 0.04081881419
v 0.007074695081 -0.006005072501 0.005444263574
v 0.007075084839 -0.0009187436663 0.04092385992
v 0.007083052769 -0.0007499969797 0.03885224089
v 0.007085154764 0.008259792812 0.0006387048052
v 0.007094449829 -0.001293047797 -0.005586778279
v 0.007094496395 -0.001330530155 -0.005019630771
v 0.007094496395 -0.001222601626 -0.004203207325
v 0.007094496395 -0.0009284887929 -0.003433984471
v 0.007094496395 -0.0004641894484 -0.002753815847
v 0.007094496861 0.0001450373966 -0.002199696377
v 0.00709754508 0.003376188455 0.03974333405
v 0.007106904872 0.003103775205 0.02908640169
v 0.007110023871 0.0005980735878 -0.001930505852
v 0.00711149117 -0.006260060705 0.002805548953
v 0.007120307069 -0.0009812709177 0.04099689052
v 0.007121717557 -0.0007499977946 0.03742899746
v 0.007126514334 0.0004069837742 0.03047848679
v 0.007144246716 0.001873775618 0.02968190424
v 0.007145846728 -0.0006882807938 0.03693597764
v 0.007154704537 -0.006309649907 -0.005586778279
v 0.007155756 0.003253859002 0.02913623489
v 0.007156152278 -0.000825106923 0.03524201736
v 0.007156859618 0.0101431692 -0.005102132447
v 0.007158951368 -0.0006383654545 0.03677015379
v 0.007161510643 -0.001060025534 0.0410551466
v 0.007161790039 -0.001194519806 0.03167655319
v 0.007162516937 -0.001273067901 -0.005586776882
v 0.007163233589 -0.006381514948 -0.0001409342658
v 0.00717772264 0.007974925451 0.04097384587
v 0.00719055254 0.003367878962 0.02919302322
v 0.007192996796 0.01016628556 -0.005288587417
v 0.007193781435 0.003678795649 0.003754353151
v 0.007193781435 0.003678795882 0.03361769021
v 0.007193781435 0.003678796114 0.02661768347
v 0.007193781435 0.003678797046 0.02661768347
v 0.007195516955 0.008600001223 0.01079825964
v 0.007195516955 0.009748186916 0.0107982615
v 0.007196745835 -0.001151809818 0.04109564051
v 0.007201589644 -0.000415640854 0.03632191569
v 0.00720742764 0.009725357406 0.01124796923
v 0.00720757246 0.009725077078 0.03083029389
v 0.007207572926 0.008600000292 0.03083029389
v 0.007211127318 0.009718229994 0.03040335327
v 0.007214905228 -0.0003170141717 0.03618623316
v 0.007216660772 -0.002524443669 0.03909258544
v 0.007222952321 0.003480358981 0.0292846933
v 0.007224447094 -0.001252589398 0.04111657664
v 0.007236022502 -0.006329661701 -0.003415489569
v 0.007237592712 0.003533473238 0.0293695163
v 0.007240831386 3.401797221e-05 0.03584110737
v 0.007241276558 -0.0004285475879 0.03154159337
v 0.007242723368 9.254452016e-05 0.03513911366
v 0.007242723368 0.001250001718 0.03542900085
v 0.007242723368 0.002066462068 0.03006957844
v 0.007242723368 0.00355245173 0.02946902439
v 0.007242723368 0.003552452195 0.03576027602
v 0.007242723834 0.0001250834612 0.0354289934
v 0.007242723834 0.001545058563 0.03034356236
v 0.007242723834 0.002450002125 0.03542899713
v 0.007242723834 0.003215369303 0.03558123112
v 0.007242723834 0.003285940737 0.02955571748
v 0.007242724299 -0.0003109407553 0.03152278811
v 0.007242724299 0.0001612797059 0.03575129062
v 0.007242724299 0.0004846352676 0.03558123484
v 0.007242724299 0.000657087483 0.03087374941
v 0.007259000093 -0.001928706188 0.04031405598
v 0.007263400592 0.007668958511 -0.0002830889716
v 0.007263738196 0.001447652001 -0.00136069057
v 0.007267554756 -0.001299628988 -0.005020082463
v 0.007267554756 -0.001192645286 -0.004210801795
v 0.007267554756 -0.0009011065704 -0.003448310541
v 0.007267554756 0.0005814813776 -0.001967714168
v 0.007267555222 -0.0004408711684 -0.002774099354
v 0.007267555222 -0.0001204723521 -0.002450817963
v 0.007267555222 0.0001630238548 -0.002224829048
v 0.007267555688 -0.001261787722 -0.005586779211
v 0.007275687065 -0.002875850303 0.03331189975
v 0.007284688298 0.01022494119 -0.005445648916
v 0.007297608536 -0.001253382186 0.0410855189
v 0.00730076991 0.007517194841 0.000720896991
v 0.007302812301 0.004091512412 0.03967193514
v 0.007307406515 0.00972667709 -0.001707882388
v 0.007319249678 0.003863365855 0.03601393104
v 0.007334994152 0.001445444184 -0.001480260631
v 0.007342578378 0.007328578271 0.03888222948
v 0.007351717446 0.0040160059 0.03618495911
v 0.007351717446 0.004016006831 0.0009289938025
v 0.007357837167 0.009755845182 -0.002044218127
v 0.007357837167 0.009755847044 -0.003086781362
v 0.007357964292 -0.001216015429 0.04105263948
v 0.007367580663 0.004396873992 0.003396564396
v 0.007391832303 -0.003085128963 0.02589470707
v 0.007400221191 0.004280691501 0.0009289980517
v 0.007403013762 0.004297760315 0.03666363657
v 0.00740416348 0.006995137781 0.04030854255
v 0.007411013357 0.006651900709 0.000928991416
v 0.007413223851 0.009301004931 0.01150033716
v 0.007416915614 0.009292812087 0.03014002182
v 0.007419672329 0.006894742139 0.03919512033
v 0.007419748697 0.01031134278 -0.005549625494
v 0.007423608098 0.006867725402 0.03920931369
v 0.007423660718 0.004732638132 0.03361768648
v 0.007423660718 0.004732639063 0.03961771727
v 0.007423661184 0.006867360324 0.04022529721
v 0.007426135708 0.004450002685 0.03875719011
v 0.007426135708 0.004450003617 0.03742898628
v 0.007432458922 0.00142575975 -0.001577597344
v 0.007437610999 0.006765372586 0.03925859183
v 0.007438886445 0.006755490787 0.0008055421058
v 0.007446239237 0.004603612237 0.03891218081
v 0.007452455815 0.01008738391 0.03674740344
v 0.007452833466 0.01068553701 0.03599177301
v 0.007459421642 0.006279109512 0.0009289949667
v 0.00746959215 0.005125321448 0.002748303348
v 0.007477036677 0.009155966341 0.01190100331
v 0.007478212938 0.009153221734 0.02974590287
v 0.007478835061 0.00606304314 0.0009289921145
v 0.007483842783 0.006292030215 0.03940411285
v 0.007483888883 0.005008675158 0.03919420391
v 0.007484900299 0.0107473135 0.02498423308
v 0.007485815324 0.006261052098 0.03991489857
v 0.007487596478 0.000986557221 -0.001787708607
v 0.007492505945 0.006135182921 0.03942509368
v 0.00749268895 0.0051689432 0.03927031532
v 0.007497454993 0.005604620092 0.0397104919
v 0.007498499006 0.005649981555 0.002123037586
v 0.007498499006 0.005649982486 0.02661768906
v 0.007498499006 0.005649983883 0.03361768275
v 0.007498499006 0.005649983883 0.03941118717
v 0.007499998901 0.008599999361 0.01232899539
v 0.007499998901 0.008600000292 0.02932899632
v 0.007499999367 0.009101910517 0.01232899725
v 0.007499999367 0.009101911448 0.02932899073
v 0.007515185978 -0.003218082944 0.01937954687
v 0.007522265892 0.009506275877 -0.005045970902
v 0.007548821624 0.001389979036 -0.001644921838
v 0.007552430499 0.01079343073 0.01878660731
v 0.007554201875 -0.001882914337 0.03986768797
v 0.007555477321 0.01149740536 -0.005586779211
v 0.007567544933 0.00950294733 -0.005223722197
v 0.007569791749 -0.003359989496 0.01658596285
v 0.007577850949 0.01041248254 -0.005586779676
v 0.007590540685 0.0101379035 0.03668574616
v 0.007594355848 0.01094841864 0.01335631683
v 0.007594997063 0.009316543117 -0.003086776007
v 0.007615072653 0.01129026711 0.00867009256
v 0.00761926733 -0.003603532678 0.01411761343
v 0.007636021357 -0.0008161503938 0.0406133607
v 0.007638222538 -0.001047829865 0.04088078067
v 0.00765267387 0.002354810713 -0.00123957172
v 0.007653028239 0.01148505509 0.003623937489
v 0.007663743105 -0.0039662458 0.01194538828
v 0.007665617391 0.009530898184 -0.005375931039
v 0.007672055624 -0.0008670241223 0.04070024565
v 0.007674955763 0.001340995077 -0.001677337219
v 0.007700304501 0.01151948515 -0.001029932289
v 0.00770409964 -0.004392553121 0.009904368781
v 0.007704853546 -0.0009364069556 0.04077469558
v 0.00771392975 0.01166691724 -0.002990826499
v 0.007714578882 0.01015659794 0.03658748418
v 0.007720408496 0.002327945549 -0.001373579609
v 0.007721425034 0.0116250217 -0.005540686194
v 0.007728395052 -0.000996796065 0.04081790894
v 0.007741387002 -0.004810805432 0.007799779065
v 0.007741443347 -0.001751304721 0.03938103467
v 0.007777919993 -0.005157612264 0.005467382725
v 0.007795755286 -0.005597111303 -0.005586781539
v 0.007796261925 0.008737483993 -0.001707883086
v 0.007804428227 0.009587098844 -0.005481442437
v 0.007811691612 0.01014107093 0.03646209463
v 0.00782088656 -0.005401340779 0.002860430162
v 0.007822074927 0.002287025098 -0.001479617436
v 0.007824905217 0.008853272535 -0.00487961201
v 0.007836265489 -0.0009399783448 0.04073585942
v 0.007850064896 0.00875982549 -0.002044217661
v 0.007856951095 0.01172923576 -0.005411066581
v 0.007862269878 0.00938780047 0.03720689565
v 0.007866070606 0.00856397301 -0.001707884832
v 0.007872494869 0.01009344403 0.03632256389
v 0.007876588032 0.008821424097 -0.005047263578
v 0.007878647186 -0.005517988466 -3.959878813e-05
v 0.007936612703 0.01179046463 -0.005221729167
v 0.00794677157 0.01179824397 -0.005007640924
v 0.007948637009 0.002235742752 -0.001547474996
v 0.007956600748 -0.005470871925 -0.003244257765
v 0.007964752614 0.009663591161 -0.005527372472
v 0.007979670539 0.008818041533 -0.005192416254
v 0.008010340855 0.003275449621 -0.001354958862
v 0.008019263856 0.009994189255 0.02466543019
v 0.008064247668 0.008210305125 -0.004599145614
v 0.00807464309 0.003218263621 -0.001491829171
v 0.008086052723 -0.0008033397608 0.0404834114
v 0.008087373339 -0.002331130905 0.01907523349
v 0.008088151924 0.002178848488 -0.001571352477
v 0.008104952052 0.01003901474 0.01840383373
v 0.008116353303 0.008846078068 0.03759784624
v 0.008119635284 0.008149016649 -0.004754587077
v 0.008122080006 0.00884421356 -0.005296022166
v 0.008146109991 -0.002473734785 0.01633828878
v 0.008151922375 0.007692978717 -0.001707883435
v 0.008158930577 0.01018161327 0.01306754258
v 0.008165529929 0.007860954851 -0.003086778801
v 0.008179210126 0.003153989557 -0.001597030554
v 0.008189594373 0.01048740279 0.008599394001
v 0.008194147609 -0.0007555948687 0.04027852416
v 0.008198741823 -0.002713833237 0.01392971352
v 0.008208180778 0.007708112244 -0.003086776007
v 0.008208180778 0.007708113175 -0.002044220222
v 0.008218899369 -0.0008791096625 0.0397050418
v 0.008226367645 0.008114609867 -0.004890008364
v 0.008236242458 -0.0007499981439 0.04012900218
v 0.008239767514 0.007603523321 -0.004200669006
v 0.008243155666 0.01066047512 0.003676756052
v 0.008245790377 -0.003065365832 0.01181755215
v 0.008263815194 0.01041248441 -0.00558678247
v 0.008273083717 0.008869974874 0.03754444793
v 0.008280334063 -0.00116568536 0.03246223554
v 0.008280452341 -0.0007499984349 0.03975303099
v 0.008285193704 0.008896109648 -0.005345973186
v 0.008288973011 -0.003474370809 0.009831394069
v 0.008296196349 0.007513030898 -0.004341074266
v 0.008305285126 -0.0007499947096 0.03871138394
v 0.008305292577 -0.0007499975036 0.03871138394
v 0.00830702018 0.0106988959 -0.001018915675
v 0.008313721046 0.003089305013 -0.001659119735
v 0.008326210082 0.01085491013 -0.003040820826
v 0.008328161202 -0.004831780214 -0.005586779211
v 0.008330270648 -0.003871962195 0.007770389784
v 0.008333728649 0.004153909627 -0.001707885182
v 0.008336450905 -0.0007499977364 0.03742899746
v 0.008368312381 0.006611009594 -0.001707885182
v 0.008370935917 0.004408936016 -0.00170788134
v 0.00837220531 0.008111916482 -0.004988189321
v 0.008372514509 -0.004197802395 0.005468510557
v 0.008373377845 -0.000692239264 0.0369518213
v 0.008395551704 0.004064552486 -0.00183469872
v 0.008395979181 -0.0006480885786 0.03679871559
v 0.008396069519 0.006376938894 -0.001707884599
v 0.008399374783 0.009138902649 0.0314977318
v 0.008405226283 0.007448834833 -0.00446364237
v 0.008412326686 0.008857927285 0.03745272756
v 0.008414546028 -0.001294443267 0.02511441894
v 0.008421794511 -0.004424436018 0.002893687692
v 0.008426062763 0.006618676707 -0.002044216963
v 0.008441735059 0.005510058254 -0.001707879594
v 0.008443666622 0.01051170751 -0.005542506929
v 0.008448735811 0.004638134502 -0.001922652125
v 0.008459820412 0.006325491704 -0.003086783225
v 0.008463882841 0.003030777443 -0.00167231739
v 0.008464721963 0.009179538116 0.02443621494
v 0.008471681736 0.006193259265 -0.003086781362
v 0.008476613089 0.004869910888 -0.002044220222
v 0.008484983817 -0.004532308318 4.6054618e-05
v 0.008492012508 0.004522066563 -0.002067382447
v 0.008492206223 -0.0004382199259 0.03635665402
v 0.008495968767 0.009905777872 -0.005559287965
v 0.008499993011 0.005510127638 -0.002044217894
v 0.008501850069 0.003976840992 -0.001928824815
v 0.00850913208 0.004749528598 -0.002202760894
v 0.00851734262 0.006085433997 -0.00323672127
v 0.008518162183 0.008810620755 0.03733227775
v 0.008525311947 -0.0003598306212 0.03624222055
v 0.00852684211 0.007622507401 0.03860953078
v 0.00853861589 0.008140636608 -0.005037834402
v 0.008554304019 0.007419439498 -0.004552769009
v 0.008560349233 -0.00141093554 0.01877132803
v 0.008566286415 -0.00448685186 -0.003074819688
v 0.008569643833 0.009220350534 0.01809993573
v 0.008579519577 0.008733875118 0.03719688207
v 0.008591850288 0.01059345808 -0.005417694338
v 0.008595654741 0.007328578271 0.0388822332
v 0.008599760011 0.004415554926 -0.002182493918
v 0.008616343141 0.004642694257 -0.002335633617
v 0.008622378111 -0.001547199674 0.01608348265
v 0.008627633564 0.005998978391 -0.003365043784
v 0.008636613376 0.009344200604 0.01284064539
v 0.00864147488 0.003900583368 -0.001979256747
v 0.008657827973 -1.658255496e-05 0.03588116169
v 0.008677295409 -0.001773974393 0.01372933947
v 0.008678339422 0.00960227102 0.008557378314
v 0.008681653067 0.01064300258 -0.005234336946
v 0.008696858771 0.007624690887 0.03856531903
v 0.00869825203 0.0106521612 -0.005024996586
v 0.00870077312 0.0001054135137 0.03578889742
v 0.008724460378 0.007427773438 -0.00459819939
v 0.008726077154 -0.002102354541 0.0116745783
v 0.008745207451 0.008271562867 0.03153645247
v 0.008757770061 0.004334299825 -0.002250586404
v 0.00877140183 -0.002481802134 0.00974214077
v 0.008782631718 0.004567141179 -0.002420570701
v 0.008787996136 0.005946885794 -0.003452692647
v 0.008798574097 0.003843972925 -0.001981127774
v 0.008816322312 -0.002848233562 0.00772359129
v 0.008819013834 -0.003930305131 -0.005586781539
v 0.008822382428 0.0004845475487 0.03558127955
v 0.008823772892 0.004450003617 0.03875718638
v 0.008824592456 0.008308493532 0.0242923405
v 0.00883055944 0.009786698036 -0.00101188675
v 0.00883831922 0.009624019265 -0.00547340326
v 0.008840943687 0.000547422911 0.03555645794
v 0.008845994249 0.007585683372 0.03848141059
v 0.008856158704 0.009951913729 -0.003107567551
v 0.008864210919 -0.003145859111 0.005450394936
v 0.008880463429 0.0088457698 -0.005329323467
v 0.008892368525 0.0007297706907 0.03549783304
v 0.008919661865 -0.003350785002 0.002907529706
v 0.008920047432 0.006932115182 0.03917460889
v 0.008927030489 0.0006553382264 0.0317155309
v 0.008942466229 0.004289297387 -0.002263010247
v 0.008947576396 0.008621858433 -0.005249782931
v 0.008948800154 0.008342650719 0.01787452027
v 0.00895542372 0.007509439252 0.03836736083
v 0.008970014751 0.005935567431 -0.003487920156
v 0.008975238539 0.004534376785 -0.00244536344
v 0.008987560868 -0.003446783172 0.0001168491435
v 0.008996663615 0.009711959399 -0.005355624948
v 0.009008974768 0.007355756592 0.03165272996
v 0.009012712166 0.007405895274 0.03823757917
v 0.009020026773 0.006774968468 0.03925426304
v 0.0090207709 0.0012500023 0.03542900085
v 0.009029092267 0.008440964855 0.01267487835
v 0.00903737545 0.009065223858 -0.005346680991
v 0.009070551954 -0.00340053672 -0.002909136703
v 0.009072235785 0.0005835180054 0.02442418225
v 0.009082436562 0.008639286272 0.008542546071
v 0.009088858031 0.009783178568 -0.005174125545
v 0.009099737741 -0.001261786907 -0.005586782936
v 0.009102193639 0.007386187091 0.02422956936
v 0.009104119614 -0.001271650894 -0.004642295185
v 0.00912957266 0.006560279522 0.0393374078
v 0.009131201543 0.00792031642 -0.004919435829
v 0.009138574824 0.001847171807 0.03542898968
v 0.009169789031 0.008744113147 0.003810234601
v 0.009170663543 -0.001034431276 -0.003733678255
v 0.00919463858 0.00639686035 0.031835109
v 0.009200301021 0.009157193825 -0.005234435666
v 0.009203769267 -0.0009110330138 -0.003469236661
v 0.009204251692 0.008513656445 -0.005155150313
v 0.009216804989 0.00636410946 0.03921721876
v 0.009228742681 0.002450002823 0.0354289934
v 0.009233662859 0.0004959733924 0.01819704473
v 0.009233905002 -0.002953024115 -0.00558678247
v 0.009237868711 0.007427773438 -0.004598203115
v 0.009244295768 0.00616813777 0.03942175582
v 0.009244716726 0.007411125582 0.01772721484
v 0.00925466232 0.006086268928 0.03942896798
v 0.009263367392 -0.001289815991 -0.005586781539
v 0.009269218892 0.002521694871 0.03107655607
v 0.009269992821 0.008785090409 -0.001011188608
v 0.009273548611 0.009382943623 -0.004870114848
v 0.009282355197 0.002943632193 0.03549086303
v 0.009287231602 -0.0005559301353 -0.002916359575
v 0.009296302684 0.003107117722 0.03554002196
v 0.009299640544 0.0003879996366 0.01558659226
v 0.009300843813 0.006417754572 0.02424365096
v 0.009302707389 0.008959602565 -0.003193537937
v 0.009305012412 0.005597500596 0.03939935565
v 0.009317125194 0.005440814886 0.03936383873
v 0.009317738004 0.009260892868 -0.004836933222
v 0.009319815785 -0.001313622808 -0.005586782005
v 0.009323365986 -0.001323664794 -0.00464331964
v 0.009325343184 0.003554234048 0.03576146439
v 0.00933176931 0.003693326376 0.03586242348
v 0.009338064119 0.007476694416 0.01256950758
v 0.009340101853 0.007985266857 -0.004900788888
v 0.009342323989 0.004971447866 0.03917403519
v 0.009342804551 0.00404320471 0.03621998802
v 0.00934433192 0.004379275255 0.03542900085
v 0.009344637394 0.004139896482 0.0363592878
v 0.009345666505 0.004381379578 0.03617439792
v 0.009346644394 0.004297761712 0.03666362911
v 0.009347022511 0.004820370115 0.03908138722
v 0.009347121231 0.00435263291 0.03681255132
v 0.00934737362 0.004383471794 0.03691742942
v 0.009347897023 0.004433277994 0.03717089817
v 0.009348504245 0.004450003151 0.03742899746
v 0.009350236505 0.004450003151 0.03809491545
v 0.00935180299 0.004450003151 0.03875718266
v 0.009356578812 0.0002098040713 0.01332315709
v 0.009360334836 0.004367858171 0.03055011295
v 0.009370608255 0.008609820157 -0.0050493218
v 0.009377337992 -0.0001188637907 -0.002452477114
v 0.009387545288 -0.001084091142 -0.003727047704
v 0.009408543818 -0.001370286569 -0.005586776417
v 0.009417091496 0.002489006612 0.02386132814
v 0.009420745075 0.0001172554985 -0.002260629321
v 0.009448621422 0.007486542687 -0.004581757355
v 0.009453899227 -0.0003391490609 0.009534118697
v 0.009459688328 0.00643098494 0.01765764318
v 0.009465022944 0.008711287752 -0.004879864398
v 0.009470686316 0.008798851632 -0.00467951363
v 0.009490820579 0.004362605978 0.02385787852
v 0.00949503947 -0.0006076526479 -0.002907651244
v 0.009497870691 -0.001462726621 -0.005586782005
v 0.009501612745 -0.001470093615 -0.004631410353
v 0.009504363872 -0.0006206334219 0.007591517176
v 0.009513390251 0.005864302162 -0.003434893442
v 0.009519280866 -0.001493867254 -0.005586782936
v 0.009544103406 0.0009412296349 -0.001806191169
v 0.009558333084 0.005500075407 -0.003163893009
v 0.009562252089 -0.0008469021996 0.005367621314
v 0.009563673288 -0.001220886363 -0.003687251825
v 0.009565220214 0.006456172559 0.01252379362
v 0.009578085504 -0.00190492312 -0.005586775951
v 0.009583899751 -0.001649701968 -0.005586779211
v 0.009585117921 0.002436217852 0.01772137731
v 0.009585555643 -0.001902775839 -0.004581307527
v 0.009594555944 -0.001679752721 -0.004608935211
v 0.00961891003 0.007591541391 -0.004491168074
v 0.009621696547 7.170369645e-05 -0.002240821021
v 0.009628481232 -0.0009995126165 0.002885897644
v 0.009633313864 0.001859693439 -0.001589458669
v 0.009641219862 0.006497413851 0.008588441648
v 0.009650683962 0.008150102571 -0.004360866733
v 0.009654693305 0.004289298318 -0.002263011411
v 0.009657345712 0.002256982028 -0.001574039925
v 0.009657398798 -0.001616747584 -0.003531808034
v 0.009659213945 -0.001413138234 -0.003616636852
v 0.009664702229 0.004343370441 0.017409008
v 0.009668010287 0.004006782081 -0.002073430689
v 0.009668147191 -0.0007256819517 -0.002841794631
v 0.009677496739 0.002804935677 -0.001625996782
v 0.009677693248 0.003707125783 -0.001912117354
v 0.009681243449 0.003520876402 -0.001830055029
v 0.009703130461 -0.001065992983 0.000217292516
v 0.00970699545 0.002254968975 0.01296302211
v 0.009715206921 0.007722446695 -0.004343808629
v 0.009716001339 -0.001348258811 -0.003010659944
v 0.009717588313 0.005908097606 -0.003412338905
v 0.009720370173 0.007854172029 -0.004168306012
v 0.009739654139 0.0009079108713 -0.00177562004
v 0.009758570231 0.006494435482 0.003967695404
v 0.009767283686 -0.0008868610021 -0.002730968408
v 0.00977568049 -0.001056125737 -0.002599905711
v 0.00977827888 0.004268872552 0.01271901652
v 0.009791688062 -1.960532791e-05 -0.002152754925
v 0.009801538661 0.001904114266 0.0093189748
v 0.00982584618 0.001843711245 -0.00155208318
v 0.009843583219 0.00402810052 -0.002048259601
v 0.009852209128 0.003724018112 -0.001884573605
v 0.009853181429 0.004319995176 -0.00223441585
v 0.009864265099 0.004116697237 0.009135371074
v 0.009869433939 0.002807900077 -0.001587711624
v 0.009885856882 0.005996891297 -0.003322913079
v 0.009892843664 0.006522442214 -0.001038164599
v 0.00989449583 -0.0001397487067 -0.002011862816
v 0.009907183237 0.0008495342918 -0.001671502367
v 0.009913517162 -0.0002642309119 -0.001847705571
v 0.009918724187 0.001576588722 0.005241457373
v 0.009922193363 0.006810275372 -0.003423483111
v 0.009939931333 0.006700314116 -0.003344730241
v 0.009980318137 0.003961949144 0.005094277207
v 0.009987872094 0.006114986725 -0.00318234344
v 0.009992017411 0.001822176971 -0.001439948217
v 0.0100007765 0.004080989864 -0.00196963409
v 0.0100068273 0.006241549272 -0.003015638329
v 0.01000875421 0.003767007729 -0.001801519189
v 0.01001291163 0.0007764045731 -0.001511239563
v 0.01001610234 0.003934860229 0.003931760322
v 0.01001909189 0.004394805059 -0.002144463593
v 0.01003540214 0.002824209165 -0.001476349426
v 0.01004048251 0.0007025023806 -0.001326689031
v 0.01006873604 0.001444794936 0.0002685934305
v 0.01009129174 0.005500001833 -0.002481948351
v 0.01009947062 0.001798897516 -0.001271188143
v 0.01010307483 0.004149599466 -0.001861746889
v 0.01011117082 0.003823224688 -0.001688299119
v 0.01012457535 0.004501431249 -0.00200788863
v 0.01012775674 0.003905990859 0.0002776212932
v 0.01013202686 0.00177804241 -0.001078219386
v 0.01014340669 0.002851356985 -0.001309758984
v 0.01014542114 0.003855428658 -0.001622341806
v 0.01015329361 0.004622229841 -0.001847363892
v 0.01016191486 0.00423935242 -0.001716262195
v 0.01016712096 0.004291010089 -0.001630856656
v 0.0101710232 0.003897190094 -0.001535961172
v 0.01017718203 0.003939971328 -0.001446575508
v 0.01017722487 0.002884071087 -0.00111970224
f 351 349 365
f 365 349 444
f 686 536 506
f 506 536 445
f 506 445 444
f 444 445 381
f 444 381 365
f 923 813 922
f 922 813 754
f 922 754 818
f 818 713 734
f 734 713 689
f 734 689 686
f 686 689 657
f 686 657 536
f 818 754 713
f 713 754 659
f 713 659 538
f 922 968 923
f 923 968 1057
f 923 1057 1015
f 1015 1057 1116
f 1015 1116 1058
f 1058 1116 1117
f 1379 1292 1300
f 1300 1292 1250
f 1300 1250 1158
f 1158 1250 1117
f 1158 1117 1116
f 1843 1844 1797
f 1797 1844 1808
f 1797 1808 1657
f 1657 1808 1666
f 1657 1666 1553
f 1553 1666 1526
f 1553 1526 1428
f 1526 1480 1428
f 1428 1480 1415
f 1428 1415 1379
f 1379 1415 1346
f 1379 1346 1292
f 1844 1843 1922
f 1922 1843 1906
f 2045 2030 1906
f 1906 2030 2009
f 1906 2009 1922
f 2260 2156 2285
f 2285 2156 2234
f 2285 2234 2287
f 1906 1988 2045
f 2045 1988 2049
f 2045 2049 2154
f 2154 2049 2231
f 2049 2156 2231
f 2231 2156 2260
f 2231 2260 2331
f 2331 2260 2431
f 2615 2617 2521
f 2521 2617 2600
f 2600 2582 2521
f 2521 2582 2522
f 2521 2522 2459
f 2459 2522 2433
f 2459 2433 2287
f 2287 2433 2313
f 2287 2313 2285
f 2460 2461 2527
f 2521 2459 2615
f 2615 2459 2460
f 2615 2460 2616
f 2616 2460 2527
f 2261 2164 2333
f 2164 2261 2118
f 2294 2437 2461
f 2461 2437 2526
f 2461 2526 2527
f 2527 2526 2583
f 2527 2583 2616
f 2616 2583 2601
f 2616 2601 2618
f 2162 2069 2090
f 2090 2118 2162
f 2162 2118 2261
f 2162 2261 2235
f 2235 2261 2292
f 2235 2292 2294
f 2294 2292 2314
f 2294 2314 2437
f 2070 2071 2098
f 2090 2069 2070
f 2070 2098 2090
f 2090 2098 2127
f 2090 2127 2118
f 2118 2127 2165
f 2118 2165 2164
f 2173 2271 2226
f 2097 2071 2126
f 2126 2071 2173
f 2126 2173 2165
f 2165 2173 2226
f 2271 2173 2319
f 2319 2173 2222
f 2319 2222 2596
f 2596 2222 2344
f 2596 2344 2662
f 2662 2344 2424
f 2662 2424 2681
f 2681 2424 2484
f 2681 2484 2748
f 2748 2484 2570
f 2748 2570 2756
f 2570 2584 2756
f 2756 2584 2792
f 2584 2586 2792
f 2792 2586 2593
f 2792 2593 2804
f 2804 2593 2603
f 2614 2831 2608
f 2608 2831 2829
f 2608 2829 2603
f 2603 2829 2815
f 2603 2815 2804
f 2595 2857 2604
f 2604 2857 2851
f 2604 2851 2609
f 2609 2851 2843
f 2609 2843 2614
f 2614 2843 2842
f 2614 2842 2831
f 2590 2781 2595
f 2595 2781 2863
f 2595 2863 2857
f 2578 2714 2572
f 2572 2714 2673
f 2572 2673 2428
f 2428 2673 2635
f 2428 2635 2432
f 2432 2635 2553
f 2432 2553 2441
f 2598 2723 2602
f 2602 2723 2730
f 2602 2730 2578
f 2578 2730 2717
f 2578 2717 2714
f 2210 2217 2405
f 2230 2209 2210
f 2217 2220 2405
f 2405 2220 2218
f 2405 2218 2366
f 2366 2218 2203
f 2366 2203 2223
f 2223 2203 2198
f 2223 2198 2181
f 2598 2581 2723
f 2723 2581 2594
f 2723 2594 2716
f 2716 2594 2565
f 2230 2210 2250
f 2250 2210 2405
f 2250 2405 2349
f 2349 2405 2567
f 2349 2567 2468
f 2468 2567 2653
f 2468 2653 2489
f 2489 2653 2663
f 2489 2663 2565
f 2565 2663 2685
f 2565 2685 2716
f 2102 2101 2113
f 2130 2131 2113
f 2166 2163 2159
f 2205 2197 2210
f 2210 2197 2215
f 2210 2215 2217
f 2217 2215 2220
f 2166 2168 2163
f 2163 2168 2172
f 2163 2172 2205
f 2205 2172 2182
f 2205 2182 2187
f 2187 2190 2205
f 2205 2190 2191
f 2205 2191 2197
f 2197 2191 2194
f 2197 2194 2215
f 2215 2194 2211
f 2215 2211 2220
f 2220 2211 2218
f 2210 2209 2205
f 2205 2209 2192
f 2205 2192 2163
f 2163 2192 2155
f 2163 2155 2159
f 2159 2155 2130
f 2130 2155 2131
f 2131 2155 2151
f 2131 2151 2113
f 2113 2151 2106
f 2113 2106 2102
f 1973 2008 2013
f 1887 1926 1939
f 1020 1042 1070
f 990 973 1001
f 1099 1098 1083
f 1481 1490 1487
f 2072 2073 2085
f 2085 2073 2093
f 2085 2093 2099
f 2037 2067 2062
f 1927 1951 1926
f 1926 1951 1972
f 1926 1972 1939
f 1939 1972 1975
f 1939 1975 1973
f 1973 1975 2007
f 1973 2007 2008
f 2008 2007 2026
f 2008 2026 2013
f 2013 2026 2037
f 2013 2037 2051
f 2051 2037 2062
f 2051 2062 2072
f 2072 2062 2067
f 2072 2067 2073
f 1927 1926 1881
f 1881 1926 1887
f 1881 1887 1851
f 1851 1887 1860
f 1851 1860 1829
f 1829 1860 1816
f 1829 1816 1802
f 1481 1487 1376
f 1487 1400 1376
f 1376 1400 1301
f 1376 1301 1288
f 1288 1301 1242
f 1288 1242 1155
f 1155 1242 1162
f 1155 1162 1131
f 1131 1162 1123
f 1131 1123 1099
f 958 1010 1001
f 1001 1010 1059
f 893 921 930
f 930 921 958
f 873 877 893
f 893 877 896
f 893 896 921
f 1001 973 958
f 958 973 947
f 958 947 930
f 930 947 935
f 930 935 893
f 1099 1123 1098
f 1098 1123 1102
f 1098 1102 1083
f 1083 1102 1070
f 1083 1070 1059
f 1059 1070 1042
f 1059 1042 1001
f 1001 1042 1020
f 1001 1020 990
f 1816 1795 1802
f 1802 1795 1727
f 1802 1727 1674
f 1674 1727 1649
f 1674 1649 1561
f 1561 1649 1551
f 1561 1551 1490
f 1490 1551 1519
f 1490 1519 1487
f 2172 2168 2147
f 2147 2168 2166
f 2166 2159 2147
f 2147 2159 2130
f 2147 2130 2091
f 2099 2095 2101
f 2101 2095 2091
f 2101 2091 2113
f 2113 2091 2130
f 2091 2079 2147
f 2147 2079 2068
f 2147 2068 2120
f 2120 2068 2061
f 2120 2061 2124
f 2124 2061 2032
f 2124 2032 2066
f 2066 2032 1994
f 2066 1994 2019
f 1961 1997 1994
f 1994 1997 2003
f 1994 2003 2019
f 1149 1280 1286
f 1286 1280 1374
f 1374 1280 1371
f 1374 1371 1420
f 1420 1371 1419
f 1420 1419 1564
f 1564 1419 1573
f 1564 1573 1676
f 1676 1573 1683
f 1676 1683 1807
f 2175 2011 2042
f 2042 2011 1893
f 2042 1893 1904
f 1904 1893 1807
f 1904 1807 1809
f 1809 1807 1683
f 1286 1150 1149
f 1149 1150 1071
f 1149 1071 1061
f 1061 1071 948
f 1061 948 927
f 927 948 903
f 927 903 792
f 2435 2438 2469
f 2434 2435 2452
f 2452 2435 2469
f 2452 2469 2474
f 2474 2469 2498
f 2428 2432 2409
f 2441 2438 2411
f 2411 2438 2436
f 2411 2436 2434
f 2428 2409 2419
f 2419 2409 2395
f 2419 2395 2387
f 2432 2441 2409
f 2409 2441 2411
f 2409 2411 2395
f 2395 2411 2393
f 2361 2373 2365
f 2016 2043 2052
f 1962 1923 1948
f 1948 1923 1900
f 2015 1948 1996
f 1996 1948 1900
f 1996 1900 1888
f 1888 1900 1875
f 2365 2364 2352
f 2365 2352 2317
f 2317 2352 2337
f 2317 2337 2254
f 2254 2337 2269
f 2254 2269 2242
f 2016 1976 2043
f 2043 1976 2029
f 2043 2029 2128
f 2128 2029 2115
f 2128 2115 2201
f 2201 2115 2196
f 2015 1996 2110
f 2110 1996 2153
f 2110 2153 2193
f 2364 2365 2377
f 2377 2365 2407
f 2377 2407 2396
f 2365 2373 2407
f 2407 2373 2410
f 2407 2410 2420
f 2052 2043 2092
f 2092 2043 2128
f 2092 2128 2134
f 2134 2128 2201
f 2134 2201 2242
f 2242 2201 2196
f 2242 2196 2254
f 2254 2196 2278
f 2254 2278 2317
f 2317 2278 2321
f 2317 2321 2365
f 2365 2321 2358
f 2365 2358 2361
f 2153 2278 2193
f 2193 2278 2196
f 2193 2196 2110
f 2110 2196 2115
f 2110 2115 2015
f 2015 2115 2029
f 2015 2029 1948
f 1948 2029 1976
f 1948 1976 1962
f 2420 2419 2407
f 2407 2419 2387
f 2407 2387 2396
f 2679 2640 2621
f 2607 2557 2498
f 2469 2438 2441
f 2640 2607 2621
f 2621 2607 2498
f 2621 2498 2592
f 2592 2498 2469
f 2592 2469 2569
f 2569 2469 2441
f 2635 2673 2676
f 2777 2710 2762
f 2762 2710 2688
f 2762 2688 2743
f 2743 2688 2676
f 2743 2676 2721
f 2721 2676 2673
f 2721 2673 2714
f 2777 2734 2710
f 2710 2734 2669
f 2710 2669 2688
f 2688 2669 2657
f 2688 2657 2676
f 2676 2657 2646
f 2676 2646 2635
f 2635 2646 2553
f 2734 2679 2669
f 2669 2679 2621
f 2669 2621 2657
f 2657 2621 2592
f 2657 2592 2646
f 2646 2592 2569
f 2646 2569 2553
f 2553 2569 2441
f 572 571 565
f 565 571 552
f 565 552 551
f 550 535 532
f 542 552 537
f 537 552 561
f 537 561 529
f 529 561 550
f 529 550 530
f 530 550 532
f 552 571 561
f 561 571 580
f 561 580 550
f 550 580 578
f 593 572 565
f 1076 1089 1044
f 1076 1044 1062
f 1062 1044 1014
f 1062 1014 1025
f 1025 1014 936
f 936 1014 944
f 936 944 831
f 831 944 860
f 831 860 775
f 775 860 776
f 775 776 773
f 1044 989 1014
f 1014 989 985
f 1014 985 944
f 944 985 934
f 944 934 860
f 860 934 855
f 860 855 776
f 776 855 770
f 766 770 843
f 843 770 855
f 843 855 925
f 925 855 934
f 925 934 943
f 943 934 985
f 593 565 604
f 604 611 652
f 652 611 653
f 652 653 707
f 707 653 719
f 707 719 738
f 604 565 611
f 611 565 551
f 611 551 594
f 681 719 639
f 639 719 653
f 639 653 612
f 612 653 611
f 612 611 602
f 602 611 594
f 943 916 925
f 925 916 878
f 925 878 843
f 843 878 757
f 843 757 766
f 766 757 738
f 766 738 770
f 770 738 719
f 770 719 776
f 776 719 681
f 776 681 773
f 2052 2092 2082
f 2060 2057 1920
f 1823 2065 1670
f 1670 2065 2060
f 2060 1920 1670
f 1670 1920 1825
f 1670 1825 1557
f 1825 1700 1557
f 1557 1700 1588
f 1557 1588 1461
f 1588 1479 1461
f 1461 1479 1357
f 1461 1357 1378
f 1047 1283 1135
f 1135 1283 1378
f 1135 1378 1265
f 1265 1378 1357
f 1047 910 1283
f 1283 910 907
f 1283 907 1137
f 1137 907 902
f 1137 902 1089
f 878 916 885
f 885 916 943
f 943 985 885
f 885 985 989
f 885 989 902
f 902 989 1044
f 902 1044 1089
f 1962 1976 2082
f 2082 1976 2016
f 2082 2016 2052
f 1823 1875 2065
f 2065 1875 1900
f 2065 1900 2082
f 2082 1900 1923
f 2082 1923 1962
f 745 786 769
f 745 769 610
f 769 759 610
f 610 759 755
f 610 755 567
f 755 749 567
f 567 749 746
f 567 746 758
f 758 739 567
f 567 739 720
f 567 720 399
f 399 720 631
f 399 631 311
f 311 631 502
f 311 502 303
f 303 502 475
f 303 475 281
f 281 475 401
f 281 401 248
f 248 401 372
f 248 372 242
f 251 247 386
f 386 247 234
f 386 234 363
f 363 234 242
f 363 242 370
f 370 242 372
f 370 372 382
f 251 386 293
f 293 386 394
f 293 394 331
f 331 394 542
f 331 542 414
f 414 542 537
f 414 537 529
f 283 230 254
f 326 287 298
f 467 410 360
f 396 414 529
f 414 396 331
f 360 345 467
f 467 345 374
f 467 374 482
f 482 374 396
f 482 396 513
f 513 396 529
f 513 529 530
f 360 326 345
f 345 326 298
f 345 298 374
f 374 298 308
f 374 308 396
f 396 308 320
f 396 320 331
f 331 320 293
f 287 283 298
f 298 283 254
f 298 254 308
f 308 254 277
f 308 277 320
f 320 277 289
f 320 289 293
f 293 289 251
f 251 289 243
f 243 289 277
f 243 277 220
f 220 277 254
f 220 254 203
f 203 254 230
f 203 230 186
f 509 468 470
f 588 573 564
f 588 555 556
f 588 556 589
f 589 556 557
f 589 557 574
f 574 557 558
f 574 558 576
f 576 558 554
f 576 554 577
f 577 554 550
f 577 550 578
f 474 467 510
f 410 467 409
f 409 467 474
f 409 474 408
f 408 474 407
f 474 473 407
f 407 473 472
f 407 472 406
f 406 472 471
f 406 471 413
f 413 471 470
f 413 470 411
f 411 470 468
f 411 468 412
f 540 522 518
f 518 522 509
f 588 564 555
f 555 564 559
f 555 559 540
f 540 518 555
f 555 518 519
f 555 519 556
f 556 519 520
f 556 520 557
f 557 520 521
f 557 521 558
f 558 521 517
f 558 517 554
f 554 517 535
f 554 535 550
f 509 470 518
f 518 470 471
f 518 471 519
f 519 471 472
f 519 472 520
f 520 472 473
f 520 473 521
f 521 473 474
f 521 474 517
f 517 474 510
f 517 510 535
f 326 81 287
f 287 81 66
f 287 66 283
f 66 63 283
f 283 63 57
f 283 57 230
f 230 57 55
f 230 55 186
f 64 167 59
f 59 167 186
f 59 186 56
f 56 186 55
f 326 360 81
f 81 360 410
f 81 410 93
f 93 410 409
f 93 409 97
f 97 409 408
f 97 408 128
f 128 408 407
f 128 407 141
f 141 407 406
f 141 406 147
f 147 406 153
f 412 154 411
f 411 154 153
f 411 153 413
f 413 153 406
f 2164 2165 2226
f 2226 2327 2164
f 2164 2327 2329
f 2164 2329 2333
f 2315 2324 2293
f 2293 2324 2327
f 2293 2327 2268
f 2268 2327 2226
f 897 898 880
f 897 880 899
f 899 880 874
f 874 880 853
f 874 853 847
f 847 853 809
f 847 809 808
f 705 743 645
f 645 743 808
f 645 808 643
f 643 808 809
f 643 809 641
f 647 654 645
f 645 654 678
f 645 678 705
f 880 898 853
f 853 898 811
f 853 811 809
f 641 809 714
f 714 809 811
f 714 811 679
f 679 811 736
f 679 736 677
f 350 352 364
f 350 364 440
f 364 380 440
f 440 380 441
f 440 441 507
f 507 441 531
f 507 531 677
f 677 531 656
f 677 656 679
f 699 500 505
f 1922 1868 1844
f 2045 2154 2138
f 2331 2431 2272
f 2343 2429 2445
f 524 541 615
f 636 524 641
f 641 524 615
f 641 615 644
f 644 615 645
f 486 827 488
f 488 827 779
f 488 779 489
f 1090 1023 827
f 827 1023 830
f 827 830 779
f 1293 1226 1090
f 1090 1226 1093
f 1090 1093 1023
f 1426 1385 1293
f 1293 1385 1295
f 1293 1295 1226
f 1664 1546 1426
f 1426 1546 1421
f 1426 1421 1385
f 1873 1736 1664
f 1664 1736 1662
f 1664 1662 1546
f 2185 2143 2146
f 2146 2143 1941
f 2146 1941 1873
f 1873 1941 1869
f 1873 1869 1736
f 2328 2327 2343
f 2328 2343 2333
f 2333 2343 2445
f 2333 2445 2340
f 2340 2445 2355
f 2355 2445 2453
f 2355 2453 2367
f 2367 2453 2456
f 2367 2456 2378
f 2378 2456 2431
f 2431 2456 2462
f 2431 2462 2272
f 2138 2154 2272
f 2272 2154 2231
f 2272 2231 2331
f 1868 1922 1991
f 1991 1922 2009
f 1991 2009 2138
f 2138 2009 2030
f 2138 2030 2045
f 1663 1666 1870
f 1870 1666 1808
f 1425 1480 1526
f 1294 1292 1346
f 1294 1346 1425
f 1425 1346 1415
f 1425 1415 1480
f 1092 1117 1294
f 1294 1117 1250
f 1294 1250 1292
f 967 837 923
f 923 1015 967
f 967 1015 1058
f 967 1058 1094
f 538 659 702
f 702 659 754
f 702 754 837
f 837 754 813
f 837 813 923
f 636 627 524
f 524 627 623
f 524 623 514
f 514 623 597
f 514 597 512
f 2480 2185 2481
f 2481 2185 2146
f 2481 2146 2478
f 2470 2475 2275
f 2275 2475 2478
f 2275 2478 2139
f 2139 2478 2145
f 2139 2145 1992
f 1992 2145 1870
f 1808 1844 1870
f 1870 1844 1868
f 1870 1868 1992
f 1992 1868 1991
f 1992 1991 2139
f 2139 1991 2138
f 2139 2138 2275
f 2275 2138 2272
f 2275 2272 2470
f 2470 2272 2462
f 2145 1872 1870
f 1870 1872 1665
f 1870 1665 1663
f 1663 1665 1422
f 1058 1117 1094
f 1094 1117 1092
f 1094 1092 967
f 967 1092 965
f 967 965 837
f 837 965 835
f 837 835 702
f 2478 2146 2145
f 2145 2146 1873
f 2145 1873 1872
f 1872 1873 1664
f 1872 1664 1665
f 1665 1664 1426
f 1665 1426 1422
f 1422 1426 1293
f 1422 1293 1291
f 1291 1293 1090
f 1291 1090 1091
f 1091 1090 827
f 1091 827 828
f 486 487 827
f 827 487 490
f 827 490 828
f 828 490 492
f 828 492 699
f 699 492 494
f 699 494 500
f 597 568 512
f 512 568 538
f 512 538 505
f 505 538 702
f 505 702 699
f 699 702 835
f 699 835 828
f 828 835 965
f 828 965 1091
f 1091 965 1092
f 1091 1092 1291
f 1291 1092 1294
f 1291 1294 1422
f 1422 1294 1425
f 1422 1425 1663
f 1663 1425 1526
f 1663 1526 1666
f 2226 2271 2295
f 2408 2429 2342
f 2315 2293 2295
f 2295 2293 2268
f 2295 2268 2226
f 2327 2324 2338
f 2338 2324 2315
f 2338 2315 2320
f 2320 2315 2295
f 2271 2319 2346
f 2271 2346 2295
f 2295 2346 2371
f 2295 2371 2320
f 2320 2371 2408
f 2320 2408 2338
f 2338 2408 2342
f 2338 2342 2327
f 538 568 713
f 713 568 597
f 713 597 623
f 623 627 713
f 713 627 636
f 713 636 714
f 714 636 641
f 656 657 679
f 679 657 689
f 679 689 714
f 714 689 713
f 657 656 536
f 536 656 531
f 364 438 380
f 380 438 441
f 381 445 439
f 439 445 536
f 439 536 438
f 438 536 531
f 438 531 441
f 364 352 438
f 438 352 351
f 438 351 439
f 439 351 365
f 439 365 381
f 2355 2260 2340
f 2340 2260 2261
f 2340 2261 2333
f 2355 2367 2260
f 2260 2367 2378
f 2260 2378 2431
f 2261 2260 2285
f 2313 2314 2285
f 2285 2314 2292
f 2285 2292 2261
f 2525 2582 2600
f 2528 2433 2525
f 2525 2433 2522
f 2525 2522 2582
f 2583 2526 2528
f 2528 2526 2437
f 2528 2437 2433
f 2433 2437 2314
f 2433 2314 2313
f 2600 2617 2525
f 2525 2617 2618
f 2525 2618 2528
f 2528 2618 2601
f 2528 2601 2583
f 2617 2615 2618
f 2618 2615 2616
f 440 507 508
f 506 444 349
f 506 349 508
f 508 349 350
f 508 350 440
f 352 350 351
f 351 350 349
f 649 655 617
f 649 617 608
f 608 617 592
f 608 592 581
f 638 605 633
f 696 697 633
f 782 832 737
f 832 782 910
f 910 842 832
f 832 842 783
f 832 783 737
f 737 783 751
f 737 751 682
f 682 751 698
f 696 633 625
f 625 633 605
f 625 605 584
f 696 782 697
f 697 782 737
f 697 737 633
f 633 737 682
f 633 682 638
f 638 682 698
f 2276 2290 2335
f 2276 2214 2183
f 2290 2276 2232
f 2354 2388 2372
f 2184 2279 2277
f 2277 2279 2354
f 2277 2354 2345
f 2345 2354 2372
f 2276 2183 2232
f 2232 2183 2129
f 2232 2129 2141
f 2372 2335 2345
f 2345 2335 2290
f 2345 2290 2277
f 2277 2290 2232
f 2277 2232 2184
f 2184 2232 2141
f 2184 2141 2057
f 2057 2141 2129
f 842 910 991
f 991 910 1047
f 991 1047 1118
f 1118 1047 1135
f 1118 1135 1252
f 2057 2129 1920
f 1920 2129 1969
f 1920 1969 1825
f 1825 1969 1842
f 1825 1842 1700
f 1700 1842 1715
f 1700 1715 1588
f 1588 1715 1601
f 1588 1601 1479
f 1479 1601 1477
f 1479 1477 1357
f 1357 1477 1345
f 1357 1345 1265
f 783 842 960
f 960 842 991
f 960 991 1106
f 1106 991 1118
f 1106 1118 1243
f 1243 1118 1252
f 1243 1252 1338
f 2129 2183 1969
f 1969 2183 1995
f 1969 1995 1842
f 1842 1995 1856
f 1842 1856 1715
f 1715 1856 1721
f 1715 1721 1601
f 1601 1721 1603
f 1601 1603 1477
f 1477 1603 1478
f 1477 1478 1345
f 751 783 884
f 884 783 960
f 884 960 1088
f 1088 960 1106
f 1088 1106 1251
f 1251 1106 1243
f 1251 1243 1404
f 1404 1243 1338
f 1404 1338 1523
f 2183 2214 1995
f 1995 2214 2086
f 1995 2086 1856
f 1856 2086 1877
f 1856 1877 1721
f 1721 1877 1716
f 1721 1716 1603
f 1603 1716 1523
f 1603 1523 1478
f 1478 1523 1338
f 1478 1338 1345
f 1345 1338 1252
f 1345 1252 1265
f 1265 1252 1135
f 581 583 607
f 581 607 608
f 608 607 646
f 608 646 649
f 649 646 655
f 655 646 708
f 655 708 726
f 780 726 767
f 767 726 708
f 767 708 751
f 751 708 698
f 698 708 646
f 698 646 638
f 638 646 607
f 638 607 605
f 605 607 583
f 605 583 584
f 582 581 591
f 591 581 592
f 2389 2388 2354
f 2065 2082 2199
f 2199 2082 2092
f 2199 2092 2134
f 2134 2242 2202
f 2202 2242 2269
f 2202 2269 2289
f 2289 2269 2337
f 2289 2337 2357
f 2357 2337 2352
f 2357 2352 2394
f 2394 2352 2364
f 2394 2364 2396
f 2396 2364 2377
f 2057 2060 2184
f 2184 2060 2065
f 2134 2202 2199
f 2199 2202 2289
f 2199 2289 2286
f 2286 2289 2357
f 2286 2357 2356
f 2356 2357 2394
f 2356 2394 2392
f 2065 2199 2184
f 2184 2199 2286
f 2184 2286 2279
f 2279 2286 2356
f 2279 2356 2354
f 2354 2356 2392
f 2354 2392 2389
f 2951 2952 2942
f 2908 2905 2924
f 2908 2924 2925
f 2925 2924 2940
f 2925 2940 2942
f 2953 2940 2945
f 2945 2940 2924
f 2945 2924 2926
f 2926 2924 2905
f 2926 2905 2900
f 2942 2940 2951
f 2951 2940 2953
f 2951 2953 2959
f 2959 2953 2958
f 2959 2958 2960
f 2952 2951 2957
f 2957 2951 2959
f 2957 2959 2961
f 2961 2959 2960
f 2961 2960 2962
f 12 14 25
f 64 59 39
f 64 39 40
f 40 39 23
f 40 23 25
f 7 23 18
f 18 23 39
f 18 39 36
f 36 39 59
f 36 59 56
f 25 23 12
f 12 23 7
f 12 7 4
f 4 7 2
f 4 2 3
f 14 12 11
f 11 12 4
f 11 4 6
f 6 4 3
f 6 3 5
f 8 7 18
f 55 57 37
f 141 147 96
f 96 147 153
f 96 153 118
f 118 153 154
f 141 96 128
f 128 96 87
f 128 87 97
f 97 87 68
f 97 68 93
f 93 68 48
f 93 48 81
f 81 48 41
f 81 41 66
f 37 57 41
f 41 57 63
f 41 63 66
f 46 31 33
f 33 31 17
f 33 17 21
f 21 17 9
f 21 9 13
f 13 9 1
f 13 1 8
f 8 1 2
f 8 2 7
f 62 51 46
f 46 51 45
f 46 45 31
f 80 72 71
f 71 72 70
f 46 61 62
f 62 61 71
f 62 71 73
f 73 71 70
f 73 70 75
f 85 86 80
f 154 120 118
f 118 120 116
f 118 116 89
f 56 55 36
f 36 55 37
f 36 37 19
f 19 37 41
f 19 41 24
f 24 41 48
f 24 48 32
f 32 48 68
f 32 68 43
f 43 68 87
f 43 87 58
f 58 87 96
f 58 96 77
f 77 96 118
f 77 118 85
f 85 118 89
f 85 89 86
f 80 71 85
f 85 71 61
f 85 61 77
f 77 61 46
f 77 46 58
f 58 46 33
f 58 33 43
f 43 33 21
f 43 21 32
f 32 21 13
f 32 13 24
f 24 13 8
f 24 8 19
f 19 8 18
f 19 18 36
f 907 910 782
f 738 757 762
f 762 757 878
f 762 878 885
f 738 762 707
f 707 762 683
f 707 683 652
f 652 683 621
f 652 621 604
f 604 621 593
f 593 621 579
f 593 579 572
f 907 782 902
f 768 782 696
f 625 584 585
f 768 696 687
f 687 696 625
f 687 625 622
f 622 625 585
f 622 585 575
f 902 782 885
f 885 782 768
f 885 768 762
f 762 768 687
f 762 687 683
f 683 687 622
f 683 622 621
f 621 622 575
f 621 575 579
f 582 573 581
f 581 573 588
f 581 588 583
f 588 589 583
f 583 589 574
f 583 574 584
f 584 574 576
f 584 576 585
f 585 576 577
f 577 578 585
f 585 578 580
f 585 580 575
f 571 572 580
f 580 572 579
f 580 579 575
f 2732 2737 2744
f 2732 2744 2739
f 2739 2744 2758
f 2739 2758 2757
f 2757 2758 2775
f 2757 2775 2773
f 2773 2775 2799
f 2773 2799 2794
f 2714 2732 2739
f 2714 2739 2721
f 2721 2739 2757
f 2721 2757 2743
f 2743 2757 2773
f 2743 2773 2762
f 2762 2773 2794
f 2762 2794 2777
f 225 232 222
f 225 222 219
f 219 222 209
f 219 209 207
f 207 209 191
f 207 191 189
f 189 191 167
f 189 167 164
f 533 535 510
f 530 533 513
f 513 533 510
f 513 510 482
f 482 510 467
f 232 251 243
f 232 243 222
f 222 243 220
f 222 220 209
f 209 220 203
f 209 203 191
f 191 203 186
f 191 186 167
f 2885 2882 2914
f 2885 2914 2900
f 2936 2941 2938
f 2938 2941 2949
f 2882 2828 2872
f 2900 2914 2926
f 2926 2914 2929
f 2926 2929 2945
f 2945 2929 2938
f 2945 2938 2953
f 2953 2938 2949
f 2953 2949 2958
f 2912 2915 2935
f 2882 2872 2914
f 2914 2872 2894
f 2914 2894 2929
f 2929 2894 2912
f 2929 2912 2938
f 2938 2912 2935
f 2938 2935 2936
f 2798 2770 2828
f 2828 2882 2798
f 2798 2882 2885
f 2798 2885 2799
f 2799 2885 2900
f 2799 2900 2794
f 2776 2798 2799
f 2799 2775 2776
f 2776 2775 2758
f 2776 2758 2760
f 2760 2758 2744
f 2760 2744 2745
f 2745 2744 2737
f 2745 2737 2736
f 228 221 225
f 2737 2742 2736
f 2736 2742 2733
f 2733 2742 2729
f 2733 2729 2692
f 2692 2729 2693
f 2692 2693 2687
f 221 228 236
f 236 228 231
f 236 231 273
f 231 272 273
f 273 272 279
f 273 279 305
f 305 279 337
f 305 337 392
f 392 337 391
f 392 391 598
f 598 391 590
f 598 590 742
f 742 590 741
f 742 741 891
f 891 741 788
f 891 788 1038
f 788 998 1038
f 1038 998 1037
f 1038 1037 1133
f 1133 1037 1152
f 1133 1152 1263
f 1263 1152 1262
f 1263 1262 1355
f 1355 1262 1310
f 1355 1310 1424
f 1424 1310 1423
f 1424 1423 1590
f 1590 1423 1642
f 1590 1642 1703
f 1703 1642 1704
f 1703 1704 1827
f 1827 1704 1805
f 1827 1805 1931
f 1805 1930 1931
f 1931 1930 1967
f 1931 1967 2076
f 2076 1967 2179
f 2076 2179 2228
f 2228 2179 2227
f 2228 2227 2376
f 2376 2227 2383
f 2376 2383 2573
f 2573 2383 2574
f 2573 2574 2630
f 2687 2693 2630
f 2630 2693 2660
f 2630 2660 2573
f 232 225 221
f 598 742 745
f 2228 2376 2366
f 2732 2717 2730
f 2717 2732 2714
f 2729 2742 2730
f 2730 2742 2737
f 2730 2737 2732
f 2730 2723 2729
f 2729 2723 2716
f 2729 2716 2693
f 2693 2716 2685
f 2693 2685 2660
f 2685 2663 2660
f 2660 2663 2653
f 2660 2653 2573
f 2573 2653 2567
f 2573 2567 2376
f 2376 2567 2405
f 2376 2405 2366
f 2366 2223 2228
f 2228 2223 2181
f 2228 2181 2177
f 2177 2174 2228
f 2228 2174 2149
f 2228 2149 2076
f 862 1038 1055
f 1055 1038 1133
f 1055 1133 1142
f 1142 1133 1263
f 1142 1263 1271
f 1271 1263 1355
f 1271 1355 1362
f 1362 1355 1424
f 1362 1424 1430
f 1430 1424 1590
f 1430 1590 1582
f 1582 1590 1703
f 1582 1703 1694
f 1694 1703 1827
f 1694 1827 1818
f 1818 1827 1931
f 1818 1931 1911
f 1911 1931 2076
f 1911 2076 2108
f 2108 2076 2149
f 825 742 862
f 862 742 891
f 862 891 1038
f 786 745 789
f 789 745 742
f 789 742 793
f 793 742 825
f 745 610 598
f 598 610 567
f 598 567 392
f 392 567 399
f 392 399 305
f 399 311 305
f 305 311 303
f 305 303 273
f 273 303 281
f 273 281 236
f 281 248 236
f 236 248 242
f 236 242 221
f 221 242 234
f 221 234 232
f 232 234 247
f 232 247 251
f 678 654 650
f 650 654 647
f 650 647 637
f 637 647 645
f 637 645 616
f 630 651 676
f 676 651 703
f 676 703 705
f 705 703 743
f 599 630 650
f 650 630 676
f 650 676 678
f 678 676 705
f 599 650 562
f 562 650 637
f 562 637 549
f 549 637 616
f 549 616 541
f 2190 2187 2180
f 2112 2150 2148
f 2050 2109 2112
f 2112 2109 2117
f 2112 2117 2174
f 2190 2180 2191
f 2174 2177 2112
f 2112 2177 2181
f 2112 2181 2150
f 2150 2181 2198
f 2150 2198 2203
f 2191 2180 2194
f 2194 2180 2150
f 2194 2150 2211
f 2211 2150 2203
f 2211 2203 2218
f 2149 2174 2108
f 2108 2174 2117
f 2108 2117 2109
f 861 862 1054
f 1054 862 1055
f 1054 1055 1140
f 1140 1055 1142
f 1140 1142 1269
f 1269 1142 1270
f 1269 1270 1359
f 1359 1270 1362
f 1359 1362 1431
f 1431 1362 1430
f 1431 1430 1584
f 1584 1430 1582
f 1584 1582 1696
f 1696 1582 1694
f 1696 1694 1819
f 1819 1694 1817
f 1819 1817 1912
f 1817 1911 1912
f 1912 1911 2108
f 1912 2108 2109
f 862 861 825
f 825 861 814
f 825 814 793
f 857 844 805
f 805 844 803
f 805 803 798
f 798 803 800
f 798 800 785
f 785 800 765
f 785 765 777
f 758 746 765
f 765 746 749
f 765 749 777
f 871 863 857
f 857 863 850
f 857 850 844
f 844 850 845
f 844 845 803
f 803 845 819
f 803 819 800
f 800 819 801
f 800 801 765
f 765 801 787
f 765 787 758
f 852 854 817
f 799 810 785
f 785 810 798
f 816 805 798
f 870 859 868
f 868 859 852
f 868 852 816
f 816 852 817
f 816 817 805
f 870 868 917
f 917 868 969
f 917 969 962
f 969 1103 1095
f 1095 1069 969
f 969 1069 1024
f 969 1024 962
f 966 1109 1110
f 966 972 1040
f 1040 1073 966
f 966 1073 1100
f 966 1100 1109
f 972 966 926
f 926 966 865
f 926 865 879
f 802 822 826
f 799 802 810
f 810 802 826
f 810 826 865
f 865 826 836
f 865 836 879
f 798 810 816
f 816 810 865
f 816 865 868
f 868 865 966
f 868 966 969
f 969 966 1110
f 969 1110 1103
f 2172 2132 2182
f 2182 2132 2180
f 2182 2180 2187
f 2150 2180 2148
f 2148 2180 2132
f 2148 2132 2112
f 2112 2132 2028
f 2112 2028 2050
f 1861 1857 1905
f 1905 1857 1863
f 1863 1891 1905
f 1905 1891 1924
f 1905 1924 1928
f 1928 1924 1974
f 1928 1974 2028
f 2028 1974 2027
f 2028 2027 2050
f 1925 1894 1901
f 1901 1894 1874
f 1901 1874 1861
f 2019 2003 2025
f 2025 2003 1997
f 2025 1997 1925
f 1925 1997 1944
f 1925 1944 1894
f 2019 2025 2066
f 2066 2025 2122
f 2066 2122 2124
f 1861 1905 1901
f 1901 1905 1928
f 1901 1928 1925
f 1925 1928 2028
f 1925 2028 2025
f 2025 2028 2132
f 2025 2132 2122
f 2122 2132 2172
f 2122 2172 2124
f 2124 2172 2147
f 2124 2147 2120
f 1834 1832 1803
f 1831 1829 1802
f 1129 1128 1154
f 1131 1129 1155
f 1155 1129 1154
f 1155 1154 1288
f 1288 1154 1287
f 1288 1287 1376
f 1376 1287 1375
f 1376 1375 1481
f 1481 1375 1482
f 1481 1482 1490
f 1490 1482 1563
f 1832 1831 1803
f 1803 1831 1802
f 1803 1802 1675
f 1675 1802 1674
f 1675 1674 1563
f 1563 1674 1561
f 1563 1561 1490
f 1836 1835 1806
f 1806 1835 1804
f 1806 1804 1679
f 1679 1804 1677
f 1679 1677 1568
f 1568 1677 1566
f 1568 1566 1484
f 1484 1566 1483
f 1484 1483 1372
f 1372 1483 1373
f 1372 1373 1284
f 1284 1373 1285
f 1284 1285 1151
f 1151 1285 1153
f 1151 1153 1125
f 1125 1153 1126
f 1835 1834 1804
f 1804 1834 1803
f 1804 1803 1677
f 1677 1803 1675
f 1677 1675 1566
f 1566 1675 1563
f 1566 1563 1483
f 1483 1563 1482
f 1483 1482 1373
f 1373 1482 1375
f 1373 1375 1285
f 1285 1375 1287
f 1285 1287 1153
f 1153 1287 1154
f 1153 1154 1126
f 1126 1154 1128
f 1927 1881 1882
f 1882 1881 1851
f 1836 1884 1835
f 1835 1884 1886
f 1835 1886 1834
f 1834 1886 1885
f 1834 1885 1832
f 1832 1885 1882
f 1832 1882 1831
f 1831 1882 1851
f 1831 1851 1829
f 1951 1927 1955
f 1955 1927 1882
f 1955 1882 1956
f 1956 1882 1885
f 1956 1885 1953
f 1953 1885 1886
f 1953 1886 1950
f 1950 1886 1884
f 2093 2074 2094
f 2094 2074 2089
f 2094 2089 2095
f 2039 2007 1999
f 1999 2007 1975
f 1999 1975 1954
f 1954 1975 1972
f 1954 1972 1951
f 2067 2037 2039
f 2039 2037 2026
f 2039 2026 2007
f 1954 1956 1999
f 1999 1956 2000
f 1999 2000 2039
f 2039 2000 2040
f 2039 2040 2067
f 2067 2040 2074
f 2067 2074 2073
f 2073 2074 2093
f 1956 1952 1998
f 1998 1952 1950
f 1998 1950 2004
f 1956 1998 2000
f 2000 1998 2004
f 2000 2004 2040
f 2040 2004 2036
f 2040 2036 2074
f 2074 2036 2077
f 2074 2077 2089
f 799 785 777
f 749 755 822
f 822 755 759
f 822 759 769
f 749 822 777
f 777 822 802
f 777 802 799
f 789 793 814
f 826 822 836
f 836 822 769
f 836 769 879
f 879 769 786
f 861 926 814
f 814 926 879
f 814 879 789
f 789 879 786
f 1993 1960 1961
f 2089 2077 2080
f 1950 1979 2010
f 1950 2010 2004
f 2004 2010 2048
f 2004 2048 2036
f 2089 2080 2095
f 1993 1977 1970
f 1993 1970 1960
f 1960 1970 1963
f 1960 1963 1958
f 2006 2033 1980
f 1980 2033 1984
f 1979 1984 2010
f 2010 1984 2033
f 2010 2033 2048
f 2048 2033 2080
f 2048 2080 2036
f 2036 2080 2077
f 1961 1994 1993
f 1993 1994 2006
f 1993 2006 1977
f 1977 2006 1980
f 2061 2068 2058
f 2058 2068 2079
f 2058 2079 2091
f 1994 2032 2006
f 2006 2032 2061
f 2006 2061 2033
f 2033 2061 2058
f 2033 2058 2080
f 2080 2058 2091
f 2080 2091 2095
f 2095 2099 2094
f 2094 2099 2093
f 1971 1979 1910
f 1977 1980 1971
f 1971 1980 1983
f 1971 1983 1979
f 1970 1977 1964
f 1964 1977 1971
f 1964 1971 1958
f 1958 1971 1910
f 1143 1151 1125
f 1072 1011 993
f 1125 1086 1143
f 1143 1086 1078
f 1143 1078 1072
f 1072 993 1143
f 1143 993 981
f 1143 981 977
f 979 984 988
f 988 984 987
f 977 979 1143
f 1143 979 988
f 1143 988 1006
f 1006 988 987
f 1006 987 995
f 1151 1143 1284
f 1284 1143 1273
f 1284 1273 1372
f 1372 1273 1363
f 1372 1363 1484
f 1484 1363 1427
f 1484 1427 1568
f 1568 1427 1581
f 1568 1581 1679
f 1679 1581 1693
f 1679 1693 1806
f 1806 1693 1815
f 1806 1815 1836
f 1836 1815 1910
f 1836 1910 1884
f 1884 1910 1979
f 1884 1979 1950
f 1099 1083 1080
f 1059 1010 1008
f 1072 1078 1077
f 1086 1125 1126
f 1083 1059 1080
f 1080 1059 1008
f 1080 1008 1079
f 1079 1008 1007
f 1079 1007 1077
f 1077 1007 1009
f 1077 1009 1072
f 1072 1009 1011
f 1078 1086 1077
f 1077 1086 1126
f 1077 1126 1079
f 1079 1126 1128
f 1079 1128 1080
f 1080 1128 1129
f 1080 1129 1099
f 1099 1129 1131
f 896 877 876
f 959 1011 1009
f 1009 956 959
f 959 956 929
f 959 929 918
f 928 954 955
f 955 954 1007
f 955 1007 1008
f 894 928 921
f 921 928 955
f 921 955 958
f 958 955 1008
f 958 1008 1010
f 921 896 894
f 894 896 876
f 894 876 887
f 887 876 875
f 887 895 894
f 894 895 918
f 894 918 928
f 928 918 929
f 928 929 954
f 954 929 956
f 954 956 1007
f 1007 956 1009
f 877 873 876
f 876 873 875
f 1960 1958 1910
f 1004 1002 1141
f 1961 1960 1913
f 1913 1960 1910
f 1913 1910 1820
f 1820 1910 1815
f 1820 1815 1695
f 1695 1815 1693
f 1695 1693 1585
f 1585 1693 1581
f 1585 1581 1432
f 1432 1581 1427
f 1432 1427 1360
f 1360 1427 1363
f 1360 1363 1268
f 1268 1363 1273
f 1268 1273 1141
f 1141 1273 1143
f 1141 1143 1004
f 1004 1143 1006
f 932 906 852
f 852 906 854
f 857 805 817
f 875 873 881
f 881 873 871
f 871 857 881
f 881 857 817
f 881 817 889
f 854 906 817
f 817 906 900
f 817 900 889
f 852 859 932
f 932 859 870
f 932 870 957
f 870 917 957
f 957 917 962
f 957 962 1002
f 1997 1961 1944
f 1944 1961 1913
f 1944 1913 1894
f 1863 1696 1891
f 1891 1696 1819
f 1891 1819 1924
f 1924 1819 1912
f 1924 1912 1974
f 1857 1861 1695
f 1695 1861 1874
f 1894 1913 1874
f 1874 1913 1820
f 1874 1820 1695
f 1974 1912 2027
f 2027 1912 2109
f 2027 2109 2050
f 1268 1095 1103
f 1110 1109 1269
f 1109 1100 1269
f 1269 1100 1073
f 1269 1073 1140
f 1140 1073 1040
f 1140 1040 1054
f 1054 1040 972
f 1054 972 861
f 861 972 926
f 1095 1268 1069
f 1069 1268 1141
f 1069 1141 1024
f 1024 1141 1002
f 1024 1002 962
f 1103 1110 1268
f 1268 1110 1269
f 1268 1269 1360
f 1360 1269 1359
f 1360 1359 1432
f 1432 1359 1431
f 1432 1431 1585
f 1585 1431 1584
f 1585 1584 1695
f 1695 1584 1696
f 1695 1696 1857
f 1857 1696 1863
f 957 961 950
f 895 887 888
f 888 887 875
f 919 918 895
f 959 918 949
f 949 918 919
f 949 919 933
f 996 986 961
f 961 986 983
f 961 983 950
f 950 983 978
f 950 978 933
f 933 978 976
f 933 976 949
f 949 976 981
f 949 981 959
f 959 981 994
f 959 994 1011
f 1006 996 1004
f 1004 996 961
f 1004 961 1002
f 1002 961 957
f 875 881 888
f 888 881 889
f 888 889 909
f 909 889 900
f 909 900 906
f 895 888 919
f 919 888 909
f 919 909 933
f 933 909 906
f 933 906 950
f 950 906 932
f 950 932 957
f 2899 2915 2912
f 2766 2768 2811
f 2811 2768 2835
f 2811 2835 2875
f 2875 2835 2844
f 2875 2844 2876
f 2755 2766 2801
f 2801 2766 2811
f 2801 2811 2821
f 2821 2811 2875
f 2821 2875 2866
f 2899 2912 2876
f 2876 2912 2875
f 2875 2912 2894
f 2875 2894 2866
f 2731 2755 2784
f 2784 2755 2801
f 2784 2801 2807
f 2807 2801 2821
f 2807 2821 2823
f 2823 2821 2866
f 2823 2866 2850
f 2850 2866 2894
f 2850 2894 2872
f 2700 2731 2741
f 2741 2731 2784
f 2741 2784 2789
f 2789 2784 2807
f 2789 2807 2795
f 2795 2807 2823
f 2795 2823 2816
f 2816 2823 2850
f 2816 2850 2828
f 2828 2850 2872
f 2700 2624 2647
f 2480 2668 2482
f 2482 2668 2667
f 2482 2667 2479
f 2479 2667 2661
f 2479 2661 2457
f 2457 2661 2647
f 2457 2647 2426
f 2426 2647 2624
f 2426 2624 2363
f 2700 2647 2731
f 2731 2647 2661
f 2731 2661 2755
f 2755 2661 2667
f 2755 2667 2766
f 2766 2667 2668
f 2766 2668 2768
f 2143 2185 2189
f 1734 1731 1543
f 807 824 544
f 544 824 614
f 1235 1049 1036
f 1389 1235 1233
f 1542 1389 1388
f 1542 1543 1729
f 1729 1543 1731
f 1729 1731 1917
f 2142 1917 1932
f 1932 1917 1731
f 1932 1731 1937
f 1937 1731 1734
f 1937 1734 1942
f 2363 2142 2161
f 2161 2142 1932
f 2161 1932 2178
f 2178 1932 1937
f 2178 1937 2186
f 2186 1937 1942
f 2186 1942 2189
f 778 774 1019
f 544 511 807
f 807 511 784
f 807 784 1029
f 1029 784 1022
f 1029 1022 1225
f 1225 1022 1224
f 1225 1224 1383
f 1235 1036 1233
f 1233 1036 1229
f 1233 1229 1386
f 1386 1229 1384
f 1386 1384 1547
f 1547 1384 1548
f 1547 1548 1738
f 489 774 485
f 485 774 778
f 485 778 491
f 489 779 774
f 774 779 830
f 774 830 1019
f 1019 830 1023
f 1019 1023 1093
f 511 491 784
f 784 491 778
f 784 778 1022
f 1022 778 1019
f 1022 1019 1224
f 1224 1019 1093
f 1093 1226 1224
f 1224 1226 1295
f 1224 1295 1383
f 1383 1295 1385
f 1383 1385 1421
f 1421 1548 1383
f 1383 1548 1384
f 1383 1384 1225
f 1225 1384 1229
f 1225 1229 1029
f 1029 1229 1036
f 1029 1036 807
f 807 1036 1049
f 807 1049 824
f 1389 1233 1388
f 1388 1233 1386
f 1388 1386 1545
f 1545 1386 1547
f 1545 1547 1737
f 1737 1547 1738
f 1737 1738 1943
f 1943 1738 1869
f 1943 1869 1941
f 1421 1546 1548
f 1548 1546 1662
f 1548 1662 1738
f 1738 1662 1736
f 1738 1736 1869
f 1542 1388 1543
f 1543 1388 1545
f 1543 1545 1734
f 1734 1545 1737
f 1734 1737 1942
f 1942 1737 1943
f 1942 1943 2189
f 2189 1943 1941
f 2189 1941 2143
f 2363 2161 2426
f 2426 2161 2178
f 2426 2178 2457
f 2457 2178 2186
f 2457 2186 2479
f 2479 2186 2189
f 2479 2189 2482
f 2482 2189 2185
f 2482 2185 2480
f 343 264 233
f 614 343 319
f 614 319 544
f 544 319 304
f 544 304 511
f 511 304 300
f 511 300 491
f 343 233 319
f 319 233 210
f 319 210 304
f 304 210 199
f 304 199 300
f 300 199 198
f 300 198 299
f 491 300 485
f 485 300 299
f 485 299 489
f 173 198 199
f 69 52 92
f 92 52 82
f 143 145 95
f 95 145 82
f 95 82 49
f 49 82 52
f 210 145 199
f 199 145 143
f 199 143 173
f 210 178 145
f 145 178 155
f 145 155 82
f 82 155 131
f 82 131 92
f 91 69 132
f 132 69 92
f 132 92 151
f 151 92 131
f 151 131 170
f 170 131 155
f 170 155 197
f 197 155 178
f 197 178 233
f 233 178 210
f 138 91 148
f 148 91 132
f 148 132 175
f 175 132 151
f 175 151 187
f 187 151 170
f 187 170 218
f 218 170 197
f 218 197 264
f 264 197 233
f 26 11 6
f 6 5 15
f 50 83 79
f 83 50 138
f 11 26 14
f 14 26 35
f 14 35 25
f 25 35 50
f 25 50 40
f 40 50 79
f 40 79 64
f 28 29 26
f 6 15 26
f 26 15 22
f 26 22 28
f 138 50 91
f 91 50 35
f 91 35 69
f 69 35 26
f 69 26 52
f 52 26 29
f 52 29 49
f 2828 2770 2816
f 2816 2770 2749
f 2627 2700 2671
f 2671 2700 2741
f 2671 2741 2704
f 2704 2741 2789
f 2704 2789 2749
f 2749 2789 2795
f 2749 2795 2816
f 2625 2620 2516
f 2516 2620 2508
f 2706 2697 2682
f 2682 2697 2675
f 2725 2706 2695
f 2695 2706 2682
f 2695 2682 2665
f 2665 2682 2675
f 2665 2675 2658
f 2563 2585 2638
f 2638 2585 2654
f 2638 2654 2683
f 2516 2563 2625
f 2625 2563 2638
f 2625 2638 2672
f 2672 2638 2683
f 2672 2683 2718
f 2750 2725 2718
f 2718 2725 2695
f 2718 2695 2672
f 2672 2695 2665
f 2672 2665 2625
f 2625 2665 2658
f 2625 2658 2620
f 2770 2750 2749
f 2749 2750 2718
f 2749 2718 2704
f 2704 2718 2683
f 2704 2683 2671
f 2671 2683 2654
f 2671 2654 2627
f 2627 2654 2585
f 2736 2697 2706
f 2736 2706 2745
f 2745 2706 2725
f 2745 2725 2760
f 2760 2725 2750
f 2760 2750 2776
f 2776 2750 2770
f 2776 2770 2798
f 2700 2627 2624
f 2624 2627 2385
f 2624 2385 2363
f 2363 2385 2332
f 2363 2332 2142
f 2142 2332 2096
f 2142 2096 1917
f 1917 2096 1866
f 1917 1866 1729
f 1729 1866 1699
f 1729 1699 1542
f 1542 1699 1500
f 1542 1500 1389
f 1389 1500 1337
f 1389 1337 1235
f 1235 1337 1164
f 1235 1164 1049
f 1049 1164 1003
f 1049 1003 824
f 824 1003 764
f 824 764 614
f 614 764 343
f 340 264 483
f 483 264 343
f 483 343 570
f 570 343 764
f 164 167 64
f 138 195 83
f 83 195 165
f 164 64 165
f 165 64 79
f 165 79 83
f 195 138 215
f 215 138 148
f 215 148 261
f 264 340 218
f 218 340 296
f 218 296 187
f 187 296 261
f 187 261 175
f 175 261 148
f 268 231 228
f 2736 2733 2697
f 2733 2692 2697
f 2697 2692 2687
f 2697 2687 2675
f 2675 2687 2630
f 2383 2508 2574
f 2574 2508 2620
f 2574 2620 2630
f 2630 2620 2658
f 2630 2658 2675
f 2227 2252 2383
f 2383 2252 2384
f 2383 2384 2508
f 2227 2179 2252
f 2252 2179 1967
f 2252 1967 2034
f 2034 1967 1930
f 2034 1930 1847
f 1847 1930 1805
f 1847 1805 1672
f 1672 1805 1704
f 1704 1642 1672
f 1672 1642 1423
f 1672 1423 1495
f 1495 1423 1310
f 1495 1310 1344
f 1344 1310 1228
f 1310 1262 1228
f 1228 1262 1152
f 1228 1152 1043
f 1043 1152 1037
f 1037 998 1043
f 1043 998 788
f 1043 788 823
f 823 788 741
f 823 741 624
f 624 741 590
f 624 590 569
f 569 590 458
f 458 590 391
f 458 391 346
f 346 391 337
f 346 337 307
f 307 337 290
f 290 337 279
f 290 279 268
f 268 279 272
f 268 272 231
f 189 164 165
f 165 188 189
f 189 188 205
f 189 205 207
f 207 205 217
f 207 217 219
f 219 217 228
f 219 228 225
f 268 228 217
f 268 217 259
f 259 217 205
f 259 205 240
f 240 205 188
f 240 188 214
f 214 188 165
f 214 165 195
f 328 404 451
f 451 458 342
f 342 458 346
f 342 346 302
f 302 346 307
f 302 307 285
f 285 307 290
f 240 285 259
f 259 285 290
f 259 290 268
f 451 342 328
f 328 342 302
f 328 302 294
f 294 302 285
f 294 285 270
f 270 285 240
f 270 240 214
f 310 371 398
f 214 246 270
f 270 246 284
f 270 284 294
f 294 284 310
f 294 310 328
f 328 310 398
f 328 398 404
f 340 371 296
f 296 371 310
f 296 310 261
f 261 310 284
f 261 284 215
f 215 284 246
f 215 246 195
f 195 246 214
f 2297 2281 2054
f 2252 2264 2384
f 2384 2264 2516
f 2384 2516 2508
f 619 624 569
f 624 619 823
f 823 619 821
f 823 821 1043
f 1043 821 1041
f 1043 1041 1228
f 1228 1041 1223
f 1228 1223 1344
f 1344 1223 1343
f 1344 1343 1495
f 1495 1343 1496
f 1495 1496 1672
f 1672 1496 1673
f 1672 1673 1847
f 1847 1673 1850
f 1847 1850 2034
f 404 619 451
f 451 619 569
f 451 569 458
f 2563 2516 2274
f 2274 2516 2264
f 2274 2264 2038
f 2038 2264 2252
f 2038 2252 2034
f 2047 1850 1855
f 1855 1850 1673
f 1855 1673 1678
f 1678 1673 1496
f 1678 1496 1497
f 1497 1496 1343
f 1497 1343 1342
f 1342 1343 1223
f 1342 1223 1171
f 1171 1223 1041
f 1171 1041 1035
f 1035 1041 821
f 1035 821 812
f 812 821 619
f 812 619 596
f 596 619 404
f 596 404 398
f 2281 2047 2054
f 2054 2047 1855
f 2054 1855 1859
f 1859 1855 1678
f 1859 1678 1681
f 1681 1678 1497
f 1681 1497 1498
f 1498 1497 1342
f 1498 1342 1341
f 1341 1342 1171
f 1341 1171 1169
f 1169 1171 1035
f 1169 1035 1032
f 1032 1035 812
f 1032 812 804
f 804 812 596
f 804 596 563
f 563 596 398
f 563 398 371
f 2297 2054 2075
f 2075 2054 1859
f 2075 1859 1862
f 1862 1859 1681
f 1862 1681 1692
f 1692 1681 1498
f 1692 1498 1499
f 1499 1498 1341
f 1499 1341 1340
f 1340 1341 1169
f 1340 1169 1167
f 1167 1169 1032
f 1167 1032 1021
f 1021 1032 804
f 1021 804 781
f 781 804 563
f 781 563 525
f 525 563 371
f 525 371 340
f 340 483 525
f 525 483 570
f 525 570 781
f 781 570 764
f 781 764 1021
f 1021 764 1003
f 1021 1003 1167
f 1167 1003 1164
f 1167 1164 1340
f 1340 1164 1337
f 1340 1337 1499
f 1499 1337 1500
f 1499 1500 1692
f 1692 1500 1699
f 1692 1699 1862
f 1862 1699 1866
f 1862 1866 2075
f 2075 1866 2096
f 2075 2096 2297
f 2297 2096 2332
f 2297 2332 2385
f 2034 1850 2038
f 2038 1850 2047
f 2038 2047 2274
f 2274 2047 2281
f 2274 2281 2563
f 2563 2281 2297
f 2563 2297 2585
f 2585 2297 2385
f 2585 2385 2627
f 2374 2370 2464
f 2418 2471 2425
f 2425 2471 2440
f 2444 2440 2454
f 2454 2440 2503
f 2454 2503 2497
f 2497 2503 2506
f 2540 2534 2546
f 2546 2534 2531
f 2440 2471 2503
f 2503 2471 2502
f 2503 2502 2550
f 2531 2515 2546
f 2546 2515 2506
f 2546 2506 2539
f 2539 2506 2503
f 2539 2503 2543
f 2543 2503 2550
f 2547 2550 2536
f 2536 2550 2502
f 2536 2502 2511
f 2511 2502 2471
f 2511 2471 2464
f 2464 2471 2418
f 2464 2418 2374
f 2488 2430 2473
f 2473 2430 2442
f 418 416 463
f 496 499 463
f 430 422 435
f 435 422 418
f 435 418 450
f 450 418 456
f 534 526 461
f 461 526 480
f 461 480 456
f 496 463 453
f 453 463 416
f 453 416 423
f 456 418 461
f 461 418 463
f 461 463 534
f 534 463 499
f 534 499 560
f 560 499 496
f 560 496 606
f 427 426 425
f 425 424 427
f 427 424 423
f 427 423 417
f 421 420 422
f 422 420 419
f 422 419 418
f 418 419 417
f 418 417 416
f 416 417 423
f 437 442 459
f 459 442 457
f 459 457 566
f 566 457 460
f 566 460 539
f 539 460 464
f 539 464 476
f 425 426 428
f 459 424 425
f 425 428 459
f 459 428 433
f 459 433 437
f 423 424 453
f 453 424 459
f 453 459 496
f 496 459 566
f 496 566 606
f 883 834 727
f 727 834 731
f 727 731 566
f 566 731 690
f 566 690 606
f 1063 1045 883
f 1045 946 883
f 883 946 892
f 883 892 834
f 883 867 938
f 1063 883 1051
f 1051 883 938
f 1051 938 1046
f 867 883 771
f 771 883 727
f 771 727 753
f 539 613 566
f 566 613 688
f 566 688 727
f 727 688 704
f 727 704 753
f 690 731 890
f 606 690 1075
f 1075 953 606
f 606 953 833
f 606 833 560
f 526 534 618
f 618 534 560
f 618 560 721
f 721 560 833
f 690 890 1075
f 1075 890 1115
f 1075 1115 1156
f 1156 1115 1289
f 1289 1115 1303
f 1289 1303 1377
f 1377 1303 1429
f 1377 1429 1433
f 1433 1429 1655
f 1433 1655 1560
f 1560 1655 1846
f 1560 1846 1671
f 1671 1846 1801
f 1801 1846 2078
f 1801 2078 1889
f 2078 2240 1889
f 1889 2240 2330
f 1889 2330 2001
f 2330 2370 2001
f 2001 2370 2374
f 2001 2374 2140
f 2140 2374 2418
f 2140 2418 2249
f 2444 2360 2440
f 2440 2360 2249
f 2440 2249 2425
f 2425 2249 2418
f 2216 2240 2078
f 1045 1063 1105
f 1659 1858 1853
f 1858 1903 1853
f 1853 1903 2005
f 1853 2005 2084
f 1107 892 946
f 946 1045 1107
f 1107 1045 1105
f 1107 1105 1299
f 1299 1105 1298
f 1299 1298 1456
f 1456 1298 1465
f 1456 1465 1658
f 731 834 890
f 890 834 892
f 890 892 1115
f 1115 892 1107
f 1115 1107 1303
f 1303 1107 1299
f 1303 1299 1454
f 1454 1299 1456
f 1454 1456 1655
f 1655 1456 1658
f 1655 1658 1846
f 1465 1659 1658
f 1658 1659 1853
f 1658 1853 1846
f 1846 1853 2084
f 1846 2084 2078
f 2078 2084 2116
f 2078 2116 2216
f 1105 1063 1051
f 1298 1105 1234
f 1234 1105 1051
f 1234 1051 1046
f 1659 1717 1730
f 1730 1921 1916
f 1659 1730 1858
f 1858 1730 1916
f 1858 1916 1903
f 1234 1249 1298
f 1298 1249 1392
f 1298 1392 1465
f 1465 1392 1455
f 1465 1455 1659
f 1659 1455 1539
f 1659 1539 1717
f 2104 1981 1934
f 1934 1981 1921
f 1934 1921 1865
f 1865 1921 1728
f 1921 1730 1728
f 1728 1730 1717
f 1728 1717 1607
f 1607 1717 1539
f 1607 1539 1538
f 1538 1539 1455
f 1538 1455 1393
f 1393 1455 1392
f 1393 1392 1333
f 1333 1392 1236
f 1392 1249 1236
f 1236 1249 1234
f 1236 1234 1097
f 1097 1234 1046
f 1097 1046 1033
f 1033 1046 938
f 1033 938 867
f 282 206 201
f 74 60 44
f 1124 1258 1259
f 20 10 16
f 106 105 108
f 45 51 159
f 159 51 62
f 159 62 73
f 17 54 9
f 9 54 16
f 9 16 1
f 1 16 10
f 1 10 2
f 127 121 98
f 98 121 117
f 98 117 110
f 117 115 110
f 110 115 112
f 110 112 108
f 108 112 109
f 108 109 106
f 135 169 161
f 161 149 135
f 135 149 140
f 135 140 98
f 98 140 130
f 98 130 127
f 262 258 271
f 271 258 250
f 271 250 263
f 263 250 249
f 263 249 244
f 244 227 263
f 263 227 216
f 263 216 202
f 202 196 263
f 263 196 180
f 263 180 169
f 169 180 174
f 169 174 161
f 586 495 405
f 405 495 436
f 405 436 263
f 263 436 314
f 263 314 271
f 1459 1403 1369
f 1369 1403 1309
f 1369 1309 1278
f 1278 1309 1160
f 1278 1160 1144
f 1144 1160 1060
f 1144 1060 1056
f 1056 1060 901
f 1056 901 924
f 924 901 728
f 924 728 761
f 761 728 586
f 761 586 629
f 629 586 405
f 1119 1246 1253
f 1253 1246 1339
f 951 1085 1119
f 1119 1085 1114
f 1119 1114 1246
f 1119 992 951
f 951 992 838
f 951 838 790
f 790 675 685
f 685 675 431
f 685 431 477
f 477 431 317
f 317 431 297
f 317 297 265
f 185 159 129
f 129 159 73
f 129 73 75
f 27 20 30
f 30 20 16
f 30 16 67
f 67 16 54
f 67 54 163
f 17 31 54
f 54 31 45
f 54 45 163
f 163 45 159
f 163 159 212
f 212 159 185
f 212 185 265
f 329 323 503
f 503 323 493
f 503 493 717
f 717 493 709
f 717 709 869
f 869 709 866
f 869 866 1028
f 1028 866 1026
f 1028 1026 1127
f 335 329 516
f 516 329 503
f 516 503 722
f 722 503 717
f 722 717 872
f 872 717 869
f 872 869 1031
f 1031 869 1028
f 1031 1028 1130
f 1130 1028 1127
f 1130 1127 1261
f 1257 1258 1122
f 1122 1258 1124
f 1122 1124 1016
f 323 315 493
f 493 315 481
f 493 481 709
f 709 481 706
f 709 706 866
f 866 706 858
f 866 858 1026
f 695 701 466
f 466 701 479
f 466 479 309
f 309 479 313
f 309 313 245
f 245 313 252
f 245 252 183
f 183 252 190
f 684 695 454
f 454 695 466
f 454 466 301
f 301 466 309
f 301 309 237
f 237 309 245
f 237 245 176
f 176 245 183
f 675 684 431
f 431 684 454
f 431 454 297
f 297 454 301
f 297 301 224
f 224 301 237
f 224 237 172
f 172 237 176
f 1256 1257 1121
f 1121 1257 1122
f 1121 1122 1012
f 1012 1122 1016
f 1012 1016 856
f 856 1016 858
f 1253 1254 1119
f 1119 1254 1120
f 1119 1120 992
f 992 1120 1005
f 992 1005 838
f 838 1005 849
f 1347 1470 1349
f 1349 1470 1474
f 856 849 1012
f 1012 849 1005
f 1012 1005 1121
f 1121 1005 1120
f 1121 1120 1256
f 1256 1120 1254
f 1256 1254 1349
f 1349 1254 1253
f 1349 1253 1347
f 1347 1253 1339
f 1347 1339 1470
f 1354 1259 1353
f 1353 1259 1258
f 1353 1258 1352
f 1352 1258 1257
f 1352 1257 1350
f 1350 1257 1256
f 1350 1256 1476
f 1476 1256 1349
f 1476 1349 1467
f 1467 1349 1474
f 629 752 761
f 761 752 915
f 761 915 924
f 924 915 1052
f 924 1052 1056
f 1056 1052 1139
f 1056 1139 1144
f 1144 1139 1267
f 1144 1267 1278
f 1278 1267 1361
f 1278 1361 1369
f 1369 1361 1472
f 1369 1472 1459
f 747 732 905
f 905 732 886
f 905 886 1050
f 1050 886 1039
f 1050 1039 1136
f 1136 1039 1134
f 1136 1134 1266
f 1266 1134 1264
f 1266 1264 1358
f 1356 1458 1468
f 629 747 752
f 752 747 905
f 752 905 915
f 915 905 1050
f 915 1050 1052
f 1052 1050 1136
f 1052 1136 1139
f 1139 1136 1266
f 1139 1266 1267
f 1267 1266 1358
f 1267 1358 1361
f 1361 1358 1463
f 1361 1463 1472
f 1261 1132 1130
f 1130 1132 1034
f 1130 1034 1031
f 1031 1034 882
f 1031 882 872
f 872 882 729
f 872 729 722
f 722 729 527
f 722 527 516
f 516 527 341
f 516 341 335
f 335 341 274
f 335 274 329
f 329 274 266
f 329 266 323
f 323 266 260
f 323 260 315
f 27 30 38
f 38 30 42
f 38 42 44
f 44 42 53
f 44 53 74
f 206 126 201
f 201 126 99
f 201 99 190
f 190 99 90
f 190 90 183
f 183 90 84
f 183 84 176
f 176 84 78
f 176 78 172
f 543 601 348
f 348 601 387
f 348 387 213
f 213 387 239
f 213 239 139
f 139 239 158
f 139 158 74
f 74 158 94
f 74 94 60
f 60 94 88
f 265 297 212
f 212 297 224
f 212 224 163
f 163 224 172
f 163 172 67
f 67 172 78
f 67 78 30
f 30 78 84
f 30 84 42
f 42 84 90
f 42 90 53
f 53 90 99
f 53 99 74
f 74 99 126
f 74 126 139
f 139 126 206
f 139 206 213
f 213 206 282
f 213 282 348
f 98 88 135
f 135 88 94
f 135 94 169
f 169 94 158
f 169 158 263
f 263 158 239
f 263 239 405
f 405 239 387
f 405 387 629
f 629 387 601
f 629 601 747
f 747 601 543
f 747 543 732
f 1476 1473 1350
f 1350 1473 1475
f 1350 1475 1352
f 1352 1475 1469
f 1352 1469 1353
f 1353 1469 1466
f 1353 1466 1354
f 1354 1466 1462
f 1354 1462 1460
f 858 1016 1026
f 1026 1016 1124
f 1026 1124 1127
f 1127 1124 1259
f 1127 1259 1261
f 1261 1259 1354
f 1261 1354 1356
f 1356 1354 1460
f 1356 1460 1458
f 790 838 675
f 675 838 849
f 675 849 684
f 684 849 856
f 684 856 695
f 695 856 858
f 695 858 701
f 701 858 706
f 701 706 479
f 479 706 481
f 479 481 313
f 313 481 315
f 313 315 252
f 252 315 260
f 252 260 190
f 190 260 266
f 190 266 201
f 201 266 274
f 201 274 282
f 282 274 341
f 282 341 348
f 348 341 527
f 348 527 543
f 543 527 729
f 543 729 732
f 732 729 882
f 732 882 886
f 886 882 1034
f 886 1034 1039
f 1039 1034 1132
f 1039 1132 1134
f 1134 1132 1261
f 1134 1261 1264
f 1264 1261 1356
f 1264 1356 1358
f 1358 1356 1468
f 1358 1468 1463
f 528 539 498
f 498 539 476
f 2542 2548 2549
f 2542 2549 2537
f 2546 2544 2540
f 2540 2544 2545
f 2540 2545 2541
f 2546 2539 2544
f 2544 2539 2543
f 2544 2543 2538
f 2538 2543 2550
f 2538 2550 2549
f 2549 2550 2547
f 2549 2547 2537
f 2336 2430 2406
f 2430 2488 2501
f 2336 2406 2259
f 2158 2244 2104
f 2104 2244 2087
f 2104 2087 1981
f 2158 2212 2244
f 2244 2212 2237
f 2244 2237 2259
f 1916 1921 1981
f 1981 2087 1916
f 1916 2087 2005
f 1916 2005 1903
f 2240 2216 2244
f 2244 2216 2116
f 2244 2116 2087
f 2087 2116 2084
f 2087 2084 2005
f 2259 2406 2244
f 2244 2406 2330
f 2244 2330 2240
f 2536 2511 2507
f 2507 2511 2464
f 2507 2464 2406
f 2406 2464 2370
f 2406 2370 2330
f 2430 2501 2406
f 2406 2501 2504
f 2406 2504 2507
f 2507 2504 2509
f 2507 2509 2524
f 2524 2529 2507
f 2507 2529 2535
f 2507 2535 2548
f 2547 2536 2537
f 2537 2536 2507
f 2537 2507 2542
f 2542 2507 2548
f 102 103 375
f 375 103 105
f 375 105 384
f 384 105 106
f 384 106 389
f 121 420 117
f 117 420 421
f 117 421 115
f 115 421 393
f 115 393 112
f 112 393 389
f 112 389 109
f 109 389 106
f 140 419 130
f 130 419 420
f 130 420 127
f 127 420 121
f 161 417 150
f 150 417 419
f 150 419 140
f 250 464 249
f 249 464 460
f 249 460 244
f 244 460 457
f 244 457 227
f 227 457 442
f 227 442 216
f 442 437 216
f 216 437 433
f 216 433 202
f 202 433 428
f 202 428 196
f 196 428 426
f 196 426 180
f 180 426 427
f 180 427 174
f 174 427 417
f 174 417 161
f 2530 2650 2623
f 2690 2694 2696
f 2696 2694 2703
f 2404 2463 2530
f 2463 2404 2397
f 2397 2404 2207
f 2397 2207 2239
f 2239 2207 2017
f 2239 2017 2064
f 2064 2017 1880
f 2064 1880 1899
f 1899 1880 1735
f 1899 1735 1793
f 1793 1735 1622
f 1793 1622 1643
f 1643 1622 1520
f 1643 1520 1527
f 1527 1520 1471
f 1527 1471 1459
f 2380 2322 2404
f 2404 2322 2160
f 2404 2160 2207
f 2207 2160 1987
f 2207 1987 2017
f 2017 1987 1854
f 2017 1854 1880
f 1880 1854 1723
f 1880 1723 1735
f 1735 1723 1609
f 1735 1609 1622
f 1622 1609 1516
f 1622 1516 1520
f 1520 1516 1464
f 1520 1464 1471
f 2530 2623 2404
f 2404 2623 2551
f 2404 2551 2380
f 2659 2551 2677
f 2677 2551 2623
f 2677 2623 2690
f 2690 2623 2650
f 2690 2650 2694
f 2325 2247 2696
f 2715 2501 2708
f 2708 2501 2488
f 2708 2488 2703
f 2703 2488 2472
f 2703 2472 2696
f 2696 2472 2442
f 2696 2442 2325
f 648 753 704
f 539 528 613
f 613 528 648
f 613 648 688
f 688 648 704
f 648 723 753
f 753 723 772
f 753 772 846
f 1033 867 1222
f 1222 867 771
f 1222 771 1064
f 1064 771 753
f 1064 753 982
f 982 753 846
f 2158 2104 1934
f 2125 2195 2212
f 1934 1739 2158
f 2158 1739 1902
f 2158 1902 2212
f 2212 1902 1978
f 2212 1978 2125
f 2195 2247 2212
f 2212 2247 2325
f 2212 2325 2237
f 2237 2325 2259
f 2442 2430 2325
f 2325 2430 2336
f 2325 2336 2259
f 1485 1541 1607
f 1607 1541 1615
f 1607 1615 1728
f 1728 1615 1739
f 1728 1739 1865
f 1865 1739 1934
f 1607 1538 1485
f 1485 1538 1393
f 1485 1393 1391
f 1391 1393 1333
f 1391 1333 1328
f 1328 1333 1236
f 1328 1236 1222
f 1222 1236 1097
f 1222 1097 1033
f 464 250 476
f 476 250 257
f 476 257 497
f 497 257 262
f 497 262 528
f 528 262 269
f 528 269 648
f 648 269 723
f 2825 2544 2817
f 2817 2544 2538
f 2817 2538 2805
f 2790 2805 2538
f 2501 2715 2504
f 2504 2715 2720
f 2504 2720 2509
f 2509 2720 2722
f 2509 2722 2524
f 2524 2722 2740
f 2524 2740 2529
f 2529 2740 2747
f 2529 2747 2535
f 2535 2747 2763
f 2535 2763 2548
f 2548 2763 2769
f 2548 2769 2549
f 2549 2769 2780
f 2549 2780 2538
f 2538 2780 2785
f 2538 2785 2790
f 2856 2579 2854
f 2854 2579 2571
f 2854 2571 2852
f 2856 2858 2579
f 2579 2858 2859
f 2579 2859 2591
f 2591 2859 2860
f 2591 2860 2861
f 2852 2571 2848
f 2848 2571 2568
f 2848 2568 2847
f 2847 2568 2541
f 2847 2541 2838
f 2838 2541 2545
f 2838 2545 2836
f 2836 2545 2544
f 2836 2544 2825
f 2862 2863 2781
f 2590 2591 2781
f 2781 2591 2861
f 2781 2861 2862
f 2453 2445 2622
f 2796 2806 2761
f 2636 2698 2709
f 2937 2944 2917
f 2862 2824 2829
f 2829 2831 2862
f 2862 2831 2842
f 2862 2842 2843
f 2843 2851 2862
f 2862 2851 2857
f 2862 2857 2863
f 2862 2861 2824
f 2824 2861 2860
f 2824 2860 2859
f 2664 2754 2724
f 2724 2754 2803
f 2724 2803 2772
f 2835 2787 2841
f 2841 2915 2899
f 2899 2876 2841
f 2841 2876 2844
f 2841 2844 2835
f 2930 2936 2935
f 2954 2962 2930
f 2930 2962 2960
f 2930 2960 2958
f 2958 2949 2930
f 2930 2949 2941
f 2930 2941 2936
f 2935 2834 2930
f 2930 2834 2917
f 2930 2917 2954
f 2954 2917 2944
f 2470 2462 2636
f 2636 2462 2631
f 2636 2631 2698
f 2711 2783 2787
f 2787 2783 2834
f 2787 2834 2841
f 2841 2834 2935
f 2841 2935 2915
f 2711 2709 2783
f 2783 2709 2698
f 2783 2698 2834
f 2834 2698 2818
f 2834 2818 2917
f 2917 2818 2898
f 2917 2898 2937
f 2668 2480 2644
f 2644 2480 2481
f 2644 2481 2641
f 2641 2481 2478
f 2641 2478 2475
f 2835 2768 2787
f 2787 2768 2668
f 2787 2668 2711
f 2711 2668 2644
f 2711 2644 2709
f 2709 2644 2641
f 2709 2641 2636
f 2636 2641 2475
f 2636 2475 2470
f 2429 2597 2605
f 2605 2597 2664
f 2605 2664 2674
f 2674 2664 2724
f 2674 2724 2735
f 2735 2724 2772
f 2735 2772 2782
f 2782 2796 2753
f 2782 2753 2735
f 2735 2753 2680
f 2735 2680 2674
f 2674 2680 2622
f 2674 2622 2605
f 2605 2622 2445
f 2605 2445 2429
f 2631 2689 2698
f 2698 2689 2765
f 2698 2765 2818
f 2818 2765 2810
f 2818 2810 2898
f 2898 2810 2849
f 2898 2849 2888
f 2888 2849 2830
f 2888 2830 2874
f 2874 2830 2813
f 2874 2813 2840
f 2840 2813 2802
f 2840 2802 2820
f 2855 2853 2820
f 2820 2853 2865
f 2820 2865 2840
f 2840 2865 2877
f 2840 2877 2874
f 2874 2877 2904
f 2874 2904 2888
f 2888 2904 2920
f 2888 2920 2898
f 2898 2920 2927
f 2898 2927 2937
f 2796 2761 2753
f 2753 2761 2686
f 2753 2686 2680
f 2680 2686 2629
f 2680 2629 2622
f 2622 2629 2456
f 2622 2456 2453
f 2859 2855 2824
f 2824 2855 2820
f 2824 2820 2803
f 2803 2820 2802
f 2803 2802 2772
f 2772 2802 2813
f 2772 2813 2782
f 2782 2813 2830
f 2782 2830 2796
f 2796 2830 2849
f 2796 2849 2806
f 2806 2849 2810
f 2806 2810 2761
f 2761 2810 2765
f 2761 2765 2686
f 2686 2765 2689
f 2686 2689 2629
f 2629 2689 2631
f 2629 2631 2456
f 2456 2631 2462
f 2815 2797 2786
f 2815 2829 2824
f 2815 2786 2804
f 2804 2786 2767
f 2804 2767 2792
f 2756 2792 2748
f 2748 2792 2767
f 2748 2767 2681
f 2319 2596 2628
f 2662 2681 2701
f 2701 2681 2767
f 2701 2767 2726
f 2726 2767 2786
f 2726 2786 2746
f 2746 2786 2797
f 2596 2662 2628
f 2628 2662 2701
f 2628 2701 2645
f 2645 2701 2726
f 2645 2726 2655
f 2655 2726 2746
f 2815 2824 2797
f 2797 2824 2803
f 2797 2803 2746
f 2746 2803 2754
f 2746 2754 2655
f 2655 2754 2664
f 2655 2664 2597
f 2319 2628 2346
f 2346 2628 2645
f 2346 2645 2371
f 2371 2645 2655
f 2371 2655 2408
f 2408 2655 2597
f 2408 2597 2429
f 114 160 156
f 171 194 162
f 295 312 361
f 361 312 541
f 361 541 524
f 488 489 299
f 198 173 179
f 143 95 125
f 3 2 34
f 122 133 123
f 123 133 136
f 123 136 144
f 108 105 144
f 144 105 104
f 144 104 123
f 123 104 102
f 123 102 100
f 100 101 123
f 123 101 107
f 123 107 111
f 111 113 123
f 123 113 119
f 123 119 122
f 29 28 34
f 34 28 22
f 22 15 34
f 34 15 5
f 34 5 3
f 488 299 486
f 321 487 486
f 325 492 321
f 321 492 490
f 321 490 487
f 338 512 336
f 336 512 505
f 336 505 330
f 330 505 500
f 330 500 325
f 325 500 494
f 325 494 492
f 47 65 156
f 156 65 76
f 156 76 114
f 95 49 125
f 125 49 29
f 125 29 134
f 134 29 34
f 134 34 146
f 2 10 34
f 34 10 47
f 34 47 146
f 146 47 156
f 108 144 110
f 110 144 142
f 110 142 98
f 98 142 124
f 98 124 88
f 226 312 241
f 241 312 295
f 241 295 291
f 291 295 361
f 291 361 344
f 344 361 524
f 344 524 514
f 486 299 321
f 321 299 253
f 321 253 325
f 325 253 256
f 325 256 330
f 330 256 267
f 330 267 336
f 336 267 276
f 336 276 338
f 338 276 280
f 338 280 286
f 286 280 211
f 286 211 229
f 229 211 182
f 229 182 194
f 194 182 152
f 194 152 162
f 171 226 194
f 194 226 241
f 194 241 229
f 229 241 291
f 229 291 286
f 286 291 344
f 286 344 338
f 338 344 514
f 338 514 512
f 10 20 47
f 47 20 27
f 47 27 65
f 65 27 38
f 65 38 76
f 76 38 44
f 76 44 60
f 173 143 179
f 179 143 125
f 179 125 181
f 181 125 134
f 181 134 193
f 193 134 146
f 193 146 200
f 200 146 156
f 200 156 204
f 204 156 160
f 204 160 166
f 166 160 114
f 166 114 137
f 137 114 76
f 137 76 124
f 124 76 60
f 124 60 88
f 299 198 253
f 253 198 179
f 253 179 256
f 256 179 181
f 256 181 267
f 267 181 193
f 267 193 276
f 276 193 200
f 276 200 280
f 280 200 204
f 280 204 211
f 211 204 166
f 211 166 182
f 182 166 137
f 182 137 152
f 152 137 124
f 152 124 162
f 162 124 142
f 162 142 171
f 171 142 144
f 356 394 386
f 373 375 355
f 353 359 355
f 355 359 369
f 355 369 373
f 375 384 355
f 355 384 389
f 355 389 354
f 354 389 393
f 386 363 356
f 356 363 370
f 356 370 382
f 422 430 394
f 356 354 394
f 394 354 393
f 394 393 422
f 422 393 421
f 430 435 612
f 612 602 430
f 430 602 594
f 430 594 394
f 394 594 551
f 394 551 542
f 542 551 552
f 435 450 612
f 612 450 456
f 612 456 480
f 773 681 618
f 773 618 775
f 775 618 721
f 775 721 831
f 480 526 612
f 612 526 618
f 612 618 639
f 639 618 681
f 1075 1076 1062
f 1062 1025 1075
f 1075 1025 936
f 1075 936 953
f 953 936 831
f 953 831 833
f 833 831 721
f 1076 1075 1089
f 1089 1075 1156
f 1089 1156 1137
f 1137 1156 1283
f 1283 1156 1289
f 1283 1289 1378
f 1378 1289 1377
f 1378 1377 1461
f 1461 1377 1433
f 1461 1433 1557
f 1557 1433 1560
f 1557 1560 1670
f 1670 1560 1671
f 1670 1671 1823
f 1823 1671 1801
f 1823 1801 1875
f 1875 1801 1889
f 1875 1889 1888
f 1888 1889 1996
f 1996 1889 2001
f 1996 2001 2153
f 2360 2361 2358
f 2358 2321 2360
f 2360 2321 2278
f 2360 2278 2249
f 2249 2278 2153
f 2249 2153 2140
f 2140 2153 2001
f 2410 2572 2420
f 2420 2572 2428
f 2420 2428 2419
f 2454 2497 2373
f 2361 2360 2373
f 2373 2360 2444
f 2373 2444 2454
f 2541 2568 2540
f 2540 2568 2571
f 2540 2571 2572
f 2497 2506 2373
f 2373 2506 2515
f 2373 2515 2410
f 2410 2515 2531
f 2410 2531 2572
f 2572 2531 2534
f 2572 2534 2540
f 2602 2611 2598
f 2598 2611 2581
f 2602 2578 2611
f 2611 2578 2572
f 2611 2572 2612
f 2612 2572 2571
f 2612 2571 2613
f 2613 2571 2579
f 2613 2579 2614
f 2614 2579 2591
f 2614 2591 2609
f 2590 2595 2591
f 2591 2595 2604
f 2591 2604 2609
f 848 808 874
f 874 808 794
f 874 794 899
f 223 429 235
f 235 429 523
f 235 523 292
f 292 523 546
f 292 546 324
f 324 546 674
f 324 674 388
f 388 674 763
f 388 763 651
f 651 763 794
f 651 794 703
f 703 794 808
f 703 808 743
f 549 541 312
f 177 157 168
f 388 347 324
f 324 347 278
f 184 223 208
f 208 223 235
f 208 235 278
f 278 235 292
f 278 292 324
f 599 347 630
f 630 347 388
f 630 388 651
f 184 208 192
f 192 208 278
f 192 278 255
f 255 278 347
f 255 347 332
f 332 347 599
f 332 599 562
f 562 316 332
f 332 316 238
f 332 238 255
f 255 238 177
f 255 177 192
f 192 177 168
f 192 168 184
f 144 157 171
f 171 157 177
f 171 177 226
f 226 177 238
f 226 238 312
f 312 238 316
f 312 316 549
f 549 316 562
f 359 353 122
f 122 353 133
f 133 353 358
f 133 358 136
f 111 369 113
f 113 369 359
f 113 359 119
f 119 359 122
f 102 375 100
f 100 375 373
f 100 373 101
f 101 373 369
f 101 369 107
f 107 369 111
f 136 358 144
f 144 358 367
f 144 367 157
f 184 383 223
f 223 383 397
f 223 397 429
f 367 378 157
f 157 378 383
f 157 383 168
f 168 383 184
f 1867 1096 1790
f 1790 1096 1168
f 1790 1168 1619
f 1619 1168 1324
f 1619 1324 1453
f 2195 2125 2485
f 1739 1615 2012
f 1328 1027 1096
f 269 275 723
f 723 275 368
f 484 846 368
f 368 846 772
f 368 772 723
f 484 700 846
f 846 700 748
f 846 748 982
f 982 748 750
f 982 750 1064
f 2012 1615 1867
f 1064 750 1222
f 1222 750 913
f 1222 913 1328
f 1328 913 945
f 1328 945 1027
f 1615 1541 1867
f 1867 1541 1485
f 1867 1485 1096
f 1096 1485 1391
f 1096 1391 1328
f 2119 2219 1902
f 1902 2219 2224
f 1902 2224 1978
f 1739 2012 1902
f 1902 2012 2014
f 1902 2014 2119
f 1978 2224 2125
f 2125 2224 2318
f 2125 2318 2485
f 2690 2696 2485
f 2485 2696 2247
f 2485 2247 2195
f 288 275 339
f 306 288 403
f 403 288 339
f 403 339 587
f 587 339 553
f 756 901 937
f 937 901 1060
f 937 1060 1082
f 1082 1060 1160
f 1082 1160 1227
f 1227 1160 1309
f 1227 1309 1321
f 1321 1309 1403
f 1321 1403 1405
f 1405 1403 1459
f 1405 1459 1471
f 436 495 553
f 553 495 586
f 553 586 756
f 756 586 728
f 756 728 901
f 269 262 271
f 436 553 314
f 314 553 339
f 314 339 271
f 271 339 275
f 271 275 269
f 1471 1464 1405
f 1405 1464 1407
f 1405 1407 1321
f 1321 1407 1330
f 1321 1330 1227
f 1227 1330 1240
f 1227 1240 1082
f 1082 1240 1104
f 1082 1104 937
f 937 1104 964
f 937 964 756
f 756 964 806
f 756 806 553
f 553 806 642
f 553 642 587
f 642 806 927
f 2551 2659 2648
f 2648 2634 2551
f 2551 2634 2575
f 2551 2575 2564
f 2042 2322 2175
f 2175 2322 2380
f 2175 2380 2339
f 2339 2380 2551
f 2339 2551 2458
f 2458 2551 2564
f 1419 1516 1573
f 1573 1516 1609
f 1573 1609 1683
f 1683 1609 1723
f 1683 1723 1809
f 1809 1723 1854
f 1809 1854 1904
f 1904 1854 1987
f 1904 1987 2042
f 2042 1987 2160
f 2042 2160 2322
f 1371 1407 1419
f 1419 1407 1464
f 1419 1464 1516
f 927 806 1061
f 1061 806 964
f 1061 964 1149
f 1149 964 1104
f 1149 1104 1280
f 1280 1104 1240
f 1280 1240 1371
f 1371 1240 1330
f 1371 1330 1407
f 642 927 587
f 587 927 792
f 587 792 403
f 792 634 403
f 403 634 600
f 403 600 515
f 515 432 403
f 403 432 402
f 403 402 395
f 395 334 403
f 403 334 318
f 403 318 306
f 792 903 904
f 750 748 744
f 333 288 327
f 327 288 306
f 327 306 322
f 322 306 318
f 484 368 333
f 333 368 275
f 333 275 288
f 841 829 913
f 913 829 931
f 913 931 945
f 945 931 1013
f 1087 1096 1027
f 903 948 904
f 904 948 908
f 904 908 711
f 710 634 792
f 515 609 432
f 432 609 434
f 432 434 402
f 455 334 443
f 443 334 395
f 792 904 710
f 710 904 711
f 710 711 634
f 634 711 603
f 634 603 600
f 908 914 718
f 718 914 815
f 829 820 931
f 931 820 920
f 931 920 1013
f 1013 920 997
f 318 334 322
f 322 334 455
f 322 455 327
f 327 455 465
f 327 465 333
f 333 465 478
f 333 478 484
f 443 620 455
f 455 620 628
f 455 628 465
f 465 628 635
f 465 635 478
f 478 635 640
f 478 640 484
f 484 640 700
f 748 700 744
f 744 700 640
f 744 640 733
f 733 640 635
f 733 635 730
f 730 635 628
f 730 628 725
f 725 628 620
f 908 718 711
f 711 718 609
f 711 609 603
f 603 609 515
f 603 515 600
f 1074 1081 997
f 997 1081 1087
f 997 1087 1013
f 1013 1087 1027
f 1013 1027 945
f 820 815 920
f 920 815 914
f 920 914 997
f 997 914 908
f 997 908 1074
f 1074 908 948
f 1074 948 1071
f 913 750 841
f 841 750 744
f 841 744 829
f 829 744 733
f 829 733 820
f 820 733 730
f 820 730 815
f 815 730 725
f 815 725 718
f 718 725 620
f 718 620 609
f 609 620 443
f 609 443 434
f 434 443 395
f 434 395 402
f 2359 2245 2253
f 2224 2219 2225
f 2012 1867 1871
f 2648 2643 2634
f 2634 2643 2523
f 2634 2523 2575
f 2575 2523 2532
f 2575 2532 2564
f 2564 2532 2458
f 2224 2225 2318
f 2648 2659 2643
f 2643 2659 2677
f 2643 2677 2639
f 2639 2677 2690
f 2639 2690 2633
f 2245 2359 2241
f 2241 2359 2351
f 2241 2351 2236
f 2236 2351 2341
f 2236 2341 2225
f 2225 2341 2334
f 2225 2334 2318
f 2690 2485 2633
f 2633 2485 2487
f 2633 2487 2639
f 2639 2487 2500
f 2639 2500 2643
f 2643 2500 2510
f 2643 2510 2523
f 2119 2014 2133
f 2133 2014 2024
f 2133 2024 2144
f 2144 2024 2035
f 2144 2035 2152
f 2152 2035 2041
f 2152 2041 2157
f 2041 2046 2157
f 2157 2046 2059
f 2157 2059 2167
f 2167 2059 2011
f 2167 2011 2175
f 2014 2012 2024
f 2024 2012 1871
f 2024 1871 2035
f 2035 1871 1876
f 2035 1876 2041
f 2041 1876 1878
f 2041 1878 2046
f 2046 1878 1883
f 2046 1883 2059
f 2059 1883 1890
f 2059 1890 2011
f 2011 1890 1893
f 2219 2119 2225
f 2225 2119 2133
f 2225 2133 2236
f 2236 2133 2144
f 2236 2144 2241
f 2241 2144 2152
f 2241 2152 2245
f 2245 2152 2157
f 2245 2157 2253
f 2253 2157 2167
f 2253 2167 2263
f 2263 2167 2175
f 2263 2175 2265
f 2265 2175 2339
f 2265 2339 2263
f 2263 2339 2458
f 2263 2458 2253
f 2253 2458 2532
f 2253 2532 2359
f 2359 2532 2523
f 2359 2523 2351
f 2351 2523 2510
f 2351 2510 2341
f 2341 2510 2500
f 2341 2500 2334
f 2334 2500 2487
f 2334 2487 2318
f 2318 2487 2485
f 1319 1420 1457
f 1457 1420 1564
f 1457 1564 1625
f 1625 1564 1676
f 1625 1676 1796
f 1796 1676 1807
f 1150 1286 1319
f 1319 1286 1374
f 1319 1374 1420
f 1319 1161 1150
f 1150 1161 1074
f 1150 1074 1071
f 1096 1087 1166
f 1166 1087 1081
f 1883 1878 1791
f 1791 1878 1876
f 1791 1876 1871
f 1096 1166 1168
f 1168 1166 1323
f 1168 1323 1324
f 1324 1323 1452
f 1324 1452 1453
f 1453 1452 1620
f 1453 1620 1619
f 1619 1620 1791
f 1619 1791 1790
f 1790 1791 1871
f 1790 1871 1867
f 1807 1893 1796
f 1796 1893 1890
f 1796 1890 1883
f 1883 1791 1796
f 1796 1791 1620
f 1796 1620 1625
f 1625 1620 1452
f 1625 1452 1457
f 1457 1452 1323
f 1457 1323 1319
f 1319 1323 1166
f 1319 1166 1161
f 1161 1166 1081
f 1161 1081 1074
f 2200 2188 2176
f 2176 2188 2083
f 2176 2083 1919
f 767 791 780
f 780 791 1048
f 780 1048 963
f 1272 1247 1239
f 1239 1247 1231
f 1239 1231 1048
f 1048 1231 1113
f 1048 1113 963
f 1272 1239 1390
f 1390 1239 1399
f 1390 1399 1489
f 1489 1399 1530
f 1489 1530 1540
f 1724 1654 1530
f 1530 1654 1624
f 1530 1624 1540
f 2083 1957 1919
f 1919 1957 1907
f 1919 1907 1724
f 1724 1907 1800
f 1724 1800 1654
f 2214 2200 2086
f 2086 2200 2176
f 2086 2176 1877
f 1877 2176 1919
f 1877 1919 1716
f 1716 1919 1724
f 1716 1724 1523
f 1523 1724 1530
f 1523 1530 1404
f 1404 1530 1399
f 1404 1399 1251
f 1251 1399 1239
f 1251 1239 1088
f 1088 1239 1048
f 1088 1048 884
f 884 1048 791
f 884 791 751
f 751 791 767
f 2188 2200 2267
f 2403 2401 2368
f 2403 2368 2369
f 2369 2368 2323
f 2369 2323 2326
f 2326 2323 2316
f 2326 2316 2267
f 2267 2316 2251
f 2267 2251 2188
f 2200 2214 2276
f 2200 2276 2267
f 2267 2276 2335
f 2267 2335 2326
f 2326 2335 2372
f 2326 2372 2369
f 2369 2372 2388
f 2369 2388 2403
f 2401 2381 2368
f 2368 2381 2362
f 2368 2362 2323
f 2323 2362 2316
f 2381 2401 2382
f 2382 2401 2402
f 2395 2393 2400
f 2390 2402 2398
f 2398 2402 2401
f 2398 2401 2386
f 2386 2401 2403
f 2386 2403 2391
f 2391 2403 2399
f 2399 2403 2388
f 2399 2388 2400
f 2400 2388 2389
f 2400 2389 2395
f 2396 2387 2394
f 2394 2387 2395
f 2394 2395 2392
f 2392 2395 2389
f 2474 2498 2495
f 2554 2491 2492
f 2554 2561 2512
f 2554 2492 2555
f 2555 2492 2493
f 2555 2493 2556
f 2556 2493 2494
f 2556 2494 2558
f 2558 2494 2559
f 2559 2494 2495
f 2559 2495 2560
f 2560 2495 2498
f 2560 2498 2557
f 2434 2452 2451
f 2451 2452 2474
f 2414 2411 2434
f 2400 2393 2411
f 2411 2414 2400
f 2400 2414 2413
f 2400 2413 2399
f 2399 2413 2417
f 2399 2417 2391
f 2391 2417 2416
f 2391 2416 2386
f 2386 2416 2415
f 2386 2415 2398
f 2398 2415 2412
f 2398 2412 2390
f 2449 2446 2439
f 2554 2512 2491
f 2491 2512 2490
f 2491 2490 2476
f 2434 2451 2414
f 2414 2451 2450
f 2414 2450 2413
f 2413 2450 2448
f 2413 2448 2417
f 2417 2448 2447
f 2417 2447 2416
f 2416 2447 2449
f 2416 2449 2415
f 2415 2449 2439
f 2415 2439 2412
f 2474 2495 2451
f 2451 2495 2494
f 2451 2494 2450
f 2450 2494 2493
f 2450 2493 2448
f 2448 2493 2492
f 2448 2492 2447
f 2447 2492 2491
f 2447 2491 2449
f 2449 2491 2476
f 2449 2476 2446
f 2812 2561 2554
f 2812 2554 2814
f 2814 2554 2555
f 2814 2555 2819
f 2819 2555 2556
f 2819 2556 2822
f 2822 2556 2837
f 2837 2556 2558
f 2837 2558 2867
f 2867 2558 2559
f 2867 2559 2871
f 2559 2560 2871
f 2871 2560 2557
f 2871 2557 2884
f 2557 2607 2884
f 2884 2607 2640
f 2884 2640 2897
f 2897 2640 2679
f 2794 2900 2777
f 2777 2900 2905
f 2905 2908 2777
f 2777 2908 2909
f 2777 2909 2734
f 2734 2909 2907
f 2734 2907 2679
f 2679 2907 2901
f 2679 2901 2897
f 2909 2908 2925
f 2893 2903 2892
f 2892 2903 2902
f 2902 2903 2913
f 2913 2903 2918
f 2913 2918 2919
f 2919 2918 2931
f 2919 2931 2933
f 2933 2931 2943
f 2933 2943 2947
f 2947 2943 2950
f 2947 2950 2955
f 2955 2950 2956
f 2955 2956 2963
f 2867 2871 2895
f 2895 2871 2884
f 2895 2884 2916
f 2916 2884 2897
f 2916 2897 2923
f 2923 2897 2901
f 2923 2901 2928
f 2928 2901 2907
f 2846 2845 2832
f 2867 2895 2837
f 2837 2895 2878
f 2837 2878 2822
f 2822 2878 2868
f 2822 2868 2819
f 2819 2868 2846
f 2819 2846 2814
f 2814 2846 2832
f 2814 2832 2812
f 2880 2879 2869
f 2892 2889 2893
f 2893 2889 2890
f 2893 2890 2883
f 2942 2928 2925
f 2925 2928 2907
f 2925 2907 2909
f 2942 2946 2928
f 2928 2946 2939
f 2928 2939 2923
f 2923 2939 2932
f 2923 2932 2916
f 2916 2932 2921
f 2916 2921 2895
f 2895 2921 2906
f 2895 2906 2878
f 2878 2906 2887
f 2878 2887 2868
f 2868 2887 2880
f 2868 2880 2846
f 2846 2880 2869
f 2846 2869 2845
f 2942 2952 2956
f 2956 2952 2957
f 2956 2957 2963
f 2963 2957 2961
f 2963 2961 2962
f 2942 2956 2946
f 2946 2956 2950
f 2946 2950 2939
f 2939 2950 2943
f 2939 2943 2932
f 2932 2943 2931
f 2932 2931 2921
f 2921 2931 2918
f 2921 2918 2906
f 2906 2918 2903
f 2906 2903 2887
f 2887 2903 2893
f 2887 2893 2880
f 2880 2893 2883
f 2880 2883 2879
f 2678 2751 2727
f 2751 2678 2759
f 2896 2910 2948
f 1474 1470 1598
f 1592 1593 1708
f 1598 1470 1559
f 2836 2825 2833
f 2350 2239 2204
f 2204 2239 2064
f 2204 2064 2044
f 2044 2064 1899
f 2044 1899 1909
f 1909 1899 1793
f 1909 1793 1814
f 1814 1793 1643
f 1814 1643 1687
f 1687 1643 1527
f 1687 1527 1575
f 1575 1527 1459
f 2650 2530 2562
f 2562 2530 2463
f 2562 2463 2350
f 2350 2463 2397
f 2350 2397 2239
f 2769 2763 2702
f 2790 2785 2702
f 2702 2785 2780
f 2702 2780 2769
f 2763 2747 2702
f 2702 2747 2740
f 2702 2740 2722
f 2722 2720 2702
f 2702 2720 2715
f 2702 2715 2694
f 2694 2715 2707
f 2694 2707 2703
f 2817 2805 2793
f 2855 2859 2858
f 2858 2856 2855
f 2855 2856 2854
f 2855 2854 2853
f 2854 2852 2853
f 2853 2852 2848
f 2853 2848 2865
f 2865 2848 2847
f 2865 2847 2838
f 2919 2933 2910
f 2910 2933 2947
f 2910 2947 2948
f 2948 2947 2955
f 2948 2955 2954
f 2954 2955 2963
f 2954 2963 2962
f 2889 2892 2808
f 2808 2892 2902
f 2712 2779 2752
f 2752 2779 2827
f 1968 2206 2137
f 2137 2206 2311
f 2137 2311 2296
f 1845 1892 1968
f 1968 1892 2031
f 1968 2031 2206
f 1968 1841 1845
f 1845 1841 1713
f 1845 1713 1714
f 1591 1592 1707
f 1469 1475 1595
f 1475 1473 1595
f 1595 1473 1476
f 1595 1476 1709
f 1596 1467 1474
f 1591 1707 1705
f 1705 1707 1833
f 1705 1833 1830
f 1830 1833 1938
f 1830 1938 1935
f 1935 1938 2103
f 1935 2103 2100
f 1592 1708 1707
f 1707 1708 1837
f 1707 1837 1833
f 1833 1837 1940
f 1833 1940 1938
f 1938 1940 2105
f 1938 2105 2103
f 1592 1469 1593
f 1593 1469 1595
f 1593 1595 1708
f 1708 1595 1709
f 1708 1709 1837
f 1837 1709 1838
f 1837 1838 1940
f 1940 1838 1947
f 1940 1947 2105
f 2105 1947 2111
f 2105 2111 2273
f 2248 2100 2255
f 2255 2100 2103
f 2255 2103 2266
f 2266 2103 2105
f 2266 2105 2270
f 2270 2105 2273
f 1467 1596 1476
f 1476 1596 1710
f 1476 1710 1709
f 1709 1710 1839
f 1709 1839 1838
f 1838 1839 1949
f 1838 1949 1947
f 1947 1949 2114
f 1947 2114 2111
f 2111 2114 2280
f 2111 2280 2273
f 1559 1714 1598
f 1598 1714 1713
f 1598 1713 1712
f 1712 1713 1841
f 1712 1841 1840
f 1840 1841 1968
f 1840 1968 1959
f 1959 1968 2137
f 1959 2137 2123
f 2123 2137 2296
f 2123 2296 2288
f 1474 1598 1596
f 1596 1598 1712
f 1596 1712 1710
f 1710 1712 1840
f 1710 1840 1839
f 1839 1840 1959
f 1839 1959 1949
f 1949 1959 2123
f 1949 2123 2114
f 2114 2123 2288
f 2114 2288 2280
f 2455 2248 2466
f 2466 2248 2255
f 2466 2255 2477
f 2477 2255 2266
f 2477 2266 2483
f 2483 2266 2270
f 2483 2270 2486
f 2486 2270 2273
f 2486 2273 2499
f 2499 2273 2280
f 2499 2280 2513
f 2513 2280 2288
f 2513 2288 2533
f 2533 2288 2296
f 2533 2296 2505
f 2505 2296 2311
f 2505 2652 2533
f 2533 2652 2670
f 2533 2670 2513
f 2513 2670 2666
f 2513 2666 2499
f 2499 2666 2656
f 2499 2656 2486
f 2486 2656 2651
f 2486 2651 2483
f 2483 2651 2649
f 2483 2649 2477
f 2477 2649 2642
f 2477 2642 2466
f 2466 2642 2637
f 2466 2637 2455
f 2455 2637 2632
f 2778 2881 2774
f 2774 2881 2873
f 2774 2873 2771
f 2771 2873 2764
f 2791 2728 2738
f 2791 2738 2800
f 2800 2738 2752
f 2800 2752 2808
f 2808 2752 2827
f 2808 2827 2889
f 2902 2913 2808
f 2808 2913 2919
f 2808 2919 2800
f 2800 2919 2910
f 2800 2910 2791
f 2791 2910 2896
f 2728 2791 2788
f 2788 2791 2896
f 2788 2896 2886
f 2886 2896 2948
f 2886 2948 2934
f 2934 2948 2954
f 2934 2954 2944
f 2920 2922 2927
f 2927 2922 2934
f 2927 2934 2937
f 2937 2934 2944
f 2694 2650 2702
f 2702 2650 2562
f 2702 2562 2727
f 2825 2817 2833
f 2833 2817 2793
f 2833 2793 2870
f 2870 2793 2809
f 2870 2809 2891
f 2864 2911 2839
f 2839 2911 2891
f 2839 2891 2826
f 2826 2891 2809
f 2805 2790 2793
f 2793 2790 2702
f 2793 2702 2809
f 2809 2702 2727
f 2809 2727 2826
f 2826 2727 2751
f 2826 2751 2839
f 2839 2751 2759
f 2839 2759 2864
f 1472 1463 1583
f 1583 1463 1586
f 1583 1586 1697
f 1697 1586 1698
f 1697 1698 1821
f 1821 1698 1824
f 1821 1824 1915
f 1915 1824 1918
f 1915 1918 2053
f 2053 1918 2063
f 2053 2063 2213
f 2213 2063 2221
f 2213 2221 2375
f 1458 1460 1591
f 1591 1460 1462
f 1591 1462 1592
f 1592 1462 1466
f 1592 1466 1469
f 2719 2778 2713
f 2713 2778 2774
f 2713 2774 2705
f 2705 2774 2771
f 2705 2771 2699
f 2699 2771 2764
f 2699 2764 2691
f 2691 2764 2684
f 2691 2684 2626
f 2626 2684 2619
f 2626 2619 2443
f 2443 2619 2427
f 2443 2427 2243
f 2243 2427 2238
f 2243 2238 2088
f 2088 2238 2081
f 2088 2081 1933
f 1933 2081 1929
f 1933 1929 1828
f 1828 1929 1826
f 1828 1826 1702
f 1702 1826 1701
f 1702 1701 1589
f 2619 2577 2427
f 2427 2577 2375
f 2427 2375 2238
f 2238 2375 2221
f 2238 2221 2081
f 2081 2221 2063
f 2081 2063 1929
f 1929 2063 1918
f 1929 1918 1826
f 1826 1918 1824
f 1826 1824 1701
f 1701 1824 1698
f 1701 1698 1589
f 1589 1698 1586
f 1589 1586 1468
f 1468 1586 1463
f 1459 1472 1575
f 1575 1472 1583
f 1575 1583 1687
f 1687 1583 1697
f 1687 1697 1814
f 1814 1697 1821
f 1814 1821 1909
f 1909 1821 1915
f 1909 1915 2044
f 2044 1915 2053
f 2044 2053 2204
f 2204 2053 2213
f 2204 2213 2350
f 2350 2213 2375
f 2350 2375 2562
f 2562 2375 2577
f 2562 2577 2727
f 2727 2577 2619
f 2727 2619 2678
f 2678 2619 2684
f 2678 2684 2759
f 2759 2684 2764
f 2759 2764 2864
f 2864 2764 2873
f 2864 2873 2911
f 2838 2836 2865
f 2865 2836 2833
f 2865 2833 2877
f 2877 2833 2870
f 2877 2870 2904
f 2904 2870 2891
f 2904 2891 2920
f 2920 2891 2911
f 2920 2911 2922
f 2922 2911 2873
f 2922 2873 2934
f 2934 2873 2881
f 2934 2881 2886
f 2886 2881 2778
f 2886 2778 2788
f 2788 2778 2719
f 2788 2719 2728
f 1468 1458 1589
f 1589 1458 1591
f 1589 1591 1702
f 1702 1591 1705
f 1702 1705 1828
f 1828 1705 1830
f 1828 1830 1933
f 1933 1830 1935
f 1933 1935 2088
f 2088 1935 2100
f 2088 2100 2243
f 2243 2100 2248
f 2243 2248 2443
f 2443 2248 2455
f 2443 2455 2626
f 2626 2455 2632
f 2626 2632 2691
f 2691 2632 2637
f 2691 2637 2699
f 2699 2637 2642
f 2699 2642 2705
f 2705 2642 2649
f 2705 2649 2713
f 2713 2649 2651
f 2713 2651 2719
f 2719 2651 2656
f 2719 2656 2728
f 2728 2656 2666
f 2728 2666 2738
f 2738 2666 2670
f 2738 2670 2752
f 2752 2670 2652
f 2752 2652 2712
f 2827 2779 2402
f 2402 2779 2382
f 582 185 573
f 573 185 129
f 573 129 75
f 2402 2390 2827
f 2827 2390 2412
f 2827 2412 2439
f 2439 2446 2827
f 2827 2446 2476
f 2827 2476 2490
f 2490 2512 2827
f 2827 2512 2561
f 2827 2561 2812
f 2869 2879 2827
f 2827 2879 2883
f 2827 2883 2889
f 2889 2883 2890
f 522 412 509
f 509 412 468
f 75 70 573
f 573 70 72
f 573 72 564
f 564 72 559
f 2812 2832 2827
f 2827 2832 2845
f 2827 2845 2869
f 80 522 72
f 72 522 540
f 72 540 559
f 80 86 522
f 522 86 89
f 522 89 116
f 116 120 522
f 522 120 154
f 522 154 412
f 582 591 185
f 185 591 592
f 185 592 265
f 265 592 617
f 265 617 317
f 317 617 655
f 317 655 477
f 477 655 726
f 477 726 685
f 685 726 780
f 685 780 790
f 790 780 963
f 790 963 951
f 951 963 1085
f 1085 963 1113
f 1085 1113 1114
f 1114 1113 1231
f 1114 1231 1246
f 1559 1624 1714
f 1714 1624 1654
f 1714 1654 1845
f 1845 1654 1800
f 1845 1800 1892
f 1892 1800 1907
f 1892 1907 2031
f 2031 1907 1957
f 2031 1957 2206
f 2206 1957 2083
f 2206 2083 2311
f 2311 2083 2188
f 2311 2188 2505
f 2505 2188 2251
f 2505 2251 2652
f 2652 2251 2316
f 2652 2316 2712
f 2712 2316 2362
f 2712 2362 2779
f 2779 2362 2381
f 2779 2381 2382
f 1231 1247 1246
f 1246 1247 1272
f 1246 1272 1339
f 1339 1272 1390
f 1339 1390 1470
f 1470 1390 1489
f 1470 1489 1559
f 1559 1489 1540
f 1559 1540 1624
f 1787 1789 1792
f 1111 1112 1065
f 1220 1221 1275
f 353 355 376
f 2610 2588 2614
f 2071 1896 2173
f 2173 1896 1908
f 1908 1982 2173
f 2173 1982 2055
f 2173 2055 2171
f 2071 2070 1990
f 2208 2344 2171
f 2171 2344 2222
f 2171 2222 2173
f 2584 2570 2423
f 2208 2258 2344
f 2344 2258 2312
f 2344 2312 2424
f 2424 2312 2423
f 2424 2423 2484
f 2484 2423 2570
f 2423 2514 2584
f 2584 2514 2580
f 2584 2580 2586
f 2586 2580 2589
f 2586 2589 2593
f 2593 2589 2606
f 2593 2606 2603
f 2610 2614 2606
f 2606 2614 2608
f 2606 2608 2603
f 545 546 523
f 523 429 545
f 545 429 397
f 545 397 452
f 452 397 383
f 452 383 385
f 385 383 379
f 794 763 797
f 797 763 674
f 797 674 760
f 760 674 716
f 546 545 674
f 674 545 658
f 674 658 716
f 971 897 899
f 1067 971 1068
f 1068 971 899
f 1068 899 980
f 980 899 794
f 980 794 912
f 912 794 797
f 1165 1170 1220
f 1068 1108 1067
f 1067 1108 1138
f 1067 1138 1159
f 383 378 379
f 379 378 367
f 379 367 362
f 362 367 358
f 362 358 357
f 357 358 353
f 357 353 377
f 377 353 376
f 377 376 400
f 400 376 449
f 400 449 469
f 469 449 547
f 693 626 547
f 547 626 548
f 547 548 469
f 941 851 796
f 796 851 795
f 796 795 693
f 693 795 712
f 693 712 626
f 1277 1111 1147
f 1147 1111 1066
f 1066 1111 1065
f 1066 1065 941
f 941 1065 952
f 941 952 851
f 1147 1276 1277
f 1277 1276 1368
f 1277 1368 1437
f 1368 1435 1437
f 1437 1435 1579
f 1437 1579 1691
f 1897 1848 1812
f 1812 1848 1691
f 1812 1691 1690
f 1690 1691 1579
f 1849 1848 1895
f 1895 1848 1897
f 1895 1897 2002
f 2002 1897 2023
f 2002 2023 2121
f 2121 2023 2170
f 2422 2353 2284
f 2284 2353 2262
f 2284 2262 2170
f 2170 2262 2169
f 2170 2169 2121
f 2518 2587 2588
f 2588 2587 2613
f 2588 2613 2614
f 2588 2566 2518
f 2518 2566 2496
f 2518 2496 2422
f 2422 2496 2421
f 2422 2421 2353
f 2071 1990 1896
f 1896 1990 1898
f 1896 1898 1852
f 1689 1787 1798
f 1798 1787 1792
f 1798 1792 1898
f 1898 1792 1822
f 1898 1822 1852
f 1138 1165 1159
f 1159 1165 1220
f 1159 1220 1274
f 1274 1220 1275
f 1274 1275 1381
f 1381 1275 1315
f 1381 1315 1445
f 1445 1315 1447
f 1445 1447 1554
f 1554 1447 1634
f 1554 1634 1689
f 1689 1634 1688
f 1689 1688 1787
f 1787 1688 1788
f 669 366 356
f 382 372 415
f 356 382 669
f 669 382 415
f 669 415 662
f 662 415 501
f 662 501 680
f 680 501 632
f 680 632 724
f 2612 2613 2587
f 2612 2587 2520
f 355 354 376
f 376 354 447
f 2587 2518 2520
f 2520 2518 2422
f 2520 2422 2283
f 2422 2284 2283
f 2283 2284 2170
f 2283 2170 2022
f 2170 2023 2022
f 2022 2023 1897
f 2022 1897 1813
f 1897 1812 1813
f 1813 1812 1690
f 1813 1690 1578
f 1690 1579 1578
f 1578 1579 1435
f 1578 1435 1367
f 1435 1368 1367
f 1367 1368 1276
f 1367 1276 1148
f 1276 1147 1148
f 1148 1147 1066
f 1148 1066 942
f 1066 941 942
f 942 941 796
f 942 796 694
f 796 693 694
f 694 693 547
f 694 547 447
f 447 547 449
f 447 449 376
f 898 897 971
f 2461 2460 2294
f 2294 2460 2233
f 2294 2233 2235
f 2235 2233 2162
f 2162 2233 1989
f 2162 1989 2069
f 898 970 811
f 811 970 735
f 811 735 736
f 508 507 735
f 735 507 677
f 735 677 736
f 898 971 970
f 970 971 1067
f 970 1067 1157
f 1067 1159 1157
f 1157 1159 1274
f 1157 1274 1380
f 1274 1381 1380
f 1380 1381 1445
f 1380 1445 1552
f 1445 1554 1552
f 1552 1554 1689
f 1552 1689 1799
f 2070 2069 1990
f 1990 2069 1989
f 1990 1989 1898
f 1898 1989 1799
f 1898 1799 1798
f 1798 1799 1689
f 415 372 401
f 415 401 501
f 739 740 724
f 401 475 501
f 501 475 502
f 501 502 632
f 632 502 631
f 632 631 724
f 724 631 720
f 724 720 739
f 740 739 840
f 840 739 758
f 840 758 911
f 801 819 975
f 911 758 975
f 975 758 787
f 975 787 801
f 871 873 893
f 819 845 975
f 975 845 850
f 975 850 935
f 935 850 893
f 893 850 863
f 893 863 871
f 1163 1101 1162
f 1162 1101 1000
f 1162 1000 1123
f 935 947 975
f 975 947 973
f 975 973 1000
f 1000 973 990
f 1000 990 1020
f 1020 1070 1000
f 1000 1070 1102
f 1000 1102 1123
f 1163 1162 1260
f 1260 1162 1242
f 1260 1242 1316
f 1316 1242 1301
f 1316 1301 1382
f 1382 1301 1400
f 1382 1400 1486
f 1486 1400 1487
f 1486 1487 1550
f 1487 1519 1550
f 1550 1519 1551
f 1550 1551 1635
f 1635 1551 1649
f 1635 1649 1706
f 1706 1649 1727
f 1706 1727 1794
f 1794 1727 1795
f 1794 1795 1864
f 1864 1795 1966
f 1966 1795 1816
f 1966 1816 1860
f 1973 1985 1939
f 1939 1985 1966
f 1939 1966 1887
f 1887 1966 1860
f 2013 2051 2018
f 2051 2072 2018
f 2018 2072 2085
f 2018 2085 2099
f 2099 2101 2018
f 2018 2101 1973
f 2018 1973 2013
f 2101 2102 1973
f 1973 2102 2106
f 1973 2106 1985
f 1985 2106 2151
f 1985 2151 2155
f 2155 2192 1985
f 1985 2192 2209
f 1985 2209 2056
f 2056 2209 2136
f 2136 2209 2229
f 2229 2209 2230
f 2229 2230 2246
f 2246 2230 2250
f 2246 2250 2347
f 2347 2250 2349
f 2347 2349 2467
f 2349 2468 2467
f 2467 2468 2489
f 2467 2489 2552
f 2552 2489 2565
f 2552 2565 2594
f 2612 2519 2517
f 2517 2576 2612
f 2612 2576 2599
f 2612 2599 2611
f 2282 2379 2519
f 2519 2379 2465
f 2519 2465 2517
f 2519 2283 2282
f 2282 2283 2021
f 2282 2021 2020
f 2020 2021 1811
f 2020 1811 1810
f 1810 1811 1577
f 1810 1577 1576
f 1576 1577 1366
f 1576 1366 1365
f 1365 1366 1146
f 1365 1146 1145
f 1145 1146 940
f 1145 940 939
f 939 940 692
f 462 504 448
f 448 504 595
f 448 595 692
f 692 595 691
f 692 691 939
f 356 366 354
f 354 366 390
f 354 390 448
f 448 390 446
f 448 446 462
f 1652 1639 1640
f 1640 1639 1537
f 1640 1537 1534
f 1534 1537 1443
f 1534 1443 1450
f 1450 1443 1395
f 1450 1395 1397
f 1397 1395 1314
f 1397 1314 1312
f 1312 1314 1304
f 1312 1304 1305
f 1305 1304 1313
f 1305 1313 1311
f 1311 1313 1394
f 1311 1394 1396
f 1396 1394 1441
f 1396 1441 1448
f 1448 1441 1536
f 1448 1536 1535
f 1535 1536 1638
f 1535 1638 1641
f 1641 1638 1653
f 1641 1653 1652
f 1652 1653 1639
f 506 508 686
f 686 508 735
f 968 922 970
f 970 922 818
f 970 818 735
f 735 818 734
f 735 734 686
f 968 970 1057
f 1057 970 1157
f 1057 1157 1116
f 2049 1988 1989
f 1989 1988 1906
f 1989 1906 1799
f 2049 1989 2156
f 2156 1989 2233
f 2156 2233 2234
f 2460 2459 2233
f 2233 2459 2287
f 2233 2287 2234
f 1906 1843 1799
f 1799 1843 1797
f 1799 1797 1552
f 1797 1657 1552
f 1552 1657 1553
f 1552 1553 1380
f 1380 1553 1428
f 1428 1379 1380
f 1380 1379 1300
f 1380 1300 1157
f 1157 1300 1158
f 1157 1158 1116
f 1084 999 1317
f 1084 1317 1332
f 1332 1317 1633
f 1332 1633 1608
f 1608 1633 1965
f 1608 1965 1879
f 1200 1767 1198
f 1198 1767 1765
f 1198 1765 1193
f 1193 1765 1760
f 1193 1760 1191
f 1191 1760 1758
f 1191 1758 1186
f 1186 1758 1753
f 1186 1753 1184
f 1184 1753 1752
f 1184 1752 1182
f 1182 1752 1750
f 1182 1750 1183
f 1183 1750 1751
f 1183 1751 1187
f 1187 1751 1754
f 1187 1754 1190
f 1190 1754 1757
f 1190 1757 1194
f 1194 1757 1761
f 1194 1761 1197
f 1197 1761 1764
f 1197 1764 1200
f 1200 1764 1767
f 1752 1745 1750
f 1750 1745 1743
f 1743 1742 1750
f 1750 1742 1741
f 1750 1741 1751
f 1741 1740 1751
f 1751 1740 1744
f 1751 1744 1754
f 1754 1744 1748
f 1754 1748 1757
f 1753 1747 1752
f 1752 1747 1746
f 1752 1746 1745
f 1765 1767 1778
f 1758 1755 1753
f 1753 1755 1749
f 1753 1749 1747
f 1778 1777 1765
f 1765 1777 1776
f 1765 1776 1774
f 1774 1773 1765
f 1765 1773 1772
f 1765 1772 1760
f 1784 1782 1767
f 1767 1782 1781
f 1767 1781 1778
f 1748 1756 1757
f 1757 1756 1762
f 1757 1762 1761
f 1761 1762 1771
f 1761 1771 1764
f 1764 1771 1775
f 1764 1775 1767
f 1767 1775 1779
f 1767 1779 1784
f 1784 1779 1780
f 1784 1780 1786
f 1786 1780 1783
f 1786 1783 1788
f 1788 1783 1785
f 1788 1785 1787
f 1772 1770 1760
f 1760 1770 1769
f 1760 1769 1768
f 1768 1766 1760
f 1760 1766 1763
f 1760 1763 1758
f 1758 1763 1759
f 1758 1759 1755
f 1172 1112 1111
f 1111 1848 1740
f 1740 1848 1849
f 1302 1173 1172
f 1111 1740 1172
f 1172 1740 1741
f 1172 1741 1656
f 1656 1511 1172
f 1172 1511 1409
f 1172 1409 1302
f 1217 1200 1215
f 1215 1200 1214
f 1207 1198 1206
f 1206 1198 1193
f 1206 1193 1205
f 1205 1193 1203
f 1207 1209 1198
f 1198 1209 1210
f 1198 1210 1200
f 1200 1210 1211
f 1200 1211 1214
f 1199 1193 1196
f 1196 1193 1191
f 1199 1201 1193
f 1193 1201 1202
f 1193 1202 1203
f 1186 1181 1191
f 1191 1181 1185
f 1185 1188 1191
f 1191 1188 1192
f 1191 1192 1196
f 1184 1178 1186
f 1186 1178 1180
f 1186 1180 1181
f 1173 1182 1172
f 1172 1182 1183
f 1213 1212 1197
f 1197 1212 1208
f 1197 1208 1194
f 1197 1200 1213
f 1213 1200 1217
f 1213 1217 1216
f 1216 1217 1219
f 1216 1219 1218
f 1218 1219 1221
f 1218 1221 1220
f 1173 1174 1182
f 1182 1174 1175
f 1182 1175 1184
f 1184 1175 1177
f 1184 1177 1178
f 1208 1204 1194
f 1194 1204 1195
f 1194 1195 1190
f 1190 1195 1189
f 1190 1189 1187
f 1187 1189 1179
f 1187 1179 1183
f 1183 1179 1176
f 1183 1176 1172
f 1204 1208 658
f 658 545 1204
f 1204 545 452
f 1204 452 385
f 1212 760 1208
f 1208 760 716
f 1208 716 658
f 1213 1216 1068
f 1068 980 1213
f 1213 980 912
f 1213 912 1212
f 1212 912 797
f 1212 797 760
f 1218 1220 1170
f 1170 1165 1218
f 1218 1165 1138
f 1218 1138 1216
f 1216 1138 1108
f 1216 1108 1068
f 1318 1326 1444
f 1296 1387 1348
f 1531 1494 1488
f 1594 1506 1528
f 1439 1329 1322
f 1439 1325 1331
f 1348 1387 1439
f 1439 1413 1418
f 1406 1413 1439
f 1488 1494 1439
f 1518 1439 1494
f 1439 1610 1618
f 1597 1610 1439
f 1439 1621 1614
f 1623 1621 1439
f 1618 1623 1439
f 1528 1506 1439
f 1492 1439 1506
f 1302 1282 1173
f 1759 1726 1755
f 1755 1726 1711
f 1755 1711 1749
f 1769 1732 1768
f 1784 1720 1782
f 1688 1634 1626
f 1203 1202 1232
f 1188 1237 1192
f 1188 1185 1255
f 1181 1230 1296
f 1177 1175 1297
f 1297 1175 1174
f 1308 1238 1177
f 1180 1178 1290
f 1181 1296 1185
f 1439 1322 1320
f 1320 1322 1196
f 1320 1196 1192
f 1329 1201 1322
f 1322 1201 1199
f 1322 1199 1196
f 1217 1215 1244
f 1244 1215 1214
f 1318 1315 1275
f 1788 1688 1786
f 1786 1688 1626
f 1786 1626 1784
f 1776 1777 1684
f 1684 1777 1778
f 1647 1682 1772
f 1741 1742 1680
f 1680 1742 1743
f 1680 1743 1660
f 1660 1743 1745
f 1741 1680 1656
f 1656 1680 1660
f 1656 1660 1511
f 1660 1512 1511
f 1511 1512 1408
f 1511 1408 1409
f 1409 1408 1302
f 1302 1408 1297
f 1302 1297 1282
f 1282 1297 1174
f 1282 1174 1173
f 1492 1506 1507
f 1507 1506 1594
f 1507 1594 1529
f 1436 1439 1492
f 1682 1647 1574
f 1770 1772 1719
f 1719 1772 1682
f 1719 1682 1604
f 1604 1682 1574
f 1604 1574 1439
f 1732 1614 1768
f 1768 1614 1621
f 1768 1621 1766
f 1766 1621 1623
f 1766 1623 1763
f 1763 1623 1618
f 1763 1618 1759
f 1759 1618 1610
f 1759 1610 1726
f 1726 1610 1597
f 1726 1597 1711
f 1518 1494 1616
f 1616 1494 1531
f 1616 1531 1669
f 1491 1418 1417
f 1417 1418 1413
f 1417 1413 1398
f 1398 1413 1406
f 1398 1406 1327
f 1185 1296 1255
f 1255 1296 1348
f 1255 1348 1331
f 1331 1348 1439
f 1188 1255 1237
f 1237 1255 1331
f 1237 1331 1192
f 1192 1331 1325
f 1192 1325 1320
f 1320 1325 1439
f 1205 1203 1245
f 1245 1203 1232
f 1245 1232 1336
f 1336 1370 1245
f 1245 1370 1281
f 1245 1281 1205
f 1205 1281 1206
f 1209 1207 1248
f 1248 1207 1206
f 1248 1206 1307
f 1307 1206 1281
f 1307 1281 1402
f 1402 1281 1370
f 1402 1370 1439
f 1336 1439 1370
f 1202 1201 1232
f 1232 1201 1329
f 1232 1329 1336
f 1336 1329 1439
f 1436 1492 1440
f 1440 1492 1507
f 1440 1507 1438
f 1438 1507 1529
f 1438 1529 1451
f 1416 1439 1436
f 1772 1773 1647
f 1647 1773 1718
f 1647 1718 1648
f 1669 1733 1616
f 1616 1733 1661
f 1616 1661 1518
f 1518 1661 1544
f 1518 1544 1439
f 1605 1491 1493
f 1493 1491 1417
f 1493 1417 1414
f 1414 1417 1398
f 1414 1398 1335
f 1335 1398 1327
f 1335 1327 1290
f 1181 1180 1230
f 1230 1180 1290
f 1230 1290 1296
f 1296 1290 1327
f 1296 1327 1387
f 1387 1327 1406
f 1387 1406 1439
f 1211 1210 1279
f 1279 1210 1209
f 1279 1209 1306
f 1306 1209 1248
f 1306 1248 1351
f 1351 1248 1307
f 1351 1307 1411
f 1411 1307 1402
f 1411 1402 1439
f 1773 1774 1718
f 1718 1774 1776
f 1718 1776 1648
f 1648 1776 1684
f 1648 1684 1580
f 1725 1605 1644
f 1644 1605 1493
f 1644 1493 1505
f 1505 1493 1414
f 1505 1414 1412
f 1412 1414 1335
f 1412 1335 1308
f 1308 1335 1290
f 1308 1290 1238
f 1238 1290 1178
f 1238 1178 1177
f 1725 1669 1605
f 1605 1669 1531
f 1605 1531 1491
f 1491 1531 1488
f 1491 1488 1418
f 1418 1488 1439
f 1416 1436 1410
f 1410 1436 1440
f 1410 1440 1401
f 1401 1440 1438
f 1401 1438 1364
f 1364 1438 1451
f 1364 1451 1334
f 1434 1580 1606
f 1606 1580 1684
f 1606 1684 1722
f 1722 1684 1778
f 1722 1778 1781
f 1177 1297 1308
f 1308 1297 1408
f 1308 1408 1412
f 1412 1408 1512
f 1412 1512 1505
f 1505 1512 1660
f 1505 1660 1644
f 1644 1660 1745
f 1644 1745 1725
f 1725 1745 1746
f 1725 1746 1669
f 1669 1746 1747
f 1669 1747 1733
f 1733 1747 1749
f 1733 1749 1661
f 1661 1749 1711
f 1661 1711 1544
f 1544 1711 1597
f 1544 1597 1439
f 1439 1574 1528
f 1528 1574 1647
f 1528 1647 1594
f 1594 1647 1648
f 1594 1648 1529
f 1529 1648 1580
f 1529 1580 1451
f 1451 1580 1434
f 1451 1434 1334
f 1769 1770 1732
f 1732 1770 1719
f 1732 1719 1614
f 1614 1719 1604
f 1614 1604 1439
f 1211 1279 1214
f 1214 1279 1241
f 1214 1241 1244
f 1244 1241 1326
f 1244 1326 1217
f 1217 1326 1318
f 1217 1318 1219
f 1219 1318 1275
f 1219 1275 1221
f 1606 1444 1434
f 1434 1444 1326
f 1434 1326 1334
f 1334 1326 1241
f 1334 1241 1364
f 1364 1241 1279
f 1364 1279 1401
f 1401 1279 1306
f 1401 1306 1410
f 1410 1306 1351
f 1410 1351 1416
f 1416 1351 1411
f 1416 1411 1439
f 1720 1784 1617
f 1617 1784 1626
f 1617 1626 1446
f 1446 1626 1634
f 1446 1634 1447
f 1781 1782 1722
f 1722 1782 1720
f 1722 1720 1606
f 1606 1720 1617
f 1606 1617 1444
f 1444 1617 1446
f 1444 1446 1318
f 1318 1446 1447
f 1318 1447 1315
f 1789 1787 1785
f 1789 1785 1792
f 1908 1896 1783
f 1783 1896 1852
f 1783 1852 1785
f 1785 1852 1822
f 1785 1822 1792
f 1908 1783 1982
f 1982 1783 1780
f 1982 1780 2055
f 2055 1780 2171
f 2171 1780 1779
f 2171 1779 2208
f 2208 1779 2258
f 2258 1779 1775
f 2258 1775 2312
f 2312 1775 2423
f 2423 1775 1771
f 2423 1771 2514
f 2514 1771 2580
f 2589 2580 1771
f 2589 1771 2606
f 2606 1771 1762
f 2606 1762 2610
f 2610 1762 2588
f 2588 1762 1756
f 2588 1756 2566
f 2262 2353 1748
f 2496 2566 1756
f 1748 2353 1756
f 1756 2353 2421
f 1756 2421 2496
f 1740 1849 1744
f 1744 1849 1895
f 1895 2002 1744
f 1744 2002 2121
f 1744 2121 1748
f 1748 2121 2169
f 1748 2169 2262
f 1848 1111 1691
f 1691 1111 1277
f 1691 1277 1437
f 1112 1172 1065
f 1065 1172 1176
f 1065 1176 952
f 952 1176 851
f 851 1176 795
f 795 1176 1179
f 795 1179 712
f 400 469 1189
f 1189 469 548
f 1189 548 1179
f 1179 548 626
f 1179 626 712
f 400 1189 377
f 377 1189 1195
f 385 379 1204
f 1204 379 362
f 1204 362 1195
f 1195 362 357
f 1195 357 377
f 2309 2310 1946
f 1946 2310 1945
f 2301 2107 2303
f 2303 2107 1986
f 2303 1986 2308
f 2308 1986 2304
f 2304 1986 1945
f 2304 1945 2310
f 1017 974 673
f 673 974 661
f 667 670 864
f 864 670 671
f 864 671 974
f 974 671 660
f 974 660 661
f 673 672 1017
f 1017 672 1018
f 1314 1395 668
f 668 1395 1443
f 668 1443 2300
f 2300 1443 1537
f 2300 1537 1639
f 1638 1536 1608
f 1608 1536 1332
f 668 667 1314
f 1314 667 864
f 1314 864 1304
f 1304 864 974
f 1304 974 1313
f 1313 974 1017
f 1313 1017 1018
f 1608 1879 1638
f 1638 1879 1914
f 1638 1914 1936
f 1536 1441 1332
f 1332 1441 1394
f 1332 1394 1084
f 1084 1394 1313
f 1084 1313 1053
f 1053 1313 1018
f 1053 1018 1030
f 2301 2300 2107
f 2107 2300 1639
f 2107 1639 1986
f 1986 1639 1653
f 1986 1653 1945
f 1945 1653 1638
f 1945 1638 1946
f 1946 1638 1936
f 1018 672 715
f 1018 715 1030
f 1030 715 839
f 1030 839 1053
f 1053 839 999
f 1053 999 1084
f 1879 1965 2135
f 1879 2135 1914
f 1914 2135 2256
f 1914 2256 1936
f 1936 2256 2309
f 1936 2309 1946
f 2306 2299 2307
f 2307 2299 2298
f 2307 2298 2302
f 2302 2298 2300
f 2300 2301 2302
f 2302 2301 2303
f 2302 2303 2305
f 2305 2303 2308
f 2308 2304 2305
f 2305 2304 2310
f 2305 2310 2309
f 2306 663 2299
f 2299 663 664
f 2299 664 2298
f 2298 664 665
f 2298 665 2300
f 2300 665 668
f 664 663 666
f 669 668 666
f 666 668 665
f 666 665 664
f 661 662 673
f 673 662 672
f 667 668 670
f 670 668 669
f 670 669 671
f 671 669 662
f 671 662 660
f 660 662 661
f 975 1000 999
f 839 840 999
f 999 840 911
f 999 911 975
f 715 672 662
f 662 680 715
f 715 680 724
f 715 724 839
f 839 724 740
f 839 740 840
f 1550 1635 1633
f 1633 1635 1706
f 1966 1965 1864
f 1864 1965 1633
f 1864 1633 1794
f 1794 1633 1706
f 1550 1633 1486
f 1486 1633 1317
f 1486 1317 1382
f 1163 1260 1317
f 1317 1260 1316
f 1317 1316 1382
f 999 1000 1317
f 1317 1000 1101
f 1317 1101 1163
f 2305 2309 2291
f 2291 2309 2256
f 2291 2256 2257
f 2257 2256 2246
f 2246 2256 2135
f 2246 2135 2229
f 1966 1985 1965
f 1965 1985 2056
f 1965 2056 2135
f 2135 2056 2136
f 2135 2136 2229
f 2257 2246 2348
f 2599 2302 2611
f 2611 2302 2581
f 2594 2581 2552
f 2552 2581 2302
f 2552 2302 2467
f 2467 2302 2305
f 2467 2305 2348
f 2348 2305 2291
f 2348 2291 2257
f 2379 2282 1442
f 1442 2282 2020
f 1442 1365 1145
f 2020 1810 1442
f 1442 1810 1576
f 1442 1576 1365
f 1145 939 1442
f 1442 939 691
f 1442 691 595
f 2465 2379 1442
f 1442 595 504
f 2465 1442 2517
f 2517 1442 504
f 2517 504 462
f 2576 2517 2306
f 2306 2517 462
f 2306 462 663
f 663 462 446
f 663 446 666
f 2306 2307 2576
f 2576 2307 2302
f 2576 2302 2599
f 446 390 666
f 666 390 366
f 666 366 669
f 1535 1641 1449
f 1449 1641 1652
f 1449 1652 1640
f 1311 1396 1449
f 1449 1396 1448
f 1449 1448 1535
f 1397 1312 1449
f 1449 1312 1305
f 1449 1305 1311
f 1640 1534 1449
f 1449 1534 1450
f 1449 1450 1397
f 1636 1630 1637
f 1637 1630 1629
f 1668 1646 1628
f 1650 1686 1636
f 1636 1686 1668
f 1636 1668 1630
f 1630 1668 1628
f 1636 1637 1650
f 1650 1637 1651
f 1570 1645 1631
f 1631 1645 1667
f 1631 1667 1685
f 1630 1628 1629
f 1629 1628 1627
f 1686 1685 1668
f 1668 1685 1667
f 1668 1667 1646
f 1646 1667 1645
f 1650 1651 1632
f 1631 1685 1686
f 1686 1650 1631
f 1631 1650 1632
f 1631 1632 1570
f 1570 1632 1572
f 1570 1572 1571
f 1558 1521 1555
f 1555 1521 1522
f 1569 1571 1565
f 1565 1571 1521
f 1565 1521 1562
f 1562 1521 1558
f 1513 1522 1521
f 1513 1521 1502
f 1502 1521 1514
f 1502 1514 1501
f 1503 1501 1515
f 1521 1571 1549
f 1549 1532 1521
f 1521 1532 1525
f 1521 1525 1515
f 1515 1525 1508
f 1515 1508 1503
f 1572 1632 1599
f 1599 1632 1651
f 1627 1613 1629
f 1629 1613 1599
f 1629 1599 1637
f 1637 1599 1651
f 1613 1627 1628
f 1569 1602 1571
f 1571 1602 1611
f 1646 1645 1628
f 1628 1645 1570
f 1628 1570 1613
f 1613 1570 1571
f 1613 1571 1612
f 1612 1571 1611
f 1558 1555 1556
f 1612 1611 1600
f 1600 1611 1602
f 1600 1602 1587
f 1587 1602 1569
f 1587 1569 1567
f 1567 1569 1565
f 1567 1565 1556
f 1556 1565 1562
f 1556 1562 1558
f 1555 1522 1513
f 1513 1502 1555
f 1555 1502 1504
f 1555 1504 1510
f 1533 1556 1524
f 1524 1556 1555
f 1524 1555 1517
f 1517 1555 1510
f 1503 1502 1501
f 1571 1572 1599
f 1600 1587 1571
f 1571 1587 1567
f 1571 1567 1549
f 1549 1567 1556
f 1549 1556 1532
f 1532 1556 1533
f 1532 1533 1525
f 1525 1533 1524
f 1525 1524 1509
f 1524 1517 1509
f 1509 1517 1510
f 1509 1510 1503
f 1503 1510 1504
f 1503 1504 1502
f 1571 1599 1600
f 1600 1599 1613
f 1600 1613 1612
