v -0.009273940697 0.0002319304476 0.009911378846
v -0.009273336269 -2.209065997e-06 0.006374319084
v -0.009271157905 -2.210701723e-06 -0.007488612086
v -0.009263896383 0.0004920290667 0.009911384434
v -0.009258449078 -0.0005087965983 -0.007488605101
v -0.009256896563 0.0005401963135 -0.007488616742
v -0.009242967702 -0.0007974662003 0.009911386296
v -0.009231085889 0.000906575995 -0.007488617208
v -0.009222216904 0.0009923217585 0.006332186982
v -0.009221680462 -0.0009967138758 0.006332183722
v -0.009157721885 0.001503543113 0.00991138164
v -0.009153108113 -0.00155671814 -0.007488611154
v -0.009101537056 -0.001825693646 0.009911385365
v -0.009083795361 0.001962564187 -0.007488609757
v -0.009072627872 0.001974807587 0.006221379153
v -0.009071566164 -0.001979120541 0.006221381016
v -0.009069364518 -0.001987281255 0.009911380708
v -0.008947550319 0.002507036319 0.009911385365
v -0.00894196704 0.002594927792 -0.007488652598
v -0.008940570056 -0.002599168336 -0.007488648873
v -0.008906796575 -0.002730214037 -0.007477363106
v -0.008860511705 -0.002896257676 -0.007461500354
v -0.008852255531 -0.002845798386 0.009911376983
v -0.008831040002 0.002933177166 0.006065337919
v -0.008829460479 -0.00293735927 0.006065345835
v -0.008654699661 0.003535123309 -0.007388000842
v -0.008633760735 0.003497963538 0.009911383502
v -0.008631881326 -0.003502035514 0.00991137512
v -0.008595896885 -0.003693592036 -0.00736721931
v -0.008553344756 0.003805480432 -0.007350717206
v -0.008550000377 5.8992311e-10 0.02723120712
v -0.008549999446 -2.014277698e-06 0.009911386296
v -0.008549999446 2.629239046e-10 0.01949999854
v -0.008549790829 -5.612770474e-05 0.0189999938
v -0.008503911085 0.003855361138 0.005887505133
v -0.008501837961 -0.003859365126 0.005887498148
v -0.008487646468 0.003867774503 0.00992850773
v -0.008485269733 -0.003872482339 0.009928572923
v -0.00847014226 0.003909410443 0.009932585992
v -0.008436055854 -1.840650688e-09 0.02853356861
v -0.008422299288 -0.001378119341 0.02723119594
v -0.008422297426 0.001378122601 0.02723120525
v -0.008369786665 -0.004137724172 0.009962221608
v -0.008344770409 0.001742510591 0.01899999939
v -0.008344767615 0.001742507215 0.01950000413
v -0.008329408243 0.0018056056 0.009911378846
v -0.008328438736 -0.001809513895 0.009911376983
v -0.008317871019 -0.001851497684 0.01900000311
v -0.00831029471 -0.001357184956 0.02853355743
v -0.008310293779 0.001357183559 0.02853355929
v -0.008294444531 -0.00194114272 0.01949999854
v -0.008294444531 0.001941143069 0.01949999854
v -0.0082944436 -0.001941142022 0.02723120525
v -0.0082944436 0.001941143768 0.02723120712
v -0.008287462406 0.004423411563 -0.007248665672
v -0.008249737322 -3.116104381e-06 -0.007234167308
v -0.008200918324 -0.004601247609 -0.007215111982
v -0.008190776221 0.0009386874735 -0.007210423239
v -0.008190763183 0.0009384279256 -0.0004886196111
v -0.008190471679 -0.0009409337072 -0.007210499141
v -0.008190460503 -0.0009406683967 -0.0004886223469
v -0.008185069077 0.004524559248 0.01004532259
v -0.008146788925 0.001238486962 -0.007192537654
v -0.008145228028 -0.00124761567 -0.007192170713
v -0.008097691461 6.763003486e-10 0.02979635447
v -0.008074983023 0.004735798109 0.01010768022
v -0.008065834641 -0.004751831293 0.01011168305
v -0.008027643897 -0.002750000451 0.02723120339
v -0.008027643897 0.002750001848 0.02634052932
v -0.008027642965 -0.002749998588 0.02634052746
v -0.008027642034 0.002750000451 0.02723120339
v -0.008013430052 -0.002785795834 0.02657855116
v -0.008013408631 0.002785844728 0.02657871135
v -0.007992044091 -0.004886031151 0.01015849784
v -0.007977691479 -0.001295009395 0.02979634888
v -0.007977690548 0.001295008697 0.02979635634
v -0.00797531195 -0.002879246138 0.02679505758
v -0.007974630222 0.002880886896 0.02679796331
v -0.007970758714 0.002750001615 0.02812035382
v -0.007937292568 0.002668152796 0.02853355557
v -0.007937291637 -0.002668151399 0.02853356116
v -0.0078663202 0.005218610633 -0.007074241992
v -0.007863020524 0.005109991413 0.01025049668
v -0.0078513138 -0.003161033383 0.02716164291
v -0.0078513138 -0.002749999287 0.0271616485
v -0.007849172689 0.002750000684 0.02716637962
v -0.007849171758 0.003165638773 0.0271663852
v -0.007841364481 0.002441153163 -0.007063745055
v -0.007839269005 -0.002447071252 -0.007063404657
v -0.007804946043 -0.003258940065 0.02699189447
v -0.007801029831 -0.002750000916 0.02899502032
v -0.007723964285 0.002758623101 -0.0004886253737
v -0.00772331981 0.002760363044 -0.007011722308
v -0.007723074406 -0.002760713687 -0.0004886295064
v -0.007722430862 -0.002762447577 -0.007011992391
v -0.007714753971 0.003439628286 0.0195000004
v -0.007714753971 0.003439628519 0.0189999938
v -0.007704460062 -0.005480513908 -0.007004298735
v -0.007684188895 0.003498216625 0.009911376052
v -0.00768230902 -0.003501782427 0.00991136767
v -0.007677785121 -0.003510336392 0.009911384434
v -0.007662525866 -0.003538997844 0.01899999753
v -0.007662525866 -0.003538997844 0.01950000226
v -0.00763262948 -0.005474940874 0.01043191459
v -0.007621777244 -0.002545918804 0.02979634702
v -0.007621776313 0.002545920666 0.02979634516
v -0.007618900388 0.005542868283 0.005560096819
v -0.007616456132 -0.0001034848465 -0.0004886332317
v -0.007616403047 -0.0001034870438 0.007460173685
v -0.007615918759 -0.00554640172 0.005560105667
v -0.007595019415 0.005532017909 0.01046699751
v -0.007550852839 0.0008384775138 0.007319595665
v -0.007550852373 -0.001045449404 0.007319603581
v -0.007545191329 0.003749999218 0.01949999668
v -0.007545190863 0.003749999683 0.02764324844
v -0.007545190398 -0.003749997821 0.02764323726
v -0.007545189932 -0.003749999916 0.0195000004
v -0.007545187604 4.609782829e-10 0.03098119237
v -0.007537569851 -0.002749999752 0.02980003133
v -0.007521230727 0.002749999519 0.0298409164
v -0.007434593979 -0.001193488482 0.03098119423
v -0.007434593514 0.001193486038 0.03098119609
v -0.007386489771 0.00594554469 -0.006856060587
v -0.007369605824 0.005850228015 0.01067587268
v -0.007366389036 -0.005853717681 0.01067593787
v -0.007355513982 -0.001969255041 -0.000488624617
v -0.007355513982 0.001762281521 -0.0004886340466
v -0.007355465554 0.001762281521 0.006900585722
v -0.007355465088 -0.001969255041 0.006900595035
v -0.007348105777 0.00356540014 -0.006838006433
v -0.007344018668 -0.003572796704 -0.00683696894
v -0.00733383419 -0.002749999519 0.02785507962
v -0.007333833724 -0.004094318952 0.02785508893
v -0.007325937971 0.002750001149 0.02786186524
v -0.007325937971 0.004106408916 0.02786186151
v -0.007300011814 0.004145763349 0.00996411778
v -0.007297314238 -0.004149828106 0.009964229539
v -0.007261929102 -0.002270462224 0.006699997932
v -0.007261929102 0.002063490683 0.006699995603
v -0.007222558372 -0.006041286048 0.01082101185
v -0.007212715689 0.006054506171 0.01083467156
v -0.007186377421 -0.006206354126 -0.006760472897
v -0.007135920227 -0.002750000218 0.03064426407
v -0.007106580772 -0.002346331486 0.03098119609
v -0.00710657984 0.002346330788 0.03098120168
v -0.007073943969 0.006284051575 0.005457405467
v -0.007070566062 -0.006287289318 0.005457401276
v -0.006979724392 -0.00459220726 0.0280993823
v -0.006969051901 0.004605953582 0.02810511924
v -0.006892373785 0.002949998714 0.005907482468
v -0.006892366335 0.002949998016 0.006700004917
v -0.006866740528 0.004734507296 0.01010713447
v -0.006858015433 -0.00474520307 0.01010961272
v -0.006854198407 0.00659815222 -0.006589178462
v -0.006819365546 0.004405655432 -0.0004886254901
v -0.006818059366 0.004407508764 -0.006570402998
v -0.006817942951 -0.004407455213 -0.0004886285169
v -0.006816634443 -0.004409310408 -0.006570908707
v -0.006816016976 0.006516109686 0.01128576975
v -0.006812516134 -0.0065192068 0.01128577441
v -0.00679532811 -7.752939406e-10 0.03205209598
v -0.006791477092 -0.003350001061 0.005691111553
v -0.006791469641 -0.003350002225 0.006700004451
v -0.006769866683 0.006466806401 0.01914629154
v -0.006766391918 -0.006469881162 0.01914628781
v -0.006759192795 0.006463239435 0.01914628781
v -0.006759149954 0.006477622315 0.01914628968
v -0.006759133656 0.00645507453 0.02060540766
v -0.006759112235 0.006420473102 0.0224653855
v -0.006759063341 0.006195400376 0.02086543664
v -0.006758954842 0.005800508428 0.02118253708
v -0.006758945994 0.005800507963 0.0224653855
v -0.006755836774 -0.005803575739 0.0211825408
v -0.006755827926 -0.005803575739 0.02246538736
v -0.006755731534 -0.006198465824 0.02086544037
v -0.006755718961 -0.006466305349 0.01914628036
v -0.006755666807 -0.006480691023 0.01914628595
v -0.006755664013 -0.006458139047 0.02060551755
v -0.006755661219 -0.006423544604 0.02246538736
v -0.006725466345 0.005620757584 0.02248277701
v -0.006722444668 -0.005623803474 0.02248277888
v -0.006705423351 0.005575552117 0.02132981271
v -0.006705080159 0.005574890878 0.02249339782
v -0.00670366874 -0.005581077188 0.02132830024
v -0.006703340914 -0.005580436438 0.02249275148
v -0.006697504316 -0.001055701287 0.03205209598
v -0.006697503384 0.00105569954 0.03205210343
v -0.006696450524 0.004936357494 0.0189999938
v -0.006696449593 0.004936353769 0.01949999854
v -0.006694863085 0.004572327714 -0.006504419725
v -0.006692404859 -0.004575361032 -0.006504421588
v -0.006651381496 0.002750000916 0.03139196336
v -0.006636400707 -0.005004212726 0.01020437106
v -0.006636190228 0.005004446022 0.01020567492
v -0.006633843295 0.005469809752 0.02253068984
v -0.006630898453 -0.005472802091 0.02253069356
v -0.006621933542 -0.005020315293 0.01899999566
v -0.006621933542 -0.005020315293 0.0195000004
v -0.006618163548 0.006846674252 -0.006462192163
v -0.006614482962 -0.006849665195 -0.006462198216
v -0.006605789065 -0.006423584186 0.02064291947
v -0.006603206042 0.0068594818 -0.004029470496
v -0.006596198771 0.00645190943 0.01121370029
v -0.006592731457 -0.006454890128 0.01121369749
v -0.006592715159 0.003484873567 -0.0004886282841
v -0.006592714228 -0.003691846272 -0.0004886334063
v -0.006592677906 0.00348487217 0.005264787003
v -0.00659267744 -0.003691843944 0.005264782347
v -0.006571887527 -0.005075309891 0.02826506086
v -0.006571887527 -0.002749999054 0.02826506458
v -0.006562188268 0.005085840356 0.02826778218
v -0.006556853652 0.002749998588 0.02826924622
v -0.006556397304 0.005398738664 0.02143118903
v -0.006555738393 0.005398255307 0.02257184684
v -0.006554606836 -0.005402524956 0.02143075131
v -0.006553944666 -0.005402034614 0.02257126197
v -0.006532455795 0.006412351504 0.02065173909
v -0.006528738886 -0.00688541308 0.005070679355
v -0.006518966053 0.006645857356 0.0225915052
v -0.006515393499 -0.006648796145 0.02259150892
v -0.006515228655 0.006701503415 0.01982461289
v -0.006511625834 -0.006704442203 0.01982461661
v -0.006509190891 0.006880116649 0.007458380423
v -0.006502028089 0.005363707896 0.02260031924
v -0.006499134935 -0.005366632249 0.0226003211
v -0.006490815431 0.006766091101 0.01710092835
v -0.006487177685 -0.006769015454 0.01710092835
v -0.006472568959 0.006835720502 0.01343631558
v -0.006470168941 -0.006823376287 0.01441838033
v -0.006441630423 0.00642613275 0.01592685282
v -0.006432927679 -0.006429042667 0.01592690498
v -0.006407360546 -0.002075451426 0.03205209598
v -0.006407360081 0.002075453056 0.03205210343
v -0.006359549705 -0.007094689645 -0.006319258828
v -0.006356437691 0.006440004334 0.0112006506
v -0.006353301462 -0.00530329952 0.01949999481
v -0.006353300996 -0.005303301848 0.02831383795
v -0.006353300996 0.005303301848 0.01949999668
v -0.00635330053 0.005303299986 0.02831383981
v -0.006352978759 -0.006442854647 0.01120064873
v -0.006351739168 -0.006418649107 0.0206481088
v -0.006347862072 0.005308634136 0.02147839405
v -0.006347841583 0.005308643449 0.0226827804
v -0.006345013622 -0.005311479326 0.02147839963
v -0.006344974507 -0.005311497487 0.0226827953
v -0.006297768559 0.006423551589 0.02063984796
v -0.006251187529 0.005097529851 -0.006254615262
v -0.00624804059 -0.005100763403 -0.006254389882
v -0.006218429189 0.006901118439 0.0227531977
v -0.006204197183 0.005448325071 0.01041870471
v -0.006199365482 -0.005452892277 0.01041971613
v -0.006128317676 0.006481038406 0.01124578621
v -0.006124834064 -0.006483769044 0.01124579832
v -0.006089006085 -0.006482090335 0.02057880163
v -0.00608222466 0.002749999985 0.03206483647
v -0.006079230923 0.006484626327 0.02057292685
v -0.006076995749 0.006492514163 0.01592836715
v -0.006075514015 -0.002749999054 0.03207182512
v -0.006073835772 -0.00649508927 0.01592840813
v -0.006039981265 -0.004457423463 0.004079523496
v -0.006039981265 0.004250451457 0.004079527687
v -0.006003541872 0.00740130106 -0.006106452551
v -0.005878245924 0.00659428956 0.02044461854
v -0.005874702707 -0.006596881431 0.02044461295
v -0.005873124581 0.007493582554 0.0005642153556
v -0.005870903842 1.527125259e-09 0.03297652677
v -0.005859655328 0.00660748966 0.01592946425
v -0.005856103264 -0.006610072218 0.0159295164
v -0.005846376531 0.006616863888 0.01140594017
v -0.005842820276 -0.006619440392 0.0114059383
v -0.005839082412 -0.007184994407 0.02296146378
v -0.005828224588 0.005780877545 0.02116889507
v -0.005823259708 0.005784980953 0.02119358629
v -0.005818888545 -0.00578858424 0.02119286358
v -0.00581374485 0.007474781945 0.007750635035
v -0.005809763446 -0.007477362175 0.007746926509
v -0.00578881707 -0.0008858382353 0.03297652677
v -0.00578881707 0.0008858377114 0.03297653422
v -0.005778404884 0.007378033362 0.01525673829
v -0.005774414167 -0.007380707189 0.01525040064
v -0.005770316813 0.00557176955 -0.005961842369
v -0.005766625516 -0.005574933253 -0.00596139906
v -0.005745063536 -0.007600313984 -0.005948056001
v -0.005743495654 0.005849880632 0.01067529526
v -0.00573095493 -0.005859918427 0.01068077423
v -0.005708078854 -0.005878119729 0.02831483819
v -0.005708078388 -0.002750001848 0.02831484377
v -0.005687556695 0.002750001615 0.02831140533
v -0.00568755623 0.005894324277 0.02831140906
v -0.005670657847 -0.006737310439 0.01156021375
v -0.005592210684 0.005968106911 0.02310437523
v -0.005586792715 -0.005972227082 0.02310565114
v -0.005553944502 0.007373622619 0.0231267307
v -0.005545357708 0.001741512679 0.03297652304
v -0.005545357242 -0.001741512329 0.03297652677
v -0.005533752032 0.005776133854 -0.0004886430106
v -0.005531887989 -0.005777517334 -0.0004886412644
v -0.005531792529 0.005777787417 -0.005807592999
v -0.005529930815 -0.005779165775 -0.005808408838
v -0.005417706911 0.002750000451 0.03267274797
v -0.005415711552 0.006900719367 0.02001543343
v -0.005412003025 -0.006903063506 0.02001543343
v -0.005386595614 0.004932098091 -0.0004886482493
v -0.005386595149 -0.005139069632 -0.000488647609
v -0.005386575591 -0.005139069166 0.002678285353
v -0.005386574659 0.004932098556 0.002678284887
v -0.005349705461 0.007874093018 -0.005685301963
v -0.005349183455 0.006145488471 0.01949999295
v -0.005349182058 0.006145487074 0.01900000311
v -0.00530117983 -0.006178791635 0.02820392326
v -0.005292688962 0.006184623111 0.02820060402
v -0.00527302362 -0.006198069546 0.02086543106
v -0.005269007292 0.006200805772 0.0109618539
v -0.005268272012 0.005986128468 -0.005629941355
v -0.005266656168 0.006202402525 0.02085939422
v -0.005265676882 -0.006203068886 0.01096185762
v -0.005264608655 -0.005988730118 -0.00562964147
v -0.005256719422 -0.0062091453 0.01949999295
v -0.00525671849 -0.006209146697 0.01900000311
v -0.005169420969 0.007597658783 0.02335372381
v -0.005157141481 0.00705391448 0.01207781862
v -0.005152431782 -0.007056640927 0.01207883842
v -0.005148813594 0.002537879627 0.03297653049
v -0.005148813128 -0.002537877997 0.03297653049
v -0.005122934468 -0.007622588892 0.02337926067
v -0.005115069915 0.008012233302 0.0006745822611
v -0.005110772327 -0.008014420979 0.0006727101281
v -0.005097552668 -0.008030116558 -0.005513421725
v -0.00506500341 0.007966654375 0.007912685163
v -0.005060754251 -0.007968850434 0.007908952422
v -0.005029729102 0.007841092534 0.01547981799
v -0.005025488324 -0.007843376137 0.01547342911
v -0.004982350394 0.007150594145 0.01954398304
v -0.004978899378 -0.007152496837 0.01954445057
v -0.004920807667 -0.00813225843 -0.005386631005
v -0.004904080648 -0.00643397728 0.02799510024
v -0.004904079717 0.006433975883 0.02799510583
v -0.004904079251 -0.002750001382 0.02799510956
v -0.004904079251 0.002749999054 0.02799511142
v -0.004800000694 0.006495192647 0.02056140639
v -0.004800000228 0.006495189853 0.02792442963
v -0.004799999762 -0.00649518799 0.02056368068
v -0.004799999762 0.006495189387 0.01949999481
v -0.004799998831 -0.00649519125 0.01949999854
v -0.004799996503 -4.813250358e-10 0.03372638673
v -0.00479902979 -0.006495750509 0.02792376094
v -0.004781125113 0.006506051868 0.02359147184
v -0.004777627997 -0.00650805654 0.0235914737
v -0.00475031836 0.006343994755 -0.005257962737
v -0.004746907856 -0.006345983595 -0.005257958081
v -0.004736145958 0.0006890613586 0.03372637928
v -0.004736144561 -0.0006890590885 0.03372638673
v -0.00468868576 -0.002749999985 0.03318497539
v -0.004684770014 0.007303249557 0.01267529279
v -0.004682010505 -0.005698279943 0.001167339273
v -0.00468201004 0.005491307471 0.001167338807
v -0.004680846352 -0.007305203937 0.01267529186
v -0.004659329075 0.008273192681 -0.005188985262
v -0.004594577942 0.007346613798 0.01900507696
v -0.004590631463 -0.007348521613 0.0190050751
v -0.004546768498 -0.001354653738 0.033726383
v -0.004546768032 0.00135465397 0.03372637555
v -0.004441700876 0.00794013869 0.02380745858
v -0.004379372112 0.007444954943 0.01325540431
v -0.00437537767 -0.00744674122 0.0132553922
v -0.004364263266 -0.007971158251 0.02385496348
v -0.004350210074 0.007457713131 0.01848537102
v -0.004349595401 0.006735181436 0.01156020537
v -0.004346371628 -0.007459413726 0.01848588139
v -0.004345973954 -0.00673695514 0.01156021655
v -0.004301927984 0.008437199518 0.0008777710609
v -0.004297398031 -0.008438955061 0.0008758895565
v -0.004286613781 0.007485128008 0.01357693784
v -0.004282576963 -0.007486872375 0.01357701607
v -0.004263675772 0.008361647837 0.008147059008
v -0.004259212408 -0.008363435045 0.008143289946
v -0.004253526218 0.007499138359 0.01391135715
v -0.004253501538 0.007499140222 0.01791135222
v -0.004249499179 -0.007500859443 0.01391134597
v -0.004249472637 -0.007500858977 0.01791135408
v -0.004238310736 0.001974117709 0.03372638673
v -0.004238309339 -0.00197412027 0.03372639045
v -0.004232245032 0.008205641992 0.01576654799
v -0.004227804951 -0.008207511157 0.01576011255
v -0.004212767817 -0.008486399427 -0.004841283895
v -0.004176731221 -0.002749999287 0.03346905857
v -0.003947826102 0.006784029771 -0.0004886480747
v -0.003945637029 -0.00678489916 -0.0004886502866
v -0.003943607677 -0.006785866804 -0.004616797436
v -0.003920126706 0.006929096766 0.02732693031
v -0.003920125775 -0.006929096766 0.02732693404
v -0.00390980579 -0.006801662501 -0.0004886494717
v -0.003909805324 0.00595263578 -0.0004886491224
v -0.003909805324 0.006751343142 -0.0004886500537
v -0.003909804858 -0.006159609184 -0.0004886558163
v -0.003900337964 0.002750002081 0.03360009938
v -0.003893854097 0.008620637469 -0.004570743069
v -0.003886698512 0.006812522653 -0.004565001465
v -0.003881591838 -0.006814710796 -0.004563771654
v -0.003858102486 0.006954461336 0.02419681475
v -0.003853346221 0.006827772129 -0.0004886543029
v -0.003852710826 -0.006956639234 0.0241979491
v -0.003821281018 -0.002526355674 0.033726383
v -0.003821281018 0.002526356373 0.03372637555
v -0.003751616925 0.007499274798 0.01391134039
v -0.003751591081 0.007499275263 0.01791135035
v -0.003751571756 0.007303501014 0.01267528627
v -0.003751541954 0.007346842904 0.01900507137
v -0.003751493292 0.006996565498 0.01196997426
v -0.003751446493 0.006996583659 0.01900000125
v -0.003751443699 0.006996584125 0.01950000599
v -0.003751443233 0.006996585522 0.01985269226
v -0.003747734241 -0.006998015102 0.0119699724
v -0.003747690236 -0.006998031866 0.01899999566
v -0.003747687442 -0.006998035125 0.0195000004
v -0.003747686045 -0.006998033728 0.01985268667
v -0.003747647861 -0.00730495248 0.01267528534
v -0.003747595474 -0.007348292507 0.01900506951
v -0.003747587092 -0.007500724401 0.01391134318
v -0.003747561481 -0.007500727661 0.01791135222
v -0.003707946278 -0.008196391165 0.02429832518
v -0.003690800164 0.008201327175 0.02431344613
v -0.003615148365 -1.040667275e-09 0.03427889198
v -0.003571472596 -0.0004713442177 0.0342788808
v -0.003571471665 0.0004713429371 0.03427888826
v -0.003522519721 -0.002750000684 0.03375607729
v -0.00351267634 0.002749999985 0.03375980631
v -0.00350195379 -0.008765711449 -0.004227499943
v -0.003441929817 0.0009266390116 0.0342788808
v -0.003441929584 -0.000926640234 0.03427888453
v -0.003439035499 0.008772742935 0.001157713588
v -0.003434322542 -0.008774043061 0.001155820326
v -0.003412582679 0.008666146547 0.008441758342
v -0.00340795191 -0.008667493239 0.008437978104
v -0.00339865475 0.002950000111 -0.00158482499
v -0.003398654284 -0.007016546093 -0.001584815211
v -0.003398654284 0.00692082569 -0.001584813581
v -0.003398653818 -0.003350000363 -0.001584818237
v -0.003387900302 0.008479932323 0.01610563137
v -0.003383306088 -0.008481358178 0.01609915309
v -0.003230933333 -0.001350375474 0.0342788808
v -0.003230932867 0.001350376755 0.03427888826
v -0.003229256021 0.002749999752 0.03385978192
v -0.0031490908 0.0070346063 -0.002036112128
v -0.003143604146 -0.002750000451 0.03388733789
v -0.003128545824 0.008886467665 -0.003869915381
v -0.003065515077 -0.002750000684 0.03391139209
v -0.003041315358 0.007141407579 -0.003784477711
v -0.00304120779 -0.007141279522 -0.002193976194
v -0.00303817587 -0.00891280733 -0.003785647452
v -0.003037477843 -0.007142477669 -0.003784487955
v -0.002991142683 -0.007244444918 0.02669610083
v -0.002989547793 0.007244870532 0.02482728288
v -0.002989466069 -0.00724489335 0.02482436597
v -0.002987136832 0.007245513611 0.02669338137
v -0.002945668297 0.001728130737 0.03427888826
v -0.002945667598 -0.001728127943 0.03427888826
v -0.002924708184 0.007177778054 -0.002347029047
v -0.002924338914 0.008389948867 0.02487766556
v -0.002924036235 0.007262092549 0.02487766184
v -0.002920131432 -0.007263098843 0.02487767301
v -0.002919829451 -0.008390954696 0.02487766929
v -0.002878412604 -0.008399197832 0.02490879036
v -0.002798029222 -0.008979132399 -0.003542107064
v -0.002701495774 -0.00731591275 0.02502439171
v -0.002595847705 -0.002047032351 0.0342788808
v -0.002595847007 0.002047032584 0.0342788808
v -0.002582452958 0.00727270497 -0.002719095675
v -0.002582109068 0.002950001042 -0.00271941605
v -0.002582108835 -0.003349999664 -0.002719409298
v -0.002582108369 -0.007272630464 -0.002719415119
v -0.00253173057 0.009023130871 0.001498326776
v -0.002526880708 -0.009023949504 0.001496433513
v -0.002526283031 0.00846357923 0.02511662617
v -0.002514541848 0.008886519819 0.008784811012
v -0.002509788843 -0.008887400851 0.00878102798
v -0.002479960676 -0.009057291783 -0.003202058142
v -0.002475589747 -0.00847205054 0.0251368098
v -0.002459445735 0.002750000916 0.03406499326
v -0.002380500315 0.009079904296 -0.003085755277
v -0.002352359472 -1.1604962e-09 0.03461725265
v -0.002330184914 -0.0002393073228 0.03461724892
v -0.002330184449 0.000239306115 0.03461724892
v -0.002320600674 0.007391589228 0.02519633248
v -0.0023165897 -0.007392277475 0.02519633994
v -0.002282657893 -0.008502327837 0.02520699613
v -0.002282217378 0.008502412587 0.02520851791
v -0.002281625988 0.007398360875 -0.00297590578
v -0.002281616675 0.007342188619 -0.002975911833
v -0.002279248321 -0.007342524361 -0.002977723489
v -0.002279238543 -0.007398758549 -0.002977736527
v -0.002264414914 -0.0004704667081 0.0346172452
v -0.002264414448 0.0004704663297 0.03461725265
v -0.002247126307 0.002750000218 0.02619085275
v -0.002247125842 -0.002750000218 0.02619085275
v -0.002247125842 0.007403842174 0.02619085647
v -0.002247125376 -0.007403843571 0.02619086392
v -0.002239251975 0.00910978578 -0.002924233908
v -0.002197830239 0.002750000684 0.03411377594
v -0.002197830006 -0.002749999752 0.03411377594
v -0.002193385502 0.00229622866 0.03427888453
v -0.002193385269 -0.002296226565 0.03427887708
v -0.002157289302 0.0006856052787 0.03461724892
v -0.002157288603 -0.0006856056862 0.0346172452
v -0.002012455603 -0.0008773937589 0.03461725637
v -0.002012455603 0.0008773948648 0.03461724892
v -0.002000000095 0.005299999379 1.595077404e-10
v -0.001999999629 0.00659333868 6.622896231e-09
v -0.001941618975 0.006603399292 0.0004797018482
v -0.001939383219 0.006603775546 -0.0004886664683
v -0.001939382521 0.007405120414 -0.0004886598908
v -0.001904887962 0.008553511463 0.02528438345
v -0.001904474921 0.007451163605 0.02528439462
v -0.001900469768 -0.007451626472 0.02528439648
v -0.001900283736 -0.008553969674 0.02528438158
v -0.001900000265 0.005299998913 -2.922438957e-09
v -0.001899999799 0.006610253826 4.763933914e-09
v -0.001895131194 0.005300001241 0.0001359338348
v -0.001861254103 0.007455996238 -0.003255494637
v -0.001859934768 -0.007456138264 -0.003256248543
v -0.001836084994 0.007100001443 -0.0004886614624
v -0.001836084761 0.006620265543 -0.0004886666429
v -0.001834963099 0.00662043551 0.0004928540438
v -0.001834847382 0.001039304188 0.0346172452
v -0.001834847266 -0.001039304188 0.0346172452
v -0.00182815583 -0.008562521078 0.02529038861
v -0.001827359432 0.008562728763 0.02529074438
v -0.001825028216 0.007164490409 -0.0004886600655
v -0.001810559887 -0.007461337838 0.02593322657
v -0.001810320653 0.007461362053 0.02593310364
v -0.001793329255 0.00722169131 -0.0004886646057
v -0.001775317825 0.007241501939 -0.0004886715906
v -0.001770912088 0.005299999379 -0.0009294428746
v -0.001770912088 0.005300000776 0.000929451955
v -0.001770911855 0.006629832089 0.0009294408956
v -0.001770911389 0.007430229336 -0.0009294472984
v -0.001769443275 -0.009194618091 -0.002355394652
v -0.001751986798 -0.002467224142 0.0342788808
v -0.001751986565 0.002467225771 0.03427888453
v -0.001744156354 0.007266157307 -0.000488662452
v -0.001681374735 0.007293403614 -0.0004886643728
v -0.001645448268 0.007100001443 -0.0009500027518
v -0.001645448036 0.005300000776 -0.0009500008891
v -0.001645447803 0.006646439899 0.000950004498
v -0.00164544757 0.005299998447 0.0009500031592
v -0.001630511601 0.001165823429 0.03461724892
v -0.001630511018 -0.001165826339 0.03461724892
v -0.001628251979 0.007300000172 -0.0004886602401
v -0.001620410709 -0.00858514104 0.02529319003
v -0.001604245277 0.008586947806 0.02529229783
v -0.001593443565 0.007099999581 -0.001034855261
v -0.001585350838 0.009192625992 0.001883557765
v -0.001580676297 0.007176537067 -0.001026572892
v -0.001580408891 -0.009192937985 0.001881659613
v -0.001578900614 0.009223565459 -0.00209628162
v -0.001578380587 0.007481364999 -0.002096205717
v -0.001574359136 -0.007481647655 -0.002096209675
v -0.001574119786 -0.009223823436 -0.002096517012
v -0.001572369249 0.00902914349 0.009164275602
v -0.001567536267 -0.009029534645 0.009160477668
v -0.001566429273 0.008790723048 0.01689561456
v -0.001561648911 -0.008791187778 0.01688907482
v -0.001558779739 0.00922638271 -0.002068837639
v -0.001544316649 0.007241421379 -0.00100295525
v -0.001530889189 0.007459283806 -0.001286997227
v -0.001506669098 0.007486082613 0.02528521977
v -0.001502933796 -0.007486310787 0.02528524585
v -0.001500000013 -0.002749999752 0.02950000577
v -0.00149999978 -0.00335000013 -4.805208009e-09
v -0.00149999978 0.002949998947 3.231724444e-09
v -0.001499999547 0.002750000916 0.02950000577
v -0.001497462159 0.006662989035 0.001325751306
v -0.001489901333 0.007284776308 -0.0009676187765
v -0.001425713417 0.007300000638 -0.000925933884
v -0.001406767173 -0.007491509896 -0.003476137761
v -0.001406767173 -0.003349999199 -0.003476139857
v -0.001406766707 0.007491508964 -0.003476137761
v -0.001406766358 0.002949999878 -0.003476131707
v -0.001406408264 0.001252644346 0.0346172452
v -0.001406407915 -0.001252641319 0.0346172452
v -0.00134424807 0.002749999985 0.02573264018
v -0.001344247954 -0.007494227029 0.02573264576
v -0.001344247721 -0.002750000451 0.02573264018
v -0.001343762851 0.006676716264 0.001343248063
v -0.001311430708 0.002749999054 0.03420393541
v -0.001311430358 -0.002750001382 0.03420393169
v -0.001299038646 -0.003349997802 0.0007499956992
v -0.001299038646 0.002950001275 0.0007500037318
v -0.001299038413 -0.003349999199 -0.0007500047213
v -0.001299037598 0.002749999752 0.03025000542
v -0.001299037482 0.002950000111 -0.0007499967469
v -0.001299037365 0.002749998355 0.02875000611
v -0.001299037249 -0.002750000684 0.03025000542
v -0.001299037016 -0.002750002081 0.02875000425
v -0.001286682789 0.002554207342 0.0342788808
v -0.001286681392 -0.002554205945 0.03427888826
v -0.001220761216 0.007498058025 -0.001584238023
v -0.001220758073 0.007485280279 -0.001584230457
v -0.001170166768 -0.00129680417 0.0346172452
v -0.001170166768 0.001296803122 0.0346172452
v -0.001169730094 0.007099998649 -0.001497237594
v -0.001164199086 -0.00862501841 0.0252226349
v -0.001160358544 0.007176536601 -0.001485239482
v -0.001151196542 0.008626255207 0.0252176635
v -0.001136129606 0.005299999379 -0.001645972137
v -0.001136128791 0.006689696573 0.001645973884
v -0.001136128558 0.005299999379 0.001645974815
v -0.001136108884 0.007499506231 -0.001645989018
v -0.001133667887 0.007241422776 -0.00145108276
v -0.001128517324 -0.009277236648 -0.001449274365
v -0.001118513872 0.007499685045 0.02520807087
v -0.001114195213 -0.008628628217 0.02520806529
v -0.001093721134 0.007284777239 -0.001399948145
v -0.001050000079 -0.007499997504 0.02564026788
v -0.001049999497 -9.646355386e-10 0.03473118693
v -0.00104999938 0.007499999367 0.02564027719
v -0.00104900694 0.007499998435 0.02518536896
v -0.001046600984 0.007300000172 -0.001339633251
v -0.001045293291 -0.007499997038 0.02518548444
v -0.000965280633 -0.008638570085 0.02515587583
v -0.0009578388417 0.009293361567 -0.001166941249
v -0.0009500003071 0.005299999844 0.001645445591
v -0.0009500002488 0.006695923861 0.001645445358
v -0.0009500000742 0.007100001443 -0.001645451062
v -0.0009499997832 0.005300000776 -0.0016454492
v -0.0009461518493 0.008640104905 0.02514626645
v -0.0009298337973 -0.001296802424 0.0346172452
v -0.0009298337391 0.001296804869 0.03461724892
v -0.0009110812098 0.00865043886 0.02478675544
v -0.0009018213605 0.007498534862 0.009511329234
v -0.0009018122801 0.007498534396 0.02512779646
v -0.0009017927223 0.007498536259 0.01900000125
v -0.0009017874254 0.007498533465 0.01950000413
v -0.00089783984 -0.007498456165 -0.00107384345
v -0.000897839258 -0.007498456631 -0.0004886729294
v -0.000897804508 -0.007498456165 0.009511336684
v -0.0008977953112 -0.007498452906 0.02512780391
v -0.0008977765683 -0.007498454768 0.0189999938
v -0.0008977716207 -0.0074984557 0.01949999854
v -0.0008660255116 0.006300000008 3.476808286e-10
v -0.0008660252206 0.006697061472 5.962887406e-10
v -0.0008133185911 0.00255420804 0.0342788808
v -0.0008133181836 -0.002554205479 0.03427888826
v -0.000750000705 -0.003349998267 -0.001299041207
v -0.0007500001229 -0.002749999985 0.03079904057
v -0.0007499998319 -0.003350000596 0.001299030962
v -0.0007499998319 0.002949998481 0.001299039111
v -0.0007499998319 0.002950001042 -0.001299033174
v -0.0007499996573 0.002749999287 0.0282009691
v -0.0007499995991 0.002750000684 0.03079904243
v -0.000749999308 -0.002750001149 0.02820096724
v -0.0007062599179 0.007492119446 -0.001871151035
v -0.0007062593359 0.007492118981 -0.003682893701
v -0.0007044388913 -0.00749203423 -0.003683240619
v -0.0006935923011 -0.001252643648 0.03461724892
v -0.0006935917772 0.001252642251 0.03461724892
v -0.0006724012783 0.007499680854 -0.0006659631035
v -0.0006686043926 0.006695657969 0.001778472448
v -0.000668603112 0.00669565564 0.001884936355
v -0.0006277413922 -0.007488103583 -0.0004886784009
v -0.000618570135 0.007100001443 -0.001796491095
v -0.000613613287 0.007176536135 -0.001782087376
v -0.0005994990934 0.007241419982 -0.001741106622
v -0.0005838904181 0.007300001103 -0.0004886710667
v -0.0005838903598 0.006693296134 -0.0004886741517
v -0.000579671876 0.009066596627 -0.0004886149545
v -0.0005794158787 0.007498148363 -0.0004886738025
v -0.000578375184 0.007284777705 -0.001679753186
v -0.0005753847072 -0.007497895043 -0.0004886671086
v -0.0005749643315 -0.009066346101 -0.0004886778188
v -0.0005748393014 -0.009318309836 -0.0004885683302
v -0.0005682430929 -0.009179763496 -0.0004756118578
v -0.0005678214948 0.00921807345 -0.0004651136696
v -0.0005586064071 -0.008660034277 0.02493777126
v -0.0005534574157 0.007300000172 -0.001607384416
v -0.0005443561822 0.00932026282 -0.0004190941108
v -0.0005394950858 -0.009320115671 -0.0004192307242
v -0.0005386655685 0.008661371656 0.02492045052
v -0.0005352220032 0.009348237887 -0.0004012183053
v -0.0005301983911 -0.009347961284 -0.0004012275895
v -0.0004694889358 -0.00116582273 0.03461724147
v -0.0004694878007 0.001165823662 0.0346172452
v -0.0004330133379 0.007300001569 -0.0007499992498
v -0.0004330128722 0.006300001405 -0.0007500049542
v -0.0004330122611 0.006299999077 0.0007499950589
v -0.0004330115917 0.006686470006 0.0007500057109
v -0.0004207686579 -0.002750000451 0.03418040648
v -0.000420768105 0.002750000218 0.03418040648
v -0.0003887719649 -0.00866689533 0.02480627596
v -0.0003822306171 0.008667674847 0.02479653805
v -0.0003773401259 0.007490840275 0.02479252033
v -0.000373312243 -0.007490478456 0.02479252405
v -0.0003552416165 -0.00746775046 0.02551581152
v -0.0003552413837 0.00746775046 0.02551580779
v -0.0003552408307 0.002749998588 0.02551580966
v -0.0003552404814 -0.002750001848 0.02551580966
v -0.0003480143787 -0.002467223909 0.03427888453
v -0.0003480140876 0.002467226004 0.03427888826
v -0.0003336925874 0.009344050661 2.147250234e-05
v -0.0003236118064 -0.009327488951 3.27245325e-05
v -0.0003002190206 0.007486608811 0.02421544679
v -0.0002962014114 -0.007486207411 0.02421545051
v -0.0002651523973 0.00103930512 0.03461724892
v -0.0002651523682 -0.001039307099 0.03461724892
v -0.0002410740562 0.006672929041 0.001985414885
v -0.000241073998 0.005300001707 0.001985415816
v -0.0002410737943 0.005300001241 -0.001985419774
v -0.0002410729649 0.007456246763 -0.00198541861
v -0.0001059107672 0.009330794215 0.0005654130946
v -9.3033741e-05 0.007471291348 0.02448329888
v -9.17145735e-05 -0.009337183088 0.0005891963956
v -8.84924375e-05 -0.007470731623 0.02448258363
v -8.754497685e-05 -0.0008773941081 0.0346172452
v -8.75438127e-05 0.0008773928275 0.03461725265
v -7.617094525e-05 -0.008677466772 0.02446615696
v -7.28248051e-05 0.008678250015 0.02445496991
v -3.594755617e-05 0.007431130391 -0.003749822499
v -3.594753434e-05 0.00295000081 -0.003749824595
v -3.594752707e-05 -0.003349998267 -0.003749832511
v -3.594685768e-05 -0.007431131322 -0.003749823663
v -1.320134313e-08 0.007100001909 -0.001900005969
v -1.294874696e-08 0.007176537532 -0.001884780591
v -1.211783918e-08 0.007284777239 -0.001776537159
v -1.18207959e-08 0.00724142231 -0.001841419609
v -1.103313974e-08 0.007300000638 -0.001700006076
v -7.170159466e-10 0.006234385073 2.105496222e-09
v -6.127542362e-10 -0.003349999897 -0.001500005717
v -3.645157786e-10 0.002750001149 0.02800000459
v -3.164807305e-10 0.00530000031 -0.001900005154
v -1.65673586e-10 -0.003350001061 0.001499994658
v -2.195821816e-11 -0.002749999287 0.02800000459
v 4.108621082e-11 0.006648152601 0.001899999683
v 8.25648578e-11 0.002750000218 0.03100000508
v 2.8804642e-10 0.00294999918 -0.001499997801
v 4.251224096e-10 -0.002750000218 0.03100000508
v 6.606176162e-10 0.005299998913 0.001900003408
v 7.351270148e-10 0.002949998248 0.001500002574
v 4.478471601e-05 0.008682228625 0.0242682267
v 5.728881297e-05 -0.000685604522 0.0346172452
v 5.728892575e-05 0.000685602834 0.03461724892
v 6.057759674e-05 0.009332207963 0.001026126789
v 6.643548113e-05 -0.008682249114 0.02423695289
v 6.731009489e-05 -0.009328686632 0.001031241496
v 9.338526434e-05 0.002296224935 0.03427888826
v 9.338553355e-05 -0.002296226332 0.03427888453
v 0.0001185887522 0.00868505612 0.02412123419
v 0.0001189192408 0.007449631114 0.02412122302
v 0.000122924248 -0.007449002471 0.02412123606
v 0.0001232556533 -0.008684427477 0.02412122488
v 0.0001534025068 0.007402827032 0.02550293505
v 0.0001537116914 -0.007402776275 0.02550295554
v 0.0001644142903 0.0004704674648 0.03461724892
v 0.0001644150179 -0.0004704672028 0.03461725265
v 0.0001991383324 0.009345297702 -0.0003685128468
v 0.0002041603584 -0.009344626218 -0.0003685161064
v 0.0002301843051 0.0002393080649 0.0346172452
v 0.0002301847562 -0.0002393089817 0.0346172452
v 0.00023144031 0.00932392478 0.001584367594
v 0.0002315554011 0.008690974675 0.0238049794
v 0.0002362267405 -0.008690284565 0.02380498126
v 0.0002428600274 0.006614357699 0.001985197654
v 0.0002437119401 0.007387576625 -0.001985090785
v 0.0002442770055 -0.009323306382 0.001612794003
v 0.0002512955107 0.007433002349 0.02372334339
v 0.0002523600124 2.719497401e-10 0.03461725637
v 0.0002557933622 -0.007432234939 0.02372105047
v 0.0002671072434 0.008717015386 0.02265644632
v 0.0002717928146 -0.008716306649 0.02265644819
v 0.0002754107409 0.009344591759 -0.0003096094588
v 0.000278339081 -0.009343885817 -0.0003100382746
v 0.0002980954887 0.008748066612 0.02131132036
v 0.0002980977006 0.008743416518 0.02150679193
v 0.0002981220605 0.008701420389 0.02330650017
v 0.0002981295984 0.008701503277 0.02330308221
v 0.0002984801831 0.007426496595 0.02330307476
v 0.000302473054 -0.007425772958 0.02330308594
v 0.0003027965431 -0.008742689155 0.02150679007
v 0.0003027981438 -0.008700698614 0.02330650017
v 0.0003028070205 -0.008700777777 0.02330307849
v 0.0003029546933 0.008747985587 0.02131132409
v 0.0003138892062 -0.007374944631 -0.0004886746756
v 0.000336855097 0.007420980837 0.02292131819
v 0.0003426031326 -0.007419975009 0.02291257121
v 0.0003521462786 0.009343873709 -0.0002511313942
v 0.0003534731804 0.009316948242 0.002068861853
v 0.000353969459 0.008711119182 0.02284197137
v 0.000355011638 -0.008710085414 0.02285730653
v 0.0003578079632 -0.009343126789 -0.0002521031129
v 0.0003584803781 -0.00931619294 0.002068857662
v 0.0003615643654 0.00659457501 0.001865284634
v 0.000369646441 0.008840844035 0.01773843914
v 0.0003734742932 0.008850348182 0.01741895638
v 0.0003744807618 -0.008840273134 0.01773188822
v 0.0003782318963 -0.008849585429 0.01741896197
v 0.000383213337 0.009107746184 0.00996442046
v 0.000388088898 -0.009107110091 0.009960622527
v 0.0003920043237 0.009034517221 0.01200739294
v 0.0003972750565 -0.009028490633 0.0121524157
v 0.000412260968 -0.00871344097 0.02265873179
v 0.0004134765186 0.00871448312 0.02264187858
v 0.0004330121155 0.006300000474 0.0007499997737
v 0.0004330127267 0.007299999706 -0.0007499950589
v 0.0004330131924 0.006299999543 -0.000750000705
v 0.0004330138327 0.00658162171 0.0007499907515
v 0.0004476909235 0.007403903175 0.02255328186
v 0.0004570591263 -0.007402224466 0.02254023962
v 0.0004574092454 -0.008715105243 0.02254024707
v 0.0004596348444 0.002749999287 0.03404357284
v 0.0004596351937 -0.002750001382 0.03404357284
v 0.0004958476638 0.002047030721 0.03427888826
v 0.0004958477803 -0.00204703398 0.03427888453
v 0.0005534366355 0.007300001103 -0.001607386279
v 0.0005783531815 0.007284775842 -0.001679752604
v 0.000583885645 0.007300001569 -0.0004886810784
v 0.0005838865181 0.006551668048 -0.0004886729876
v 0.0005994759849 0.007241422776 -0.001741114538
v 0.0006135894801 0.007176537532 -0.001782106119
v 0.0006136735319 -0.008717620745 0.02224040404
v 0.0006185117527 0.008718557656 0.02222553082
v 0.0006185463862 0.007099999115 -0.001796499826
v 0.0006565259537 0.002750001149 0.02555424161
v 0.0006565263029 -0.002749999287 0.02555424161
v 0.0006565263611 -0.007303270046 0.0255542472
v 0.0006565270014 0.007303270511 0.02555424906
v 0.0007086963742 0.006524197757 0.00176287978
v 0.0007086970727 0.006524198223 0.001870231004
v 0.0007092094747 0.00530000031 0.00187002623
v 0.0007092095329 0.005299998913 -0.001870039152
v 0.0007100583753 0.007290556561 -0.001869710395
v 0.0007326729246 -0.008717390709 0.0220724754
v 0.0007411605329 0.0087182438 0.02205595747
v 0.0007499999483 -0.00335000013 -0.001299042255
v 0.0007500000065 0.002950000111 0.001299038529
v 0.0007500001811 -0.003350000596 0.001299045281
v 0.0007500001811 0.002749998588 0.03079904057
v 0.0007500001811 0.002750000916 0.0282009691
v 0.0007500005304 -0.002750002081 0.03079904057
v 0.0007500005304 -0.002749999519 0.02820096724
v 0.0007500008214 0.002949998947 -0.001299034222
v 0.0007674678345 -0.009317170829 -0.0003229287395
v 0.0008011550526 0.007337999996 0.009511318058
v 0.0008012360195 0.00733799953 0.02198533155
v 0.000802437251 0.008934367448 -0.0004886784591
v 0.0008050856413 -0.007337007206 0.009511315264
v 0.0008051675977 -0.007337009534 0.02198534273
v 0.0008074845537 -0.008933328092 -0.0004886855022
v 0.0008327731048 0.009108990431 -0.0004562196846
v 0.0008379208739 -0.00910793338 -0.0004562087124
v 0.000845667324 -0.001728128758 0.03427888453
v 0.0008456675569 0.001728130155 0.0342788808
v 0.0008632298559 0.00928429421 -0.0003406176402
v 0.0008660247549 0.006300001871 -5.536603842e-09
v 0.0008660259191 0.006486029364 2.746308736e-09
v 0.0008684745408 -0.009283221327 -0.0003406197939
v 0.0008772962028 -0.009329028428 5.786901966e-05
v 0.0008801805088 0.008716174401 0.02190082707
v 0.000880541571 0.007320790552 0.02190084569
v 0.0008900911198 -0.007244724315 0.02558798157
v 0.0008911416517 0.007244445384 0.01949999295
v 0.000891142583 0.007244443521 0.02558810636
v 0.0008911433397 -0.007244445384 0.01950000413
v 0.00089206954 0.007244195789 -0.001790036797
v 0.0008920705877 0.007244196255 -0.003642347874
v 0.0008932399214 -0.007243882399 -0.00364205963
v 0.0008977537509 0.007242670748 0.0189999938
v 0.0008977548569 0.00724266842 0.00951131992
v 0.0008977796533 0.007242661435 0.01949999481
v 0.0009016334661 -0.007241623942 0.01899999753
v 0.0009016342228 -0.007241624873 0.009511323646
v 0.0009016588447 -0.007241618354 0.0195000004
v 0.0009499994921 0.007100000046 -0.001645449083
v 0.0009499997832 0.005299999379 -0.001645447221
v 0.0009500000742 0.005299998913 0.001645447453
v 0.0009500004235 0.006464031059 0.001645451761
v 0.001038336777 0.009301259182 -0.0002128720662
v 0.001042509801 -0.009299932048 -0.00021132447
v 0.001046584221 0.007300001103 -0.001339644426
v 0.001060034847 -0.008710204624 0.0217442885
v 0.001071790117 0.008710763417 0.02173139155
v 0.001093702274 0.007284777705 -0.001399970031
v 0.001112900092 0.009278881364 -0.0002942239516
v 0.001124493312 0.002750000218 0.03386135772
v 0.001124493661 -0.002750000218 0.03386135772
v 0.001130932826 -0.001350374543 0.0342788808
v 0.001130933291 0.001350377686 0.03427888826
v 0.001133648562 0.007241420913 -0.001451093704
v 0.001136270817 0.00641109515 0.001645867829
v 0.00116033887 0.007176536601 -0.001485261251
v 0.001169712399 0.007099997718 -0.001497251214
v 0.001186114387 0.007245988585 0.02164920792
v 0.001197221689 -0.007242850494 0.02164440043
v 0.001216978882 0.007149180863 -0.001587119536
v 0.001229638117 -0.008703263476 0.021623604
v 0.001233709394 -0.007143855095 -0.0004886845127
v 0.001243396197 0.008703617379 0.02161202021
v 0.001266282052 0.00922969263 0.004961493891
v 0.001271242625 -0.009228447452 0.004961493425
v 0.001288445899 0.008805675432 0.01779832877
v 0.001293178299 -0.008804420009 0.01779832505
v 0.001299037598 -0.002749998821 0.02875000425
v 0.001299037714 -0.003349998035 0.0007499940111
v 0.001299037714 0.002950001042 0.0007500020438
v 0.001299037947 -0.003349999199 -0.0007500064094
v 0.001299037947 0.002949999645 -0.0007499983767
v 0.001299038297 -0.002750001149 0.03025000356
v 0.001299038762 0.002749999519 0.03025000356
v 0.001299038995 0.002749998355 0.02875000425
v 0.001309295418 0.009304095991 0.000274866994
v 0.001309574232 0.009036137722 0.01114089228
v 0.001314430148 -0.00903486833 0.01114089414
v 0.001339866547 0.002950001974 -0.00350246625
v 0.001339866663 -0.003349998966 -0.003502459498
v 0.001339867013 -0.007109045051 -0.003502471372
v 0.001339867595 0.007109045051 -0.003502458567
v 0.001341929543 0.0009266386041 0.03427888453
v 0.001341930707 -0.0009266404086 0.03427888826
v 0.001342578442 0.006345681846 0.001344433986
v 0.001387425698 0.002749998821 0.03376926854
v 0.001387426048 -0.002750001615 0.03376926854
v 0.001425700728 0.007299999706 -0.0009259497165
v 0.001450370881 0.007070937194 0.02562776394
v 0.001451103366 -0.007070677355 0.0256277658
v 0.001471471507 -0.0004713445669 0.0342788808
v 0.00147147174 0.0004713461967 0.03427888826
v 0.001489888411 0.007284777239 -0.0009676286136
v 0.001496155397 -0.003349997802 -0.0001073219755
v 0.001496156328 0.002950001275 -0.0001073139792
v 0.001496156445 0.002749999752 0.0293926876
v 0.001496156794 -0.002750000684 0.0293926876
v 0.001497020479 0.006291926838 0.001326239086
v 0.001497021411 0.005300000776 -0.001326240599
v 0.001497021876 0.007054266054 -0.001326245256
v 0.001497022109 0.005299998913 0.001326243742
v 0.001499999897 -0.003350000596 -6.376720707e-09
v 0.001500000129 0.002750000684 0.0295000039
v 0.001500000479 -0.002749999752 0.0295000039
v 0.001500000828 0.002949998714 1.618256418e-09
v 0.001515149255 -2.253285392e-09 0.03427889198
v 0.001530722366 0.007145034149 0.02146456763
v 0.001538904267 -0.00714225648 0.02146277018
v 0.001544304308 0.007241420448 -0.001002970384
v 0.00157244911 -0.009199527092 -0.0002599114378
v 0.001580662676 0.007176537532 -0.001026588143
v 0.001593430061 0.007100001909 -0.0010348832
v 0.001625492238 0.009276685305 0.0004193358182
v 0.001628245343 0.0073000025 -0.0004886918468
v 0.001645447686 0.007100001909 -0.0009500067099
v 0.001645447919 0.005300001241 -0.0009500048473
v 0.001645448385 0.005299998447 0.0009499992011
v 0.001645448385 0.006236285903 0.0009500030428
v 0.001645964454 -0.008677663282 0.02142224275
v 0.001661863993 0.008677546866 0.0214152094
v 0.001699288609 0.007288025226 -0.0004886855604
v 0.001721280161 -0.002526355907 0.03372637555
v 0.001721281325 0.002526354278 0.03372638673
v 0.001732593519 -0.009264905937 0.0004639702383
v 0.001762313419 0.007252992596 -0.0004886825918
v 0.001767437439 0.00695068622 -0.000936031458
v 0.001769595547 0.006186681334 0.0009319474339
v 0.001808411092 0.007199874613 -0.0004886938841
v 0.001811701572 0.009220205247 5.519222395e-05
v 0.001817147015 -0.009218394756 5.620158117e-05
v 0.001820304547 0.007176571526 -0.0004886949318
v 0.00182755827 0.007156789768 -0.0004886932438
v 0.001834666124 0.006159538403 0.0004939716891
v 0.001836077543 0.00615894096 -0.0004886950483
v 0.001836078358 0.007100000978 -0.0004886868992
v 0.001844605664 -0.008661208674 0.02136450633
v 0.00186079531 0.008660886437 0.0213597063
v 0.001886504586 0.007021562662 0.02135421336
v 0.001893202541 -0.007018882781 0.02135360986
v 0.001898244256 0.006896221079 -0.003234070027
v 0.001898536924 -0.00689609535 -0.003233888419
v 0.001899999799 0.00530000031 1.27106603e-09
v 0.001900000381 0.006131484639 5.810533166e-09
v 0.001904214965 -0.009159132838 -0.0001215289449
v 0.0019393767 0.006114186719 -0.0004886931856
v 0.001939377747 0.006878488231 -0.0004886853276
v 0.001941883354 0.005300001241 -0.0004786277423
v 0.001941884053 0.006113073789 -0.0004786253558
v 0.001941884169 0.005299997982 0.0004786339996
v 0.001941884402 0.006113074254 0.0004786367936
v 0.001994874794 0.00530000031 -0.0001430897537
v 0.001995025435 -0.006854037289 0.02561153658
v 0.001995025668 0.002749999985 0.02561154962
v 0.001995025901 -0.002750000451 0.02561154775
v 0.001995025901 0.00685403496 0.02561154589
v 0.001997330226 0.009102585725 -0.0002264212526
v 0.001999999629 0.006086968817 1.26291593e-06
v 0.002006377792 0.002750000218 0.03350382671
v 0.002006378258 -0.002750000218 0.03350382671
v 0.00211701123 -0.006798530929 -0.0004886949318
v 0.00213264348 -0.002749998122 0.03344071656
v 0.002132643946 0.002749998821 0.03344071656
v 0.002138310578 0.001974119339 0.03372637928
v 0.002138311043 -0.001974118873 0.033726383
v 0.002244809177 0.008559493348 -0.0004886936513
v 0.002248684643 0.006874702871 0.01837989688
v 0.002248703036 0.00687470613 0.02131192759
v 0.002249645302 -0.008557640016 -0.0004886864917
v 0.002252378734 -0.006872930564 0.0183799006
v 0.002252397826 -0.006872928701 0.02131193131
v 0.002298131352 0.008614333346 0.0213113036
v 0.002298603766 0.006856558379 0.02131130546
v 0.002302288543 -0.006854757667 0.0213113036
v 0.00230276119 -0.0086125331 0.02131130546
v 0.002303336514 0.008726788685 -0.0004562305403
v 0.002308266936 -0.008724899963 -0.0004562274844
v 0.002362095518 0.008894735947 -0.0003406203177
v 0.002367120003 -0.008892817423 -0.0003406317264
v 0.00240007625 0.006659353152 -0.0004886978422
v 0.002446767176 0.001354655949 0.03372638673
v 0.002446767408 -0.001354653505 0.03372637555
v 0.002488840604 0.008959098719 -0.0001887311228
v 0.002493687673 -0.008957245387 -0.0001888248808
v 0.002529499354 -0.00659068767 -0.002768419683
v 0.00252949982 -0.003349998267 -0.002768421778
v 0.002529500052 0.006590688135 -0.002768419683
v 0.002529500285 0.00295000081 -0.002768413629
v 0.002540667774 0.006768520456 0.01839661971
v 0.002544305054 -0.006766589824 0.01839661971
v 0.002552779159 0.006733882241 0.009511305019
v 0.002552837133 0.006733880844 0.0183799006
v 0.002556386171 -0.006731951144 0.009511310607
v 0.002556443214 -0.006731950678 0.01837989315
v 0.002605259651 0.009086222388 0.0002911693009
v 0.002636144869 0.0006890616496 0.03372637928
v 0.002636145335 -0.0006890609511 0.03372637555
v 0.002699997043 -7.553508379e-10 0.033726383
v 0.00270000007 0.006495189387 0.02550923638
v 0.002700000303 -0.006495190319 0.01949999481
v 0.002700000536 0.006495188456 0.01950000599
v 0.002700001001 -0.006495190784 0.02550924011
v 0.00270439405 0.006492650602 0.009511300363
v 0.002704394748 0.006492649671 0.01900000498
v 0.002704411745 0.006492640357 0.01949999109
v 0.002707871376 -0.006490639877 0.009511303157
v 0.002707872074 -0.006490638945 0.01900000684
v 0.002707889304 -0.006490629166 0.01949999668
v 0.002778411377 0.009110479616 0.0008784604142
v 0.002783152973 0.006446467247 -0.0004887010437
v 0.002949671121 -0.006344496273 -0.0004886976094
v 0.002999655437 -0.006312709767 -0.002250454389
v 0.002999671036 0.006312698592 -0.002250441117
v 0.003018378047 0.008802790195 -8.496888768e-05
v 0.003023194149 -0.008800725453 -8.519319817e-05
v 0.003048813436 -0.002537876368 0.03297652304
v 0.003048813902 0.002537877765 0.03297652304
v 0.003142391564 0.009015819058 0.002587543335
v 0.003191306954 0.008954439312 0.005713799503
v 0.003196119564 -0.008952160366 0.005713799037
v 0.003219388891 0.009016354568 0.001031139633
v 0.003224233864 -0.009014057927 0.001031129272
v 0.003250811016 0.008552432992 0.01856190152
v 0.003255408257 -0.008550121449 0.01856190711
v 0.003285556333 0.008770100772 0.01188876387
v 0.003290269291 -0.008767768741 0.01188876294
v 0.003302169731 0.008621803485 -0.0001886907703
v 0.003306801897 -0.008619464934 -0.0001886975951
v 0.003307668492 0.002750000451 0.02534353174
v 0.003307668725 -0.006104155909 0.02534353361
v 0.003307668725 0.006104156375 0.02534352988
v 0.003307668958 -0.002749999985 0.02534353174
v 0.003331431188 0.002950001508 0.002722385805
v 0.003331431886 -0.003349999199 0.002722392557
v 0.003331431886 0.005286439322 0.002722393023
v 0.003331432119 -0.005493412726 0.00272238953
v 0.003359338501 0.006274380255 0.01837989502
v 0.003362699645 -0.006272018421 0.01837989874
v 0.003367647063 -0.006060890388 -0.001649682061
v 0.003367647063 0.002949999413 -0.00164968404
v 0.003367647063 0.006060890388 -0.001649682759
v 0.003367647296 -0.003350001294 -0.001649677288
v 0.003374252003 -0.005460199434 0.00355267385
v 0.003374340478 0.005253155716 0.003553397022
v 0.00340439775 -0.00543647306 0.001890348038
v 0.003404453862 0.005229454953 0.001889980747
v 0.003406711621 0.00889261812 0.0005001126556
v 0.003411490703 -0.008890222758 0.0005001165555
v 0.003445357783 -0.001741509419 0.03297652677
v 0.003445358016 0.00174151198 0.03297652304
v 0.003463226371 0.006433015224 0.01850280724
v 0.003466670634 -0.006430596579 0.01850281097
v 0.003486201866 -0.008770765737 0.0002477433882
v 0.003488562535 0.008421627805 0.02131129242
v 0.00349308853 -0.008419187739 0.02131129615
v 0.003526802175 0.005941622425 -0.0004886970273
v 0.003530283226 0.005127434153 0.004364726599
v 0.003530283459 0.002949999645 0.004364730325
v 0.003530283691 -0.005334408022 0.004364730325
v 0.003530284157 -0.003350001061 0.004364736844
v 0.003541417187 0.008618214168 1.130761302e-05
v 0.00354604749 -0.008615747094 1.130142482e-05
v 0.003587268526 -0.005894550588 -0.001092710532
v 0.003587284125 0.005894539878 -0.00109265279
v 0.003588645486 0.002950001974 0.001088167541
v 0.003588645486 0.005078373477 0.001088167075
v 0.003588645952 -0.003349998733 0.001088174293
v 0.003588646417 -0.005285345949 0.001088179182
v 0.003598931711 -0.002749998821 0.03243454173
v 0.003598932177 0.002750001848 0.03243454173
v 0.003606303129 0.007953437977 -0.0004887011019
v 0.003610795364 -0.00795081351 -0.0004887068062
v 0.003688818077 0.000885837886 0.03297652677
v 0.003688818775 -0.0008858396905 0.03297653422
v 0.003691441612 0.008108887821 -0.0004562316462
v 0.003696022555 -0.008106213994 -0.0004562368849
v 0.003718019929 -0.00578929903 -0.0004887013929
v 0.003718019929 -0.005172530655 -0.0004887072137
v 0.003718020162 0.005789298564 -0.0004886945826
v 0.003718020627 0.00496555632 -0.0004886954557
v 0.003727815812 -0.005163758993 0.0004073054588
v 0.003728362033 0.004956295248 0.0004022676439
v 0.003737841966 -0.003349999664 -0.0003017237759
v 0.003737842198 -0.00515473308 -0.000301721826
v 0.003737842431 0.002949999413 -0.0003017157433
v 0.003737842897 0.004947759211 -0.0003017130948
v 0.003770902986 1.531436588e-09 0.03297652677
v 0.00377691444 0.008264944889 -0.0003406274482
v 0.003781583626 -0.008262224495 -0.0003406321921
v 0.003805073677 0.004886363633 0.005168028641
v 0.003806131193 -0.005092356354 0.005170517135
v 0.003985565621 -0.002750000218 0.03206136823
v 0.003985566087 0.002750000218 0.03206136823
v 0.004078774713 -0.004825159442 0.003752416233
v 0.004089775495 0.004606756847 0.003765487112
v 0.004102846142 0.005718773697 0.009511304088
v 0.004102902953 0.005718774162 0.0183798857
v 0.004105907865 -0.005716014653 0.009511293843
v 0.004105965607 -0.005716013722 0.01837989129
v 0.004140836652 0.00870370958 0.006069098599
v 0.004165827297 0.00816031266 -0.0001887034305
v 0.004170082975 0.002950001741 0.005890341476
v 0.004170083441 -0.0047286544 0.005890343804
v 0.004170083441 -0.003349998966 0.005890347995
v 0.004170083441 0.004521681461 0.005890334956
v 0.004170212429 -0.008157507516 -0.0001887027174
v 0.004217934329 0.008246808313 1.129747852e-05
v 0.004222364631 -0.008243977092 1.129536304e-05
v 0.004253300373 -0.00530329952 0.01949999295
v 0.004253300373 0.005303301848 0.01949999481
v 0.004253300838 -0.005303299986 0.0249238424
v 0.004253300838 0.005303301383 0.02492384426
v 0.00425563613 0.005300964694 0.01899999939
v 0.00425563613 0.005300965626 0.009511295706
v 0.004255648237 0.005300952122 0.01950000226
v 0.004258474801 -0.005298121832 0.01899999753
v 0.004258474801 -0.005298120901 0.009511293843
v 0.004258486908 -0.005298112053 0.01950000226
v 0.004268653225 0.008531062864 0.01223677676
v 0.00429823529 0.008229644038 0.02131130174
v 0.004298799671 0.00612915447 0.02131129429
v 0.004302092828 -0.00612627808 0.02131129615
v 0.004302657675 -0.008226767182 0.0213112887
v 0.004307358991 -0.002075451426 0.03205209598
v 0.004307359457 0.002075453289 0.03205210343
v 0.004415198695 0.006086817943 0.01869275793
v 0.00441845553 -0.006083885208 0.01869275421
v 0.004516569432 -0.002749999287 0.02476610243
v 0.004516569432 0.005026262254 0.02476609685
v 0.004516569898 0.002750001149 0.0247661043
v 0.004521028139 -0.004318831954 -0.0004886984243
v 0.004521072377 -0.004318831954 0.006416674703
v 0.004540635273 0.004086914007 -0.0004887037794
v 0.004540679511 0.004086915869 0.006442808546
v 0.004576442763 0.008601476438 0.001486597816
v 0.004585819319 -0.008597081527 0.001487044618
v 0.004597503226 0.001055703149 0.03205210343
v 0.004597504623 -0.001055702916 0.03205211088
v 0.004695328884 -7.936764583e-10 0.0320520997
v 0.00474425219 0.008452353068 0.0009570499533
v 0.004746021237 -0.003350000829 0.006699999794
v 0.004746022634 0.002949998481 0.006700007711
v 0.004752297886 -0.008448335342 0.0009576606099
v 0.00475619873 0.008093391545 0.02136442252
v 0.004760547541 -0.008090271614 0.02136442624
v 0.004763259087 -0.002749999752 0.03109039366
v 0.004763259552 0.002750000684 0.03109039553
v 0.004772142041 0.005075576715 0.01837989129
v 0.004774861038 -0.005072458647 0.0183798857
v 0.004839473404 0.008162165061 0.0004695782845
v 0.004846154246 -0.008158632554 0.0004703459854
v 0.004850145895 0.007132567465 -0.0004887083196
v 0.004854174331 -0.007129242644 -0.0004887136165
v 0.004870899487 -0.00383349089 0.006843244657
v 0.004880695604 0.003611537395 0.006854090374
v 0.004959594458 0.007271975279 -0.0004562482936
v 0.004963702522 -0.007268585265 -0.0004562470422
v 0.004972809926 0.008424177766 0.003311770735
v 0.00497733755 -0.008420938626 0.003311775858
v 0.004977548961 0.007612598129 -0.000188711987
v 0.004981639795 -0.007609358057 -0.0001887018152
v 0.004986077547 0.008015586995 0.02143327519
v 0.004990384914 -0.008012341335 0.02143327519
v 0.005006580148 -0.002346330089 0.0309811905
v 0.005006581079 0.002346332185 0.03098119423
v 0.005015927833 0.004410727415 0.02440685034
v 0.005016985349 -0.004409274552 0.02440598607
v 0.005038259085 0.00769329071 1.128948588e-05
v 0.005042393226 -0.007690017112 1.12950911e-05
v 0.005065671168 0.00836781878 0.006404484157
v 0.005067386664 -0.005847503431 0.02146353573
v 0.005068594124 0.005849207286 0.02146534063
v 0.005069473758 0.007411926053 -0.0003406376345
v 0.005070167594 -0.008364532143 0.006404473912
v 0.005073660985 -0.007408475503 -0.0003406457545
v 0.005185051821 0.008021594957 0.01923900843
v 0.005189362448 -0.008018244989 0.01923900656
v 0.005202191882 -0.0001034889938 0.007183246315
v 0.005202192347 -0.003271346446 0.007183241658
v 0.005202192347 0.003064374439 0.007183236536
v 0.005231179297 0.008210136555 0.0125581054
v 0.005235591438 -0.008206759579 0.01255811006
v 0.00533459289 -0.001193485572 0.03098119423
v 0.005334593356 0.001193488948 0.03098119795
v 0.005356747657 0.004354633857 0.009511294775
v 0.005356803536 0.004354638048 0.01837987639
v 0.005359079223 -0.004351204727 0.009511289187
v 0.005359136499 -0.004351202399 0.01837988757
v 0.005400377326 0.00785739813 0.02164229937
v 0.005404599477 -0.007853930816 0.02164230682
v 0.005437911954 -0.002749998355 0.02979916707
v 0.005437912419 0.002749998355 0.02979916707
v 0.005442719907 -0.002764674835 -0.0004887183895
v 0.005442772061 -0.002764676232 0.007431980688
v 0.005445186514 -7.08267615e-11 0.03098119982
v 0.00544519024 -0.003749999451 0.02402106673
v 0.005445190705 -0.003750000848 0.01949999295
v 0.005445190705 0.003750000615 0.01950000413
v 0.005445551593 0.003749373369 0.02402069792
v 0.005445956718 0.003748672782 0.01899999194
v 0.005445956718 0.003748673713 0.009511288255
v 0.005447963253 -0.003745189868 0.01899999194
v 0.005447964184 -0.003745192429 0.009511288255
v 0.005447968841 -0.003745181253 0.01949999854
v 0.005455067381 0.002528478857 -0.0004887090181
v 0.00545511907 0.002528476762 0.007445969153
v 0.005459233187 0.005707136821 0.01898481511
v 0.005462282803 -0.00570364343 0.01898479834
v 0.005521776155 -0.002545918338 0.02979635447
v 0.005521776155 0.002545920899 0.02979635261
v 0.00554999942 -0.00179828878 0.03030627221
v 0.005549999885 -0.00356230163 0.02391353063
v 0.005549999885 -0.002750000916 0.02391352318
v 0.005549999885 -0.002749999752 0.02949558757
v 0.005549999885 -0.000625094166 0.03073821776
v 0.005549999885 0.0006250941078 0.03073822334
v 0.005549999885 0.002749999752 0.02391352318
v 0.005549999885 0.002750000684 0.02949558944
v 0.005550000351 -0.003562304657 0.02285033092
v 0.005550000351 0.00125819305 0.03056390025
v 0.005550000351 0.001798288664 0.03030627966
v 0.005550000351 0.003562302561 0.02391353063
v 0.005550000351 0.003562303027 0.02285033092
v 0.005583678372 0.007779099047 0.02177898027
v 0.005587859079 -0.007775532082 0.02177898586
v 0.005716171581 -0.005611166358 0.02189706638
v 0.005719804671 0.005612383131 0.02190375142
v 0.005728756078 0.006984449923 -0.0001887202088
v 0.005732509773 -0.006980806123 -0.0001887082617
v 0.005736602005 -0.00192496588 0.007805935573
v 0.005744743161 0.001688450458 0.007817720994
v 0.005797429476 0.007058484014 1.129270368e-05
v 0.005801222753 -0.007054804359 1.129270004e-05
v 0.005836555734 0.007991708815 0.003651039675
v 0.005840849597 -0.007988009602 0.00365103269
v 0.005847935565 0.003566994332 0.01837988012
v 0.005849845242 -0.003563298611 0.01837987639
v 0.005897175521 0.007630891167 0.02210964821
v 0.005901277065 -0.00762715796 0.02210965939
v 0.005922612734 -0.001022659941 -0.0004887178075
v 0.005922668613 -0.001022662269 0.008100814186
v 0.00592643721 0.007943093777 0.001909891726
v 0.005926826969 0.0007842435152 -0.0004887207178
v 0.005926882848 0.000784243166 0.008108206093
v 0.005931027699 -0.007939978503 0.001910203719
v 0.005942741875 0.006119059864 -0.0004887106479
v 0.005946197547 -0.006115114782 -0.0004887186224
v 0.005953778513 0.007939456031 0.006715391297
v 0.005958044901 -0.007935690694 0.0067153899
v 0.005985045806 -0.0001223666914 0.008214154281
v 0.006038862746 0.007787469774 0.001384059782
v 0.006040536799 0.007555548567 0.02232891694
v 0.006043510977 -0.00778410444 0.001384357573
v 0.006044597831 -0.007551737595 0.02232892811
v 0.00606259238 0.00751032168 0.000898265338
v 0.006067104638 -0.007506632246 0.0008985739551
v 0.006073545665 0.006238654722 -0.0004562569084
v 0.006077069324 -0.006234636065 -0.0004562563554
v 0.006109053735 0.007628787775 0.01952898689
v 0.006113153882 -0.007624938153 0.01952899806
v 0.006149680354 -0.005453253631 0.02254592255
v 0.006152111106 0.005455172155 0.022558989
v 0.006160151679 0.00779891992 0.01284571085
v 0.006161611062 -0.007444421295 0.0009299739613
v 0.006164342165 -0.00779504329 0.01284570247
v 0.00619438244 0.001941371127 0.009511282668
v 0.00619438244 0.001941372058 0.01900000125
v 0.006194442976 0.001941144816 0.02285031974
v 0.006194442976 0.001941144932 0.01949999109
v 0.006194443908 -0.001941142604 0.01950000599
v 0.006194443908 -0.001941142604 0.02285033278
v 0.006195420865 -0.001937491121 0.009511287324
v 0.006195421331 -0.001937493798 0.01900000498
v 0.00620486401 0.006358718034 -0.0003406516626
v 0.00620845519 -0.006354627199 -0.0003406567266
v 0.006213567685 0.007454207633 0.02273479663
v 0.006217573769 -0.007450305857 0.02273480222
v 0.006237953436 0.002724722261 0.009511290118
v 0.006238010712 0.002724722726 0.0183798708
v 0.006239412352 -0.002720816061 0.009511285461
v 0.006239469163 -0.002720815595 0.01837986708
v 0.006274163723 0.007412139326 0.0230004508
v 0.006278146524 -0.007408203091 0.02300044894
v 0.006298351102 0.007043869235 0.02737281471
v 0.006298474967 0.007386185229 0.02331127785
v 0.006298556924 0.007220835891 0.02667701058
v 0.00629855739 0.007167865057 0.02702674083
v 0.006298648659 0.006845111493 0.02764461935
v 0.006298723165 0.006572434679 0.02783891372
v 0.006298824213 0.006201106124 0.02797002532
v 0.006298851222 0.006101395935 0.02798846364
v 0.006299008615 0.005401750561 0.02331128903
v 0.006299010944 0.00579774892 0.02801127918
v 0.006299028639 0.005391380284 0.02612599172
v 0.006299032364 0.005401750095 0.02597037144
v 0.00629905425 0.005306933075 0.02642382123
v 0.006299100351 0.005138492212 0.02667811885
v 0.006299150642 0.004954639822 0.02682419494
v 0.006299594417 0.003322620178 0.02764706686
v 0.006299640983 0.003153830301 0.02772531286
v 0.006299669389 0.003046876984 0.02778259665
v 0.006299756002 0.00273337448 0.02801128477
v 0.006301224232 -0.002729424275 0.02801128477
v 0.006301284768 -0.002955907956 0.0278349556
v 0.006301379763 -0.003318668343 0.02764707245
v 0.006301497109 -0.003761882894 0.02744813822
v 0.006301910151 -0.005397799425 0.02331127785
v 0.006301931571 -0.00539779989 0.02655964904
v 0.006302058697 -0.007039949298 0.0273728352
v 0.006302124821 -0.005793796852 0.02801127918
v 0.006302160677 -0.006216633134 0.0279657077
v 0.006302211899 -0.006409449037 0.02790892124
v 0.006302304566 -0.006759574171 0.0277157966
v 0.006302364171 -0.006984366104 0.02747222781
v 0.006302408874 -0.007160448935 0.02704035491
v 0.006302422378 -0.007216898259 0.02667701989
v 0.006302444264 -0.007382235955 0.02331129089
v 0.00635217689 -0.002593964804 0.02801127732
v 0.006402800791 0.002451099455 0.02801128477
v 0.006408511195 -0.000787787023 0.009511278942
v 0.006408511195 0.0007877872558 0.00951128453
v 0.006410916336 0.005670397542 0.02801128291
v 0.006411512848 0.006282502785 -0.0001887141698
v 0.006413964555 -0.005666386336 0.02801128477
v 0.006414888427 -0.006278495304 -0.0001887110993
v 0.006449986715 1.398914083e-05 0.01007568743
v 0.006449987181 -1.398864333e-05 0.01007568929
v 0.006449999753 2.008762976e-06 0.01899999939
v 0.006450000219 5.1254434e-10 0.02285033278
v 0.006450000219 5.663274847e-10 0.01950000599
v 0.006450000219 7.431828485e-10 0.01008590125
v 0.006487422623 0.006349097006 1.12755497e-05
v 0.006490833592 -0.00634504715 1.128308395e-05
v 0.006491330918 0.006283751689 0.02789054997
v 0.006494700443 -0.006279702764 0.02789054997
v 0.006516786758 0.005537973717 0.02801127732
v 0.006519763265 -0.005533903837 0.02801128104
v 0.006521057803 0.001840712386 0.01837986521
v 0.006522042677 -0.001836656476 0.01837987266
v 0.006566199008 -0.001908702892 0.02801128849
v 0.006570344325 -0.002673656913 0.02764707059
v 0.006609508302 0.007484080736 0.002098985016
v 0.006613862701 -0.007480395492 0.002098689321
v 0.006622522604 0.002526397817 0.02764707245
v 0.006633692887 0.006429281551 0.02774444409
v 0.006637140177 -0.006425160449 0.02774444409
v 0.006637762766 0.001609817264 0.02801128477
v 0.006650917232 0.007458714768 0.00397126982
v 0.00665492611 -0.007454573642 0.003971276805
v 0.006665942725 -0.007012473885 0.02655114792
v 0.006671236362 0.005655682646 0.02799223922
v 0.006674276199 -0.005651534535 0.02799224854
v 0.006692681927 0.0009285105625 0.00951127708
v 0.006692739204 0.000928512949 0.01837987453
v 0.006693177857 -0.0009243612294 0.009511274286
v 0.006693235133 -0.00092436251 0.0183798708
v 0.006739464123 -0.001038337941 0.02801127359
v 0.006746349391 0.006544563919 0.02755245194
v 0.006749856751 -0.006540377159 0.02755244263
v 0.006750426721 2.08842016e-06 0.01837986521
v 0.006775494665 0.0007331259549 0.02801128663
v 0.006790940184 -0.001967341173 0.02764707245
v 0.006793129724 0.007411299739 0.006997315213
v 0.006793605629 -0.006737106945 0.0272122696
v 0.006797112525 -0.007407084107 0.006997320335
v 0.006809550803 -0.000153664485 0.02801127546
v 0.006825213786 0.005773032084 0.02793303132
v 0.006828314625 -0.005768799223 0.02793302387
v 0.006854582112 0.004940280691 -0.0004887206596
v 0.006857371889 -0.004935821984 -0.0004887190298
v 0.006864702329 0.001659269561 0.027647065
v 0.006951471791 0.007354548201 0.009989134967
v 0.006955422927 -0.007350245025 0.009989126585
v 0.006963314023 0.005878285505 0.02783880569
v 0.006966473069 -0.005873978604 0.02783880942
v 0.006969528273 -0.001070237719 0.02764706127
v 0.006986940745 0.007138625719 0.0197779797
v 0.006990776397 -0.007134306245 0.01977798343
v 0.007003208157 0.00503683649 -0.0004562579852
v 0.00700463308 0.004831290338 0.02801128477
v 0.007006052881 -0.005032294896 -0.0004562500981
v 0.007006665692 0.0007556456258 0.02764706127
v 0.007007228676 -0.004826962482 0.02801128291
v 0.007018603384 0.005514179822 -0.000188719001
v 0.007021565922 -0.00550984405 -0.0001887170074
v 0.007026929874 0.006770035718 0.001194679062
v 0.007030804176 -0.00676594954 0.001194670098
v 0.007041768171 -0.0001583862322 0.02764705941
v 0.0070425882 0.007289007306 0.01309252717
v 0.007046504878 -0.007284655236 0.01309253089
v 0.007049216889 0.007216306869 0.01635562629
v 0.007085367572 0.005971306469 0.02771052159
v 0.007088575978 -0.005966935307 0.02771051973
v 0.007100948133 0.005572629161 1.127172163e-05
v 0.007103941869 -0.005568247754 1.127060204e-05
v 0.007152416743 0.005133774132 -0.0003406583564
v 0.007155317347 -0.005129145924 -0.0003406536707
v 0.007164224517 0.005892492831 0.0276947841
v 0.007167390548 -0.00588807743 0.02769478224
v 0.00717413798 0.006632157601 0.00123354909
v 0.007179453503 -0.006627034396 0.001233718009
v 0.007199560758 0.006992879789 0.002242126735
v 0.007206725422 -0.006986869965 0.002242011717
v 0.007209976669 0.006659175735 0.0263864994
v 0.007213554345 -0.00665473612 0.0263864994
v 0.007237404119 0.006861149333 0.001719174674
v 0.007243641652 -0.00685550319 0.001719207736
v 0.007279358339 0.006373731419 0.02710124105
v 0.007282782346 -0.006369252689 0.02710122988
v 0.007320809644 0.005649043247 0.02771051414
v 0.007323843893 -0.00564454589 0.02771050856
v 0.007333558518 0.005657970905 0.02769478038
v 0.007333765738 0.005036355462 0.02793302946
v 0.007336470764 -0.005031850189 0.02793302946
v 0.007336598355 -0.005653463304 0.02769477293
v 0.007404593285 0.00681811152 0.004269643221
v 0.007408257108 -0.006813564338 0.004269640427
v 0.007430256344 -0.004986777902 0.02585989423
v 0.007453079335 -0.004978463519 0.02584437653
v 0.007499609608 0.004965136759 0.02515278012
v 0.007533613127 0.004952760413 0.01977407373
v 0.007536274381 -0.004948143382 0.01977407746
v 0.007542346139 0.004948424175 0.02515624464
v 0.007543055806 0.006407243665 0.02629623376
v 0.0075436146 0.00468759099 -0.0001887261606
v 0.00754613243 -0.004682974424 -0.0001887180551
v 0.007561037783 0.003628073027 -0.0004887233954
v 0.007563085761 -0.003623214783 -0.0004887307878
v 0.00757169351 0.006776036695 0.007245721295
v 0.007575335447 -0.006771401968 0.007245733868
v 0.007631524466 0.004737281241 1.127470477e-05
v 0.007634069305 -0.004732614383 1.127357791e-05
v 0.007660392672 -0.004902938381 0.02290857583
v 0.007672183681 0.003541604383 0.02801126987
v 0.007674086373 -0.003536917269 0.02801128104
v 0.007681925781 0.004898828454 0.02256274596
v 0.007702191826 -0.00488659041 0.02291191928
v 0.007713361178 0.004748969339 0.02555537783
v 0.007723471615 0.003698982531 -0.0004562536487
v 0.007725548465 0.00488174241 0.02256622538
v 0.007725560106 -0.003694032785 -0.0004562636896
v 0.007734740153 0.006025653332 0.001360321301
v 0.007738516666 -0.006021328736 0.001360413153
v 0.007758509368 0.006727362052 0.01020241156
v 0.007762124296 -0.006722626742 0.01020241994
v 0.007770926692 -0.00479888171 0.02557439171
v 0.007770948112 0.004565445706 0.02572658285
v 0.007785980124 0.005347699393 0.02748861164
v 0.007788003888 0.004346134607 0.02585989237
v 0.007788643241 -0.005342612043 0.02748941071
v 0.007805681787 0.00654180022 0.01997951046
v 0.00780919753 -0.006537038833 0.01997951791
v 0.00781017961 0.004724567756 0.02544528432
v 0.00783186499 0.004762384109 0.02518159896
v 0.007852807641 0.004800182767 0.02771050669
v 0.007855387405 -0.004795396235 0.02771051414
v 0.007861363702 0.004833568819 0.01997247525
v 0.007863960229 -0.004828776233 0.01997247152
v 0.007865508087 0.006671993528 0.01329153031
v 0.007866398431 0.004807763733 0.02769477293
v 0.007868980989 -0.004802972544 0.02769477852
v 0.007869093679 -0.00666720001 0.01329152938
v 0.007874047384 0.006610055454 0.01655486226
v 0.007879138924 0.00416226266 0.02585988492
v 0.007886542939 0.003770168871 -0.0003406625474
v 0.007888671942 -0.003765129251 -0.000340661878
v 0.007902335376 -0.004113664851 0.02585988492
v 0.007940727286 0.00419756677 0.01977407373
v 0.007942981087 -0.004192735069 0.01977407746
v 0.007953696884 -0.004790207837 0.02005207352
v 0.007963676937 0.006044302601 0.02618592232
v 0.007965817116 -0.006038781255 0.02618664317
v 0.007972129621 0.00443986617 0.02555912919
v 0.007973078638 0.005779986735 0.02689551562
v 0.007975550368 -0.005774660502 0.02689630911
v 0.007980997674 0.003811478848 -0.0001887337567
v 0.007983044721 -0.003806622699 -0.0001887314284
v 0.007996995002 -0.00469581876 0.02293740772
v 0.007997995242 -0.004556550179 0.02529124357
v 0.008020165376 0.004690458067 0.02259165235
v 0.008029650897 0.003691927297 0.02793301456
v 0.008031634614 -0.003687049728 0.02793302387
v 0.008043028414 0.002217876492 -0.0004887323594
v 0.008044280112 -0.002212746069 -0.0004887270043
v 0.008047837764 0.004478407092 0.02520427294
v 0.00805024337 -0.004473518115 0.02520426922
v 0.008073545061 0.003851876827 1.126948428e-05
v 0.008075613528 -0.003846973646 1.126897405e-05
v 0.008086532354 0.006065116264 0.004543144256
v 0.008088926785 -0.004202384502 0.02555912361
v 0.008089791052 -0.006060204934 0.004543148912
v 0.008117289282 0.005525450222 0.001432421501
v 0.008121181279 -0.005520207342 0.001432672841
v 0.00812694896 0.002162438352 0.02801126614
v 0.008128111251 -0.002157504903 0.02801126987
v 0.008139464073 0.004668912385 0.02025710791
v 0.008160046302 0.004303501453 0.01999687403
v 0.008162358776 -0.004298551008 0.0199968759
v 0.008165649138 -0.004238864407 0.0252042599
v 0.008211863227 -0.004595908336 0.02035162225
v 0.008212707005 0.003384751268 0.02585988492
v 0.008214469999 -0.004403691739 0.02296006493
v 0.008214883506 0.00226122234 -0.0004562591494
v 0.008216159418 -0.002255996456 -0.0004562604008
v 0.008237177506 0.004398028832 0.02261422947
v 0.008249612525 0.005691973493 0.0019225945
v 0.008253948763 -0.005686705001 0.001922776806
v 0.008268306963 0.005781772081 0.002448915737
v 0.008273018524 -0.00577648636 0.002449057996
v 0.008277688175 0.006028654519 0.007456689142
v 0.008280927315 -0.006023642141 0.007456695195
v 0.00828753598 0.0007477809559 -0.0004887357936
v 0.008287957869 -0.0007425132208 -0.000488732825
v 0.008295842446 0.003901676973 0.02771050669
v 0.008297937922 -0.003896651557 0.02771051042
v 0.008310131729 0.003907840233 0.02769477479
v 0.008312231861 -0.003902810626 0.02769477665
v 0.008316315711 0.004378978629 0.02033674531
v 0.008318668231 -0.004373946227 0.02033675089
v 0.008326132782 0.002895091893 -0.0001887353137
v 0.008327481337 0.004440121353 0.02055115812
v 0.008327688091 -0.002890052507 -0.0001887342369
v 0.008342963643 0.004725873936 0.02731330693
v 0.008345709182 -0.004720721394 0.02731312998
v 0.00835743919 0.0007286336622 0.02801126614
v 0.008357829414 -0.0007235775702 0.02801126614
v 0.008377422579 0.00433857739 0.02066468447
v 0.008379753679 -0.004333511461 0.0206646882
v 0.008387411013 0.002304741414 -0.0003406637115
v 0.008388712071 -0.002299416577 -0.000340664672
v 0.008405992761 0.003457746003 0.02555911988
v 0.008422337472 0.002925779903 1.126409825e-05
v 0.008423909545 -0.002920688363 1.127220457e-05
v 0.008449866436 -0.002673641313 0.02585988864
v 0.008464169689 0.0007623933489 -0.0004562667164
v 0.008464599028 -0.0007570262533 -0.0004562697141
v 0.008470117114 0.002852714621 0.01977406442
v 0.00847164914 -0.00284759677 0.01977407187
v 0.008485467173 0.003487762297 0.02520426549
v 0.008492915891 0.005987762474 0.01036857162
v 0.008496131748 -0.005982632749 0.01036855765
v 0.008503720164 0.002254218794 0.02793301083
v 0.008504929952 -0.002249083947 0.02793301269
v 0.008520204574 -0.002418536227 0.02585988306
v 0.008552415296 0.005831512623 0.02012862451
v 0.008555547334 -0.00582635263 0.02012861706
v 0.008575373329 0.001948116696 -0.0001887303952
v 0.008576420136 -0.001942943898 -0.0001887294784
v 0.008589371108 0.00510669034 0.02672039531
v 0.008592433296 -0.005101393443 0.0267202463
v 0.008610882796 0.002039777115 0.02585987933
v 0.00861608237 0.005941903684 0.01343723573
v 0.008619274013 -0.005936709698 0.01343723387
v 0.008626831695 0.005890183151 0.01669880934
v 0.008628983051 0.005345189944 0.02601433918
v 0.008629997261 -0.005884979386 0.01669880934
v 0.008632246405 -0.005339810159 0.02601416595
v 0.0086376369 0.003054614412 0.02520426549
v 0.008639359847 0.001904403092 0.02585988119
v 0.008641497232 0.0007770623197 -0.0003406596952
v 0.008641934022 -0.0007715981337 -0.0003406665637
v 0.008645330556 0.002962818602 0.02771050669
v 0.008646920323 -0.002957607154 0.02771049924
v 0.008648267016 -0.002731305314 0.02555913106
v 0.008660171181 0.002967502223 0.02769476548
v 0.008661765605 -0.00296228216 0.02769477107
v 0.008674221113 0.00196876307 1.127110681e-05
v 0.008675277233 -0.001963538583 1.127199539e-05
v 0.008687371388 0.005210334901 0.004787535872
v 0.008690170012 -0.005205101799 0.004787535872
v 0.008702797815 0.002924707253 0.01999686845
v 0.008704368025 -0.002919465071 0.0199968759
v 0.008726085536 0.0009805583395 -0.0001887257094
v 0.008726610802 -0.0009753045742 -0.0001887389953
v 0.008729843423 -0.002755014924 0.02520425618
v 0.008743993938 0.0007595571806 0.02793301642
v 0.008744400926 -0.0007542946259 0.02793301642
v 0.008759492077 -0.001164474757 0.02585988492
v 0.00877667591 2.64025266e-06 -0.0001887333638
v 0.008792734705 0.001443887246 0.01977406628
v 0.008793510497 -0.001438594074 0.01977406815
v 0.008823205717 0.0003748100426 0.02585988492
v 0.008826530538 0.000990950386 1.126908592e-05
v 0.008827061392 -0.0009856439428 1.12659809e-05
v 0.008828557096 -0.0001947308483 0.02585988678
v 0.008830127306 0.004039112944 0.02716448531
v 0.008832924999 -0.004034486134 0.02716273442
v 0.008841846138 0.001945473952 0.02555911802
v 0.008862224407 0.004261409864 0.00154778955
v 0.00886515528 -0.004255928099 0.001548024709
v 0.008868586272 0.002976003569 0.02033675089
v 0.008870184422 -0.002970671281 0.02033674344
v 0.008877656423 2.667344006e-06 1.125844483e-05
v 0.008897656575 0.001993324375 0.02771050669
v 0.008898726664 -0.001987975091 0.02771050297
v 0.008900993504 0.005179677624 0.007630325854
v 0.008901344612 2.668243042e-06 0.01977406256
v 0.008903777227 -0.005174330901 0.00763033051
v 0.00890455395 0.002987130079 0.02066469193
v 0.008906157687 -0.002981779398 0.02066469193
v 0.008912896737 0.001996474341 0.02769476362
v 0.00891396869 -0.001991117839 0.02769476548
v 0.008925103582 0.001962361624 0.0252042599
v 0.008964570239 -0.001189589384 0.02555912547
v 0.009028900415 0.004388008732 0.0020481213
v 0.00902965758 0.0003828918561 0.02555912361
v 0.009032262489 -0.004382382147 0.00204830803
v 0.009033557959 0.001480322797 0.01999687217
v 0.009034352377 -0.001474902383 0.0199968759
v 0.009048893116 -0.001199917984 0.02520426363
v 0.009050212801 0.001003212761 0.02771050297
v 0.009050751105 -0.0009977854788 0.02771050856
v 0.009065694176 0.001004796941 0.02769476362
v 0.009066233411 -0.0009993620915 0.02769476175
v 0.00906767603 0.004454058129 0.002584972652
v 0.00906769 0.001035109977 0.02520426176
v 0.00907144323 -0.004448384047 0.002585108858
v 0.009101420641 2.727581432e-06 0.02771049924
v 0.00911454577 0.0003862160665 0.02520426549
v 0.009116983041 2.731923587e-06 0.02769477293
v 0.009123158641 0.004368544091 0.02657162771
v 0.009127080441 -0.004364037421 0.02656993456
v 0.009143526666 0.005146195181 0.010490885
v 0.009144908749 2.737886234e-06 0.01999687031
v 0.009146292694 -0.005140715744 0.01049089339
v 0.009198444895 0.004270712379 0.00499809254
v 0.009200604632 0.004579352215 0.02586785145
v 0.009200739674 -0.004265204538 0.004998097196
v 0.009205147624 0.001506284461 0.02033673972
v 0.009205616079 -0.004575168714 0.02586626075
v 0.009205956012 -0.001500774873 0.02033675276
v 0.009215365164 0.00501796836 0.02023017034
v 0.009218062274 -0.00501245074 0.02023017779
v 0.009242373519 0.001511918148 0.02066468634
v 0.009243184701 -0.001506384928 0.02066468075
v 0.009243968874 0.003298767377 0.02703680843
v 0.009245541878 -0.003294252092 0.0270363912
v 0.009282492101 0.005109112244 0.01353469491
v 0.009285236709 -0.005103555508 0.01353468932
v 0.009295608848 0.005066968966 0.01679295488
v 0.009298331104 -0.005061408039 0.01679295488
v 0.009300400503 0.0010596473 0.02066468447
v 0.00930096861 -0.001054086373 0.02066469193
v 0.009318450466 2.788238135e-06 0.02033673786
v 0.009356101044 2.796560693e-06 0.02066469006
v 0.009408254176 0.002897141501 0.00163174374
v 0.009410173632 -0.002891516313 0.00163188437
v 0.009432176128 0.004246013239 0.007768405136
v 0.009434456006 -0.0042403806 0.007768398616
v 0.009575247765 0.003575172974 0.02644398808
v 0.009577153251 -0.003570778063 0.02644358203
v 0.009578813799 -0.002510371385 0.0269322563
v 0.009579140693 0.002515398432 0.0269294288
v 0.009596063755 0.002992165741 0.00214504241
v 0.009598280303 -0.0029864104 0.002145126695
v 0.009611093439 0.003263207385 0.005170091521
v 0.00961156562 0.002164816717 0.001670639496
v 0.009612844326 -0.003257475561 0.005170080811
v 0.009612919763 -0.002159126569 0.001670710044
v 0.009642052464 0.003043571487 0.002695561387
v 0.009644543752 -0.003037755843 0.00269562914
v 0.009683900513 0.003755833721 0.02574191056
v 0.009686103091 -0.003751744982 0.02574156038
v 0.009699720889 0.004219620489 0.01057604048
v 0.009701987728 -0.004213844892 0.01057604048
v 0.009750088677 0.001468139468 0.001700092223
v 0.009750958532 -0.001462387969 0.001700128894
v 0.009783214889 0.004118341021 0.0202931352
v 0.009785427712 -0.004112519789 0.02029314078
v 0.009827374481 -0.00169308472 0.02684987336
v 0.009828105569 0.001698613516 0.02684680745
v 0.009853343479 0.004190703388 0.01359331328
v 0.009855595417 -0.004184841644 0.01359331887
v 0.009861801751 0.003244593507 0.007872688584
v 0.009863545187 -0.003238731297 0.007872696966
v 0.00986880064 0.004157620016 0.01684737578
v 0.009868942201 2.933012865e-06 0.001728193369
v 0.009871033952 -0.00415175315 0.01684737206
v 0.009916651063 0.002204782329 0.005298793782
v 0.009917834774 -0.002198888455 0.005298793316
v 0.009940314107 -0.00272980961 0.02633942477
v 0.009942150675 0.002734984504 0.02633664384
v 0.00994927343 -0.001089751371 0.02680714987
v 0.009949591942 0.00109573768 0.02680537291
v 0.009954634123 0.001524468884 0.002224604134
v 0.009955584072 -0.001518623205 0.002224629978
v 0.009983022697 -0.0008521057316 0.02679494768
v 0.009983199649 0.0008579539717 0.02679374442
v 0.01000662334 0.001557263429 0.002786918776
v 0.01000763755 -0.001551409834 0.002786925761
v 0.01003675442 2.978607881e-06 0.0267749764
v 0.01006867271 0.001118241693 0.002804634394
v 0.01007388253 -0.002876427956 0.02563868836
v 0.01007732004 0.002881721128 0.02563604899
v 0.0100801317 2.991559086e-06 0.002257443033
v 0.01010645926 0.001112395315 0.005379490554
v 0.01010705531 -0.001106402371 0.005379484035
v 0.01011526678 3.000155857e-06 0.004174243193
v 0.01013457123 3.005560075e-06 0.002824656432
v 0.01015087124 0.003225043882 0.01063066069
v 0.0101526035 -0.003219023347 0.01063065883
v 0.01017185207 3.016383061e-06 0.005407430232
v 0.01018044073 0.002192345448 0.00794498343
v 0.01018161699 -0.002186310943 0.00794498343
v 0.01021285821 -0.001849125721 0.02625701763
v 0.01021526661 0.001854973263 0.02625405602
v 0.01024464425 0.003149843076 0.02032649703
v 0.01024633553 -0.003143774578 0.02032649145
v 0.01029209141 3.047053497e-06 0.006713988259
v 0.01031724177 0.003203794826 0.01362252887
v 0.01031896193 -0.00319768535 0.01362252701
v 0.01033214573 -0.002086686669 0.02556733787
v 0.01033483073 0.003179353662 0.01687213778
v 0.01033653878 -0.003173232777 0.01687214524
v 0.01036696602 -0.001955733867 0.02555748075
v 0.0103710955 0.001961803529 0.02555465512
v 0.0103786597 0.001106201555 0.007987051271
v 0.01037925296 -0.001100059249 0.007987054996
v 0.01038484462 -0.0009358657408 0.02620208263
v 0.01038569864 0.0009420404094 0.02620095387
v 0.01044454984 3.089627853e-06 0.02618210763
v 0.01048635971 0.002179447794 0.01066143718
v 0.01048752945 -0.002173247747 0.01066143624
v 0.01055348199 -0.0009944454068 0.02550351992
v 0.01055498235 0.001000723918 0.02550239116
v 0.01058833301 0.002129683504 0.02033920586
v 0.01058947574 -0.00212342781 0.02033921331
v 0.01061873697 3.135455017e-06 0.02548393607
v 0.01066279039 0.002165502869 0.013631735
v 0.01066395175 -0.002159209223 0.01363173407
v 0.01068212558 0.002149386564 0.01687735133
v 0.01068327855 -0.002143079182 0.01687734202
v 0.01069354545 3.156755611e-06 0.009983104654
v 0.0106955599 0.001099827699 0.01067501865
v 0.01069614943 -0.001093513565 0.01067501586
v 0.01080296189 0.001075069769 0.02034025081
v 0.01080353837 -0.001068697195 0.02034025826
v 0.01087859273 0.001092941384 0.01363034174
v 0.01087917853 -0.001086532022 0.01363034733
v 0.01089910697 0.001084939577 0.01687307656
v 0.01089968905 -0.001078517875 0.01687307283
v 0.01094814483 3.225948376e-06 0.01818575151
v 0.01095624734 3.226669833e-06 0.01372794807
f 548 664 574
f 574 664 683
f 574 683 618
f 814 946 920
f 814 920 802
f 675 618 725
f 725 618 683
f 725 683 812
f 812 683 802
f 812 802 877
f 877 802 920
f 943 963 947
f 947 963 964
f 947 964 967
f 920 946 953
f 540 541 573
f 573 541 548
f 531 532 564
f 564 532 540
f 553 528 531
f 947 944 943
f 943 944 889
f 943 889 888
f 888 889 871
f 888 871 817
f 661 722 721
f 721 722 817
f 721 817 820
f 820 817 871
f 624 603 661
f 661 603 662
f 661 662 722
f 521 528 542
f 542 528 553
f 542 553 551
f 551 553 603
f 551 603 601
f 601 603 624
f 531 564 553
f 553 564 609
f 553 609 603
f 603 609 663
f 603 663 662
f 662 663 724
f 662 724 722
f 722 724 816
f 722 816 817
f 817 816 886
f 817 886 888
f 888 886 941
f 888 941 943
f 943 941 960
f 943 960 963
f 540 573 564
f 564 573 613
f 564 613 609
f 609 613 668
f 609 668 663
f 663 668 723
f 663 723 724
f 724 723 813
f 724 813 816
f 816 813 880
f 816 880 886
f 886 880 925
f 886 925 941
f 941 925 957
f 941 957 960
f 548 574 573
f 573 574 618
f 573 618 613
f 613 618 675
f 613 675 668
f 668 675 725
f 668 725 723
f 723 725 812
f 723 812 813
f 813 812 877
f 813 877 880
f 880 877 920
f 880 920 925
f 925 920 953
f 925 953 957
f 521 542 522
f 522 542 543
f 522 543 517
f 517 543 516
f 517 516 523
f 523 516 518
f 523 518 544
f 544 518 545
f 544 545 584
f 584 545 622
f 790 732 736
f 736 732 658
f 736 658 622
f 622 658 623
f 622 623 584
f 873 949 950
f 950 917 873
f 873 917 874
f 873 874 736
f 736 874 825
f 736 825 790
f 947 967 948
f 948 967 966
f 948 966 974
f 974 966 975
f 974 975 949
f 949 975 965
f 949 965 950
f 947 948 944
f 944 948 872
f 944 872 889
f 729 820 872
f 872 820 871
f 872 871 889
f 625 661 729
f 729 661 721
f 729 721 820
f 542 551 543
f 543 551 601
f 543 601 625
f 625 601 624
f 625 624 661
f 948 974 983
f 983 974 981
f 981 974 949
f 981 949 933
f 933 949 873
f 933 873 827
f 827 873 736
f 827 736 706
f 706 736 622
f 706 622 607
f 607 622 534
f 534 622 545
f 534 545 507
f 983 979 948
f 948 979 931
f 948 931 872
f 872 931 828
f 872 828 729
f 729 828 707
f 729 707 625
f 625 707 605
f 625 605 543
f 543 605 533
f 543 533 516
f 516 533 507
f 516 507 518
f 518 507 545
f 510 522 508
f 508 522 517
f 508 517 509
f 509 517 523
f 509 523 535
f 535 523 544
f 535 544 572
f 572 544 584
f 572 584 606
f 606 584 623
f 606 623 659
f 659 623 658
f 659 658 705
f 705 658 732
f 705 732 761
f 761 732 790
f 761 790 826
f 826 790 825
f 826 825 887
f 887 825 874
f 887 874 930
f 930 874 917
f 930 917 959
f 959 917 950
f 959 950 982
f 982 950 965
f 982 965 989
f 989 965 975
f 989 975 980
f 980 975 966
f 980 966 977
f 536 533 565
f 565 533 605
f 565 605 598
f 597 598 608
f 608 598 605
f 608 605 652
f 652 605 707
f 862 829 828
f 828 829 762
f 828 762 707
f 707 762 708
f 707 708 652
f 931 977 978
f 978 958 931
f 931 958 932
f 931 932 828
f 828 932 892
f 828 892 862
f 977 931 980
f 980 931 979
f 980 979 989
f 989 979 983
f 989 983 982
f 982 983 981
f 982 981 959
f 959 981 933
f 959 933 930
f 930 933 887
f 887 933 827
f 887 827 826
f 826 827 761
f 761 827 706
f 761 706 705
f 705 706 659
f 659 706 607
f 659 607 606
f 606 607 572
f 572 607 534
f 572 534 535
f 536 511 533
f 533 511 510
f 533 510 507
f 507 510 508
f 507 508 534
f 534 508 509
f 534 509 535
f 1087 1110 1095
f 958 978 1011
f 932 958 1018
f 863 862 914
f 914 862 892
f 932 1018 892
f 892 1018 972
f 892 972 914
f 556 597 608
f 488 556 519
f 519 556 608
f 519 608 577
f 577 608 652
f 577 652 653
f 653 652 708
f 653 708 717
f 717 708 762
f 717 762 863
f 863 762 829
f 863 829 862
f 958 1011 1018
f 1018 1011 1041
f 1018 1041 1044
f 1087 1095 1041
f 1041 1095 1072
f 1041 1072 1044
f 458 401 387
f 489 468 448
f 448 468 398
f 468 458 398
f 398 458 387
f 398 387 349
f 349 387 296
f 349 296 314
f 190 247 155
f 155 247 281
f 155 281 296
f 296 281 298
f 296 298 314
f 92 130 155
f 155 130 156
f 155 156 190
f 58 63 59
f 59 63 88
f 59 88 92
f 92 88 93
f 92 93 130
f 58 59 56
f 56 59 61
f 56 61 60
f 94 89 61
f 61 89 64
f 61 64 60
f 157 131 94
f 94 131 95
f 94 95 89
f 248 191 157
f 157 191 158
f 157 158 131
f 350 317 297
f 297 317 299
f 297 299 157
f 157 299 282
f 157 282 248
f 350 297 389
f 389 297 388
f 389 388 392
f 392 436 389
f 389 436 449
f 389 449 471
f 490 451 471
f 471 451 399
f 471 399 389
f 394 401 437
f 437 401 458
f 437 458 444
f 1113 1097 1096
f 1095 1110 1111
f 1113 1096 1117
f 1117 1096 1116
f 1117 1116 1111
f 1111 1116 1071
f 1111 1071 1095
f 1019 1044 1071
f 1071 1044 1072
f 1071 1072 1095
f 911 972 1019
f 1019 972 1018
f 1019 1018 1044
f 718 863 911
f 911 863 914
f 911 914 972
f 519 577 578
f 578 577 653
f 578 653 718
f 718 653 717
f 718 717 863
f 435 437 469
f 469 437 444
f 488 519 489
f 489 519 578
f 489 578 468
f 468 578 469
f 468 469 458
f 458 469 444
f 1716 1726 1708
f 1286 1181 1171
f 1282 1437 1417
f 1537 1473 1437
f 1437 1473 1431
f 1437 1431 1417
f 1708 1697 1716
f 1716 1697 1688
f 1716 1688 1685
f 1685 1688 1677
f 1685 1677 1636
f 1636 1677 1620
f 1636 1620 1537
f 1537 1620 1523
f 1537 1523 1473
f 1052 1171 1078
f 1078 1171 1181
f 1078 1181 1092
f 1052 1166 1171
f 1171 1166 1282
f 1171 1282 1286
f 1286 1282 1417
f 1166 1273 1282
f 1282 1273 1373
f 1282 1373 1437
f 1437 1373 1433
f 1437 1433 1537
f 1537 1433 1539
f 1537 1539 1636
f 1636 1539 1646
f 1636 1646 1685
f 1685 1646 1691
f 1685 1691 1716
f 1730 1726 1723
f 1723 1726 1716
f 1723 1716 1720
f 1720 1716 1691
f 1084 1093 1182
f 1717 1698 1726
f 1726 1698 1708
f 1538 1438 1432
f 1432 1474 1538
f 1538 1474 1524
f 1538 1524 1638
f 1638 1524 1621
f 1638 1621 1686
f 1686 1621 1678
f 1686 1678 1717
f 1717 1678 1690
f 1717 1690 1698
f 1284 1295 1438
f 1438 1295 1418
f 1438 1418 1432
f 1079 1084 1174
f 1174 1084 1182
f 1174 1182 1284
f 1284 1182 1287
f 1284 1287 1295
f 1726 1730 1717
f 1717 1730 1721
f 1717 1721 1686
f 1686 1721 1692
f 1686 1692 1638
f 1638 1692 1648
f 1638 1648 1538
f 1538 1648 1540
f 1538 1540 1438
f 1438 1540 1434
f 1438 1434 1284
f 1053 1079 1167
f 1167 1079 1174
f 1167 1174 1276
f 1276 1174 1284
f 1276 1284 1374
f 1374 1284 1434
f 387 401 394
f 394 393 303
f 387 394 296
f 296 394 303
f 296 303 155
f 155 303 205
f 155 205 92
f 92 205 127
f 92 127 59
f 59 127 61
f 61 127 108
f 61 108 94
f 94 108 126
f 94 126 157
f 157 126 206
f 157 206 297
f 297 206 304
f 297 304 388
f 388 304 395
f 388 395 392
f 394 437 393
f 393 437 435
f 393 435 356
f 356 435 306
f 150 207 435
f 435 207 261
f 435 261 306
f 128 139 129
f 129 139 138
f 128 129 112
f 112 129 113
f 112 113 109
f 726 640 685
f 726 685 801
f 726 801 852
f 726 803 684
f 1133 1173 833
f 833 1173 737
f 737 1173 647
f 647 1173 151
f 647 151 588
f 588 151 150
f 588 150 570
f 570 150 435
f 570 435 591
f 591 435 469
f 591 469 648
f 648 469 578
f 648 578 734
f 734 578 718
f 734 718 839
f 718 911 839
f 839 911 1019
f 839 1019 904
f 904 1019 1071
f 904 1071 927
f 927 1071 1116
f 927 1116 937
f 937 1116 1096
f 937 1096 902
f 902 1096 1064
f 902 1064 833
f 833 1064 1089
f 833 1089 1133
f 1181 1138 1092
f 1363 1263 1286
f 1286 1263 1181
f 1181 1263 1199
f 1181 1199 1138
f 1093 1139 1182
f 1182 1139 1200
f 1182 1200 1287
f 1287 1200 1264
f 1426 1432 1364
f 1364 1432 1418
f 1364 1418 1264
f 1264 1418 1295
f 1264 1295 1287
f 1286 1417 1363
f 1363 1417 1431
f 1363 1431 1425
f 1425 1431 1473
f 1425 1473 1462
f 1462 1473 1523
f 1462 1523 1518
f 1518 1523 1620
f 1518 1620 1563
f 1563 1620 1677
f 1563 1677 1598
f 1598 1677 1688
f 1598 1688 1614
f 1614 1688 1697
f 1614 1697 1624
f 1624 1697 1708
f 1624 1708 1615
f 1615 1708 1698
f 1615 1698 1599
f 1599 1698 1690
f 1599 1690 1564
f 1564 1690 1678
f 1564 1678 1519
f 1519 1678 1621
f 1519 1621 1463
f 1463 1621 1524
f 1463 1524 1426
f 1426 1524 1474
f 1426 1474 1432
f 151 139 150
f 150 139 127
f 150 127 207
f 207 127 205
f 393 356 303
f 303 356 306
f 303 306 205
f 205 306 261
f 205 261 207
f 395 304 355
f 355 304 305
f 305 304 260
f 260 304 206
f 260 206 208
f 138 163 162
f 208 206 162
f 162 206 126
f 162 126 138
f 108 113 126
f 126 113 129
f 126 129 138
f 139 128 127
f 127 128 112
f 127 112 108
f 108 112 109
f 108 109 113
f 934 926 927
f 927 926 904
f 926 903 904
f 904 903 832
f 904 832 839
f 839 832 727
f 839 727 734
f 734 727 644
f 734 644 648
f 648 644 589
f 648 589 591
f 591 589 569
f 591 569 570
f 570 569 587
f 570 587 588
f 588 587 646
f 588 646 647
f 647 646 730
f 647 730 737
f 737 730 834
f 737 834 833
f 833 834 901
f 833 901 902
f 902 901 934
f 902 934 937
f 937 934 927
f 151 1173 139
f 139 1173 1172
f 139 1172 138
f 138 1172 163
f 726 684 640
f 640 641 685
f 685 641 686
f 685 686 801
f 801 686 804
f 801 804 852
f 852 804 853
f 726 852 803
f 802 683 803
f 803 683 684
f 1272 1261 1209
f 1209 1261 1225
f 1209 1225 1210
f 1211 1237 1209
f 1209 1237 1262
f 1262 1275 1209
f 1209 1275 1281
f 1209 1281 1272
f 1099 1098 1076
f 1076 1098 1065
f 1076 1065 1067
f 1067 1065 1074
f 1074 1065 1091
f 1074 1091 1090
f 1090 1091 1122
f 1122 1091 1135
f 1122 1135 1134
f 1186 1211 1173
f 1173 1211 1209
f 1173 1209 1172
f 1134 1135 1163
f 1163 1135 1172
f 1163 1172 1185
f 1185 1172 1209
f 1185 1209 1210
f 1186 1173 1165
f 1165 1173 1133
f 1165 1133 1136
f 1136 1133 1121
f 1121 1133 1089
f 1121 1089 1088
f 1088 1089 1075
f 1075 1089 1064
f 1075 1064 1066
f 1066 1064 1077
f 1077 1064 1096
f 1077 1096 1097
f 1058 1014 1045
f 1045 1092 1058
f 1058 1092 1138
f 1058 1138 1132
f 1132 1138 1191
f 1191 1138 1199
f 1191 1199 1259
f 1259 1199 1263
f 1259 1263 1354
f 1354 1263 1363
f 1354 1363 1415
f 1415 1363 1425
f 1415 1425 1456
f 1456 1425 1462
f 1456 1462 1507
f 1507 1462 1518
f 1507 1518 1551
f 1551 1518 1563
f 1551 1563 1578
f 1578 1563 1598
f 1578 1598 1604
f 1604 1598 1614
f 1604 1614 1610
f 1610 1614 1624
f 1610 1624 1605
f 1605 1624 1615
f 1605 1615 1579
f 1579 1615 1599
f 1579 1599 1553
f 1553 1599 1564
f 1553 1564 1508
f 1508 1564 1519
f 1508 1519 1457
f 1457 1519 1463
f 1457 1463 1416
f 1416 1463 1426
f 1416 1426 1356
f 1356 1426 1364
f 1356 1364 1260
f 1260 1364 1264
f 1260 1264 1192
f 1192 1264 1200
f 1192 1200 1137
f 1200 1139 1137
f 1137 1139 1093
f 1137 1093 1059
f 1059 1093 1046
f 1059 1046 1015
f 438 436 392
f 392 395 438
f 438 395 355
f 438 355 305
f 305 260 438
f 438 260 208
f 438 208 162
f 903 926 1114
f 1114 926 934
f 1114 934 1098
f 1098 934 901
f 834 1091 901
f 901 1091 1065
f 901 1065 1098
f 438 162 587
f 1114 1073 903
f 903 1073 1017
f 903 1017 832
f 832 1017 912
f 832 912 727
f 727 912 719
f 727 719 644
f 587 162 646
f 646 162 163
f 646 163 730
f 730 163 1172
f 730 1172 834
f 834 1172 1135
f 834 1135 1091
f 587 569 438
f 438 569 589
f 438 589 470
f 470 589 644
f 470 644 576
f 576 644 719
f 641 640 665
f 665 640 684
f 665 684 664
f 664 684 683
f 853 804 815
f 815 804 686
f 815 686 665
f 665 686 641
f 814 802 815
f 815 802 803
f 815 803 853
f 853 803 852
f 1109 1115 1162
f 1162 1115 1112
f 1162 1112 1099
f 1134 1163 1125
f 1134 1125 1122
f 1067 1125 1076
f 1076 1125 1099
f 1067 1074 1125
f 1125 1074 1090
f 1125 1090 1122
f 1075 1066 1126
f 1126 1066 1077
f 1136 1121 1126
f 1126 1121 1088
f 1126 1088 1075
f 1077 1097 1126
f 1126 1097 1113
f 1126 1113 1164
f 1164 1113 1117
f 1164 1117 1111
f 1136 1126 1165
f 1165 1126 1164
f 1165 1164 1186
f 1186 1164 1236
f 1186 1236 1211
f 1274 1262 1236
f 1236 1262 1237
f 1236 1237 1211
f 1271 1281 1274
f 1274 1281 1275
f 1274 1275 1262
f 1210 1225 1224
f 1224 1225 1261
f 1224 1261 1271
f 1271 1261 1272
f 1271 1272 1281
f 1099 1125 1162
f 1162 1125 1163
f 1162 1163 1224
f 1224 1163 1185
f 1224 1185 1210
f 673 676 847
f 847 676 679
f 847 679 754
f 843 666 673
f 848 677 672
f 673 847 843
f 843 847 1007
f 843 1007 997
f 997 1007 1106
f 997 1106 1102
f 1102 1106 1187
f 1102 1187 1183
f 1183 1187 1288
f 1183 1288 1277
f 1277 1288 1410
f 1277 1410 1400
f 1400 1410 1470
f 1400 1470 1458
f 1458 1470 1534
f 1458 1534 1514
f 1514 1534 1566
f 1514 1566 1543
f 1543 1566 1567
f 1543 1567 1544
f 1544 1567 1535
f 1544 1535 1515
f 1515 1535 1472
f 1515 1472 1459
f 1459 1472 1412
f 1459 1412 1401
f 1401 1412 1289
f 1401 1289 1278
f 1278 1289 1188
f 1278 1188 1184
f 1184 1188 1107
f 1184 1107 1103
f 1103 1107 1008
f 1103 1008 1000
f 1000 1008 848
f 1000 848 846
f 846 848 672
f 846 672 670
f 1010 1015 942
f 1010 942 854
f 854 942 840
f 854 840 755
f 1015 1010 1059
f 1059 1010 1120
f 1059 1120 1137
f 1137 1120 1206
f 1137 1206 1192
f 1192 1206 1260
f 1260 1206 1306
f 1260 1306 1356
f 1356 1306 1428
f 1356 1428 1416
f 1592 1579 1561
f 1561 1579 1553
f 1561 1553 1497
f 1497 1553 1508
f 1497 1508 1428
f 1428 1508 1457
f 1428 1457 1416
f 1551 1578 1560
f 1560 1578 1604
f 1560 1604 1591
f 1591 1604 1610
f 1591 1610 1592
f 1592 1610 1605
f 1592 1605 1579
f 1551 1560 1507
f 1507 1560 1496
f 1507 1496 1456
f 1456 1496 1427
f 1456 1427 1415
f 1415 1427 1305
f 1415 1305 1354
f 1354 1305 1259
f 1259 1305 1204
f 1259 1204 1191
f 1191 1204 1119
f 1191 1119 1132
f 1009 1014 1119
f 1119 1014 1058
f 1119 1058 1132
f 851 881 1009
f 1009 881 988
f 1009 988 1014
f 680 677 755
f 755 677 848
f 755 848 854
f 854 848 1008
f 854 1008 1010
f 1010 1008 1107
f 1010 1107 1120
f 1120 1107 1188
f 1120 1188 1206
f 1206 1188 1289
f 1206 1289 1306
f 1306 1289 1412
f 1306 1412 1428
f 1428 1412 1472
f 1428 1472 1497
f 1497 1472 1535
f 1497 1535 1561
f 1561 1535 1567
f 1561 1567 1592
f 1592 1567 1566
f 1592 1566 1591
f 1591 1566 1534
f 1591 1534 1560
f 1560 1534 1470
f 1560 1470 1496
f 1496 1470 1410
f 1496 1410 1427
f 1427 1410 1288
f 1427 1288 1305
f 1305 1288 1187
f 1305 1187 1204
f 1204 1187 1106
f 1204 1106 1119
f 1119 1106 1007
f 1119 1007 1009
f 1009 1007 847
f 1009 847 851
f 851 847 754
f 851 754 881
f 657 667 511
f 511 536 657
f 657 536 565
f 657 565 598
f 1073 1109 1108
f 1109 1073 1115
f 1115 1073 1114
f 1115 1114 1112
f 1112 1114 1098
f 1112 1098 1099
f 436 438 449
f 449 438 470
f 520 491 490
f 575 520 576
f 576 520 490
f 576 490 470
f 470 490 471
f 470 471 449
f 575 576 654
f 654 576 719
f 654 719 720
f 720 719 864
f 864 719 912
f 864 912 913
f 913 912 973
f 973 912 1017
f 973 1017 1016
f 1108 1094 1073
f 1073 1094 1070
f 1073 1070 1017
f 1017 1070 1043
f 1017 1043 1016
f 846 670 669
f 667 814 664
f 664 814 815
f 664 815 665
f 635 660 669
f 669 660 781
f 669 781 846
f 846 781 1000
f 511 541 540
f 522 510 521
f 521 510 511
f 521 511 528
f 957 997 960
f 960 997 1102
f 960 1102 963
f 667 664 511
f 511 664 548
f 511 548 541
f 781 894 1000
f 1000 894 992
f 1000 992 1103
f 1103 992 1042
f 1103 1042 1184
f 1184 1042 1108
f 1184 1108 1278
f 1108 1109 1278
f 1278 1109 1162
f 1278 1162 1401
f 1401 1162 1224
f 1271 1515 1224
f 1224 1515 1459
f 1224 1459 1401
f 1400 1458 1236
f 1236 1458 1514
f 1236 1514 1274
f 1274 1514 1543
f 1274 1543 1271
f 1271 1543 1544
f 1271 1544 1515
f 540 532 511
f 511 532 531
f 511 531 528
f 957 953 997
f 997 953 946
f 997 946 843
f 843 946 814
f 843 814 666
f 666 814 667
f 1236 1164 1400
f 1400 1164 1111
f 1400 1111 1277
f 1277 1111 1110
f 1277 1110 1183
f 1183 1110 1087
f 1183 1087 1102
f 1087 1041 1102
f 1102 1041 1011
f 1102 1011 978
f 977 966 978
f 978 966 967
f 978 967 1102
f 1102 967 964
f 1102 964 963
f 1043 1070 1042
f 1042 1070 1094
f 1042 1094 1108
f 1043 1042 1016
f 1016 1042 992
f 1016 992 973
f 973 992 894
f 973 894 913
f 660 654 781
f 781 654 720
f 781 720 894
f 894 720 864
f 894 864 913
f 557 491 520
f 520 575 557
f 557 575 654
f 557 654 634
f 634 654 660
f 634 660 635
f 635 669 634
f 1751 1719 1752
f 1752 1719 1722
f 1439 1429 1505
f 1505 1429 1479
f 1505 1479 1580
f 1580 1479 1554
f 1580 1554 1652
f 1652 1554 1617
f 1652 1617 1681
f 1681 1617 1667
f 1681 1667 1713
f 1713 1667 1684
f 1713 1684 1737
f 1737 1684 1702
f 1737 1702 1751
f 1751 1702 1715
f 1751 1715 1719
f 1752 1759 1751
f 1751 1759 1756
f 1751 1756 1737
f 1737 1756 1747
f 1737 1747 1713
f 1713 1747 1725
f 1713 1725 1681
f 1681 1725 1693
f 1681 1693 1652
f 1652 1693 1658
f 1652 1658 1580
f 1580 1658 1586
f 1580 1586 1505
f 1435 1439 1455
f 1455 1439 1505
f 1455 1505 1502
f 1502 1505 1586
f 1750 1752 1722
f 1430 1440 1481
f 1481 1440 1506
f 1481 1506 1555
f 1555 1506 1581
f 1555 1581 1618
f 1618 1581 1653
f 1618 1653 1668
f 1668 1653 1682
f 1668 1682 1683
f 1683 1682 1712
f 1683 1712 1701
f 1701 1712 1736
f 1701 1736 1714
f 1714 1736 1750
f 1714 1750 1718
f 1718 1750 1722
f 1440 1436 1506
f 1506 1436 1503
f 1506 1503 1581
f 1581 1503 1588
f 1581 1588 1653
f 1653 1588 1661
f 1653 1661 1682
f 1682 1661 1694
f 1682 1694 1712
f 1759 1752 1755
f 1755 1752 1750
f 1755 1750 1746
f 1746 1750 1736
f 1746 1736 1743
f 1743 1736 1712
f 1743 1712 1724
f 1724 1712 1694
f 1429 1443 1479
f 1479 1443 1491
f 1479 1491 1554
f 1554 1491 1617
f 1617 1491 1547
f 1617 1547 1667
f 1667 1547 1596
f 1667 1596 1684
f 1684 1596 1632
f 1684 1632 1702
f 1702 1632 1644
f 1702 1644 1715
f 1715 1644 1719
f 1719 1644 1651
f 1719 1651 1722
f 1722 1651 1718
f 1718 1651 1645
f 1718 1645 1714
f 1714 1645 1701
f 1701 1645 1633
f 1701 1633 1683
f 1683 1633 1668
f 1668 1633 1597
f 1668 1597 1618
f 1618 1597 1548
f 1618 1548 1555
f 1555 1548 1492
f 1555 1492 1481
f 1481 1492 1446
f 1481 1446 1430
f 1329 1480 1330
f 1330 1480 1495
f 1330 1495 1375
f 1375 1495 1532
f 1375 1532 1402
f 1532 1582 1402
f 1402 1582 1590
f 1402 1590 1413
f 1413 1590 1613
f 1413 1613 1419
f 1419 1613 1616
f 1419 1616 1407
f 1407 1616 1609
f 1407 1609 1393
f 1393 1609 1575
f 1393 1575 1372
f 1372 1575 1565
f 1372 1565 1336
f 1336 1565 1498
f 1336 1498 1337
f 1337 1498 1449
f 1337 1449 1339
f 1429 1423 1441
f 1424 1430 1442
f 1442 1430 1446
f 1442 1446 1487
f 1487 1446 1492
f 1487 1492 1546
f 1546 1492 1548
f 1546 1548 1594
f 1594 1548 1597
f 1594 1597 1626
f 1626 1597 1633
f 1626 1633 1643
f 1643 1633 1645
f 1643 1645 1649
f 1649 1645 1651
f 1649 1651 1642
f 1642 1651 1644
f 1642 1644 1625
f 1625 1644 1632
f 1625 1632 1593
f 1593 1632 1596
f 1593 1596 1545
f 1545 1596 1547
f 1545 1547 1486
f 1486 1547 1491
f 1486 1491 1441
f 1441 1491 1443
f 1441 1443 1429
f 1495 1480 1504
f 1450 1449 1498
f 1450 1498 1477
f 1517 1510 1521
f 1634 1647 1637
f 1637 1647 1650
f 1637 1650 1635
f 1635 1650 1641
f 1635 1641 1595
f 1595 1641 1606
f 1595 1606 1521
f 1521 1606 1530
f 1521 1530 1517
f 1634 1619 1589
f 1589 1619 1562
f 1589 1562 1570
f 1570 1562 1504
f 1570 1504 1516
f 1495 1504 1532
f 1532 1504 1562
f 1532 1562 1582
f 1582 1562 1619
f 1582 1619 1590
f 1634 1637 1619
f 1619 1637 1613
f 1619 1613 1590
f 1595 1575 1635
f 1635 1575 1609
f 1635 1609 1637
f 1637 1609 1616
f 1637 1616 1613
f 1510 1477 1521
f 1521 1477 1498
f 1521 1498 1595
f 1595 1498 1565
f 1595 1565 1575
f 1372 1336 1335
f 1333 1332 1375
f 1375 1332 1331
f 1375 1331 1330
f 1333 1375 1350
f 1350 1375 1402
f 1350 1402 1378
f 1378 1402 1413
f 1378 1413 1392
f 1392 1413 1419
f 1392 1419 1397
f 1397 1419 1407
f 1397 1407 1388
f 1388 1407 1393
f 1388 1393 1371
f 1371 1393 1372
f 1371 1372 1349
f 1349 1372 1335
f 1349 1335 1334
f 1353 1367 1382
f 1398 1322 1382
f 1382 1322 1324
f 1382 1324 1353
f 1321 1365 1320
f 1320 1365 1376
f 1320 1376 1319
f 1319 1376 1389
f 1319 1389 1315
f 1423 1389 1405
f 1405 1389 1376
f 1405 1376 1398
f 1398 1376 1365
f 1398 1365 1322
f 1322 1365 1321
f 1486 1444 1512
f 1423 1405 1441
f 1441 1405 1486
f 1607 1625 1573
f 1573 1625 1593
f 1573 1593 1512
f 1512 1593 1545
f 1512 1545 1486
f 1574 1643 1608
f 1608 1643 1649
f 1608 1649 1607
f 1607 1649 1642
f 1607 1642 1625
f 1546 1594 1574
f 1574 1594 1626
f 1574 1626 1643
f 1574 1513 1546
f 1546 1513 1445
f 1546 1445 1487
f 1424 1442 1406
f 1406 1442 1487
f 1406 1487 1399
f 1399 1487 1445
f 1399 1445 1383
f 1414 1368 1383
f 1486 1405 1444
f 1444 1405 1398
f 1444 1398 1382
f 1383 1445 1414
f 1414 1445 1513
f 1414 1513 1466
f 1466 1513 1574
f 1466 1574 1526
f 1526 1574 1608
f 1526 1608 1557
f 1557 1608 1607
f 1557 1607 1556
f 1556 1607 1573
f 1556 1573 1525
f 1525 1573 1512
f 1525 1512 1465
f 1465 1512 1444
f 1465 1444 1411
f 1411 1444 1382
f 1411 1382 1367
f 166 168 167
f 166 167 164
f 177 176 165
f 177 178 176
f 247 190 199
f 488 489 448
f 480 498 488
f 488 498 556
f 598 597 657
f 657 597 666
f 657 666 667
f 621 676 673
f 673 666 621
f 621 666 597
f 621 597 563
f 563 597 556
f 563 556 555
f 555 556 498
f 247 199 281
f 480 488 446
f 446 488 448
f 446 448 397
f 397 448 398
f 397 398 358
f 358 398 349
f 358 349 307
f 307 349 314
f 307 314 262
f 262 314 199
f 199 314 298
f 199 298 281
f 156 123 190
f 190 123 154
f 190 154 199
f 88 26 93
f 93 26 30
f 93 30 130
f 130 30 55
f 130 55 156
f 156 55 82
f 156 82 123
f 88 63 26
f 26 63 58
f 26 58 56
f 60 64 29
f 64 89 29
f 29 89 95
f 29 95 57
f 57 95 131
f 57 131 98
f 98 131 158
f 98 158 142
f 142 158 191
f 142 191 200
f 22 26 29
f 29 26 56
f 29 56 60
f 22 21 26
f 26 21 20
f 26 20 19
f 191 248 200
f 200 248 282
f 200 282 234
f 234 282 299
f 234 299 283
f 283 299 317
f 283 317 328
f 328 317 350
f 328 350 335
f 335 350 385
f 350 389 385
f 385 389 399
f 385 399 428
f 428 399 451
f 428 451 450
f 450 451 490
f 450 490 491
f 557 477 491
f 491 477 464
f 491 464 450
f 634 669 670
f 634 670 557
f 677 671 672
f 672 671 610
f 672 610 670
f 670 610 558
f 670 558 557
f 557 558 537
f 557 537 477
f 12 5 20
f 20 5 3
f 20 3 6
f 6 8 20
f 20 8 14
f 20 14 19
f 378 377 406
f 406 377 405
f 252 257 230
f 166 164 230
f 230 164 159
f 168 166 217
f 217 166 230
f 217 230 246
f 246 230 257
f 246 257 256
f 263 256 267
f 267 256 257
f 267 257 269
f 269 257 252
f 159 203 230
f 230 203 235
f 230 235 252
f 568 571 593
f 593 571 590
f 593 590 645
f 645 590 650
f 645 650 735
f 735 650 733
f 735 733 837
f 837 733 835
f 837 835 905
f 905 835 906
f 905 906 936
f 936 906 935
f 936 935 929
f 929 935 928
f 929 928 900
f 900 928 907
f 900 907 838
f 838 907 836
f 838 836 731
f 731 836 728
f 731 728 651
f 651 728 649
f 651 649 594
f 594 649 592
f 594 592 568
f 568 592 571
f 416 415 418
f 418 415 414
f 418 414 420
f 413 417 414
f 414 417 419
f 414 419 420
f 406 410 408
f 408 410 411
f 408 411 412
f 406 405 410
f 410 405 407
f 410 407 409
f 269 252 284
f 284 313 269
f 269 313 368
f 269 368 321
f 321 368 409
f 321 409 354
f 354 409 407
f 354 407 364
f 159 141 203
f 203 141 124
f 203 124 235
f 252 235 284
f 284 235 124
f 284 124 250
f 250 124 194
f 37 27 99
f 124 111 194
f 194 111 83
f 194 83 152
f 152 83 66
f 152 66 136
f 136 66 62
f 136 62 99
f 99 62 39
f 99 39 37
f 364 407 373
f 373 407 405
f 373 405 377
f 11 4 46
f 46 4 32
f 47 17 100
f 100 17 23
f 100 23 28
f 99 27 46
f 46 27 18
f 46 18 11
f 4 1 32
f 32 1 7
f 32 7 47
f 47 7 13
f 47 13 17
f 101 100 28
f 160 204 140
f 140 204 125
f 28 38 101
f 101 38 43
f 101 43 137
f 137 43 67
f 137 67 153
f 153 67 74
f 153 74 193
f 193 74 104
f 193 104 251
f 251 104 125
f 251 125 285
f 285 125 204
f 204 240 285
f 285 240 253
f 285 253 316
f 316 253 270
f 316 270 370
f 270 290 370
f 370 290 322
f 370 322 413
f 413 322 357
f 413 357 417
f 417 357 365
f 417 365 419
f 419 365 374
f 419 374 379
f 420 419 380
f 380 419 379
f 204 160 231
f 231 160 165
f 231 165 176
f 204 231 240
f 240 231 259
f 240 259 253
f 253 259 268
f 253 268 270
f 178 201 176
f 176 201 241
f 176 241 231
f 231 241 254
f 231 254 259
f 259 254 264
f 259 264 268
f 679 676 709
f 679 709 699
f 699 709 741
f 741 709 758
f 741 758 785
f 754 769 875
f 754 875 881
f 881 875 961
f 881 961 988
f 988 961 1014
f 1014 961 1026
f 1014 1026 1045
f 1045 1026 1078
f 1045 1078 1092
f 1052 1078 1040
f 1040 1078 1026
f 1040 1026 945
f 945 1026 961
f 945 961 908
f 908 961 875
f 908 875 784
f 784 875 769
f 1315 1439 1318
f 1318 1439 1435
f 1318 1435 1317
f 1315 1389 1439
f 1439 1389 1423
f 1439 1423 1429
f 1321 1320 1328
f 1328 1320 1319
f 1328 1319 1327
f 1324 1329 1330
f 1317 1316 1323
f 1329 1324 1328
f 1328 1324 1322
f 1328 1322 1321
f 1323 1326 1317
f 1317 1326 1325
f 1317 1325 1318
f 1318 1325 1327
f 1318 1327 1315
f 1315 1327 1319
f 1330 1331 1324
f 1324 1331 1332
f 1324 1332 1333
f 1454 1485 1484
f 1484 1485 1516
f 1484 1516 1504
f 1451 1454 1469
f 1469 1454 1484
f 1469 1484 1478
f 1478 1484 1504
f 1478 1504 1480
f 1630 1589 1570
f 1570 1516 1630
f 1630 1516 1536
f 1630 1536 1558
f 1533 1517 1530
f 1641 1666 1606
f 1606 1666 1631
f 1606 1631 1530
f 1530 1631 1559
f 1530 1559 1533
f 1589 1630 1634
f 1634 1630 1665
f 1634 1665 1647
f 1647 1665 1673
f 1647 1673 1650
f 1650 1673 1676
f 1650 1676 1641
f 1641 1676 1674
f 1641 1674 1666
f 1353 1324 1333
f 1557 1556 1392
f 1353 1333 1367
f 1334 1341 1355
f 1392 1556 1378
f 1378 1556 1525
f 1378 1525 1350
f 1350 1525 1465
f 1350 1465 1333
f 1333 1465 1411
f 1333 1411 1367
f 1392 1397 1557
f 1557 1397 1388
f 1557 1388 1526
f 1526 1388 1371
f 1526 1371 1466
f 1466 1371 1349
f 1466 1349 1414
f 1414 1349 1334
f 1414 1334 1368
f 1368 1334 1355
f 1355 1341 1342
f 1344 1377 1366
f 1377 1344 1390
f 1390 1344 1345
f 1390 1345 1340
f 1368 1355 1383
f 1383 1355 1342
f 1383 1342 1366
f 1366 1342 1343
f 1366 1343 1344
f 1390 1424 1377
f 1377 1424 1406
f 1377 1406 1366
f 1366 1406 1399
f 1366 1399 1383
f 1424 1390 1395
f 1347 1381 1346
f 1346 1381 1395
f 1346 1395 1340
f 1340 1395 1390
f 1430 1424 1440
f 1440 1424 1395
f 1440 1395 1436
f 1436 1395 1381
f 1084 1079 962
f 770 755 840
f 1046 1093 1084
f 1046 1084 1015
f 942 1015 976
f 1015 1084 976
f 976 1084 962
f 976 962 942
f 942 962 876
f 942 876 840
f 1079 1053 962
f 962 1053 956
f 962 956 876
f 876 956 855
f 876 855 840
f 840 855 788
f 840 788 770
f 677 680 700
f 700 680 711
f 700 711 743
f 743 711 763
f 743 763 789
f 12 20 16
f 16 20 21
f 16 21 25
f 12 10 5
f 5 10 2
f 5 2 3
f 3 2 6
f 6 2 9
f 6 9 8
f 8 9 15
f 8 15 14
f 19 24 26
f 26 24 35
f 26 35 30
f 30 35 55
f 55 35 107
f 55 107 82
f 82 107 146
f 82 146 123
f 146 223 123
f 123 223 202
f 123 202 154
f 154 202 199
f 146 141 223
f 223 141 159
f 223 159 228
f 228 159 226
f 169 219 168
f 168 219 221
f 168 221 167
f 167 221 226
f 167 226 164
f 164 226 159
f 35 37 39
f 66 83 107
f 107 83 111
f 107 111 146
f 146 111 124
f 146 124 141
f 35 39 107
f 107 39 62
f 107 62 66
f 37 35 27
f 27 35 24
f 27 24 18
f 19 14 24
f 24 14 15
f 24 15 18
f 18 15 9
f 18 9 11
f 11 9 4
f 4 9 2
f 4 2 1
f 1 2 10
f 1 10 7
f 12 16 10
f 10 16 13
f 10 13 7
f 36 28 25
f 25 28 23
f 25 23 16
f 16 23 17
f 16 17 13
f 74 67 110
f 110 67 43
f 110 43 36
f 36 43 38
f 36 38 28
f 160 140 147
f 147 140 125
f 147 125 110
f 110 125 104
f 110 104 74
f 222 220 179
f 142 200 218
f 36 98 110
f 110 98 142
f 110 142 147
f 147 142 218
f 147 218 160
f 160 218 229
f 160 229 165
f 165 229 227
f 165 227 177
f 177 227 222
f 177 222 178
f 178 222 179
f 21 22 25
f 25 22 29
f 25 29 36
f 36 29 57
f 36 57 98
f 377 378 267
f 301 263 267
f 301 267 333
f 378 367 267
f 267 367 359
f 267 359 333
f 269 321 267
f 267 321 354
f 354 364 267
f 267 364 373
f 267 373 377
f 171 172 170
f 170 172 169
f 170 169 168
f 119 568 143
f 143 568 593
f 586 645 735
f 731 651 583
f 594 568 210
f 210 568 119
f 210 119 132
f 132 119 91
f 132 91 85
f 85 91 68
f 85 68 70
f 586 500 645
f 645 500 447
f 645 447 593
f 837 905 1100
f 210 287 594
f 594 287 338
f 594 338 651
f 651 338 495
f 651 495 583
f 447 445 593
f 593 445 426
f 593 426 386
f 1100 993 837
f 837 993 991
f 837 991 735
f 735 991 919
f 735 919 883
f 583 696 731
f 731 696 822
f 731 822 838
f 838 822 986
f 838 986 900
f 900 986 1063
f 386 353 593
f 593 353 258
f 593 258 143
f 883 809 735
f 735 809 687
f 735 687 586
f 936 1177 905
f 905 1177 1123
f 905 1123 1100
f 1063 1159 900
f 900 1159 1244
f 900 1244 929
f 929 1244 1245
f 929 1245 936
f 936 1245 1222
f 936 1222 1177
f 1243 1250 1244
f 1244 1250 1254
f 1254 1253 1248
f 1252 1251 1244
f 1244 1251 1247
f 1254 1248 1244
f 1244 1248 1249
f 1244 1249 1252
f 1247 1246 1244
f 1244 1246 1242
f 1244 1242 1245
f 994 1101 835
f 835 1101 906
f 728 836 821
f 1248 907 1249
f 1249 907 928
f 1249 928 1223
f 1223 928 935
f 1223 935 1178
f 1178 935 906
f 1178 906 1124
f 1124 906 1101
f 733 918 835
f 835 918 990
f 835 990 994
f 1248 1161 907
f 907 1161 1060
f 907 1060 836
f 836 1060 985
f 836 985 821
f 688 808 733
f 733 808 882
f 733 882 918
f 120 192 571
f 571 192 255
f 571 255 590
f 590 255 300
f 590 300 396
f 688 733 585
f 585 733 650
f 585 650 499
f 396 427 590
f 590 427 443
f 590 443 650
f 650 443 479
f 650 479 499
f 821 695 728
f 728 695 581
f 728 581 649
f 649 581 494
f 649 494 592
f 592 494 339
f 592 339 571
f 571 339 288
f 571 288 120
f 120 288 212
f 120 212 79
f 79 212 134
f 79 134 71
f 71 134 86
f 71 86 69
f 250 194 188
f 136 99 97
f 97 99 44
f 188 194 97
f 97 194 152
f 97 152 136
f 309 410 409
f 409 368 309
f 309 368 313
f 309 313 188
f 188 313 284
f 188 284 250
f 413 414 370
f 370 414 319
f 193 251 197
f 197 251 285
f 197 285 319
f 319 285 316
f 319 316 370
f 193 197 153
f 153 197 102
f 153 102 137
f 99 46 44
f 44 46 32
f 44 32 34
f 34 32 47
f 34 47 48
f 48 47 100
f 48 100 102
f 102 100 101
f 102 101 137
f 290 270 268
f 290 268 322
f 268 379 374
f 374 365 268
f 268 365 357
f 268 357 322
f 264 302 268
f 268 302 334
f 268 334 360
f 360 369 268
f 268 369 380
f 268 380 379
f 174 173 179
f 179 173 175
f 179 175 178
f 797 795 559
f 772 771 561
f 629 678 690
f 629 527 550
f 550 604 629
f 629 604 626
f 629 626 678
f 690 716 629
f 629 716 738
f 629 738 746
f 746 759 629
f 629 759 767
f 629 767 527
f 767 772 527
f 527 772 561
f 527 561 512
f 512 561 487
f 363 422 439
f 439 422 459
f 439 459 561
f 561 459 474
f 561 474 487
f 439 383 363
f 363 383 331
f 363 331 320
f 320 331 279
f 320 279 293
f 293 279 249
f 249 279 221
f 249 221 219
f 262 199 202
f 371 307 326
f 326 307 262
f 326 262 265
f 446 397 371
f 371 397 358
f 371 358 307
f 371 431 446
f 446 431 472
f 446 472 480
f 621 563 552
f 552 563 555
f 552 555 472
f 472 555 498
f 472 498 480
f 552 785 758
f 758 709 552
f 552 709 676
f 552 676 621
f 792 561 791
f 791 561 771
f 791 771 780
f 265 275 326
f 326 275 329
f 326 329 371
f 371 329 375
f 371 375 431
f 431 375 433
f 431 433 472
f 472 433 475
f 472 475 552
f 552 475 559
f 552 559 785
f 785 559 795
f 223 228 279
f 279 228 226
f 279 226 221
f 262 202 265
f 265 202 223
f 265 223 275
f 275 223 279
f 275 279 329
f 329 279 331
f 329 331 375
f 375 331 383
f 375 383 433
f 433 383 439
f 433 439 475
f 475 439 561
f 475 561 559
f 559 561 792
f 559 792 797
f 1175 1193 1207
f 754 679 769
f 769 679 699
f 769 699 784
f 784 699 741
f 784 741 908
f 945 1049 1040
f 1040 1049 1052
f 1379 1373 1273
f 1447 1520 1433
f 1433 1520 1539
f 1727 1733 1729
f 1520 1600 1539
f 1539 1600 1657
f 1539 1657 1646
f 1646 1657 1687
f 1646 1687 1691
f 1691 1687 1710
f 1691 1710 1720
f 1720 1710 1727
f 1720 1727 1723
f 1723 1727 1729
f 1723 1729 1730
f 1576 1658 1663
f 1663 1658 1693
f 1663 1693 1699
f 1699 1693 1725
f 1699 1725 1738
f 1738 1725 1747
f 1738 1747 1757
f 1757 1747 1756
f 1757 1756 1767
f 1767 1756 1759
f 1482 1502 1576
f 1576 1502 1586
f 1576 1586 1658
f 1408 1435 1482
f 1482 1435 1455
f 1482 1455 1502
f 1313 1316 1408
f 1408 1316 1317
f 1408 1317 1435
f 1255 1269 1290
f 1290 1269 1283
f 1290 1283 1408
f 1408 1283 1307
f 1408 1307 1313
f 1207 1193 1290
f 1290 1193 1220
f 1290 1220 1255
f 1054 1085 1207
f 1207 1085 1151
f 1207 1151 1175
f 895 952 898
f 898 952 969
f 898 969 1003
f 767 759 774
f 774 759 773
f 819 772 800
f 800 772 767
f 800 767 786
f 786 767 774
f 780 771 856
f 856 771 772
f 856 772 831
f 831 772 819
f 856 879 780
f 780 879 895
f 780 895 791
f 791 895 898
f 791 898 792
f 792 898 909
f 792 909 797
f 797 909 795
f 795 909 896
f 795 896 785
f 1403 1420 1475
f 1475 1420 1490
f 1475 1490 1571
f 1571 1490 1583
f 1571 1583 1654
f 1654 1583 1669
f 1654 1669 1695
f 1695 1669 1703
f 1695 1703 1731
f 1731 1703 1741
f 1731 1741 1753
f 1753 1741 1760
f 1753 1760 1765
f 1765 1760 1769
f 1765 1769 1764
f 1764 1769 1774
f 1740 1733 1748
f 1748 1733 1727
f 1748 1727 1734
f 1734 1727 1710
f 1734 1710 1705
f 1705 1710 1687
f 1705 1687 1679
f 1679 1687 1657
f 1679 1657 1627
f 1627 1657 1600
f 1627 1600 1541
f 1541 1600 1520
f 1541 1520 1460
f 1460 1520 1447
f 1460 1447 1394
f 1394 1403 1460
f 1460 1403 1475
f 1460 1475 1541
f 1541 1475 1571
f 1541 1571 1627
f 1627 1571 1654
f 1627 1654 1679
f 1679 1654 1695
f 1679 1695 1705
f 1705 1695 1731
f 1705 1731 1734
f 1734 1731 1753
f 1734 1753 1748
f 1748 1753 1765
f 1748 1765 1740
f 1740 1765 1764
f 1212 1294 1279
f 1279 1379 1265
f 1265 1379 1273
f 1265 1273 1166
f 1212 1279 1201
f 1201 1279 1265
f 1201 1265 1189
f 1189 1265 1166
f 1189 1166 1052
f 1052 1049 1189
f 1189 1049 1131
f 1189 1131 1201
f 1201 1131 1150
f 1201 1150 1212
f 741 785 908
f 908 785 896
f 908 896 1050
f 1050 896 909
f 1050 909 1056
f 1056 909 898
f 1056 898 1054
f 1054 898 1003
f 1054 1003 1085
f 945 908 1049
f 1049 908 1050
f 1049 1050 1131
f 1131 1050 1056
f 1131 1056 1150
f 1150 1056 1054
f 1150 1054 1212
f 1212 1054 1207
f 1212 1207 1294
f 1294 1207 1290
f 1294 1290 1422
f 1422 1290 1408
f 1422 1408 1494
f 1494 1408 1482
f 1494 1482 1585
f 1585 1482 1576
f 1585 1576 1671
f 1671 1576 1663
f 1671 1663 1707
f 1707 1663 1699
f 1707 1699 1744
f 1744 1699 1738
f 1744 1738 1762
f 1762 1738 1757
f 1762 1757 1771
f 1771 1757 1767
f 1771 1767 1773
f 1773 1767 1759
f 1433 1373 1447
f 1447 1373 1379
f 1447 1379 1394
f 1394 1379 1279
f 1394 1279 1403
f 1403 1279 1294
f 1403 1294 1420
f 1420 1294 1422
f 1420 1422 1490
f 1490 1422 1494
f 1490 1494 1583
f 1583 1494 1585
f 1583 1585 1669
f 1669 1585 1671
f 1669 1671 1703
f 1703 1671 1707
f 1703 1707 1741
f 1741 1707 1744
f 1741 1744 1760
f 1760 1744 1762
f 1760 1762 1769
f 1769 1762 1771
f 1769 1771 1774
f 1774 1771 1773
f 1307 1283 1293
f 1151 1152 1175
f 1175 1152 1203
f 1175 1203 1193
f 1193 1203 1220
f 1220 1203 1258
f 1220 1258 1255
f 1293 1283 1258
f 1258 1283 1269
f 1258 1269 1255
f 1323 1316 1293
f 1293 1316 1313
f 1293 1313 1307
f 1003 1004 1085
f 1085 1004 1152
f 1085 1152 1151
f 1467 1488 1527
f 1558 1536 1552
f 1552 1536 1511
f 1552 1511 1527
f 1527 1511 1471
f 1527 1471 1467
f 1467 1471 1451
f 1451 1471 1454
f 1454 1471 1511
f 1454 1511 1485
f 1485 1511 1536
f 1485 1536 1516
f 1326 1451 1325
f 1325 1451 1469
f 1325 1469 1327
f 1327 1469 1478
f 1327 1478 1328
f 1328 1478 1480
f 1328 1480 1329
f 1501 1531 1550
f 1622 1660 1665
f 1488 1452 1499
f 1665 1630 1622
f 1622 1630 1558
f 1622 1558 1549
f 1549 1558 1552
f 1549 1552 1527
f 1631 1666 1662
f 1662 1666 1674
f 1662 1674 1675
f 1675 1674 1676
f 1675 1676 1660
f 1660 1676 1673
f 1660 1673 1665
f 1531 1559 1550
f 1550 1559 1631
f 1550 1631 1623
f 1623 1631 1662
f 1453 1489 1500
f 1500 1489 1529
f 1500 1529 1569
f 1569 1529 1603
f 1569 1603 1612
f 1612 1603 1640
f 1612 1640 1628
f 1628 1640 1655
f 1628 1655 1611
f 1611 1655 1639
f 1611 1639 1568
f 1568 1639 1602
f 1568 1602 1499
f 1499 1602 1528
f 1499 1528 1488
f 1489 1501 1529
f 1529 1501 1550
f 1529 1550 1603
f 1603 1550 1623
f 1603 1623 1640
f 1640 1623 1662
f 1640 1662 1655
f 1655 1662 1675
f 1655 1675 1639
f 1639 1675 1660
f 1639 1660 1602
f 1602 1660 1622
f 1602 1622 1528
f 1528 1622 1549
f 1528 1549 1488
f 1488 1549 1527
f 1153 1154 1176
f 1153 1176 1202
f 1176 1194 1202
f 1202 1194 1221
f 1202 1221 1257
f 1285 1292 1270
f 1270 1292 1257
f 1270 1257 1256
f 1256 1257 1221
f 1348 1338 1314
f 1314 1338 1292
f 1314 1292 1308
f 1308 1292 1285
f 1510 1517 1533
f 1464 1468 1489
f 1489 1468 1501
f 1477 1510 1509
f 1509 1510 1533
f 1509 1533 1531
f 1531 1533 1559
f 1531 1501 1509
f 1509 1501 1468
f 1509 1468 1477
f 1477 1468 1464
f 1477 1464 1450
f 1338 1348 1339
f 1339 1348 1347
f 1341 1334 1335
f 1339 1345 1344
f 1347 1346 1339
f 1339 1346 1340
f 1339 1340 1345
f 1335 1336 1341
f 1341 1336 1337
f 1341 1337 1342
f 1342 1337 1339
f 1342 1339 1343
f 1343 1339 1344
f 1154 1153 1086
f 1086 1153 1005
f 1086 1005 1006
f 1728 1733 1740
f 956 763 855
f 855 763 711
f 855 711 788
f 680 755 711
f 711 755 770
f 711 770 788
f 796 789 897
f 899 893 878
f 794 899 793
f 793 899 878
f 793 878 777
f 878 830 777
f 777 830 818
f 777 818 768
f 768 818 807
f 768 807 799
f 778 760 779
f 779 760 768
f 779 768 787
f 787 768 799
f 1006 968 899
f 899 968 951
f 899 951 893
f 1006 899 1086
f 1086 899 1055
f 1086 1055 1154
f 1154 1055 1208
f 1154 1208 1176
f 1270 1256 1291
f 1291 1256 1221
f 1291 1221 1208
f 1208 1221 1194
f 1208 1194 1176
f 1347 1348 1381
f 1381 1348 1409
f 1381 1409 1483
f 1348 1314 1409
f 1409 1314 1308
f 1409 1308 1291
f 1291 1308 1285
f 1291 1285 1270
f 1436 1577 1503
f 1503 1577 1664
f 1503 1664 1588
f 1588 1664 1700
f 1588 1700 1661
f 1661 1700 1739
f 1661 1739 1694
f 1755 1746 1758
f 1758 1746 1743
f 1758 1743 1739
f 1739 1743 1724
f 1739 1724 1694
f 1758 1768 1755
f 1755 1768 1773
f 1755 1773 1759
f 1733 1728 1729
f 1729 1728 1721
f 1729 1721 1730
f 1540 1448 1434
f 1434 1448 1380
f 1434 1380 1374
f 1374 1380 1266
f 1374 1266 1276
f 1276 1266 1190
f 1276 1190 1167
f 1167 1190 1051
f 1167 1051 1053
f 1053 1051 897
f 1053 897 956
f 956 897 789
f 956 789 763
f 1051 1057 897
f 897 1057 910
f 897 910 796
f 796 910 798
f 1213 1205 1296
f 1296 1205 1280
f 1296 1280 1396
f 1421 1404 1493
f 1493 1404 1476
f 1421 1296 1404
f 1404 1296 1396
f 1404 1396 1476
f 1476 1396 1461
f 1766 1770 1754
f 1754 1770 1761
f 1754 1761 1732
f 1732 1761 1742
f 1732 1742 1696
f 1696 1742 1704
f 1696 1704 1656
f 1656 1704 1670
f 1656 1670 1572
f 1572 1670 1584
f 1749 1766 1735
f 1735 1766 1754
f 1735 1754 1706
f 1706 1754 1732
f 1706 1732 1680
f 1680 1732 1696
f 1680 1696 1629
f 1629 1696 1656
f 1629 1656 1542
f 1542 1656 1572
f 1448 1461 1380
f 1380 1461 1396
f 1380 1396 1266
f 1266 1396 1280
f 1266 1280 1190
f 1190 1280 1205
f 1190 1205 1051
f 1051 1205 1213
f 1051 1213 1057
f 1542 1522 1629
f 1629 1522 1601
f 1629 1601 1680
f 1680 1601 1659
f 1680 1659 1706
f 1706 1659 1689
f 1706 1689 1735
f 1735 1689 1711
f 1735 1711 1749
f 1770 1772 1761
f 1761 1772 1763
f 1761 1763 1742
f 1742 1763 1745
f 1742 1745 1704
f 1704 1745 1709
f 1704 1709 1670
f 1670 1709 1672
f 1670 1672 1584
f 1584 1672 1587
f 1584 1587 1483
f 1749 1764 1766
f 1766 1764 1774
f 1766 1774 1770
f 1770 1774 1773
f 1770 1773 1772
f 1772 1773 1768
f 1772 1768 1763
f 1763 1768 1758
f 1763 1758 1745
f 1745 1758 1739
f 1745 1739 1709
f 1709 1739 1700
f 1709 1700 1672
f 1672 1700 1664
f 1672 1664 1587
f 1587 1664 1577
f 1587 1577 1483
f 1483 1577 1436
f 1483 1436 1381
f 794 798 899
f 899 798 910
f 899 910 1055
f 1055 910 1057
f 1055 1057 1208
f 1208 1057 1213
f 1208 1213 1291
f 1291 1213 1296
f 1291 1296 1409
f 1409 1296 1421
f 1409 1421 1483
f 1483 1421 1493
f 1483 1493 1584
f 1584 1493 1476
f 1584 1476 1572
f 1572 1476 1461
f 1572 1461 1542
f 1542 1461 1448
f 1542 1448 1522
f 1522 1448 1540
f 1522 1540 1601
f 1601 1540 1648
f 1601 1648 1659
f 1659 1648 1692
f 1659 1692 1689
f 1689 1692 1721
f 1689 1721 1711
f 1711 1721 1728
f 1711 1728 1749
f 1749 1728 1740
f 1749 1740 1764
f 227 229 280
f 463 562 478
f 478 562 486
f 793 526 562
f 562 526 515
f 562 515 486
f 742 768 749
f 749 768 760
f 742 715 768
f 768 715 689
f 768 689 674
f 674 620 768
f 768 620 612
f 768 612 602
f 793 777 526
f 526 777 768
f 526 768 549
f 549 768 602
f 554 796 560
f 560 796 798
f 560 798 562
f 562 798 794
f 562 794 793
f 554 558 610
f 610 671 554
f 554 671 677
f 554 677 700
f 700 743 554
f 554 743 789
f 554 789 796
f 473 477 537
f 450 464 432
f 450 432 428
f 428 432 372
f 428 372 385
f 385 372 335
f 335 372 327
f 335 327 328
f 328 327 283
f 283 327 276
f 283 276 234
f 234 276 218
f 234 218 200
f 271 220 222
f 384 325 332
f 332 325 271
f 332 271 280
f 280 271 222
f 280 222 227
f 463 462 440
f 440 462 421
f 440 421 384
f 384 421 366
f 384 366 325
f 432 434 372
f 372 434 376
f 372 376 327
f 327 376 330
f 327 330 276
f 463 440 562
f 562 440 476
f 562 476 560
f 560 476 473
f 560 473 554
f 554 473 537
f 554 537 558
f 229 218 280
f 280 218 276
f 280 276 332
f 332 276 330
f 332 330 384
f 384 330 376
f 384 376 440
f 440 376 434
f 440 434 476
f 476 434 432
f 476 432 473
f 473 432 464
f 473 464 477
f 219 169 291
f 291 169 172
f 172 180 291
f 291 180 183
f 291 183 195
f 195 214 291
f 291 214 224
f 291 224 243
f 347 293 291
f 291 293 249
f 291 249 219
f 460 459 453
f 453 459 422
f 453 422 400
f 400 422 363
f 400 363 347
f 347 363 320
f 347 320 293
f 172 171 180
f 180 171 182
f 180 182 183
f 183 182 195
f 195 182 213
f 195 213 214
f 214 213 224
f 224 213 242
f 224 242 243
f 242 213 273
f 273 213 182
f 170 168 217
f 182 171 273
f 273 171 170
f 273 170 315
f 315 170 217
f 315 217 246
f 246 256 315
f 315 256 263
f 315 263 340
f 340 263 301
f 340 301 412
f 412 301 333
f 412 333 408
f 378 406 367
f 367 406 408
f 367 408 359
f 359 408 333
f 87 78 86
f 86 78 73
f 86 73 69
f 87 86 115
f 115 86 134
f 115 134 135
f 135 134 149
f 149 134 212
f 149 212 211
f 211 212 239
f 239 212 288
f 239 288 289
f 289 288 311
f 311 288 339
f 311 339 337
f 494 496 455
f 337 339 341
f 341 339 494
f 341 494 390
f 390 494 455
f 496 494 530
f 530 494 581
f 530 581 616
f 616 581 695
f 616 695 694
f 694 695 750
f 750 695 821
f 750 821 824
f 860 824 821
f 860 821 921
f 921 821 985
f 921 985 987
f 1060 1062 985
f 985 1062 1030
f 985 1030 987
f 1248 1253 1161
f 1161 1253 1230
f 1230 1197 1161
f 1161 1197 1160
f 1161 1160 1060
f 1060 1160 1143
f 1060 1143 1062
f 1254 1250 1299
f 1299 1250 1302
f 1299 1302 1360
f 1142 1159 1063
f 1243 1244 1227
f 1227 1244 1159
f 1227 1159 1198
f 1198 1159 1142
f 986 1033 1063
f 1063 1033 1061
f 1063 1061 1142
f 823 858 822
f 822 858 922
f 822 922 986
f 986 922 984
f 986 984 1033
f 823 822 751
f 751 822 696
f 751 696 693
f 693 696 614
f 614 696 583
f 614 583 582
f 582 583 529
f 529 583 495
f 529 495 497
f 338 336 495
f 495 336 346
f 346 391 495
f 495 391 452
f 495 452 497
f 287 286 338
f 338 286 310
f 338 310 336
f 210 132 133
f 133 148 210
f 210 148 209
f 210 209 287
f 287 209 237
f 287 237 286
f 85 70 72
f 72 77 85
f 85 77 84
f 85 84 132
f 132 84 116
f 132 116 133
f 466 525 505
f 615 482 492
f 481 482 615
f 505 525 615
f 615 599 627
f 580 599 615
f 547 580 615
f 615 681 704
f 655 681 615
f 627 655 615
f 849 713 704
f 704 713 615
f 615 740 714
f 752 740 615
f 756 752 615
f 615 628 600
f 656 628 615
f 682 656 615
f 615 546 524
f 579 546 615
f 600 579 615
f 615 493 483
f 483 481 615
f 91 119 105
f 426 445 466
f 919 954 849
f 993 1047 996
f 396 404 427
f 300 255 233
f 233 255 192
f 810 808 744
f 744 808 688
f 995 994 955
f 955 994 990
f 955 990 918
f 1249 1241 1252
f 1252 1241 1196
f 1252 1196 1251
f 1246 1247 1215
f 1155 1177 1195
f 1195 1177 1222
f 1195 1222 1240
f 1080 1100 1155
f 1155 1100 1123
f 1155 1123 1177
f 993 996 991
f 919 849 883
f 849 811 883
f 883 811 745
f 883 745 809
f 809 745 697
f 809 697 687
f 697 643 687
f 687 643 596
f 687 596 586
f 586 596 538
f 586 538 500
f 500 538 502
f 500 502 447
f 277 232 295
f 295 232 258
f 295 258 324
f 324 258 353
f 682 698 656
f 656 698 642
f 656 642 628
f 628 642 595
f 628 595 600
f 600 595 539
f 600 539 579
f 579 539 501
f 579 501 546
f 546 501 467
f 546 467 524
f 524 467 456
f 756 915 752
f 752 915 885
f 752 885 740
f 740 885 850
f 740 850 714
f 714 850 810
f 714 810 703
f 703 810 744
f 765 938 924
f 849 704 811
f 811 704 681
f 811 681 745
f 745 681 655
f 745 655 697
f 697 655 627
f 697 627 643
f 643 627 599
f 643 599 596
f 596 599 580
f 596 580 538
f 538 580 547
f 538 547 502
f 445 447 466
f 466 447 502
f 466 502 525
f 525 502 547
f 525 547 615
f 493 425 483
f 483 425 423
f 483 423 481
f 481 423 424
f 481 424 482
f 482 424 430
f 482 430 492
f 492 430 441
f 492 441 504
f 504 441 457
f 915 995 885
f 885 995 955
f 885 955 850
f 850 955 918
f 850 918 810
f 810 918 882
f 810 882 808
f 703 615 714
f 456 467 443
f 443 467 501
f 443 501 479
f 479 501 539
f 479 539 499
f 499 539 595
f 499 595 585
f 585 595 642
f 585 642 688
f 688 642 698
f 688 698 744
f 744 698 682
f 744 682 703
f 703 682 615
f 919 991 954
f 954 991 996
f 954 996 849
f 849 996 884
f 849 884 713
f 713 884 739
f 713 739 615
f 425 345 423
f 423 345 352
f 423 352 424
f 424 352 361
f 424 361 430
f 430 361 382
f 430 382 441
f 441 382 403
f 441 403 457
f 457 403 426
f 381 323 294
f 1249 1223 1241
f 1241 1223 1178
f 1241 1178 1196
f 1196 1178 1124
f 1196 1124 1156
f 1156 1124 1101
f 1156 1101 1081
f 1081 1101 1048
f 1081 1048 1012
f 993 1100 1047
f 1047 1100 1080
f 1047 1080 996
f 996 1080 1013
f 996 1013 884
f 884 1013 916
f 884 916 739
f 739 916 753
f 739 753 615
f 345 277 352
f 352 277 295
f 352 295 361
f 361 295 324
f 361 324 382
f 382 324 353
f 382 353 403
f 403 353 386
f 403 386 426
f 504 615 492
f 143 258 144
f 144 258 232
f 144 232 186
f 186 232 277
f 186 277 266
f 266 277 345
f 266 345 351
f 351 345 425
f 351 425 429
f 429 425 493
f 429 493 503
f 503 493 615
f 122 233 145
f 145 233 192
f 145 192 120
f 1247 1251 1215
f 1215 1251 1196
f 1215 1196 1168
f 1168 1196 1156
f 1168 1156 1104
f 1104 1156 1081
f 1104 1081 1027
f 1027 1081 1012
f 1027 1012 924
f 924 938 1027
f 1027 938 1029
f 1027 1029 1104
f 1104 1029 1118
f 1104 1118 1168
f 1168 1118 1170
f 1168 1170 1215
f 1215 1170 1226
f 1215 1226 1246
f 765 757 938
f 938 757 923
f 938 923 1029
f 1029 923 1028
f 1029 1028 1118
f 1118 1028 1105
f 1118 1105 1170
f 1170 1105 1169
f 1170 1169 1226
f 1226 1169 1214
f 1226 1214 1246
f 1246 1214 1242
f 1222 1245 1240
f 1240 1245 1242
f 1240 1242 1195
f 1195 1242 1214
f 1195 1214 1155
f 1155 1214 1169
f 1155 1169 1080
f 1080 1169 1105
f 1080 1105 1013
f 1013 1105 1028
f 1013 1028 916
f 916 1028 923
f 916 923 753
f 753 923 757
f 753 757 615
f 765 615 757
f 1101 994 1048
f 1048 994 995
f 1048 995 1012
f 1012 995 915
f 1012 915 924
f 924 915 756
f 924 756 765
f 765 756 615
f 119 143 105
f 105 143 144
f 105 144 121
f 121 144 186
f 121 186 161
f 161 186 266
f 161 266 278
f 278 266 351
f 278 351 362
f 362 351 429
f 362 429 442
f 442 429 503
f 442 503 506
f 506 503 615
f 120 106 145
f 145 106 76
f 145 76 122
f 122 76 65
f 68 91 81
f 81 91 105
f 81 105 75
f 75 105 121
f 75 121 118
f 118 121 161
f 118 161 187
f 187 161 278
f 187 278 294
f 294 278 362
f 294 362 381
f 381 362 442
f 381 442 456
f 456 442 506
f 456 506 524
f 524 506 615
f 49 65 40
f 40 65 76
f 40 76 50
f 50 76 106
f 50 106 80
f 80 106 120
f 80 120 79
f 443 427 456
f 456 427 404
f 456 404 381
f 381 404 396
f 381 396 323
f 323 396 300
f 323 300 294
f 294 300 233
f 294 233 187
f 187 233 122
f 187 122 118
f 118 122 65
f 118 65 75
f 75 65 49
f 75 49 81
f 81 49 53
f 81 53 68
f 426 466 457
f 457 466 505
f 457 505 504
f 504 505 615
f 79 71 80
f 80 71 54
f 80 54 50
f 50 54 42
f 50 42 40
f 40 42 31
f 40 31 49
f 49 31 41
f 49 41 53
f 319 414 415
f 415 344 319
f 319 344 318
f 319 318 197
f 197 318 236
f 236 198 197
f 197 198 117
f 197 117 102
f 117 103 102
f 102 103 51
f 102 51 48
f 48 51 33
f 48 33 34
f 34 33 45
f 34 45 44
f 44 45 52
f 44 52 97
f 52 96 97
f 97 96 114
f 97 114 188
f 114 189 188
f 188 189 238
f 188 238 309
f 411 410 343
f 343 410 309
f 343 309 308
f 308 309 238
f 274 312 175
f 264 312 302
f 302 312 342
f 302 342 416
f 264 254 312
f 312 254 241
f 312 241 175
f 175 241 201
f 175 201 178
f 215 244 184
f 184 244 274
f 184 274 173
f 173 274 175
f 418 420 380
f 380 369 418
f 418 369 360
f 418 360 416
f 416 360 334
f 416 334 302
f 184 173 174
f 174 181 184
f 184 181 185
f 184 185 215
f 185 196 215
f 215 196 216
f 215 216 244
f 244 216 225
f 244 225 245
f 174 179 220
f 245 225 292
f 292 225 216
f 292 216 196
f 196 185 292
f 292 185 181
f 292 181 174
f 402 421 454
f 454 421 462
f 454 462 461
f 174 220 292
f 292 220 271
f 292 271 348
f 348 271 325
f 348 325 402
f 402 325 366
f 402 366 421
f 1362 1358 1357
f 1357 1358 1351
f 1357 1351 1352
f 639 638 861
f 861 638 868
f 632 633 865
f 865 633 859
f 859 867 865
f 865 867 1032
f 865 1032 1035
f 1032 1036 1035
f 1035 1036 1141
f 1035 1141 1144
f 1141 1146 1144
f 1144 1146 1229
f 1144 1229 1231
f 1231 1229 1300
f 1231 1300 1298
f 1298 1300 1361
f 1298 1361 1359
f 1359 1361 1301
f 1359 1301 1304
f 1304 1301 1235
f 1304 1235 1233
f 1233 1235 1228
f 1233 1228 1147
f 1228 1149 1147
f 1147 1149 1140
f 1147 1140 1038
f 1140 1039 1038
f 1038 1039 1031
f 1038 1031 868
f 868 1031 870
f 868 870 861
f 841 630 866
f 1386 1303 1311
f 1311 1303 1234
f 1311 1234 1218
f 1218 1234 1148
f 1218 1148 1129
f 1129 1148 1024
f 1024 1148 1037
f 1024 1037 844
f 844 1037 869
f 844 869 636
f 841 866 1022
f 1022 866 1034
f 1022 1034 1127
f 1127 1034 1145
f 1127 1145 1216
f 1216 1145 1232
f 1216 1232 1309
f 1309 1232 1297
f 1309 1297 1384
f 1384 1297 1352
f 1384 1352 1386
f 1386 1352 1351
f 1386 1351 1303
f 691 678 631
f 631 678 626
f 631 626 617
f 513 566 527
f 617 626 611
f 611 626 604
f 611 604 566
f 566 604 550
f 566 550 527
f 527 512 513
f 513 512 487
f 513 487 484
f 487 474 484
f 484 474 459
f 484 459 460
f 747 738 710
f 710 738 716
f 710 716 691
f 691 716 690
f 691 690 678
f 764 775 774
f 774 773 764
f 764 773 759
f 764 759 747
f 747 759 746
f 747 746 738
f 774 775 786
f 786 775 782
f 786 782 800
f 800 782 805
f 800 805 819
f 819 805 842
f 819 842 831
f 831 842 856
f 856 842 857
f 856 857 879
f 879 857 890
f 879 890 895
f 895 890 952
f 952 890 939
f 952 939 969
f 969 939 970
f 969 970 1003
f 1003 970 999
f 1003 999 1004
f 1004 999 998
f 1451 1326 1467
f 1467 1326 1323
f 1467 1323 1293
f 998 1020 1004
f 1004 1020 1082
f 1004 1082 1152
f 1152 1082 1157
f 1152 1157 1203
f 1203 1157 1238
f 1203 1238 1258
f 1258 1238 1452
f 1258 1452 1293
f 1293 1452 1488
f 1293 1488 1467
f 1020 998 1023
f 1020 1023 1082
f 1001 1021 1025
f 1025 1021 1083
f 1025 1083 1069
f 1069 1083 1158
f 1069 1158 1130
f 1130 1158 1239
f 1130 1239 1180
f 1180 1239 1453
f 1023 1068 1082
f 1082 1068 1128
f 1082 1128 1157
f 1157 1128 1179
f 1157 1179 1238
f 1238 1179 1217
f 1238 1217 1452
f 1452 1217 1267
f 1452 1267 1499
f 1499 1267 1310
f 1499 1310 1568
f 1568 1310 1369
f 1568 1369 1611
f 1611 1369 1385
f 1611 1385 1628
f 1628 1385 1391
f 1628 1391 1612
f 1612 1391 1387
f 1612 1387 1569
f 1387 1370 1569
f 1569 1370 1312
f 1569 1312 1500
f 1500 1312 1268
f 1500 1268 1453
f 1453 1268 1219
f 1453 1219 1180
f 1449 1450 1464
f 1339 1449 1338
f 1338 1449 1464
f 1338 1464 1292
f 1292 1464 1489
f 1292 1489 1257
f 1257 1489 1453
f 1257 1453 1202
f 1202 1453 1239
f 1202 1239 1153
f 1001 1002 1005
f 1239 1158 1153
f 1153 1158 1083
f 1153 1083 1005
f 1005 1083 1021
f 1005 1021 1001
f 783 776 779
f 779 787 783
f 783 787 799
f 783 799 806
f 806 799 807
f 806 807 845
f 845 807 818
f 845 818 830
f 1005 1002 1006
f 1006 1002 971
f 1006 971 968
f 968 971 940
f 968 940 951
f 951 940 891
f 951 891 893
f 893 891 845
f 893 845 878
f 878 845 830
f 461 462 463
f 461 463 465
f 465 463 478
f 465 478 485
f 485 478 486
f 485 486 514
f 486 515 514
f 514 515 526
f 514 526 567
f 637 674 692
f 692 674 689
f 692 689 712
f 526 549 567
f 567 549 602
f 567 602 619
f 619 602 612
f 619 612 637
f 637 612 620
f 637 620 674
f 689 715 712
f 712 715 742
f 712 742 748
f 748 742 749
f 748 749 766
f 766 749 760
f 766 760 776
f 776 760 778
f 776 778 779
f 867 859 860
f 1250 1243 1227
f 244 236 274
f 274 236 318
f 274 318 312
f 312 318 342
f 245 346 336
f 336 310 245
f 245 310 286
f 245 286 237
f 318 344 342
f 342 344 415
f 342 415 416
f 243 239 291
f 291 239 289
f 289 311 291
f 291 311 337
f 291 337 347
f 272 343 242
f 242 343 308
f 242 308 238
f 242 273 272
f 272 273 315
f 272 315 343
f 343 315 340
f 343 340 411
f 411 340 412
f 390 455 453
f 337 341 347
f 347 341 390
f 347 390 400
f 400 390 453
f 616 617 611
f 616 611 530
f 611 566 530
f 530 566 513
f 530 513 496
f 496 513 484
f 496 484 455
f 455 484 460
f 455 460 453
f 860 859 824
f 859 633 631
f 617 616 631
f 631 616 694
f 631 694 859
f 859 694 750
f 859 750 824
f 637 639 693
f 693 639 861
f 693 861 751
f 751 861 823
f 465 485 452
f 465 452 461
f 637 693 619
f 619 693 614
f 619 614 567
f 567 614 582
f 567 582 514
f 514 582 529
f 514 529 485
f 485 529 497
f 485 497 452
f 245 292 346
f 346 292 348
f 346 348 391
f 391 348 402
f 391 402 452
f 452 402 454
f 452 454 461
f 90 116 84
f 84 77 90
f 90 77 72
f 90 72 70
f 70 51 90
f 90 51 103
f 90 103 116
f 116 103 117
f 116 117 133
f 133 117 198
f 133 198 148
f 244 245 236
f 236 245 237
f 236 237 198
f 198 237 209
f 198 209 148
f 870 922 861
f 861 922 858
f 861 858 823
f 1228 1235 1302
f 1302 1250 1228
f 1228 1250 1227
f 1228 1227 1149
f 1149 1227 1198
f 1149 1198 1140
f 1140 1198 1142
f 1140 1142 1039
f 1039 1142 1061
f 1039 1061 1031
f 1031 1061 1033
f 1031 1033 870
f 870 1033 984
f 870 984 922
f 1235 1301 1302
f 1302 1301 1361
f 1302 1361 1360
f 1360 1361 1300
f 1360 1300 1299
f 1299 1300 1254
f 1254 1300 1229
f 1253 1254 1230
f 1230 1254 1229
f 1230 1229 1197
f 1197 1229 1146
f 860 921 867
f 867 921 987
f 867 987 1032
f 1032 987 1030
f 1032 1030 1036
f 1036 1030 1062
f 1036 1062 1141
f 1141 1062 1143
f 1141 1143 1146
f 1146 1143 1160
f 1146 1160 1197
f 243 242 239
f 239 242 238
f 239 238 211
f 211 238 189
f 211 189 149
f 149 189 135
f 54 71 69
f 135 189 115
f 115 189 114
f 115 114 87
f 87 114 96
f 87 96 52
f 69 73 78
f 78 87 69
f 69 87 52
f 69 52 54
f 54 52 45
f 54 45 42
f 42 45 33
f 42 33 31
f 31 33 41
f 41 33 51
f 41 51 53
f 53 51 70
f 53 70 68
f 866 630 632
f 632 865 866
f 866 865 1035
f 866 1035 1034
f 1034 1035 1144
f 1034 1144 1145
f 1145 1144 1231
f 1145 1231 1232
f 1232 1231 1298
f 1232 1298 1297
f 1352 1297 1357
f 1357 1297 1298
f 1357 1298 1362
f 1362 1298 1359
f 1362 1359 1358
f 1358 1359 1304
f 1358 1304 1351
f 1351 1304 1303
f 1303 1304 1233
f 1303 1233 1234
f 1234 1233 1147
f 1234 1147 1148
f 1148 1147 1038
f 1148 1038 1037
f 1037 1038 868
f 1037 868 869
f 869 868 638
f 869 638 636
f 747 710 701
f 712 748 702
f 702 748 766
f 639 637 702
f 702 637 692
f 702 692 712
f 766 776 702
f 702 776 783
f 702 783 639
f 639 783 806
f 639 806 638
f 638 806 845
f 638 845 636
f 632 630 841
f 842 805 633
f 710 691 701
f 701 691 631
f 701 631 633
f 805 782 633
f 633 782 775
f 633 775 701
f 701 775 764
f 701 764 747
f 939 890 841
f 939 841 970
f 633 632 842
f 842 632 841
f 842 841 857
f 857 841 890
f 999 970 998
f 998 970 841
f 998 841 1023
f 1023 841 1022
f 1023 1022 1068
f 1068 1022 1127
f 1216 1179 1127
f 1127 1179 1128
f 1127 1128 1068
f 1309 1267 1216
f 1216 1267 1217
f 1216 1217 1179
f 1384 1369 1309
f 1309 1369 1310
f 1309 1310 1267
f 1386 1391 1384
f 1384 1391 1385
f 1384 1385 1369
f 1311 1370 1386
f 1386 1370 1387
f 1386 1387 1391
f 1218 1268 1311
f 1311 1268 1312
f 1311 1312 1370
f 1129 1180 1218
f 1218 1180 1219
f 1218 1219 1268
f 1024 1069 1129
f 1129 1069 1130
f 1129 1130 1180
f 636 845 844
f 844 845 891
f 844 891 940
f 971 1002 1001
f 940 971 844
f 844 971 1001
f 844 1001 1024
f 1024 1001 1025
f 1024 1025 1069
