v -0.009577617049 -2.292762019e-06 0.0001618021197
v -0.009534306824 -7.175264909e-05 -0.005148672033
v -0.009508380666 0.0009791016346 0.0001119505177
v -0.009507853538 -0.0009836518439 0.0001119438457
v -0.009503791109 0.0007003145874 -0.005135294516
v -0.009481161833 -0.0009245357942 -0.005125952885
v -0.009454249404 -0.001017426606 0.002904759487
v -0.00944166258 -2.257683263e-06 0.005713750608
v -0.009418376721 0.0005305372761 0.005688596517
v -0.009418088943 -0.0005350370193 0.005688597448
v -0.009389526211 0.001530807582 -0.005086085293
v -0.009350987151 0.001060774899 0.005617571063
v -0.009350417182 -0.001065237797 0.005617563147
v -0.009337940253 -0.00178525364 -0.005064685829
v -0.009328187443 -0.001920666895 -0.002777023241
v -0.009312135167 0.001945985248 -1.73441058e-05
v -0.00931108743 -0.001950431266 -1.734008038e-05
v -0.009233928286 0.002011022763 0.002718285192
v -0.009232845157 -0.002015426289 0.002718291944
v -0.0091789281 0.002407327062 -0.004994845949
v -0.009165233932 -2.182887101e-06 0.01058661006
v -0.00914378278 -0.00252416241 -0.004980043508
v -0.009136228822 0.0005810080911 0.01055214461
v -0.009135913104 -0.0005853573675 0.01055215113
v -0.009100458585 0.002103315899 0.005364646669
v -0.009099327028 -0.002107648645 0.005364648066
v -0.009052977897 0.001160751446 0.01045466308
v -0.00905235298 -0.0011650573 0.01045465469
v -0.009050012566 -0.0001997711224 0.01860000752
v -0.009050000459 -0.0001999994565 0.01402502321
v -0.009049998596 -0.0002000063541 0.02550991811
v -0.009049862623 -0.0002447653387 0.02550852112
v -0.009049830027 -0.0002011113684 0.0241997838
v -0.00904950127 -0.0003037888673 0.01860166341
v -0.009049067274 -0.0003206421679 0.02550571784
v -0.009046671912 0.002842799993 -0.002899621613
v -0.009045870043 6.072440374e-05 0.0241884701
v -0.009045335464 -0.0004722251615 0.02549844235
v -0.009045141749 -0.002847101307 -0.002899620216
v -0.009041542187 0.000160598036 0.01862256229
v -0.009040979668 0.002838178305 -0.004933828954
v -0.009039331228 -0.0003013834066 0.01866454445
v -0.009035808034 5.467366282e-05 0.02412571386
v -0.009034720249 -0.0002473273489 0.02558536455
v -0.009034531191 -0.0001992307225 0.02558636852
v -0.009034390561 -0.0001998573425 0.01394824777
v -0.009033898823 -0.0003236480698 0.02558252215
v -0.009032454342 -0.0007253084914 0.02415250242
v -0.009031646885 0.000152227105 0.01868519187
v -0.009030194953 -0.0007627205923 0.01402865816
v -0.009030099027 -0.00047609795 0.0255751349
v -0.009029348381 -0.0007744626491 0.02547703311
v -0.009027147666 -0.0001990952733 0.02560220286
v -0.009026001208 -0.0001998314983 0.01393055636
v -0.009022866376 -0.0007131078746 0.02409016714
v -0.009013893083 -0.0007800774765 0.02555334382
v -0.009009365924 -0.0002989197965 0.01872182451
v -0.009008480236 0.0006165445666 0.02545540407
v -0.00900686346 0.002883814508 -0.0001956284832
v -0.00900589861 4.848790923e-05 0.02406858094
v -0.009005313739 -0.002888092306 -0.0001956381166
v -0.009001819417 0.0001436634484 0.0187421944
v -0.008999249898 -0.001100406516 0.01874124631
v -0.008993193507 -0.0007006158121 0.02403350174
v -0.008991369978 -0.0001988056028 0.02565127611
v -0.008991369046 -0.0001997825602 0.01388368476
v -0.008990918286 -0.00107929681 0.01880231872
v -0.008989866823 -0.0003256929631 0.0256469436
v -0.008986071683 -0.0004782820761 0.02563947812
v -0.008980673738 0.0008493556525 0.02400588617
v -0.008973010816 0.0008246636135 0.02394554392
v -0.008971293457 0.0009213645244 0.01882195473
v -0.008969903924 -0.0007825572393 0.02561744303
v -0.008969724178 -0.000296985294 0.01876133867
v -0.008968248032 -0.0001997848594 0.01386392117
v -0.008966262452 4.361065658e-05 0.02402918041
v -0.008964538574 -0.0001988060976 0.0256736856
v -0.008964015171 0.0008949255571 0.0188818723
v -0.008963502012 -0.001373206265 0.02540512383
v -0.008962187916 0.000136912553 0.01878144965
v -0.008961881511 -0.001057725283 0.01885763742
v -0.008960640058 0.0009949551895 0.02540398948
v -0.008953574114 -0.000690769637 0.0239945706
v -0.00894863531 -0.001470738207 0.0239111539
v -0.008947212249 -0.001382868853 0.02547997981
v -0.008946608752 -0.001384292613 0.01396552939
v -0.00894430466 0.0007994425832 0.02389098331
v -0.008944145404 0.001004542224 0.02547868527
v -0.008944078349 0.001004308811 0.01396574639
v -0.008942207322 -0.001440613531 0.02385216579
v -0.008939078078 -0.001527402666 0.02537932619
v -0.008937845007 0.001137924846 0.01404879801
v -0.008935506456 0.0008678932209 0.01893604361
v -0.008926480077 -0.0001990091259 0.0256944783
v -0.008926004171 -0.0001998314983 0.01384030189
v -0.008925244212 -0.0003265547857 0.02569069713
v -0.008922301233 -0.001040791394 0.01889536157
v -0.008921509609 -0.0004785787023 0.02568323165
v -0.008914129809 -0.001409848104 0.02379899472
v -0.008912275545 -0.0002951670322 0.01879127882
v -0.008908783086 3.902613389e-05 0.02399937995
v -0.008905570954 -0.0007817785372 0.02566113137
v -0.008904749528 0.0007796781138 0.02385394275
v -0.008904655464 0.0001305691112 0.01881103776
v -0.008903394453 -0.001386560849 0.02554311231
v -0.008902992122 -0.001380440779 0.01390124112
v -0.008901331574 0.00100038969 0.01390096638
v -0.008901154622 0.001008273102 0.02554243058
v -0.008895962499 0.000846762734 0.0189726986
v -0.008895947598 -0.0006815491943 0.02396534383
v -0.008895907551 0.002974962117 0.002457764
v -0.008894309402 -0.002979179844 0.002457761671
v -0.008887797594 -0.0003264731204 0.02570225298
v -0.008884849958 -0.0001994517515 0.02570680901
v -0.008881771937 -0.001833498827 0.01909683645
v -0.008881621994 -9.886050975e-06 0.01382878423
v -0.008878095075 -0.0001999386586 0.0138265416
v -0.008877990767 -0.001794119016 0.01915262453
v -0.008877119981 -0.001854744041 0.01407277398
v -0.008876651525 0.001456237747 0.01407275628
v -0.008876265958 0.001457915641 0.02531125024
v -0.008875867352 -0.001860026619 0.0253107585
v -0.00887461286 -0.001385841868 0.02376320027
v -0.008874441497 -0.001867566607 0.02368008345
v -0.008873127401 0.0002954460506 0.01383073349
v -0.008870490827 0.00329131051 -0.004857450258
v -0.008864257485 -0.001025079517 0.01892310195
v -0.008861281909 -0.0004686095635 0.01382697839
v -0.008853632957 0.001562298974 0.02361087687
v -0.00885125529 -0.001753987512 0.01920256205
v -0.008850977756 0.001519506215 0.02355659194
v -0.008850011975 -0.0001999604865 0.01879999973
v -0.008849999867 -0.0002000042587 0.025709996
v -0.008849835955 -0.000199615868 0.02399980091
v -0.008849513717 -0.0002939658589 0.01880153641
v -0.008849089965 -0.0003260225349 0.02570556663
v -0.008846495301 0.0007614020142 0.02382698096
v -0.008845972829 3.604898302e-05 0.02398929931
v -0.008845476434 0.001597240102 0.01921613887
v -0.008845454082 -0.0004768336075 0.02569814958
v -0.008843163028 0.001553543843 0.01926993392
v -0.008841753006 0.0001264699094 0.01882095821
v -0.008839977905 -0.001384179923 0.02558660507
v -0.008839200251 -0.001372719649 0.0138574224
v -0.008837572299 0.0008273075218 0.01899916492
v -0.008837514557 0.001005496713 0.02558550611
v -0.008837272413 0.000992366462 0.01385775208
v -0.008836156689 -0.002037948463 0.01409296598
v -0.00883612968 -0.003374687396 -0.004842743743
v -0.008833940141 -0.001982905902 0.01401048992
v -0.008832892403 -0.0006755925715 0.02395589277
v -0.008831683546 -0.0007362322649 0.01382856444
v -0.008829862811 -0.0007776598795 0.02567627467
v -0.00882853847 0.0007520892541 0.01383693516
v -0.008828445338 0.001603669487 0.01401326992
v -0.008824814111 0.001475936966 0.02350816689
v -0.008817174472 0.001508999499 0.01931795292
v -0.008816190064 -0.002120789839 0.02348192595
v -0.008815934882 -0.001363849267 0.02373769507
v -0.008815079927 -0.002073717304 0.02342986502
v -0.008811816573 -0.001722924993 0.0192355942
v -0.008806507103 0.00175686786 0.02523080446
v -0.008800517768 -0.001015187125 0.01893116161
v -0.008790724911 -0.001980492612 0.01394700725
v -0.00878970325 -0.002025826368 0.02338359877
v -0.008787891828 -0.001210046699 0.02562725358
v -0.008785997517 0.001601747354 0.01394954696
v -0.008785705082 0.00178972201 0.01947935484
v -0.008785496466 0.001840120181 0.01942936704
v -0.008785406128 0.001442333218 0.02347636968
v -0.008782407269 0.0007500432548 0.02381975576
v -0.008777775802 0.001474723336 0.01934936084
v -0.008776234463 -0.001195669058 0.02380209602
v -0.008776014671 -0.001195642864 0.01899834163
v -0.008775862865 0.0007950175204 0.02380161919
v -0.008773262613 0.0008152357186 0.01900609955
v -0.008765664883 -0.001375744701 0.02560254745
v -0.00876100082 0.001738454564 0.01952368394
v -0.008752229623 -0.001694993 0.01925806329
v -0.008751169778 -0.001350474311 0.02373177558
v -0.008750336245 -0.001989065204 0.02335354872
v -0.008748264052 0.002296015853 0.01010600198
v -0.00874703005 -0.002300156513 0.01010600384
v -0.008743943647 0.001119142049 0.02558038756
v -0.008734893054 -0.002375620184 0.0196834337
v -0.008732334711 -0.002431634115 0.01963740773
v -0.008732008748 -0.001589460182 0.02556496114
v -0.008728266694 -0.001971383113 0.0139031969
v -0.008725430816 0.001412360929 0.02345516905
v -0.008723423816 0.001592662069 0.01390629821
v -0.008723176084 0.00310483668 0.005008456297
v -0.008721666411 0.001699312474 0.01955218986
v -0.008721506223 -0.003108962672 0.005008456297
v -0.008717679419 0.001444265712 0.01937008277
v -0.008711392991 -0.002318806248 0.01972392946
v -0.008707164787 -0.002516753739 0.02510842867
v -0.008707154542 0.002070241608 0.0229943376
v -0.00870329421 0.002129196422 0.02303770557
v -0.008701296523 0.002134283073 0.02510200068
v -0.008699668571 0.002140035387 0.01418040227
v -0.008699363098 -0.002497170353 0.02295672148
v -0.008695077151 -0.002557032742 0.02299916372
v -0.008695043623 -0.002556035761 0.01418604795
v -0.008691420779 -0.002568141557 0.02508821711
v -0.008689809591 -0.001956645167 0.02333411574
v -0.008687164634 -0.002537319437 0.02517559007
v -0.00868597813 -0.001678900444 0.01926133782
v -0.008684321307 0.002010517055 0.02295628376
v -0.008682011627 -0.001485423883 0.01384807378
v -0.00868096482 0.002155054593 0.02516840771
v -0.008676812984 -0.00256823888 0.0141145261
v -0.008676752448 -0.002436556155 0.02291950397
v -0.008674284443 0.003730165539 -0.003031277331
v -0.008672277443 -0.00373426429 -0.00303126825
v -0.008672110736 -0.002275729552 0.0197495874
v -0.008670374751 0.002187454607 0.01411784906
v -0.008660667576 0.001665159129 0.01957008429
v -0.008658541366 0.00139551051 0.02345295809
v -0.0086578466 -0.001944119227 0.01388557255
v -0.008650590666 0.00142714486 0.01937212795
v -0.00864748098 0.002260890789 0.02010480501
v -0.008645067923 0.001965422183 0.02293236554
v -0.008643926121 -0.002547148848 0.02523337118
v -0.008640632033 0.002326084767 0.02006841265
v -0.008638360538 0.002165496117 0.02522613853
v -0.008637503721 -0.002390873851 0.02289614268
v -0.008633983321 -0.002570253564 0.01405349933
v -0.008628214709 0.002190187806 0.0140566919
v -0.008626190014 0.002194995759 0.02013652585
v -0.008625937626 0.001683032722 0.01390302926
v -0.008622035384 -0.001939002657 0.02333320864
v -0.008610562421 0.003778032959 -0.0003925217025
v -0.008610514924 -0.002772105858 0.02033223026
v -0.008610235527 -0.002238790737 0.01976497658
v -0.008608529344 -0.003782099811 -0.0003925224009
v -0.008601769805 -0.002841103124 0.02030152269
v -0.008598126471 0.00179746747 0.01392016187
v -0.008594715036 -0.002038533567 0.02323858999
v -0.008594485 -0.002038677456 0.01956143416
v -0.008594482206 0.001638539252 0.02323840745
v -0.008592109196 0.001647037221 0.01957012713
v -0.008591130376 0.002427463885 0.02232974954
v -0.008590202779 -0.002702518599 0.02035884373
v -0.008586990647 0.002145776525 0.02015607804
v -0.008584275842 -0.002545681782 0.025275141
v -0.008582710288 0.00192713202 0.02291840129
v -0.008581865579 -0.002853274811 0.02225855179
v -0.008581336588 0.002498473506 0.02235678956
v -0.008578698151 0.002164107049 0.02526736632
v -0.008574969135 -0.002352251671 0.02288256958
v -0.00857372582 -0.002562480746 0.01401021797
v -0.008571587503 -0.002925200388 0.02228372172
v -0.008571376093 -0.002331207506 0.02536903322
v -0.008571363054 0.002355932025 0.02230636217
v -0.008568841033 -0.00236342568 0.01205913723
v -0.008567921817 0.002182509052 0.01401387248
v -0.008566195145 0.001874618698 0.01393409446
v -0.008562349714 -0.002780849347 0.022236811
v -0.008554587141 -0.002365789143 0.01395177376
v -0.0085520586 0.002534987172 0.02083844133
v -0.008551034145 -0.002650836483 0.02037505992
v -0.008540277369 -0.002220427152 0.01976331137
v -0.008540105075 0.00260998914 0.02082169987
v -0.008538361639 -0.002972255228 0.02105478384
v -0.008533411659 0.002459588228 0.02085285448
v -0.008532221429 0.002587838331 0.02159285545
v -0.008532210253 0.002303005895 0.02229221351
v -0.008530879393 -0.003034864087 0.01433627959
v -0.008530786261 -0.00299267075 0.02149869315
v -0.008528175764 -0.0001999993692 0.02571000904
v -0.008527033962 0.004042543471 -0.004699743353
v -0.0085263988 -0.0002506550518 0.02570838667
v -0.008525627665 -0.003048695857 0.02104431391
v -0.008524390869 -0.0003000027791 0.02570656314
v -0.008523949422 0.002102890285 0.02530588582
v -0.00852347631 0.002104996936 0.02016674727
v -0.008523205295 -0.002727342537 0.02222373523
v -0.00852012448 -0.002895490499 0.02106372826
v -0.008519126102 0.002664906206 0.02159879543
v -0.008517602459 -0.003069918137 0.02150161937
v -0.008516902104 -0.0003000000142 0.02570657246
v -0.008515732363 -0.002532546874 0.02529424988
v -0.008514165878 0.002510476159 0.02158781141
v -0.00851278007 -0.002915131161 0.02149616368
v -0.0085119633 0.00190875493 0.02292072773
v -0.008503950201 -0.002333953278 0.02288494632
v -0.0085004922 0.002183634322 0.02527407184
v -0.008494290523 0.002404220868 0.02086143009
v -0.00849009119 0.002740905154 0.02481485717
v -0.008489914238 -0.0007084705285 0.02568208426
v -0.008486775681 -0.002608625218 0.02038355358
v -0.008485923521 -0.0003000008874 0.02567845769
v -0.008485384285 -0.002124225488 0.0139092803
v -0.008483939804 -0.003121918999 0.01429881994
v -0.008481008001 -0.002839265391 0.02106904611
v -0.008478464559 0.002735932358 0.01430469565
v -0.008475058712 0.002453883644 0.02158482559
v -0.008473671973 -0.002858436434 0.02149465308
v -0.008468848653 -0.002688889625 0.02522901446
v -0.008467534557 0.002260161797 0.02228498645
v -0.008465507068 0.003887597937 0.002164286328
v -0.00846543815 0.0005835668417 0.02565575764
v -0.00846341718 -0.003891584929 0.00216428726
v -0.008458332159 -0.002684199018 0.02221718617
v -0.008450863883 0.002087011002 0.02016353048
v -0.008446780965 -0.004196035676 -0.004663366824
v -0.008441519924 -0.003129732329 0.01424236223
v -0.008439851925 -0.001142635127 0.02563657798
v -0.008436629549 0.002744161524 0.01424818393
v -0.008428738452 0.002360228449 0.02086555026
v -0.008415134624 -0.002794869011 0.0210715197
v -0.00841508247 0.002380535007 0.0136878863
v -0.008413802832 -0.002384494292 0.01368787978
v -0.008412975818 -0.002591142198 0.02037999034
v -0.008409039117 0.002409351524 0.02158347145
v -0.008408944122 0.002201502444 0.02239524946
v -0.008408689871 -0.002601874527 0.022395771
v -0.008408503607 0.002201745752 0.02040411904
v -0.008407610469 -0.002813844942 0.02149394527
v -0.008398775011 -0.002880402841 0.01409094036
v -0.008395919576 -0.002364297397 0.01395128202
v -0.008393053897 0.002243080642 0.02228844538
v -0.008384120651 -0.003125319956 0.01420073677
v -0.008383547887 -0.002667279681 0.02222059108
v -0.008383094333 0.002998281503 0.01450717263
v -0.008379201405 0.00273965369 0.01420702972
v -0.008375609294 0.002394884126 0.01406292431
v -0.008361426182 -0.001587860286 0.02556511573
v -0.008361136541 -0.00344784651 0.01453433465
v -0.008361117914 0.003048898885 0.02462595515
v -0.008352851495 0.002344046021 0.02086301334
v -0.008351960219 0.003068238962 0.01953660883
v -0.00834952388 0.001248524408 0.02555307932
v -0.00833873637 -0.002779081697 0.02106973156
v -0.008332400583 0.002393761883 0.0215845909
v -0.008330911398 -0.002798299771 0.02149437182
v -0.008330155164 -0.002800054615 0.02139994502
v -0.008329774253 0.002400235506 0.02139975503
v -0.00832220912 0.002699553967 0.01417567488
v -0.008320715278 0.003138326108 0.02456572093
v -0.008319620974 -0.003539522644 0.02456328459
v -0.008316959254 -0.001781705418 0.0255244635
v -0.008301054128 -0.003553888295 0.02462754212
v -0.008300114423 0.003375869244 0.009611438029
v -0.008298299275 -0.003379771486 0.009611442685
v -0.008298082277 -0.0003190172138 -0.004593142774
v -0.008296193555 0.003165303497 0.0246211607
v -0.008295074105 -0.0005040552933 0.00487605622
v -0.008288729936 0.0004919169005 -0.004588543437
v -0.008287903853 -0.0005042225239 -0.004588390235
v -0.008285643533 0.003212791402 0.01463280153
v -0.008274981752 0.002630679403 0.01414801553
v -0.008266782388 -0.003626805265 0.01456838381
v -0.008261486888 0.003237742698 0.01457605883
v -0.00825892482 -0.003568746615 0.02467659116
v -0.008257029578 -0.002696812386 0.01403285842
v -0.008254694752 -0.003293962218 0.02491009049
v -0.008254550397 0.003180187661 0.02467053942
v -0.008252245374 0.004044793546 0.004602435976
v -0.008251375519 -0.000299999956 0.02545748092
v -0.008250070736 -0.004048669245 0.004602427129
v -0.008249709383 -0.003290452994 0.0142658446
v -0.008225487545 0.004565216601 -0.003148900578
v -0.008224912919 -0.003639439121 0.0145179797
v -0.008223031648 -0.004569078796 -0.003148897318
v -0.008220105432 0.003250566311 0.01452560164
v -0.008219281211 -0.001129976823 -0.004556025378
v -0.008217038587 0.001189995324 0.004876115359
v -0.008209886961 0.001190126874 -0.004550820217
v -0.00820449274 -0.003570225555 0.02471447177
v -0.008200101554 0.003181196749 0.02470831573
v -0.008192854002 0.00129169249 -0.004542632494
v -0.008189920336 0.00182390213 0.02540486678
v -0.008183982223 0.003065021476 0.02480175346
v -0.008173356764 -0.003841146594 0.01478611305
v -0.008170610294 -0.003638796275 0.0144791808
v -0.008165813051 0.003249697853 0.01448715944
v -0.008150430396 0.002895641839 0.01426779106
v -0.008143679239 -0.003557609627 0.02473630384
v -0.008141212165 0.004614100326 -0.0005775714526
v -0.008138732985 -0.004617914092 -0.0005775811151
v -0.008138711564 -0.002356940182 0.02536038682
v -0.00813353993 0.003180494299 0.02472197078
v -0.008127925918 -0.00392867066 0.01920155995
v -0.00810401421 0.003464262933 0.01156870462
v -0.008102150634 -0.003468059236 0.01156871673
v -0.008086985908 0.004813702777 -0.004490994383
v -0.008085264824 0.002104884246 0.02530570701
v -0.008081302978 -0.003694963176 0.02463775687
v -0.008062027395 -0.003103170078 0.01417811122
v -0.00805336982 -0.001926219207 -0.004476338159
v -0.008035532199 -0.003785923123 0.01456541568
v -0.008011658676 0.002077021403 -0.00445494568
v -0.007993039675 0.003774328856 0.0150467949
v -0.007990525104 -0.002172333188 0.00487628486
v -0.007984749041 -0.002717587398 0.02521678805
v -0.007984106429 0.003789017908 0.02405816317
v -0.007983271033 -0.002173007466 -0.004442205653
v -0.007978129201 0.003503881162 0.01465148013
v -0.007971569896 -0.004990934394 -0.004437550902
v -0.007967494428 0.004731824156 0.001878990792
v -0.007966981269 0.002368094632 0.02519379556
v -0.007966857404 -0.003289451124 0.01426467858
v -0.007964950055 -0.004735542927 0.001878988231
v -0.007950001396 0.0007949746214 0.0189979095
v -0.007950000465 -0.002602089196 0.02239497006
v -0.007950000465 -0.001282533631 0.02202499472
v -0.007950000465 -0.0008250034298 0.02248252928
v -0.007950000465 -0.0002000016393 0.018799996
v -0.007950000465 -0.0002000015229 0.02400000207
v -0.007950000465 0.0004250002385 0.02031746693
v -0.007950000465 0.0004250013153 0.02248253487
v -0.007950000465 0.001049997984 0.02139999717
v -0.007950000465 0.002202084986 0.02239497006
v -0.007950000465 0.002202085918 0.02040502615
v -0.007949999534 -0.002038479084 0.02323847264
v -0.007949999534 -0.001450001146 0.0214000009
v -0.007949999534 -0.001282531884 0.02077500522
v -0.007949999534 -0.001194977784 0.02380208857
v -0.007949999534 -0.0008250008686 0.02031746134
v -0.007949999534 -0.0002000020613 0.02264999412
v -0.007949999534 -0.000200001421 0.02015000209
v -0.007949999534 0.0008825305267 0.0207750015
v -0.007949999534 0.0008825316327 0.02202500589
v -0.007949999534 0.001638475456 0.01956152357
v -0.007949999534 0.001638477086 0.02323847264
v -0.007949999534 0.00239999895 0.02139999531
v -0.007949998602 -0.002800002461 0.0214000009
v -0.007949998602 -0.002602088498 0.02040502615
v -0.007949998602 -0.002038476989 0.01956152357
v -0.007949998602 -0.001194976736 0.01899791695
v -0.007949998602 0.0007949760766 0.02380209416
v -0.007948668674 0.003492607968 0.01326891501
v -0.007946789265 -0.003496320685 0.01326891966
v -0.007899368182 -0.004057924729 0.01477111969
v -0.007896206342 0.003384895856 0.01456459705
v -0.0078631863 -0.004392880015 0.02386878803
v -0.007845481858 -0.004421514925 0.02384043485
v -0.007837926969 -0.004417219665 0.02391709946
v -0.007832235657 0.004025507253 0.02390858531
v -0.007802703418 -0.002698623575 -0.004353181925
v -0.007799900137 -0.003595218761 0.01443763077
v -0.007797642145 -0.004433250986 0.02395773679
v -0.007792270277 0.004041938577 0.02394896373
v -0.007787940092 -0.004496339709 0.01526143122
v -0.007782982197 0.004104079213 0.01526965201
v -0.007773762569 -0.004290257115 0.02414530143
v -0.007760407403 0.002823209856 0.00487646088
v -0.007757549174 0.004372584634 0.009041782469
v -0.007755197585 -0.004376190249 0.009041785263
v -0.007748521399 -0.004436473362 0.02399101667
v -0.007747979369 -0.00451069884 0.01521957852
v -0.007744837552 0.002844303846 -0.004323910456
v -0.00774337491 0.004118513782 0.0152277695
v -0.007743275724 0.004045252688 0.02398191206
v -0.00773323141 -0.004360932857 0.02407796122
v -0.007722537033 -0.003200134495 0.02496642806
v -0.007720768452 0.004902649671 0.004200020805
v -0.007718130946 -0.004906237591 0.004200027324
v -0.007713710889 0.005334877409 -0.003229417605
v -0.00771084195 -0.00533846207 -0.003229408758
v -0.007709096652 -0.0004644673027 0.007074573543
v -0.007708854508 -0.0003000001889 0.02495310828
v -0.007699163165 -0.00451226579 0.015185358
v -0.007694622967 0.004119839519 0.01519376878
v -0.007689599413 0.004035289399 0.02400471829
v -0.007672483101 0.002891267417 0.02491134591
v -0.007645966019 -0.004500517622 0.0151623534
v -0.007645438425 -0.004727934022 0.01555660553
v -0.007637189701 0.00109654828 0.007074628491
v -0.007616804913 0.005377461668 -0.0007203824352
v -0.007613914087 -0.00538099464 -0.0007203728892
v -0.007599201985 0.004184704274 0.02384695411
v -0.007597174961 0.005513000768 -0.00424979534
v -0.007596262731 -0.00478562247 0.02350181341
v -0.007592500187 0.004391111434 0.02349389717
v -0.007592277136 -0.00459598517 0.02383393236
v -0.007585088257 9.823969594e-05 0.02611566894
v -0.007582843304 9.824253357e-05 0.0261204876
v -0.007558807265 -0.0005151383812 0.02609753795
v -0.007556984201 -0.004803175572 0.02353608981
v -0.007553933654 0.004458289593 0.01569403522
v -0.007553495001 0.004408770241 0.02352811769
v -0.007553460542 0.0005882627447 0.02608525567
v -0.00755000161 0.0008825291879 0.02077499405
v -0.007550001144 -0.001336067333 0.02006888203
v -0.007550001144 0.0008825302939 0.02202499658
v -0.007550000679 -0.0002000027453 0.02014999464
v -0.007550000679 0.0004249960766 0.02248252556
v -0.007550000679 0.0008727808599 0.02001737803
v -0.007550000213 -0.001700000605 0.02066685446
v -0.007550000213 -0.0008250019164 0.02248253487
v -0.007550000213 -0.0006347295712 0.0230951421
v -0.007550000213 0.0008727820823 0.02278261632
v -0.007550000213 0.001371601014 0.02063021809
v -0.007549999747 -0.001700000837 0.02213314734
v -0.007549999747 -0.001670566504 0.02048934624
v -0.007549999747 -0.001449999632 0.02140000649
v -0.007549999747 -0.0008249993552 0.02031746879
v -0.007549999747 -0.000634728116 0.01970486157
v -0.007549999747 -0.0002000005479 0.02265000157
v -0.007549999747 0.000155241738 0.01968643814
v -0.007549999747 0.001549998531 0.02139999904
v -0.007549999282 -0.001670565223 0.02231066115
v -0.007549999282 -0.001585418242 0.02246917225
v -0.007549999282 -0.001585417078 0.02033083327
v -0.007549999282 -0.001336064772 0.02273111418
v -0.007549999282 -0.001282533631 0.02077499777
v -0.007549999282 0.0001552391623 0.02311356924
v -0.007549999282 0.001049999148 0.02140000276
v -0.007549999282 0.001371601247 0.02216978744
v -0.007549998816 -0.001282532467 0.0220250003
v -0.007549998816 0.0004250014317 0.02031747252
v -0.007547649555 -0.0003000001889 0.02478667721
v -0.007544772234 0.004478048999 0.01100288238
v -0.007542364765 -0.004481545184 0.01100288332
v -0.007537549827 0.004481355194 0.02329548635
v -0.007532676216 0.003994609229 0.01506331097
v -0.007528658025 -0.004880329594 0.01564949937
v -0.007523771841 0.00448695384 0.01565676555
v -0.007517030463 0.00430335803 0.01535941567
v -0.007513129152 -0.004709351808 0.01536679268
v -0.00751058571 -0.004808882717 0.02356506512
v -0.00750718778 0.004414325114 0.02355693467
v -0.007489859127 -0.004895168357 0.01561221015
v -0.007485262118 0.004501969088 0.01561955549
v -0.007479366846 -0.004124455154 0.01482704561
v -0.007477262057 0.004363997839 0.01542151999
v -0.007471635472 -0.003436267143 -0.004186138976
v -0.007469084114 -0.005674685352 -0.004184945952
v -0.007460765541 -0.001160892542 0.02600270696
v -0.007457965054 -0.004989359528 0.02313073538
v -0.007443855982 0.001250048284 0.02597851865
v -0.007443771698 -0.004898014013 0.01558082923
v -0.007439282723 0.004504754208 0.01558836736
v -0.007436690386 0.001553533948 0.007074770052
v -0.007436688989 -0.001953537343 0.007074772846
v -0.007428463548 -0.002001739806 0.007074777037
v -0.007426640484 0.005490524694 0.001642986899
v -0.007425817661 -0.0002818391076 0.01582415588
v -0.00742472196 0.003525955835 -0.004162876867
v -0.007423688658 -0.005493953824 0.001642984222
v -0.007417665329 -0.003662778065 0.02466153167
v -0.007401966956 -0.0008056068909 0.01584045961
v -0.007401054725 0.0004867718089 0.01584673859
v -0.007391441613 0.004509541672 0.01278596185
v -0.007389016449 -0.004512950778 0.01278596278
v -0.007383709308 -0.0001741925807 0.01965015382
v -0.007382667158 -0.001021882053 0.01585456729
v -0.00737564778 -0.002277665073 0.00694387313
v -0.007374905515 0.0001554406335 0.01968684234
v -0.00737420423 -0.0003000018769 0.02461642027
v -0.007372136693 -0.005092046224 0.02303051762
v -0.007369204424 0.00469577685 0.02302256413
v -0.00736448355 -0.0006348302704 0.01970514841
v -0.007359937299 0.0003604014346 0.01974242926
v -0.007357846946 -0.0007109661819 0.01972655766
v -0.007356747985 -0.0008031689795 0.01582891122
v -0.007352792658 0.0004184025456 0.01583027281
v -0.00735088205 -0.004965449218 0.02335566655
v -0.007347302977 0.004570388235 0.02334567718
v -0.007347150706 0.0003016853589 0.008461925201
v -0.007342891302 -0.004963829648 0.01564660855
v -0.007342094555 -0.0004396751465 0.008451520465
v -0.007340631913 0.001382900402 0.01493949816
v -0.007340525277 -0.002272125566 0.007074850611
v -0.007336060982 0.001396509237 0.01494149119
v -0.007333822083 -0.005111431237 0.02305657975
v -0.007332726847 0.004303475842 0.01536018495
v -0.007331434172 0.001410248224 0.01494491659
v -0.007331115194 0.004715241026 0.02304850146
v -0.007322039455 0.001646086108 0.02592672408
v -0.007321153302 -0.001649462036 0.02592673153
v -0.00731895864 -0.003729545278 0.004876785912
v -0.007315351162 -0.000427512743 0.00839428138
v -0.007311466616 -0.003730762284 -0.004103631247
v -0.007308624219 0.001236627344 0.01592060551
v -0.007306850515 0.0002697810705 0.008375692181
v -0.007306203246 0.001546844956 0.01496460475
v -0.007304182742 -0.0001739185245 0.01963354647
v -0.007298736367 0.001042006654 0.008357887156
v -0.007297738455 -0.005196573678 0.01724665798
v -0.00729670329 0.004466016311 0.01445010398
v -0.007294619456 -0.0008010199526 0.01579133607
v -0.007294302341 -0.004469378386 0.01445009932
v -0.00729220733 0.0008401575033 0.01999277994
v -0.007290759124 0.000415907416 0.01579278894
v -0.007290243637 -0.001196538215 0.01996150799
v -0.007289910223 -0.005120286252 0.0230792854
v -0.007288818248 -0.005207776558 0.01619153656
v -0.007287304848 0.004723994061 0.02307101525
v -0.007284577936 -0.005203327164 0.01610282995
v -0.00728310924 -0.001183607965 0.00832570903
v -0.007281648461 0.0003596420283 0.01972508803
v -0.007280682214 0.004808040336 0.01611146703
v -0.007279538084 -0.0007097849157 0.01970918663
v -0.007277009077 0.003470446682 0.02450448461
v -0.007276393939 -0.001862297067 0.02582048811
v -0.007275166921 0.0003594880691 0.01576961018
v -0.007274365053 -0.00112607237 0.008306959644
v -0.00727244094 0.001881840173 0.02580791712
v -0.007268648129 0.0017095207 0.01499324758
v -0.007267359179 -0.0006816762034 0.01509572472
v -0.007264296524 0.004838106222 0.01822689176
v -0.007264016662 -0.0008494075155 0.01503264345
v -0.007263046689 -0.001825201092 0.01594430767
v -0.00726176938 0.0005101215793 0.01590434834
v -0.007261385676 0.00102952274 0.01716823131
v -0.007256262936 -0.0004113931209 0.01569173113
v -0.007255864795 -0.0001660626585 0.01590645313
v -0.007255590986 -0.001005748287 0.01501130592
v -0.007253665477 -0.0006579378969 0.01536241546
v -0.007251247298 -0.0008011257742 0.01573612168
v -0.007251063827 -1.670132974e-06 0.02672391571
v -0.007249084767 0.0009655063041 0.008251653053
v -0.007246760651 -0.005221518222 0.01607621089
v -0.007245103829 -0.001265517552 0.01498656161
v -0.007244603243 0.004715998191 0.02309926227
v -0.007243146654 -0.0003000020515 0.02446980588
v -0.007243094034 0.004826418124 0.01608527452
v -0.007241927087 0.001822209684 0.01501343027
v -0.007240147796 -0.005122367293 0.0230883453
v -0.007238972932 -0.0006228593993 0.01565384865
v -0.007237727754 -0.000173040462 0.01958682947
v -0.007236163598 -0.0006661801599 0.0156221278
v -0.007236052305 -0.0006597437314 0.01563545316
v -0.007235539611 0.002473607427 0.006643407978
v -0.007233593147 0.004875819664 0.01632930711
v -0.007231358904 -0.001498133643 0.01498358417
v -0.007230974268 0.001638749614 0.01598116383
v -0.007229292765 0.000874156889 0.01592149585
v -0.007229019888 -0.0008034430211 0.01566697657
v -0.007227728143 -0.0008054380305 0.01562933996
v -0.007226925809 -0.0009930859087 0.01510349568
v -0.00722546922 0.004885553848 0.02250481769
v -0.007217145991 0.0008404329419 0.0199743975
v -0.007217120379 0.001161277411 0.01587426104
v -0.00721708918 -0.001656216802 0.01716555282
v -0.007216417696 0.002601507353 0.007074941881
v -0.00721636368 0.001775703626 0.01500847749
v -0.007216306869 0.0005238255253 0.02671311237
v -0.007215895224 0.0003694193438 0.01968025602
v -0.007215016987 -0.001196593861 0.0199430529
v -0.007213779259 -0.0007179781678 0.01966403052
v -0.007212721743 0.004749894142 0.01590699703
v -0.007203535642 -0.005229356233 0.01605296694
v -0.007200863212 0.004493896384 0.01556484867
v -0.007199998014 0.004834334832 0.01606246084
v -0.007196231745 0.001218869817 0.02037539147
v -0.007196156774 -0.001585418591 0.02033082396
v -0.007195565384 -0.0001719155698 0.019517418
v -0.007195307873 0.001788489171 0.008136088029
v -0.007193443365 -3.566754458e-05 0.01690135151
v -0.007191743236 -0.001991849625 0.01596044935
v -0.007190548349 0.001315238653 0.01595682278
v -0.007188562769 -0.005321927834 0.0225037653
v -0.007186920848 0.004923793487 0.02249675617
v -0.007185411174 -0.005188247655 0.01596700773
v -0.007184150163 -0.0001706466137 0.01943692937
v -0.00718251057 -0.0003067824582 0.01943987608
v -0.007179866079 0.0007825457142 0.01691571996
v -0.007175012957 0.00202563894 0.01502409671
v -0.007174756844 0.002069632988 0.01502463035
v -0.007173486054 0.0003880281292 0.0196148213
v -0.007172992919 -0.0004072543816 0.01691545174
v -0.007172229234 0.0007964085671 0.02669858187
v -0.007171801291 -0.0007997044013 0.02669858001
v -0.007171751466 0.001627951046 0.01596701704
v -0.007171391509 -0.0007345330669 0.01959802583
v -0.007170340512 -0.005351814907 0.02230539173
v -0.007169827819 -0.0003628061968 0.01592793874
v -0.007169590332 0.00525841862 0.008467815816
v -0.007168681826 -0.001301644719 0.01513064839
v -0.007167172618 -0.0009704052354 0.01596363634
v -0.007166763768 -0.005261710379 0.008467817679
v -0.007164633833 -0.001941853669 0.01503219455
v -0.007161844987 0.005657864735 0.003854691517
v -0.007160753477 0.0004124910629 0.0195394773
v -0.007159474306 0.001475047902 0.01597570255
v -0.007158803754 -0.005661150906 0.003854694078
v -0.007158697583 -0.0007566357963 0.01952194422
v -0.007158128079 -0.001670183381 0.0204889942
v -0.007158109918 0.0008675525314 0.01593465917
v -0.007157865912 -0.005226125475 0.01603475772
v -0.007154509425 0.001703431713 0.01709049009
v -0.007153255399 0.0008585156174 0.01993484609
v -0.007152390201 0.006026051007 -0.003249749076
v -0.007151097059 -0.005342445802 0.02252143808
v -0.007151033729 -0.001213494805 0.01990288682
v -0.007150354795 0.0001960198861 0.01759827882
v -0.007150331512 0.004836570937 0.01605371945
v -0.007149644662 0.004944358487 0.02251432277
v -0.007149165962 0.001983100316 0.01604452543
v -0.007149149198 -0.006029335316 -0.003249748144
v -0.007140646689 -0.00462093018 0.01527759153
v -0.007140240632 0.001667815144 0.008018299937
v -0.0071398695 0.00137175282 0.02062993869
v -0.007135462016 -0.00173945725 0.01504543982
v -0.007133244537 0.004995665047 0.01666078717
v -0.007131994702 -0.0008142198203 0.01694565266
v -0.007131740917 -0.001985556213 0.01592322811
v -0.00713060936 -0.001700001303 0.02066685818
v -0.007128254976 0.002430336783 0.007075003814
v -0.007127776742 -0.0004048054689 0.01690391824
v -0.00712713832 0.0008750885609 0.01945453323
v -0.007125348318 0.0012226135 0.02035770379
v -0.007125196978 -0.001945351483 0.01509150956
v -0.007125074975 0.001712024328 0.016004676
v -0.007124777418 -0.00158889126 0.02031303383
v -0.007124150172 0.0008167683845 0.01690529473
v -0.007123932708 -0.0001627868332 0.02315018699
v -0.007117955945 0.002114784671 0.0150776552
v -0.007116817404 -0.00104874128 0.02667961456
v -0.007114890032 0.0001554866176 0.02311388403
v -0.007114359643 0.00108363654 0.01756278798
v -0.007110539824 -0.001930784318 0.01516082045
v -0.007110284641 0.0008916327497 0.01987981051
v -0.00710927695 0.001772155869 0.01601460576
v -0.007109106053 -0.00535365846 0.02253719047
v -0.007108099759 -0.001245066174 0.01984675787
v -0.00710775191 0.004955481738 0.02252993733
v -0.007107194979 0.006094077602 -0.00399540225
v -0.007106650155 -0.000356847333 0.01596648805
v -0.007106563076 -0.002233859152 0.007948459126
v -0.007104995195 -0.0006854208768 0.01757583208
v -0.007104606368 -0.0007021133788 0.02307633683
v -0.007104218937 -0.00542184338 0.01663774624
v -0.007102401461 0.005023956299 0.01664485596
v -0.007101002149 0.0003721159883 0.02305429243
v -0.007098862901 -0.000355973898 0.01597396657
v -0.00709702028 0.002317678649 0.01511765271
v -0.007096733898 -0.001827801927 0.01573891379
v -0.007096143905 0.001462971326 0.02085377462
v -0.007094888482 0.0008600244182 0.0159732867
v -0.00709419651 0.0009348089225 0.01981765591
v -0.00709283445 -0.001718922169 0.01510632504
v -0.007092183921 -0.001286374871 0.01978317089
v -0.007091687061 -0.002323503373 0.01708623767
v -0.00708937319 -0.001678899396 0.02047607116
v -0.007089026738 -0.001985563664 0.01586962678
v -0.007088304497 0.001585693331 0.0169894509
v -0.007088087965 -0.00544809131 0.02192800678
v -0.007087460719 -0.001499244128 0.01945260912
v -0.007087106351 0.0008589292411 0.01598078571
v -0.007084851619 0.001910185558 0.01603407599
v -0.00708403578 -0.004117638804 0.02430044115
v -0.007077004761 0.001963074086 0.01602404751
v -0.007076491136 -0.005461282097 0.01691010408
v -0.007072144654 -0.0002999999851 0.02428683639
v -0.007069861051 -0.001699998742 0.02140009776
v -0.007067187224 -0.005442204885 0.01662251167
v -0.00706698047 0.002271903912 0.01610635966
v -0.007065713871 -0.00199176115 0.01580294967
v -0.007065618876 -0.0004026380775 0.01686639711
v -0.007065560203 0.005044376012 0.01662971079
v -0.007063920144 0.001247630571 0.02032679133
v -0.007063662168 -0.001711857156 0.02066142671
v -0.007063218392 -0.00161326048 0.02028118446
v -0.007063116878 -0.001997222193 0.01576665789
v -0.007062085904 0.0008142919978 0.01686784998
v -0.007059976459 -0.004138724413 -0.003971773665
v -0.007059644442 -0.0003505586064 0.0160311833
v -0.007058171555 -0.005359348841 0.01632128097
v -0.007057131268 -0.002660985105 0.01610122994
v -0.007057108451 2.596460945e-05 0.01608815603
v -0.007056391798 0.005077226087 0.02193397842
v -0.007055431604 -0.005367108621 0.02251379192
v -0.007055328693 0.006053572055 -0.0007905157399
v -0.007055168971 -0.001191347954 0.02284212038
v -0.007053122856 -0.0001199103572 0.01609171182
v -0.007052074187 -0.00605680421 -0.0007905157399
v -0.007051039021 0.000850893266 0.02280001342
v -0.007050537039 -0.0001627724414 0.02316421457
v -0.007050001062 -0.001700000837 0.02066685073
v -0.007050001062 0.0002921332489 0.02014290541
v -0.007050001062 0.0008727805107 0.02001737431
v -0.007050001062 0.001371600782 0.02063021436
v -0.007050000597 -0.001700001187 0.02213314548
v -0.007050000597 -0.001670566853 0.02048934437
v -0.007050000597 -0.001232254552 0.02281313576
v -0.007050000597 -0.0009091988322 0.02025124058
v -0.007050000597 -0.0006347298622 0.02309513837
v -0.007050000597 0.0001552414178 0.01968643442
v -0.007050000597 0.0008727817913 0.02278261445
v -0.007050000597 0.001099357381 0.02176669799
v -0.007050000597 0.00153034518 0.02113847248
v -0.007050000597 0.001549998182 0.02139999531
v -0.007050000131 -0.001670565573 0.02231065743
v -0.007050000131 -0.001585418475 0.02246916853
v -0.007050000131 -0.001336064772 0.02006889321
v -0.007050000131 -0.001277996111 0.02058710903
v -0.007050000131 -0.0006347284652 0.01970485784
v -0.007050000131 -0.0002019428503 0.02005128004
v -0.007050000131 -0.0001989498996 0.02274897322
v -0.007050000131 0.0001552388421 0.02311356552
v -0.007050000131 0.0002806617122 0.02266153879
v -0.007050000131 0.000718474912 0.02041055262
v -0.007050000131 0.000859686581 0.02279268205
v -0.007050000131 0.001143896836 0.02127036452
v -0.007049999665 -0.001585417427 0.02033082955
v -0.007049999665 -0.001543779159 0.02153033018
v -0.007049999665 -0.001336065121 0.02273111045
v -0.007049999665 0.001371601014 0.02216978371
v -0.0070499992 -0.001700002234 0.02163405903
v -0.0070499992 -0.001413657446 0.02199034765
v -0.0070499992 -0.001116979402 0.02239103243
v -0.0070499992 -0.0006802228745 0.02013830096
v -0.0070499992 -0.0002000005043 0.00940000359
v -0.0070499992 0.0005118477275 0.0225470867
v -0.0070499992 0.001014322275 0.0208098907
v -0.007049998734 -0.001498015714 0.02102836221
v -0.007049998734 -0.000691531226 0.02265752852
v -0.007049998734 0.0008800610667 0.02221003734
v -0.007049085572 0.002066330751 0.01606109552
v -0.007047986146 0.0008522052085 0.01603816822
v -0.00704619661 0.004978563637 0.02247684076
v -0.007043365855 -0.002305494156 0.01512606163
v -0.007042983081 -0.002501782263 0.02557693794
v -0.00704293279 0.005099500529 0.01710452698
v -0.007041994948 -0.00162685907 0.01605573855
v -0.007041815203 -0.0003458129941 0.01610143855
v -0.007039720658 0.002107907785 0.01606831327
v -0.007037517149 0.002528599463 0.007797950879
v -0.007036109921 -0.0002000021923 0.009640276432
v -0.007034573704 -0.0004185709986 0.00960551016
v -0.007033585105 0.005110131111 0.02158990502
v -0.007033274509 -0.0002000005188 0.00965087954
v -0.00703244051 -0.0007018145989 0.02309069969
v -0.007030405104 0.0008464262355 0.01610863768
v -0.007029289845 -0.001709954464 0.02045673504
v -0.007029243279 0.0003720187233 0.02306860313
v -0.007029145025 0.001470976975 0.02084019594
v -0.007025968749 -0.005453676917 0.01660883985
v -0.007024541032 -0.005520309322 0.01722165197
v -0.00702286372 -0.0007921922952 0.009391980246
v -0.007022206206 -0.0004027306568 0.01681122184
v -0.007020343095 0.001290526357 0.02028664015
v -0.007020217832 -0.005497376435 0.02195064165
v -0.007019750308 0.005098012742 0.02194495872
v -0.007019745186 -0.001655395725 0.02023945749
v -0.00701927999 -0.0007093570312 0.009564157575
v -0.007019055076 0.001550536137 0.02138553187
v -0.007018676028 0.0008141905419 0.0168128144
v -0.007018391043 -0.002446000464 0.01516263187
v -0.007017839234 -0.003556388663 0.006176546216
v -0.007017586846 0.004202232696 -0.003950804472
v -0.007017543074 2.63458569e-05 0.0166881755
v -0.007013772614 -0.0001149553864 0.01669147052
v -0.007013042923 0.002220606897 0.01608853042
v -0.007011388894 0.0001801756734 0.0196918007
v -0.007011299022 -0.001943647745 0.01523004845
v -0.007010755129 0.002583308611 0.02553453669
v -0.007009974681 -0.001761350082 0.01607967727
v -0.007009734865 0.003214115975 0.006159168202
v -0.007006940898 -0.001700001303 0.02213314734
v -0.007004399318 -0.001745281392 0.02065660991
v -0.007003596984 -0.001711609657 0.02139449865
v -0.007003377192 -0.0002071098133 0.01965001971
v -0.007003373932 -0.001585416961 0.02246917039
v -0.007002733648 0.001229134621 0.02241107076
v -0.007002705242 0.002037132392 0.01705640182
v -0.007002652623 -0.005544656422 0.0213448219
v -0.007000965998 0.0005177102285 0.01980394311
v -0.007000036538 0.001345511409 0.02024267241
v -0.006999924313 -0.0004050431889 0.01674208604
v -0.006999721285 -0.001709287171 0.02019362524
v -0.00699897483 -0.001616036752 0.01606600173
v -0.006998603232 -0.0004070365685 0.01670446247
v -0.006997380406 0.002275445033 0.01609906368
v -0.006996294018 0.0008164306055 0.0167438332
v -0.006996012758 -0.00160972192 0.01704813354
v -0.006995551754 -0.001670278725 0.02231048979
v -0.006994974799 0.002364268526 0.01699115708
v -0.006994878873 0.0008184472099 0.0167062711
v -0.006993467454 -0.005548400804 0.01721312292
v -0.006993130315 0.005148665048 0.01721980423
v -0.006992339157 -0.001626509707 0.01705093682
v -0.006991949398 0.001974685816 0.01747818291
v -0.006988958456 0.001371914288 0.02217013016
v -0.006987359375 0.001246132189 0.01614288427
v -0.006987356115 -0.0001620727562 0.0232040938
v -0.006986386143 0.001470632385 0.02192304283
v -0.006986126304 -0.001193231321 0.02285606042
v -0.006985274144 -0.00175965426 0.02043332532
v -0.00698486343 0.004786406178 0.01596364193
v -0.006984645966 0.0004930182477 0.009771446697
v -0.006983802188 0.002646325622 0.01517484151
v -0.006982730702 0.002330354182 0.0161097236
v -0.0069825151 0.0008533312357 0.02281354181
v -0.006981736049 0.002537628403 0.01617112197
v -0.006981198676 0.002363671083 0.007677494548
v -0.006981163286 0.005057784263 0.01660476252
v -0.006981031969 -0.002273236169 0.0151648242
v -0.006979495287 -0.005509673618 0.02196062542
v -0.006979423575 0.0001958597131 0.02018362097
v -0.006979116704 0.00511019351 0.02195484564
v -0.006977932528 -0.001570425229 0.01750122942
v -0.006977822166 0.002428706503 0.02581043355
v -0.006977371871 0.002048125956 0.01607252099
v -0.006976516917 -0.002431893954 0.02581042238
v -0.006974529941 -0.0001519659854 0.02012759633
v -0.006973775104 0.003875734052 0.02415863797
v -0.006972684525 -0.0006133983843 0.01969952509
v -0.006971453317 0.0008694083663 0.02001477405
v -0.006970064249 0.001500628539 0.02082087658
v -0.006970013026 -0.000709167216 0.02312890999
v -0.006969803479 0.00153894187 0.02662461624
v -0.00696731545 -0.0003000003053 0.02415637672
v -0.006967225578 0.005076219793 0.0221282877
v -0.006967058405 0.0003807471949 0.02310621738
v -0.006966445129 -0.005584700499 0.01776971482
v -0.006964863278 -0.0002672211558 0.02019052766
v -0.0069642663 0.0001243863226 0.02017858811
v -0.006962550804 -0.001593438908 0.01703559235
v -0.006962344982 -0.001821542974 0.02040881105
v -0.006962007377 0.005081274547 0.01669064723
v -0.00696120644 0.0009584571817 0.02007708699
v -0.006960371044 0.00121378561 0.01665444858
v -0.006959905848 -0.001796795172 0.02065300941
v -0.006956987549 -0.005569096189 0.01720497385
v -0.006956824567 0.005169300828 0.01721171103
v -0.006956198253 0.001210337738 0.01673751511
v -0.006954595912 0.001561266487 0.02137931809
v -0.006954549812 -0.001582844765 0.02661897428
v -0.006952542812 0.005199992564 0.02075975016
v -0.006952500902 -0.00560006639 0.02076245099
v -0.006950948853 -0.0001990311575 0.02264999412
v -0.006950721145 -5.004215564e-05 0.02264096588
v -0.006950718816 -0.0003795928496 0.02263703384
v -0.006950471085 -0.001377721666 0.02181889489
v -0.006950434297 -0.0004691828799 0.02262066863
v -0.006950422656 -0.001344074728 0.02190358378
v -0.006950005889 0.0005884499406 0.02043003403
v -0.006950000301 -0.0004991806345 0.02018632554
v -0.00694999937 -0.0006446520565 0.02023175918
v -0.00694999937 5.257906741e-05 0.02017579041
v -0.00694999937 0.0002450566972 0.0225680843
v -0.006949998904 0.0002907774469 0.02254962735
v -0.006949987728 0.0006186030805 0.02045533434
v -0.00694997143 0.0005740799243 0.02238147147
v -0.006949961651 0.0006435260875 0.02232248336
v -0.006949942559 0.0006852453807 0.0205174759
v -0.006949942559 0.000769972452 0.022188453
v -0.006949940231 -0.0009424670716 0.02039439604
v -0.006949927192 0.0008553216467 0.02206992172
v -0.006949917413 0.000901321182 0.02199126221
v -0.006949902512 0.0008851445746 0.0207795538
v -0.006949891802 0.0009274628828 0.0208602529
v -0.006949889939 0.001017578295 0.02168284357
v -0.006949887611 -0.0008579997811 0.02246279642
v -0.00694988668 0.0003432301164 0.02027421631
v -0.00694988342 0.001034948858 0.02159339003
v -0.006949882023 0.0009678035858 0.02095420659
v -0.006949881092 -0.001179504441 0.02062341757
v -0.006949875969 -0.0009884508327 0.02236996964
v -0.006949875038 0.001042564167 0.02126387134
v -0.006949874107 0.001029346371 0.02117371745
v -0.006949868985 -0.001446269685 0.02149649709
v -0.006949864794 -0.00123347214 0.02069684304
v -0.006949842442 -0.001407961827 0.02107855491
v -0.006949841511 -0.001434246427 0.02120217681
v -0.006949838717 -0.0007788757212 0.02250788175
v -0.0069498308 -0.001381338341 0.02099141292
v -0.006949757691 -0.001112917904 0.02225385793
v -0.006949744653 -0.001172679942 0.02218510956
v -0.006949740462 -0.001449990319 0.02140545659
v -0.00694852462 0.004312084522 0.00487706624
v -0.006946685258 0.0009086474893 0.009399993345
v -0.006946656387 -0.005501346197 0.02202228457
v -0.006946357433 -1.586596341e-06 0.02704540454
v -0.006946282927 0.005370341707 0.01043135766
v -0.006946071051 -0.005501113366 0.01676367596
v -0.006944783963 -0.001744379173 0.02138953656
v -0.006943535991 0.002026368398 0.01704217494
v -0.00694339443 -0.005373513792 0.01043135766
v -0.006943377666 -0.0001609364554 0.02326448448
v -0.006942701992 -0.0005725790979 0.02020682022
v -0.006941366475 -0.001711187884 0.0221274253
v -0.006941303145 0.004312900361 -0.003910118714
v -0.006939811166 -0.002241269452 0.0152258249
v -0.006938532926 0.005215346813 0.02050945908
v -0.006937401369 -0.001591573237 0.02247967385
v -0.006937274709 0.001235897769 0.0224207826
v -0.006936451886 0.005113272928 0.02196322009
v -0.006935910322 -0.0015962912 0.01610408351
v -0.006935203448 -0.00186043256 0.02065100521
v -0.006934665143 -0.0006446503685 0.02023175731
v -0.006934280042 0.005219825543 0.01832084171
v -0.006930481177 -0.00562404003 0.01839666255
v -0.006930446718 -0.001680693822 0.02231359482
v -0.006928223185 -0.0015933963 0.01611160673
v -0.006927633658 0.001167605282 0.0203081388
v -0.006927380338 0.005123059265 0.01686521061
v -0.006926041562 0.00154835952 0.02079802193
v -0.006925957743 -0.006284198724 -0.003899010597
v -0.006925927009 -0.0007233993965 0.02318605036
v -0.006925626192 -0.001208784059 0.02288859524
v -0.006924850401 -0.004324352369 0.0241129268
v -0.006924377754 0.002799088601 0.01524248812
v -0.006924377289 -0.0001594492642 0.02333680354
v -0.00692421617 -0.0009837454418 0.01983531751
v -0.006923429668 -0.0007204170106 0.02029038221
v -0.00692336075 -0.0003045997 0.02333362401
v -0.00692293141 0.0003970368125 0.02316228487
v -0.006922683679 0.002382004866 0.01711947843
v -0.006922468543 0.001480874955 0.02192549594
v -0.006922338158 0.0008701839251 0.02284488454
v -0.00692158984 0.005227362737 0.02076350525
v -0.006920686457 0.002797607565 0.01524245832
v -0.006919653621 -0.0007619798998 0.02028344385
v -0.006917078514 -0.002976142336 0.01698505692
v -0.006917025428 0.002796055283 0.01524250675
v -0.006916983984 0.002057421952 0.01931542531
v -0.006916977465 -0.005638615228 0.01893665083
v -0.006916958373 -0.005638641305 0.0197915528
v -0.006916839164 -0.005581636447 0.01719757169
v -0.006916086655 0.002798983827 0.01549229026
v -0.00691427663 0.002027243143 0.01611079089
v -0.006912523415 -0.002200303599 0.008674548939
v -0.006910107099 -0.001480900915 0.009405734017
v -0.006910013035 -0.00305000064 0.005945313256
v -0.006910013035 0.002449999331 0.005945316516
v -0.006908690091 -0.001466261921 0.009478233755
v -0.006907227449 0.002798895584 0.01574211195
v -0.006906691473 0.002791457577 0.01526031084
v -0.006906602997 0.002024206566 0.01611835696
v -0.006905808579 -0.0007424621144 0.02325421944
v -0.006905131973 -0.003198968247 0.01551416889
v -0.006903073285 -0.0008730812697 0.02034669742
v -0.006902522407 -0.001587129664 0.01699841209
v -0.006902410183 0.0004187226295 0.0232291352
v -0.006902140565 0.0009780980181 0.009861543775
v -0.006901919842 0.001608476741 0.02077434212
v -0.006900309119 -0.001794975949 0.02138577402
v -0.006900191773 0.005250403192 0.01839824766
v -0.006899491418 -0.0056513655 0.01839450188
v -0.006897066254 0.001592476037 0.02137360722
v -0.00689430628 -0.002823446412 0.01813580096
v -0.006892594974 -0.003230359405 0.01553439535
v -0.006891549565 -0.003198824124 0.01587632485
v -0.006891204044 0.002783528762 0.0152997449
v -0.006890259683 -0.001575602451 0.01616947167
v -0.006890045479 0.002661873121 0.005902497098
v -0.006890044548 -0.003261872102 0.005902499426
v -0.006888939999 -0.004958348349 0.01564093679
v -0.006887484808 0.002798819682 0.01624168083
v -0.006885652896 0.005247773603 0.02076707967
v -0.006885537412 0.002895165002 0.01527516264
v -0.006885396317 -0.005647986662 0.02076981403
v -0.006883889902 0.002019362524 0.01700514182
v -0.006883791182 0.005268158857 0.01958095655
v -0.006883696187 -0.005668270867 0.01958056539
v -0.006883522496 -0.001395992236 0.0166347567
v -0.006883407943 -0.005575782154 0.01713082194
v -0.006883193273 -0.001743333065 0.02212235518
v -0.006882766262 0.001371507649 0.02063002996
v -0.006882568356 0.00277832849 0.01535778865
v -0.006881316192 -0.00123632059 0.02293591388
v -0.006879866589 0.002795746783 0.01624079794
v -0.006879038177 0.001260055113 0.02244213223
v -0.006878948305 -0.001614789013 0.02250269055
v -0.006877996493 0.0008993272786 0.02289037406
v -0.00687686773 -0.003198768245 0.01623849943
v -0.006876131054 -0.0003000023426 0.02404498309
v -0.006875739899 -0.000300029933 0.02405092865
v -0.00687522674 0.001237615477 0.009400000796
v -0.006875092164 -0.001857648487 0.02138363943
v -0.006874898914 -0.001560274744 0.01624087058
v -0.006874860264 -0.005585442763 0.02155032568
v -0.006874773186 0.005185366608 0.01719819009
v -0.00687452266 0.001737912884 0.02000368759
v -0.006872531492 -0.001710542594 0.02232337929
v -0.00687250495 0.004004204646 0.02403538488
v -0.006870053243 -0.001275774208 0.02001971006
v -0.006868874189 0.002005609451 0.01617660001
v -0.006867717486 0.00614658324 0.00149740011
v -0.006865240633 0.001510162721 0.02193397284
v -0.00686474517 0.002777288435 0.01578124985
v -0.006864411291 -0.00614971295 0.001497408841
v -0.006864373572 0.005270682275 0.01839607954
v -0.006864198949 -0.003163897432 0.01549235079
v -0.006863522809 -0.005671669263 0.01839242317
v -0.006863014773 0.0002228776721 0.02402883768
v -0.006862957962 -0.002820516005 0.01532369666
v -0.006861815229 0.001482469845 0.02071804367
v -0.006859767716 -0.001587123843 0.01694484986
v -0.00685837213 -0.001272283727 0.02299199998
v -0.006855804473 -0.001361077302 0.02002381533
v -0.006854556035 0.000937203411 0.02294434048
v -0.00685401354 0.001989832381 0.01624842174
v -0.006852786988 0.00164074346 0.02136899717
v -0.006849267054 -0.002440773649 0.01538121235
v -0.00684819743 0.002777656773 0.01620749943
v -0.006848060526 0.005288348999 0.01958136074
v -0.006847816985 -0.005688442849 0.01958095469
v -0.006847649813 0.005216434132 0.02130768634
v -0.006847632118 -0.002673146082 0.0193118453
v -0.006847553421 0.001213470474 0.00990587566
v -0.006846204866 0.005260267761 0.0207703393
v -0.006845865864 -0.005660569295 0.02077310532
v -0.006841318216 -0.003151403274 0.01581282914
v -0.00684124697 0.002018871251 0.01695191488
v -0.006839044858 0.002670345828 0.01718158647
v -0.006838881411 -0.003049998544 0.005900003016
v -0.006838880945 0.002450001426 0.005900006276
v -0.006838851608 -0.001792998984 0.02211850137
v -0.006838094443 -0.0008985227905 0.0240051765
v -0.006836404093 -0.00159331609 0.01687818207
v -0.006836146116 0.002526415279 0.005894123111
v -0.006835132372 -0.003120350186 0.01546663139
v -0.006834783591 -0.003440612694 0.005783981644
v -0.006834782194 0.002840612782 0.005783991423
v -0.006834588014 0.001298872172 0.02247287333
v -0.006834536325 -0.001652565901 0.02253572643
v -0.006833777297 -0.00159877853 0.01684188843
v -0.00682947645 -0.003156947438 0.01620434225
v -0.006829338614 0.00276375073 0.0162219815
v -0.006829087157 0.00276296353 0.01620652899
v -0.006828061771 -0.001756694866 0.0223388169
v -0.006827905308 -0.003200039268 0.005876952782
v -0.00682618143 0.001700843102 0.0213659741
v -0.00682613207 -0.002966689412 0.01539391652
v -0.006825438701 -0.002969085472 0.01539192442
v -0.006825102493 0.005283136852 0.01839411817
v -0.006824176759 -0.00568423979 0.01839053072
v -0.006821661256 -0.003085063305 0.01544735115
v -0.00682082912 0.001555353403 0.02194757387
v -0.00681767147 0.002024814487 0.01688568294
v -0.006816669833 0.005251782481 0.01777195372
v -0.006815784611 -0.003014060669 0.01541397348
v -0.006814799737 0.002030260162 0.01684960164
v -0.006814645603 0.005253574345 0.02091958933
v -0.006812941749 -0.001854411326 0.02211623825
v -0.006811761763 0.002746150596 0.01620745286
v -0.006810237188 0.004994575866 0.01640925184
v -0.006809209008 -0.003126056632 0.01617365889
v -0.006809102371 0.002690149937 0.005838551559
v -0.006808925886 0.005300784484 0.01958173513
v -0.006808811333 -0.001700444496 0.02257492207
v -0.006808726583 -0.00296676415 0.01581097767
v -0.006808711682 0.0007693273947 0.02705565654
v -0.006808596198 -0.005700932816 0.01958133094
v -0.006808505394 0.001348029589 0.02250951156
v -0.006808297709 -0.0007724271272 0.02705565654
v -0.00680712657 -0.003085233737 0.01581121609
v -0.006804937031 -0.005664622411 0.02077591419
v -0.006804584991 -0.001544198603 0.02027945407
v -0.006803504657 -0.005666140001 0.01796876825
v -0.006801540032 -0.001813887269 0.02235814743
v -0.006801305339 -0.002966808854 0.01598092541
v -0.006799973082 -0.002777948044 0.01535962522
v -0.006799759809 -0.003010976827 0.01581071317
v -0.006799728144 -0.002971117618 0.01598646492
v -0.006798767019 0.005399544723 0.01229869574
v -0.006795986556 -0.003333609784 0.005811785813
v -0.006795866415 -0.005402635783 0.01229868922
v -0.006794970483 0.003104062518 0.01538306568
v -0.006793554407 0.001611685962 0.02196486108
v -0.006792811677 -0.001585416845 0.02033083513
v -0.006792375352 -0.005678434391 0.02054158226
v -0.006789746229 -0.003065337893 0.01610503532
v -0.006789678242 0.0008627874195 0.02393488213
v -0.006787301041 -0.005684017669 0.02042649873
v -0.006784949452 -0.002401581267 0.01720934734
v -0.00678438507 0.001806434477 0.02105357125
v -0.006781000178 -0.005691003986 0.01846363954
v -0.006779807154 0.00300172437 0.01687589474
v -0.006779336836 -0.00254101702 0.01625383273
v -0.006777847186 0.0028462552 0.01735580899
v -0.006774803158 0.002989133121 0.01626073383
v -0.006772688124 0.001846628613 0.02110624313
v -0.006770846434 0.003014869057 0.01611051522
v -0.006767734885 -0.003403910669 0.005753188394
v -0.006767273881 0.005305789411 0.01935426705
v -0.006767124403 0.001788042835 0.02173953876
v -0.006765487138 -0.002438085387 0.01738557033
v -0.00676374184 -0.001670307945 0.02048858069
v -0.006760668941 -0.002733453875 0.01541921869
v -0.006756286137 -0.003130991943 0.0252530016
v -0.006753921043 0.002936092671 0.01724641584
v -0.006753494963 0.00283156638 0.005723125767
v -0.00675333105 -0.002077523619 0.02653542906
v -0.006752969697 -0.002693576273 0.01549536828
v -0.006752379704 0.00295824185 0.005607275292
v -0.006752378773 -0.003558240831 0.005607275292
v -0.006748002954 -0.001486839843 0.02388831228
v -0.006745794788 -0.003444807604 0.005706806201
v -0.006745085586 0.002626654692 0.0192251876
v -0.006743764505 -0.001700000605 0.02066685632
v -0.006740320474 -0.004279785324 0.005581414793
v -0.006739038508 0.001952041406 0.02126140706
v -0.006733715534 -0.001700000954 0.0207957793
v -0.006733294111 0.003180753905 0.02521715499
v -0.006729462184 0.003942049108 0.005558127072
v -0.006728640758 9.847241745e-05 0.02522012219
v -0.006727183238 0.005081983283 0.01669226028
v -0.006726016756 0.003185084788 0.01554742455
v -0.006725835148 0.003212556243 0.01549510751
v -0.006723553408 -0.001700000139 0.0209244471
v -0.006718236953 0.005346788093 0.01410143077
v -0.00671803439 0.002505515935 0.01989813335
v -0.006716156844 -0.002164735924 0.009407634847
v -0.006715362426 -0.005349838641 0.01410143543
v -0.00670756679 -0.00459613977 0.02383400686
v -0.006707082037 0.002521775663 0.01651805826
v -0.006703526713 0.00269674114 0.01938013174
v -0.006702844054 -0.00518941367 0.01596871018
v -0.006702456158 -0.002389568835 0.02174094133
v -0.006701663136 -0.001704660128 0.023825977
v -0.006700186525 0.003621052252 0.00707533583
v -0.006700088736 0.003255315358 0.007075338159
v -0.006698445883 -0.002127510961 0.01992421411
v -0.00669593038 0.003197568003 0.01631782576
v -0.006691074464 -0.003604514524 0.01686752029
v -0.006689685863 0.005217518192 0.01587408967
v -0.006688936148 0.002354486147 0.02073437907
v -0.006686879322 -0.005220550112 0.01587409154
v -0.006685834844 0.002916385652 0.005580238998
v -0.00668439921 -0.002800701186 0.01632554829
v -0.006679156329 0.003197385464 0.01681746729
v -0.006677330937 -0.00352289388 0.005562389735
v -0.006676358636 0.0001155765131 0.02477237768
v -0.006676062942 -1.515987947e-06 0.01263448317
v -0.006675137673 -0.0001007742685 0.01263643801
v -0.006673915777 7.961491792e-05 0.01262959652
v -0.006672399584 -0.000200002265 0.01264115889
v -0.006672223564 0.0005390987499 0.02471091598
v -0.006668741815 -0.00522960443 0.01603938639
v -0.006666930392 -0.00280037662 0.01681981049
v -0.006666881498 0.002135053743 0.02162383869
v -0.00666545704 0.0006818003603 0.02467151359
v -0.006663256325 0.001472897129 0.02376457117
v -0.006661335938 0.003080956871 0.01815706305
v -0.006660454441 -0.0002553279337 0.02476131357
v -0.006659793667 0.003197310492 0.01731704175
v -0.00665786257 0.005146906711 0.01697727479
v -0.00665572891 -0.003600001335 0.005399995483
v -0.00665572891 0.003000000492 0.005399999674
v -0.006654864177 0.002160084434 0.02168954536
v -0.00665428536 0.0001675607054 0.02512129396
v -0.006653509568 9.849124035e-05 0.02512035146
v -0.006653122604 9.846429748e-05 0.02512629703
v -0.006653075572 -0.0003553119604 0.02474799566
v -0.006652172189 0.003194239922 0.01731617376
v -0.006647563074 -0.002800273011 0.01731387526
v -0.006645875517 -0.003600002499 0.005378863309
v -0.006645875052 0.002999998862 0.005378867034
v -0.006643953733 -0.002953991294 0.01564235799
v -0.006643744186 0.0005745564122 0.02510800585
v -0.006643443368 0.00186800654 0.01002899837
v -0.006642103661 0.0009962127078 0.02454770543
v -0.006639685947 6.440120342e-05 0.02312966436
v -0.006636606529 -0.0005111815408 0.02312236838
v -0.006636015605 0.003160924418 0.01632632129
v -0.006635309663 0.0001242327708 0.02311932668
v -0.006633812096 -0.001955791144 0.02126263641
v -0.00663280068 -0.003812387818 0.01597896218
v -0.006630723365 0.002333256183 0.02647966519
v -0.006628872361 0.0007870871923 0.01257221028
v -0.006626590155 0.003387211356 0.02508565784
v -0.006624659989 -0.0006354320212 0.02309476212
v -0.00662287185 -0.002740272088 0.01635163836
v -0.006620107684 -0.002779523376 0.01729851589
v -0.00661960151 0.003161351895 0.01681531221
v -0.00661886204 0.00346566434 0.01563188992
v -0.00661460124 -0.002753095934 0.01681786403
v -0.006613704376 0.001371623599 0.02063026279
v -0.006612710189 -0.0005276478478 0.02507734112
v -0.006610414013 -0.003549553454 0.005421131849
v -0.006610412616 0.002949551912 0.005421133712
v -0.006609153468 -0.0008933395729 0.01265893783
v -0.006608580705 0.0062899068 0.003619882278
v -0.006605200469 -0.00629289588 0.00361988158
v -0.00660492247 -0.0007977743517 0.02463317662
v -0.006602362264 0.003162762383 0.01729784347
v -0.00660056062 -0.003550002584 0.005399995018
v -0.006600559223 0.002950002206 0.005400004797
v -0.006599606015 0.0004969389411 0.01267439499
v -0.006598774809 0.001527250861 0.02697061747
v -0.00659795478 -0.001530237263 0.02697060816
v -0.006596647203 -0.002685270971 0.01638466865
v -0.006596253719 -0.002568238182 0.01646878943
v -0.006595882121 0.001413390622 0.02428872697
v -0.006595124491 -0.002572134603 0.01646602713
v -0.006594514009 -0.00275093643 0.01727280952
v -0.006589490455 -0.002651895862 0.0164072942
v -0.006588351913 0.003101131879 0.01635561138
v -0.006585893221 -2.65020517e-05 0.01400014386
v -0.006585262716 0.006005634554 0.007960350253
v -0.006584989838 -1.48875813e-06 0.01400000136
v -0.0065843747 0.003093210747 0.01636025682
v -0.006584180053 0.001504125656 0.02421413176
v -0.006583753042 -5.149023127e-05 0.01400008611
v -0.006582208909 -0.004746646155 0.02365690656
v -0.006582120899 -0.002568231896 0.01681602374
v -0.006582032889 -0.006008612923 0.007960353978
v -0.00658042077 -0.002686903579 0.01681627706
v -0.006576508749 0.001204613363 0.02502227947
v -0.006576186977 -0.004790516105 -0.003709407058
v -0.006574328523 0.002944384236 0.01646534353
v -0.006573852152 0.003104172181 0.01681353711
v -0.006573074032 -0.002612625016 0.01681578718
v -0.006572289858 0.002951024799 0.01646064036
v -0.006571899168 -0.00256820675 0.0170563031
v -0.006570993457 0.001172563527 0.01252680924
v -0.006567550823 -0.002698283177 0.01721723191
v -0.006567318458 -0.002581707202 0.01707289368
v -0.006564925425 0.002996487776 0.01642571203
v -0.006564185955 -0.002686468652 0.01720370911
v -0.006563680712 0.002273367951 0.02213623933
v -0.006563331932 0.006630442105 -0.00370039558
v -0.006561419461 0.002944938606 0.01681290753
v -0.006560586393 -0.002668152098 0.01718217507
v -0.006560145412 0.003072232008 0.01681297831
v -0.00655976776 -0.006633409765 -0.003700400237
v -0.006557816174 0.003502206644 0.01678735763
v -0.006557539105 0.002180552343 0.009399993345
v -0.006556037813 0.003102632007 0.01724238694
v -0.006551924162 0.002945275279 0.0170514863
v -0.006550908554 0.0007283462328 0.02288337797
v -0.006550862454 -0.00114965986 0.02446835488
v -0.006550647318 0.003002202604 0.01681255922
v -0.006550216582 0.001755087054 0.02396019921
v -0.006549997255 0.002950304886 0.01705808379
v -0.006548572797 -0.002275001723 0.02360677347
v -0.006547600962 0.003161706729 0.02563796379
v -0.006546024233 0.001385737094 0.02498246171
v -0.006545901299 -0.003164666472 0.02563796379
v -0.006545472424 -0.001132736448 0.02287911437
v -0.006544614211 0.004828435834 -0.00369343115
v -0.006543961819 0.004394743126 0.02359573543
v -0.006538086105 -0.002159465337 0.02167979814
v -0.006537577603 0.003025623038 0.01715494879
v -0.006537407637 -0.001227012603 0.02442175336
v -0.006521059666 0.0008725947118 0.0227826871
v -0.00651818607 0.002012996934 0.02358539402
v -0.006516178139 0.002033065772 0.02354816161
v -0.00651518954 -0.001139915665 0.0249508433
v -0.006514948327 -0.005399762187 0.01642379351
v -0.006507753395 0.003667485667 0.01582752727
v -0.006505661644 0.002041604137 0.02353182621
v -0.006502415519 0.002295646584 0.02259063162
v -0.006501206663 0.001507101581 0.01247740444
v -0.006495179608 0.002050016075 0.02351541258
v -0.006495107431 -0.003745262744 0.01592385396
v -0.006491038483 0.001191342715 0.01262694225
v -0.006490816362 0.002076314297 0.0234618634
v -0.006489480846 0.003697861684 0.01588335074
v -0.006489001215 -0.003068871098 0.01850178652
v -0.006485470571 0.001101105474 0.01417197194
v -0.00648268126 -0.001519560115 0.02420332842
v -0.006477613933 0.0022289427 0.02303833887
v -0.006472629029 -0.002868640935 0.01980002597
v -0.006471173838 0.00263425638 0.02640291676
v -0.006470971275 0.0007615045179 0.02719751559
v -0.006470561028 -0.0007644229918 0.02719752491
v -0.006469539832 -0.002260812791 0.02204500139
v -0.006468551699 -0.003894815221 0.01604528539
v -0.006465627346 -0.00367874396 0.02488333918
v -0.006465361454 0.005355371628 0.01738912053
v -0.006465231068 0.002295428887 0.01011074055
v -0.006465227809 0.001401773538 0.02065298893
v -0.006463955157 -0.00326709426 0.0172399655
v -0.00646350719 -0.001606444363 0.01264529489
v -0.006457100157 0.001806094428 0.02486251481
v -0.006456143688 -0.002275007078 0.02212772332
v -0.006455109455 -0.003722244874 0.01592597179
v -0.006454753689 0.001547372667 0.02131101862
v -0.006451121066 -0.0002002715337 0.01285919175
v -0.00645084586 0.001182172797 0.02247315086
v -0.006450287066 -0.003990797326 0.01790624112
v -0.006445745006 -0.0017000027 0.02213314176
v -0.006445744541 -0.001670567086 0.0223106537
v -0.006445744075 -0.001585416496 0.0224691648
v -0.006445337553 -0.0006171927671 0.01570762135
v -0.006441085599 0.001549869892 0.02139948495
v -0.006440848112 -0.003777099308 0.01912273839
v -0.006434599869 -0.0005167722702 0.02316031232
v -0.006434383802 0.0001200184997 0.02315910161
v -0.006429825909 0.006640389096 2.885827962e-05
v -0.006429460831 -5.144632814e-05 0.01634145714
v -0.006429397035 -0.0001507459237 0.01634084806
v -0.006426685024 -0.000250000041 0.01633691601
v -0.006425574888 -0.006643499713 3.937240035e-05
v -0.006425571162 -0.0003000017314 0.0163342841
v -0.006422523409 -0.001587404869 0.0224674046
v -0.006420016289 -0.001844074926 0.0238520354
v -0.006418441422 0.003766148817 0.02480842173
v -0.006417797878 0.006756892428 -0.003618694143
v -0.006413319614 0.001370990067 0.02217044868
v -0.006412184797 -0.0005307988613 0.0163218081
v -0.00641207071 -0.004988888744 0.004877465777
v -0.006411481183 -0.00419899635 0.01673916727
v -0.006411066744 0.000577726867 0.01634736359
v -0.006408804096 -0.00550060533 0.01676558703
v -0.006404202897 0.004638173152 0.004860603716
v -0.006403398234 0.001483900705 0.02187725529
v -0.006398376543 -0.002298412379 0.02259352989
v -0.006396292709 -0.0009106637444 0.01285238098
v -0.006393374875 -0.0002500019909 0.01628167182
v -0.0063907234 -0.003663428593 0.01595518552
v -0.006389495917 -0.003486748785 0.01603635401
v -0.006386154797 0.004571465775 0.02334567159
v -0.006386072375 0.006655471399 0.0006474346155
v -0.006382905412 -0.002069161506 0.02348279953
v -0.006382495631 -0.006658341736 0.000647424662
v -0.006374661811 -0.002244029427 0.02298623696
v -0.006373342127 -0.002230042126 0.02304417454
v -0.006369855721 0.001013353816 0.01633893698
v -0.00636760518 -0.00280557503 0.0233149007
v -0.006365305278 -0.00174371351 0.02474204637
v -0.006364028901 0.0007201934932 0.02292820811
v -0.00636354601 -0.001257820637 0.01567638665
v -0.006362441927 0.006110749673 0.009923801757
v -0.006359932479 -0.00111678557 0.02292928286
v -0.006359157152 -0.006113611162 0.009923802689
v -0.006356889848 -0.005543556996 0.01696023345
v -0.006355906837 -0.003598480253 0.01601025648
v -0.006354901474 0.002612662502 0.0232828483
v -0.006352875382 -0.003567798063 0.01604469866
v -0.006352631375 -0.001584559912 0.02248358913
v -0.006352161989 -0.0002500023693 0.01746482775
v -0.006351297721 -1.42594115e-06 0.02727352269
v -0.006348750088 -0.0003000017314 0.0174876079
v -0.006347118877 -0.004332926124 0.01645931974
v -0.00633740006 -0.00247802306 0.02253762633
v -0.006333536934 0.005477000494 0.01775693521
v -0.006333217025 -0.005028215237 0.02325475588
v -0.006332756486 -0.0002500026312 0.0161979422
v -0.006329780445 5.511688869e-05 0.02017631568
v -0.006320072804 0.002588377334 0.01016929373
v -0.006318719126 -0.003354870714 0.02170558646
v -0.006317564286 -0.001328401151 0.01624948718
v -0.006315583363 -0.002941945801 0.02322326973
v -0.00631051138 -0.005100427661 0.004659676459
v -0.00630691601 -0.005097598769 -0.00355806225
v -0.006305996794 0.001437018858 0.01632123441
v -0.006305021234 0.001869494328 0.01254716422
v -0.006299959496 0.003940490074 0.02470655739
v -0.006299419794 0.002367355628 0.0246324949
v -0.006297840271 -0.003943318501 0.02470656484
v -0.006297763903 -0.0002003393456 0.01294873003
v -0.006297144108 0.005506810732 0.01787425019
v -0.006296887528 0.00156762125 0.02121694386
v -0.006294868886 0.002197594615 0.01233976986
v -0.006290669087 -0.005073181354 0.02317803912
v -0.006289119832 -0.0008753956645 0.02034816518
v -0.006282555405 0.002259176224 0.02682599053
v -0.006281339563 -0.002261991613 0.02682599612
v -0.006279163063 -0.00161510508 0.01280153543
v -0.006278446876 0.001509198919 0.02074137889
v -0.006277483422 -0.000249999779 0.01859420352
v -0.006275676657 -0.001554689487 0.01622195728
v -0.006274279207 0.001207704423 0.02248686552
v -0.00627283426 -0.0002999994031 0.01863639802
v -0.006268267054 0.004696333315 0.02313670143
v -0.006267359946 0.001512227464 0.02711208351
v -0.006266546436 -0.001515031443 0.02711208351
v -0.006264475174 0.0004742226156 0.01293383073
v -0.006263440475 -0.0001958815701 0.01883211546
v -0.00626129983 -0.0005269436515 0.02326954342
v -0.006261251867 0.0001305504702 0.02326809429
v -0.006260792259 -0.005104082637 0.02312258445
v -0.006259510759 -0.0002497872047 0.01886598952
v -0.006259242538 0.002899516141 0.02310905047
v -0.00625743717 -0.002251154277 0.01260076556
v -0.006255099084 -0.001556543517 0.02256586775
v -0.006253120955 -5.139970017e-05 0.0190173313
v -0.00625015283 -8.972355135e-05 0.01906893402
v -0.006248892285 6.826635217e-05 0.0190929994
v -0.006247904152 -5.139867426e-05 0.01909648627
v -0.006245189812 5.066561425e-05 0.01914900169
v -0.006245041266 0.0002035086072 0.01913567819
v -0.006243697833 0.0002481405681 0.01914407872
v -0.0062427097 0.0001616053487 0.01917924173
v -0.00624148082 -0.005123750307 0.02308602072
v -0.006237986032 0.0009831812931 0.01614017412
v -0.006237077061 0.001508288784 0.02188618295
v -0.006232841872 -0.0003005578474 0.01609105058
v -0.006228374783 -0.004517400637 0.01666381955
v -0.006228349637 0.003042309778 0.02627526596
v -0.006228296552 -0.001889119972 0.01562471129
v -0.006226714235 -0.003045097459 0.02627526969
v -0.006226368248 -0.0002500027476 0.01608467102
v -0.006226191763 0.006130630616 0.01186648849
v -0.006222894881 -0.006133414805 0.01186649408
v -0.006218772382 0.0006091340911 0.01930051669
v -0.006215399597 0.0006850595819 0.01927710511
v -0.006214824505 -0.001700000372 0.02217403427
v -0.006214669906 0.002618730767 0.02449779212
v -0.006212368142 -0.001617874252 0.02249653079
v -0.006211180706 -0.005637971219 0.01762159355
v -0.006199020892 0.0007533258758 0.02302159369
v -0.006197356153 0.002249061828 0.01408841461
v -0.006194673013 -0.001149922027 0.02302287519
v -0.006184094585 0.003105641808 0.02296271548
v -0.006182412151 0.00215297495 0.01526324917
v -0.006178012118 -1.37889208e-06 0.02017577924
v -0.00617791526 2.455287813e-06 0.02016649954
v -0.006177883595 -5.137957851e-05 0.0201588627
v -0.006177837029 -0.0001256422547 0.02015221678
v -0.006177471951 5.573445742e-05 0.02017644234
v -0.006177431438 2.716603194e-05 0.02017590962
v -0.006176734809 -5.137829066e-05 0.02017627284
v -0.00617611222 -0.0001999993692 0.02015000582
v -0.006173827685 -0.0002003549889 0.01299735531
v -0.006173565052 -0.00356850191 0.01966155879
v -0.006173164118 0.001001546509 0.01949768141
v -0.006171408575 -0.002333317185 0.02443775721
v -0.006167633459 -0.004193875939 0.0244314447
v -0.006165242288 0.002065036912 0.01627877168
v -0.006163515151 -0.001662968541 0.02242014185
v -0.00616165949 0.001100439345 0.01950293407
v -0.006159520242 0.001145166112 0.01288773958
v -0.006159442477 0.006068237126 0.01379495766
v -0.006159079261 -0.0004719794379 0.02022440359
v -0.006156179588 -0.006070984062 0.01379495393
v -0.006155443378 -0.0005530712078 0.02020089515
v -0.006154071074 -0.004523042589 0.01778249815
v -0.00615222659 -0.003807116067 0.0183422938
v -0.006150525529 -0.0001979871158 0.0234682709
v -0.006150228903 -0.002083708066 0.01614697278
v -0.006150000729 0.00280355243 0.005753552541
v -0.006150000263 -0.003550000256 0.005399996415
v -0.006150000263 -0.003403553506 0.005753549282
v -0.006150000263 -0.00305000064 0.005899994168
v -0.006150000263 0.002641340718 0.005861938465
v -0.006149999797 -0.003299999284 0.005833016708
v -0.006149999797 0.002449999563 0.005899997428
v -0.006149999797 0.002911939751 0.005591347348
v -0.006149999332 -0.00348301325 0.005650006235
v -0.0061499984 0.002950001042 0.005400007125
v -0.006147929933 -0.005666249432 0.017969504
v -0.006146473344 -0.000645949156 0.02023225464
v -0.00614400534 0.001644444186 0.02118935622
v -0.006140479352 -0.0005502047134 0.02343359403
v -0.00614038948 0.000154458452 0.02343166806
v -0.006137410644 0.005931630265 0.01571221836
v -0.006135309115 0.005728869233 0.01762131043
v -0.006134607363 0.004254213534 0.02436214313
v -0.006134221796 -0.005934365559 0.01571222022
v -0.006125125103 -0.00170000107 0.02092508599
v -0.006124280859 -0.001465857262 0.02280373313
v -0.006122337654 0.005621288903 0.01855293289
v -0.006121328101 0.00676618889 0.003319212701
v -0.006120208651 0.00287349103 0.02433714829
v -0.006119003054 -0.001515690587 0.01603752747
v -0.006118610967 0.001263633138 0.02254918404
v -0.006117691286 -0.006768919528 0.003319214564
v -0.006117352284 -0.0008760350174 0.02034858987
v -0.006111320108 0.002253493294 0.01626223698
v -0.006110729184 -0.003434791928 0.02282249928
v -0.006104697473 -0.003233672585 0.02620677836
v -0.006103886757 0.001375514548 0.01979367808
v -0.006099340506 -0.0001084098913 0.02366134897
v -0.006098669488 -0.0002900629479 0.02366122976
v -0.006097706035 -0.004522292875 0.01667452045
v -0.006095809396 0.001433546771 0.01978088729
v -0.006094252691 -7.457542233e-05 0.02371957526
v -0.006093930453 7.286697655e-05 0.0236428231
v -0.006093853619 -0.004704868887 0.01690958254
v -0.006093136966 -1.358930035e-06 0.02731163055
v -0.00609267503 -0.0001185298097 0.02375533059
v -0.00609139679 -0.0008841245435 0.01299345028
v -0.0060904813 0.0001616057707 0.02362074889
v -0.006090434734 -0.006780944765 0.003549041459
v -0.006089952309 -2.047036651e-05 0.0237588007
v -0.006089250091 9.512562247e-05 0.02369537018
v -0.0060884431 0.0001212760908 0.02368563786
v -0.006086324807 0.001580411685 0.02190565132
v -0.006084553432 -0.002301714849 0.01271735877
v -0.00608446449 0.0002035031939 0.02366432548
v -0.006081116851 -0.0001777676662 0.02393333241
v -0.006081092171 -0.0002494547807 0.02393327653
v -0.006079838146 0.0003201428626 0.02358905412
v -0.006077556405 0.000818545057 0.02315581962
v -0.006077460945 -0.0003982359776 0.02393333055
v -0.006076741498 0.001708060736 0.02093686908
v -0.006073350087 -0.001214154647 0.02315795235
v -0.006072485354 -0.0007889142726 0.02356795594
v -0.00606989488 -0.00170000142 0.02157925814
v -0.006069642957 -0.004036156926 0.0170755107
v -0.006066148169 -0.003085445147 0.022503227
v -0.00606345199 0.003825611901 0.02541529015
v -0.006061396562 -0.003828313667 0.02541528828
v -0.006060482934 -0.0002865948773 0.02404290251
v -0.006057918072 -0.00189932494 0.02117668465
v -0.006056034472 0.0005675577559 0.02351502329
v -0.006053668447 -0.001372532337 0.02303936146
v -0.006053581368 0.006586504634 0.00759019563
v -0.006053276826 -0.004073861055 0.01659306698
v -0.006053267512 -0.001563672675 0.02275178023
v -0.006051166914 -0.004505134653 0.01666240208
v -0.006051007658 -0.000233582643 0.0240724124
v -0.006050040945 -0.006589196157 0.007590193301
v -0.006049782038 -0.002649972215 0.02422275767
v -0.006047997624 -0.004394973163 0.02421923354
v -0.006045463961 -0.005366089754 -0.00340726506
v -0.006045346148 0.000626230787 0.02354647219
v -0.006040515844 -0.002501423704 0.01555563509
v -0.006038621068 0.002519730479 0.01243483089
v -0.006038433872 -0.001097819186 0.02343511395
v -0.006031921133 -0.0003964775824 0.02410977148
v -0.006029733457 -0.005697646178 0.01868588664
v -0.006029131822 0.005317305215 0.004056254867
v -0.006028803997 0.004922095221 0.02264182083
v -0.006025591865 -0.001980185974 0.02130359039
v -0.006024196744 0.0007587841828 0.02728505246
v -0.006023787893 -0.0007614606293 0.02728505246
v -0.006023512688 0.001765999827 0.0211619325
v -0.006023198832 -0.006810643245 0.00410098955
v -0.006022101734 -0.005327658728 0.02262672037
v -0.006021982525 0.001681091147 0.02016549744
v -0.006021829788 -0.004638071638 0.01681870781
v -0.006018738728 -0.001254056115 0.02334525436
v -0.006014424842 0.0009051560191 0.02331016958
v -0.006012181751 0.001732607489 0.02015298977
v -0.006012081634 0.005398625974 -0.003388609271
v -0.006009101402 -0.004478740506 0.01666047983
v -0.006008233875 -0.001699999906 0.02228602022
v -0.006008232012 -0.001067106496 0.02393635362
v -0.006007730495 0.003540940583 0.02258095331
v -0.006006296258 -0.0003000016732 0.02416360565
v -0.006000962108 0.0009966432117 0.0232435856
v -0.006000705529 0.00286946306 0.0121496236
v -0.006000537425 -0.001454075915 0.0230520051
v -0.005999913905 -0.007084024604 -0.003381106304
v -0.005997228902 0.001358153881 0.02263611183
v -0.005994857755 0.001001095749 0.0233025942
v -0.00599413598 -0.00153843977 0.02289746329
v -0.005993811879 -0.001673351857 0.02252391353
v -0.005990889389 -0.001624966389 0.02269356884
v -0.005987223238 0.001020009629 0.02334976755
v -0.005982727278 0.000812636863 0.02393892035
v -0.005980020389 0.001799673773 0.01280975528
v -0.005978758913 -0.001562451711 0.0129441591
v -0.005977231544 -0.0002499990223 0.02420580201
v -0.005977093708 0.002791608218 0.01403088868
v -0.005974255502 -0.0003000516153 0.01591597684
v -0.005972690415 0.004526674747 0.0240579322
v -0.005966390949 -0.002851556987 0.02406276576
v -0.005965540651 0.00169324025 0.02193686366
v -0.005965522025 0.006834974978 0.004592378624
v -0.00596275134 0.002238379093 0.02696522698
v -0.005961549003 -0.002241020557 0.02696521953
v -0.005957770627 0.004980093334 0.02247423492
v -0.005957698449 0.002208127873 0.01601780206
v -0.005956506357 -0.000250001729 0.01590789855
v -0.005956257693 -0.0002999857825 0.01590778306
v -0.005947843194 -0.002943475964 0.01251168828
v -0.005944499746 0.001908334671 0.02119383961
v -0.005944209173 -0.004407568369 0.01668278687
v -0.005943771452 0.001258440549 0.02317846194
v -0.005940020084 -0.001402642112 0.02393937297
v -0.005939606111 0.001898144605 0.0205874145
v -0.005938192829 0.001919981674 0.02121154219
v -0.005936725531 0.0004449689004 0.01589917019
v -0.005936382338 0.0008036094951 0.02411389537
v -0.005934966262 0.001333826571 0.02304616198
v -0.005929703824 0.00332990638 0.02397399396
v -0.005927017424 0.001949751866 0.02058234066
v -0.005926402286 0.003228499321 0.0103099905
v -0.005925624631 -0.002179005183 0.02173579484
v -0.005923517048 -0.0002500007395 0.02426506951
v -0.005922355689 -0.004908522125 0.01727445237
v -0.005922105629 -0.002773230663 0.01602499373
v -0.005920186173 -0.0003921266471 0.0242650751
v -0.005919842515 0.001498455065 0.0227058325
v -0.00591675099 -0.00428979611 0.0167650003
v -0.00591464946 -0.00432741316 0.01673256792
v -0.005913408939 0.005146978889 0.01697762683
v -0.00590762822 0.00144120492 0.023011351
v -0.005905916914 0.005693853367 0.01958765648
v -0.005903496407 -0.003885199782 0.02234059945
v -0.005902597215 0.001987954602 0.0213214457
v -0.005897730589 0.003335462883 0.009400001727
v -0.005894836038 -0.0003000005381 0.02428936586
v -0.005894251633 -0.001391727827 0.02411393076
v -0.005891408771 -0.004656083416 0.02390920557
v -0.00588771468 0.002952089766 0.02661947161
v -0.005887269042 0.0009191713179 0.01587733813
v -0.005886997096 0.001839967328 0.02194630727
v -0.005886128172 -0.002954690717 0.0266194623
v -0.005881947465 -0.004838221241 0.01712681539
v -0.005880630109 0.001574608847 0.02286312543
v -0.005880606361 -0.004951514304 0.01737561263
v -0.00587708503 0.001635466469 0.02270137146
v -0.005873914808 -1.297985705e-06 0.02477597445
v -0.005873545539 -5.129671626e-05 0.02477542311
v -0.005868445616 -0.0002551822981 0.02476191521
v -0.00586834643 0.0020202999 0.02103563584
v -0.005867974833 -0.0002002810215 0.01304426696
v -0.005867207423 0.002049723873 0.02143514156
v -0.005866030697 -0.002260659123 0.02204523794
v -0.005865430925 0.0003300542303 0.02475197986
v -0.005864992272 0.007131533697 -0.001399029046
v -0.005864639767 0.00514954282 0.01699086279
v -0.005863240454 0.005543198902 0.003700504545
v -0.005861157551 -0.007134124171 -0.001399019733
v -0.005858840421 -1.294489834e-06 0.02500933409
v -0.005858331453 -2.629590563e-05 0.02500928007
v -0.005858314224 -5.129609781e-05 0.02500925772
v -0.005856668577 0.002947925357 0.01618675143
v -0.005854964256 0.004723404068 0.02381138317
v -0.005852941424 -0.00145951903 0.01586217806
v -0.00585254794 -0.004751564935 0.01892118715
v -0.005852395669 -0.0005143382587 0.02471803129
v -0.0058513931 -0.00399313774 0.02220552973
v -0.005851194263 0.002073936397 0.02105472423
v -0.005847634282 0.001743309665 0.02263025753
v -0.005847149529 0.006668889429 0.009549913928
v -0.005843563937 -0.006671470124 0.00954990834
v -0.005841635168 -0.002283992711 0.02219421603
v -0.005840552039 0.001863732352 0.02229637839
v -0.005838562269 0.0006820556591 0.02467213757
v -0.005837833043 -0.001770551899 0.02394575067
v -0.005837826524 0.002096194774 0.02153229155
v -0.005837207194 -0.001772247488 0.02394353598
v -0.005836614408 0.001997834304 0.02188168466
v -0.005836487748 0.001507058041 0.02720085345
v -0.0058356761 -0.001509633381 0.02720085159
v -0.005831758492 -0.004823551048 0.01711287163
v -0.005830707029 -0.00180391199 0.0239044819
v -0.00582829304 -0.001584220794 0.02414450236
v -0.005828127265 0.0007780778105 0.02463993244
v -0.005826558452 0.0007819793536 0.02426698804
v -0.00582647929 -0.005243297201 0.02213882841
v -0.005822900217 0.005580498837 0.004877921194
v -0.005822201725 0.002049724571 0.02143515833
v -0.005821754225 0.005580666009 0.003611538792
v -0.00582102919 -0.001851441106 0.02384239249
v -0.005819450133 -0.0005070902989 0.02509779856
v -0.005817462225 0.001940841554 0.0222407002
v -0.00581505103 0.005582010839 -0.003271596273
v -0.005814394914 0.002031191252 0.02195837349
v -0.005812222604 -0.002958951751 0.01260023285
v -0.005811416544 0.002135219285 0.0216243118
v -0.005810432136 0.002099999227 0.02139969915
v -0.005810328759 0.002073553624 0.02148350328
v -0.005809473339 -0.002736874158 0.01590151526
v -0.005807285663 -0.00500894757 0.01765985601
v -0.005806984846 -0.005486799404 0.02208566666
v -0.005806446541 -0.004432867747 0.01703795604
v -0.005804290064 -0.0002499994589 0.02434734441
v -0.005802989937 -0.0007545989356 0.02501158416
v -0.005801910535 -0.0009602354257 0.02456656657
v -0.005801773164 -0.0007628052845 0.02501164936
v -0.005801128689 -0.003085084492 0.01547213551
v -0.005798572674 0.002096191514 0.02153228782
v -0.005797637627 0.003998693079 0.02204513736
v -0.005797632039 -0.004210644402 0.01951886527
v -0.005797151942 -0.0004255260865 0.02518202364
v -0.005797001999 -5.132182923e-05 0.02521729097
v -0.005792716984 -0.005691437982 0.02024285309
v -0.005792446434 -0.004953459371 0.01737411134
v -0.005791804288 -0.002223171992 0.01286247559
v -0.005790558178 -0.003929542843 0.02095718682
v -0.005790537223 -0.003681897419 0.02602155693
v -0.005790374707 0.005158737302 0.01703989878
v -0.005788824055 0.007119583897 0.0007986325072
v -0.005787095521 -0.004796586931 0.01710804552
v -0.005786451511 -5.127384793e-05 0.02523525059
v -0.005786429625 -0.002294091508 0.02265779302
v -0.005785843357 0.007232967298 -0.003250977257
v -0.005785584915 0.005612946581 0.003633680055
v -0.005785091314 -0.00136585359 0.02426714078
v -0.00578507781 -0.002042931039 0.02353511564
v -0.00578499632 -0.00712213479 0.0007986265118
v -0.005782966036 0.00510245515 0.0220159553
v -0.005782436579 -0.004219370428 0.02167010866
v -0.005778773222 0.0009123922791 0.02501405776
v -0.00577838067 -0.003050002037 0.005934822373
v -0.005772394594 -0.001149493386 0.02446892112
v -0.005770709831 -0.0001999984233 0.009000004269
v -0.005768834613 -0.002243902767 0.02298663929
v -0.00576834986 0.001195350196 0.0244402457
v -0.005767342169 -0.002211337443 0.02311294898
v -0.005765934009 -0.00330000231 0.005869002081
v -0.005765192676 0.003715882543 0.02600486018
v -0.005764919799 0.003177593229 0.01512273215
v -0.00576065667 -0.000385921303 0.02436521836
v -0.005760580767 -0.004177075811 0.02195564844
v -0.005758477841 0.001596775721 0.01582048461
v -0.005758042447 -0.0008491889457 0.01302523632
v -0.00575557258 0.002207671059 0.02183526196
v -0.005753358826 0.001067798468 0.01298666559
v -0.005750719458 0.005643618293 0.003576532705
v -0.00574953109 -0.004760269076 0.01711142994
v -0.005748941097 0.003466384951 0.01036852412
v -0.005748790689 0.005557933357 0.004056263715
v -0.005747498479 -0.0003000020515 0.02437107265
v -0.005746363662 -0.005007611588 0.01752043143
v -0.005743856076 0.005649590399 0.003538616002
v -0.005743831862 -0.005678547546 0.02054065652
v -0.005743072834 -0.00335051585 0.02357532829
v -0.005742958281 0.005650312174 0.00344254938
v -0.005742773414 0.005348553415 0.01737089641
v -0.005741606932 -0.001410160447 0.02429406717
v -0.005740050226 -0.001332835876 0.02435140684
v -0.005733736791 0.004547857214 0.02454084903
v -0.00573262386 0.0009043045575 0.02518935688
v -0.005731985904 -0.003649575869 0.02246871591
v -0.005731927231 -0.003483011853 0.005689181387
v -0.005731291603 -0.00455037877 0.02454085462
v -0.005730274133 -0.004477303009 0.01817699522
v -0.005729844328 -0.005167630967 0.02275278233
v -0.005729629658 -0.005084057804 0.01777952909
v -0.00572929997 0.006670765113 0.01154861972
v -0.005728575401 -0.001394047635 0.02430640534
v -0.005728141405 0.003757522209 0.02352155
v -0.005725713447 -0.006673282012 0.01154861692
v -0.005725190043 0.002800390357 0.01591759361
v -0.005723405164 0.002426198218 0.01269926317
v -0.005722702481 0.001186081558 0.02501671948
v -0.005720638204 -0.004717536271 0.01712209731
v -0.005719038658 0.004017475992 0.02244905196
v -0.005714836065 -0.005423707888 0.02182259038
v -0.005711608566 0.001504376531 0.02421478741
v -0.00571037503 -0.0002000016684 0.008541706018
v -0.00571037503 -0.0002000012173 0.009458293207
v -0.005709738471 0.005705196876 0.02056136355
v -0.005707130302 -0.005050573498 0.01765460521
v -0.005706554279 0.003303269157 0.0139649203
v -0.005702129565 -0.005685510579 0.003355000867
v -0.00570171047 -0.004580227658 0.01718868315
v -0.005701125599 -5.12721017e-05 0.0253412649
v -0.00569999963 -0.0002000016248 0.009000003338
v -0.005698716734 0.001569938962 0.02415578067
v -0.00569659844 0.00176438468 0.0239500422
v -0.005695155356 -0.004624576308 0.01716164127
v -0.005694181658 0.003130201716 0.01229209267
v -0.00569297187 0.005334616639 0.01735588722
v -0.005692710634 -0.0002500012342 0.02438723855
v -0.005689106882 0.004216377623 0.02172964439
v -0.005687585566 0.005178714171 0.01715610549
v -0.005687343422 -0.0004163388803 0.02533813752
v -0.005685474724 -0.003550000722 0.005443534814
v -0.005685109645 0.005157718435 0.02172898315
v -0.00567560643 0.006596885156 0.01357220951
v -0.005672059953 -0.00659937365 0.01357220486
v -0.005670981947 0.0007513611345 0.02436565608
v -0.00566941034 0.003428849857 0.01194114983
v -0.005668307655 0.006957447156 0.007019484881
v -0.005667328369 -0.005029952154 0.02338903584
v -0.005665481091 0.002288684016 0.02226128615
v -0.005662217736 0.002791095059 0.02035970986
v -0.005657074507 0.002620006911 0.02107228711
v -0.005656752735 0.002449999331 0.005961771589
v -0.005653641187 -0.001442900277 0.02501820214
v -0.005652969703 0.006457029376 0.01559782587
v -0.005652807187 -0.005039576907 0.01764152013
v -0.005651375279 -0.001493197749 0.01297826599
v -0.005649846047 -0.004627194256 0.01742228121
v -0.005649498198 -0.006459506694 0.01559782587
v -0.005647986196 -0.0002500013798 0.02439546958
v -0.005647366401 0.002641341882 0.005924899131
v -0.005645666737 0.005307304673 0.01734736562
v -0.005645529367 0.002525048796 0.02152326144
v -0.005644856021 -0.005628680345 0.02120017074
v -0.005643685348 -0.001474997262 0.02502778731
v -0.005642073695 -0.0002000004461 0.00943999365
v -0.005642073229 -0.0001999994274 0.008560013026
v -0.005631770473 0.003075169167 0.0193897672
v -0.005630485248 -0.001329237828 0.02436577156
v -0.005628288724 0.006260981783 0.01760257967
v -0.005627450999 -5.126183532e-05 0.0253980644
v -0.005627019331 0.002024029149 0.02356653102
v -0.005624924321 -0.00626344746 0.01760257781
v -0.005623918958 0.002297506901 0.02255118266
v -0.005622551776 0.0008848441066 0.0253428407
v -0.005620634183 0.002803554758 0.005819857586
v -0.005617714953 0.001822612481 0.02412221953
v -0.005617645569 -0.003438230138 0.01587449573
v -0.005616428331 -0.004459126852 0.02151952498
v -0.005615543574 0.002074690536 0.02346645482
v -0.005610076245 -0.005592833739 0.02149917744
v -0.005609115586 0.002287517302 0.02270336077
v -0.005605715793 0.005269078072 0.01734637655
v -0.005605220329 -0.005013191607 0.01763505302
v -0.005602937192 -0.003523281543 0.012397632
v -0.00560070388 -0.001462219516 0.02518811263
v -0.005600001663 0.00219999929 0.008999995887
v -0.005600001663 0.00387371215 0.009000002407
v -0.005595578812 0.002201718278 0.02313746512
v -0.005594745744 0.001911041676 0.02409005165
v -0.005592328962 0.005162534304 0.02316889353
v -0.005588669796 0.005491006188 0.01781280711
v -0.005585682113 0.002927653957 0.02675331943
v -0.005585206207 0.001683065784 0.01291278191
v -0.005584108178 -0.002930094255 0.0267533157
v -0.005583195481 0.004418918863 0.02139477059
v -0.005581954494 -0.0002500010014 0.0243999958
v -0.005581332371 -0.0003000008874 0.02440000139
v -0.005580629222 0.002911940916 0.005662654992
v -0.005578951444 -0.0003788539034 0.02440000698
v -0.005578683224 0.005695014726 0.02116724104
v -0.005578158423 0.002280961955 0.0229665637
v -0.005576328374 0.005222796928 0.01735307835
v -0.005572879221 0.00351120322 0.01611685008
v -0.005571930669 0.005199760664 0.01735366136
v -0.005569872912 0.006018150598 0.01956126094
v -0.005569519475 0.005200132728 0.01735869795
v -0.005567010492 -0.003321248339 0.01579551212
v -0.00556663936 -0.006020584609 0.0195612479
v -0.005566041917 -0.004974945448 0.01763467491
v -0.005560103338 -0.0002000801614 0.01299475692
v -0.005559286568 0.002231554128 0.02705236524
v -0.005558643024 -0.004724730738 0.01770728454
v -0.005558087956 -0.002233979292 0.02705235407
v -0.005558035336 -0.002621175954 0.01573201455
v -0.005549999885 0.0007207106682 0.00899999775
v -0.00554999942 2.071190829e-05 0.009000000544
v -0.005549937952 0.004401468206 0.02517458983
v -0.005549937021 -0.006997559685 0.008126236498
v -0.005547867622 0.003770500654 0.009400205687
v -0.005547860172 0.005219209008 0.02128773369
v -0.005547687877 0.003387699835 0.01854357868
v -0.005547570996 -0.004403891042 0.02517459728
v -0.005542127416 0.004101665691 0.008580398746
v -0.005541643128 -5.123030496e-05 0.02544143982
v -0.005536952056 -0.004928387236 0.0176398214
v -0.005536059383 0.005479294341 0.01779808849
v -0.005533480551 -0.0002000023524 0.008114643395
v -0.005533480085 -0.0002000001841 0.009885353036
v -0.005533440504 0.002949998947 0.005477224942
v -0.005531582516 -0.003785904963 0.02302115224
v -0.005530522671 -0.002854985651 0.01274866425
v -0.005530489609 0.003783981549 0.009459012188
v -0.005526990164 -0.00477416534 0.01768291928
v -0.005526867695 0.00335111306 0.01902095042
v -0.005526776891 -0.0004029294359 0.0254407879
v -0.005526277237 0.002111046808 0.02401489578
v -0.00552097708 0.00212719664 0.02400359325
v -0.005520865787 0.003739337204 0.0104403086
v -0.005519628525 -0.004877043422 0.0176499486
v -0.005517869256 0.004164701328 0.02296026424
v -0.005515749566 -0.004824458621 0.01766449027
v -0.005514396355 0.001778243808 0.02427111939
v -0.005513160489 0.002154689748 0.02397290431
v -0.005512959324 0.002160027158 0.02395545319
v -0.005511578638 -0.005297564436 0.02117103525
v -0.005511059426 -0.003630431369 0.01537723374
v -0.005510582123 0.005209386349 0.01749577373
v -0.005510336719 0.003163157031 0.01987610199
v -0.00551000284 0.007163553499 0.004695091397
v -0.00550625287 -0.005215123296 0.01847158559
v -0.005506151821 -0.007165953983 0.004695103038
v -0.005505765323 -0.005132834427 0.02294767648
v -0.005500000436 0.000699999684 0.00899999775
v -0.00549999997 9.189350389e-10 0.008999999613
v -0.005497185513 2.070908704e-05 0.009401168674
v -0.005497185513 2.071014387e-05 0.008598824032
v -0.005495552439 -0.004783528391 0.01793412305
v -0.005494524725 -0.001430886798 0.02534125745
v -0.005493827164 0.0007164791459 0.0243999958
v -0.005492199678 -0.002108022571 0.02430806868
v -0.005489230156 -0.005170218647 0.01882604882
v -0.005486395676 0.005452367011 0.01778818667
v -0.005484629888 -0.0002499994298 0.01717465743
v -0.005480464082 0.001948404359 0.02502611279
v -0.00547676906 -0.003894120688 0.02286113612
v -0.005475485232 0.005262375809 0.01792204194
v -0.005474592093 -0.002120000776 0.01290046144
v -0.005472244229 -0.0002000021341 0.008149993606
v -0.005472242367 -0.0001999988745 0.009850003757
v -0.005470561795 0.005731365643 0.02140754834
v -0.005467729643 -0.0002000005916 0.01295942441
v -0.00546748098 -0.005733744707 0.02140754461
v -0.005466339644 0.000857277133 0.02544184588
v -0.0054629324 -0.003574287053 0.01245138515
v -0.005454835482 -0.001287650433 0.02439999767
v -0.005454299971 0.007014360745 0.00937936455
v -0.005450529046 -0.00701672677 0.009379366413
v -0.005448888056 1.151639006e-09 0.009388231672
v -0.00544888759 1.713699071e-09 0.008611775935
v -0.005448277108 -0.005236851983 0.01867077686
v -0.005445063114 0.005412765779 0.01778428629
v -0.005444022827 0.003591064131 0.0263531357
v -0.00544356415 -0.0002500017872 0.01666880958
v -0.005443272181 -0.005894515663 -0.003044755198
v -0.005442091264 -0.003593428992 0.02635313943
v -0.005434390157 0.001929834019 0.025197668
v -0.005431015044 -0.0002999989665 0.01718897372
v -0.005429922603 0.005224897061 0.01773281209
v -0.005426905584 0.005907491315 -0.003034070833
v -0.005420711357 0.0008499975083 0.00899999775
v -0.005419704132 -0.003049999708 0.006038095336
v -0.005419703666 0.002450000262 0.006038098596
v -0.005419014022 0.003363509662 0.01578756236
v -0.005416747648 -0.002094572177 0.02502732724
v -0.005416426808 0.00209842273 0.02502818964
v -0.005416017491 -1.176126375e-06 0.02730577439
v -0.005415647756 0.005363665521 0.01778676361
v -0.00541421771 -5.117873661e-05 0.02547322586
v -0.005406578071 0.003901100252 0.009749871679
v -0.00540601695 0.005474972073 0.02261844277
v -0.005405902397 0.005230756477 0.01781627722
v -0.005405750126 0.004368584603 0.02261960134
v -0.005405116361 0.003717972897 0.01780391671
v -0.005403803196 0.002822291339 0.02202946879
v -0.005403707735 0.007010436617 0.01031099632
v -0.00540270377 -0.0003000015568 0.01670398563
v -0.005400675349 0.005253486801 0.01780949347
v -0.005400456022 0.005309028551 0.01779542863
v -0.00540000014 0.0007999971858 0.008999996819
v -0.005395242944 -0.003300000913 0.005975744687
v -0.005392340012 0.002199999522 0.009775006212
v -0.005392340012 0.004384896718 0.008224994875
v -0.005392339546 0.002199999988 0.008225007914
v -0.005392209627 0.003879935713 0.01047167648
v -0.005392167717 0.003013277426 0.01255794149
v -0.005391899496 0.003915106412 0.009775806218
v -0.005391735118 0.005234570708 0.01786867157
v -0.005388859659 0.003778193844 0.0138920676
v -0.005387553945 -0.007479852531 -0.003009756561
v -0.005384753458 -0.005237024743 0.0187526457
v -0.005383927375 -0.004889436997 0.02071142755
v -0.00537911756 0.002663462888 0.01565303467
v -0.005377824884 -0.004192284308 0.02575962804
v -0.005372706801 -0.004470345099 0.02086390369
v -0.005370242987 0.001716288156 0.02436674386
v -0.005362136755 -0.002213695319 0.02502922527
v -0.00536170369 -0.00699195452 0.011343983
v -0.005361143034 -1.161195314e-06 0.02547634579
v -0.005360126495 -0.001289073261 0.01291193813
v -0.00535969343 -5.116390457e-05 0.02547635138
v -0.005357311573 0.004822993185 0.02059112117
v -0.00535220094 -0.002234500833 0.02502955124
v -0.005351262633 -0.002234039595 0.02503862791
v -0.0053503667 -0.0002993296366 0.02547636442
v -0.005347350147 0.004226786084 0.02573797107
v -0.005345941987 0.002271031961 0.0128079392
v -0.005344161298 -0.004777369089 0.01938137598
v -0.005343347322 0.005398533773 0.02304018103
v -0.005342340097 2.070985465e-05 0.008224997669
v -0.005342340097 0.000720708631 0.008224995807
v -0.005342339631 0.0007207079907 0.009774994105
v -0.005342339166 2.070924893e-05 0.009774995968
v -0.005341053475 -0.001385635114 0.02544172667
v -0.005340445787 -0.005400844384 0.0230401773
v -0.005339069292 -0.004890307784 0.01859967969
v -0.005338036921 0.001014130306 0.01290217694
v -0.005334541202 -0.00521032 0.01874408498
v -0.005330354907 0.001887577469 0.02534706332
v -0.005328583531 -0.003169784322 0.01563072763
v -0.005328416359 -0.00348301325 0.005805356894
v -0.005328206811 0.004805136472 0.0208345037
v -0.005327929743 -0.0005466155708 0.02547637001
v -0.005326111801 0.003900001757 0.01608082652
v -0.005325424951 0.005638832692 0.01871670783
v -0.005319097079 0.0068874727 0.01368049067
v -0.005317076575 0.005622069351 0.02232795209
v -0.005314819515 0.003899999894 0.011707698
v -0.005313866772 0.003969083074 0.01048042532
v -0.00531385513 0.003899999196 0.01498481631
v -0.005312352441 -0.00420854101 0.0223385375
v -0.00530877756 -0.002213607775 0.02519578487
v -0.005304932129 -0.002257566433 0.02436697483
v -0.005304159131 -0.004905496724 0.0187651962
v -0.005304061342 0.00528564956 0.02039067633
v -0.005299038719 0.0006999986363 0.009749996476
v -0.005299038254 -1.556141549e-09 0.008249994367
v -0.005299038254 -1.450466139e-10 0.009749998339
v -0.005299037322 0.0007000000332 0.008250006475
v -0.005297851749 0.003899997799 0.01386840269
v -0.005297652446 0.004556913394 0.02226277441
v -0.005295780487 0.003750287462 0.0189072229
v -0.005294287577 -0.005169644952 0.01873898506
v -0.005292826332 0.006766415201 0.01544371247
v -0.00529182842 0.003899999429 0.0128017664
v -0.005291631911 0.003900001291 0.01283307932
v -0.005289189052 -0.006768693216 0.01544371434
v -0.005288330372 0.0008258678135 0.02547640167
v -0.005287703592 -5.000120655e-05 0.01713972539
v -0.005283000413 0.003372426843 0.02092291042
v -0.005280555692 -5.000131205e-05 0.0171753075
v -0.005280555692 0.001120708184 0.0171753075
v -0.005278436467 0.003688898869 0.01212307066
v -0.005276971497 0.0008879944216 0.02547640726
v -0.005275636446 -0.006714265328 0.0161072854
v -0.00527208345 -0.0002499995171 0.01763552055
v -0.00526947435 0.005628914572 0.01870207302
v -0.005267598666 -0.004951741081 0.01875299402
v -0.005267391913 0.001120711211 0.01677392796
v -0.005267390981 -4.999852172e-05 0.01677392796
v -0.005267150234 -0.004007676616 0.01571137458
v -0.005265729968 -0.005119226873 0.01873733103
v -0.005261063576 -0.0009588882676 0.02547642216
v -0.005259607453 -0.005240859929 0.02215810493
v -0.005256297067 -0.003876593895 0.01566046476
v -0.005254851189 -5.000034798e-05 0.01673505269
v -0.005252118688 0.00393160386 0.01797801629
v -0.005252081901 -0.0001999998203 0.007747917902
v -0.00525208097 -0.0001999976375 0.01025208738
v -0.005250649061 -0.005006051622 0.0187443383
v -0.005250605289 -0.005063288379 0.01873911545
v -0.005244476255 0.004596554209 0.008012209088
v -0.005238451529 0.002457264112 0.02503322996
v -0.005237129051 -0.003549998626 0.005572626367
v -0.005235013086 -0.0001000004122 0.01714918949
v -0.005230371375 0.0008500001859 0.009710351937
v -0.005230371375 0.000850001059 0.008289645426
v -0.005227987189 0.007189001422 0.008336578496
v -0.005227984861 -0.002718700795 0.01279201172
v -0.005226416513 0.001099997782 0.01718659513
v -0.005226416048 -0.0001000001939 0.01718660071
v -0.005224937107 0.001099997666 0.01680772565
v -0.005224934779 -0.0001000005286 0.01680773124
v -0.005224123131 -0.007191249169 0.008336570114
v -0.005221872125 0.002920361236 0.02683290653
v -0.005220301915 -0.002922606422 0.0268329028
v -0.005217134953 0.005601660348 0.01869012043
v -0.005215858575 -0.0002999989665 0.01762454025
v -0.00521547813 0.00404420495 0.01103546657
v -0.005212660413 -9.999875329e-05 0.01676630601
v -0.005212435499 0.0007999993395 0.009700000286
v -0.005212435033 0.0008000007947 0.008299998939
v -0.005211890675 0.004083602689 0.01002611872
v -0.005211243872 0.006528482772 0.01802936569
v -0.005208501127 -0.002165661892 0.02534519695
v -0.005207733717 -0.006530721672 0.01802937686
v -0.005206923932 0.001646059332 0.0243999958
v -0.005202081986 -0.0002000017121 0.01020208094
v -0.00520208152 -0.0002000011737 0.007797914557
v -0.005200854037 0.005286839791 0.01869855076
v -0.005199952982 -0.002526418772 0.02503436431
v -0.005195996258 -0.00344588072 0.01260361355
v -0.005195086356 -0.004054976162 0.01225451473
v -0.005193977151 0.002449999563 0.00614329055
v -0.005190426949 0.003900000593 0.01194123551
v -0.005188180134 -0.00530287018 0.01993632317
v -0.005186960567 0.0038999971 0.0158203803
v -0.005186058115 -0.002730669454 0.0243043527
v -0.005184915848 0.001828480861 0.02544312365
v -0.005178040825 0.003028385807 0.02309159189
v -0.005175784696 0.002641340252 0.006109855603
v -0.005174505524 0.005559821147 0.01868223399
v -0.005173074082 0.004097005352 0.01707987115
v -0.005171485711 -0.004127987195 0.01527395006
v -0.005168555304 -0.005299078766 0.01985289156
v -0.005166852847 -0.001334300614 0.02547649294
v -0.005160648376 0.005048113875 0.02437965199
v -0.005159858149 0.00533360336 0.01869975775
v -0.005159464199 -0.0002499997208 0.01624826901
v -0.005157933105 -0.005050326232 0.02437966317
v -0.005155016668 0.007607440464 -0.002861961955
v -0.005151476711 0.007503183093 0.001034889719
v -0.00515055377 -0.005287746433 0.01977659017
v -0.00514837075 0.007153091021 0.01021988224
v -0.005147445016 -0.007505388465 0.001034877147
v -0.005145676434 0.005507112015 0.01867925003
v -0.005144525785 -0.007155295461 0.01021987945
v -0.005144184455 -0.002182518598 0.02440000698
v -0.00514346594 0.002762828488 0.02396284789
v -0.005138324108 -0.0003000024299 0.01629640535
v -0.005137912463 0.005388583988 0.01868840121
v -0.005136175081 0.004151087254 0.01687211916
v -0.005133127794 0.005448194221 0.01868137531
v -0.005130954552 0.005298772361 0.01902767271
v -0.005125135183 0.006379664876 0.01935284398
v -0.005123973358 0.002803553361 0.006014657207
v -0.005117667373 -5.000021702e-05 0.01750841178
v -0.00511690788 -0.004950147588 0.0196400471
v -0.005110509694 0.007074845023 0.01217046939
v -0.005107483827 0.005305867642 0.01929453388
v -0.005106707104 -0.007077033166 0.01217047218
v -0.005103181582 0.005236481782 0.01955016702
v -0.005101024639 0.002731881104 0.02413028292
v -0.005097254645 -0.006344811525 0.0196537748
v -0.00509701157 0.001120709698 0.01753251813
v -0.005096016452 2.070925075e-05 0.01009601075
v -0.00509601552 2.071140625e-05 0.007903987542
v -0.005088888109 0.006119604688 0.003538625548
v -0.005086461082 -0.003049999243 0.006206222344
v -0.005079853814 -0.004626682028 0.02149097063
v -0.00507659046 0.004918738268 0.02144788951
v -0.005074577406 0.005305904429 0.01942170225
v -0.005070220213 -0.005307267886 0.02045279555
v -0.00506721111 0.005305421539 0.01939176396
v -0.005065549165 -0.002097273478 0.02544292808
v -0.00506515149 -0.0001000005141 0.01749305613
v -0.005062342621 0.006136489101 0.001982965274
v -0.005060839001 -5.000198507e-05 0.01642950624
v -0.005060838535 0.001120711095 0.01642950624
v -0.005060659721 -1.057860466e-09 0.007939340547
v -0.005060659721 1.646459746e-09 0.01006066427
v -0.005059168208 0.005303521641 0.01935597323
v -0.005056839902 0.001349997357 0.01712506078
v -0.005052189343 0.006062182132 0.004056263249
v -0.005050839856 -0.003299999982 0.006149495486
v -0.005047447979 0.001350000384 0.01683872379
v -0.005046435166 0.002911939751 0.005872174632
v -0.005043758545 0.005322303623 0.01930061728
v -0.005042518489 0.001099998597 0.01751785353
v -0.005042517558 -9.999950998e-05 0.01751785912
v -0.005039766431 -0.004135093652 0.01227320451
v -0.005038454197 0.001099997084 0.01647791639
v -0.005038453732 -0.0001000008415 0.01647792198
v -0.005038046744 0.002821337432 0.01267338265
v -0.005036921706 -0.003682829672 0.0155019816
v -0.005032706074 0.001299997675 0.01713684201
v -0.005031619687 0.001299998956 0.01685900427
v -0.005031445995 0.005692328792 0.02126732655
v -0.005027971696 0.003793952055 0.01973227412
v -0.005027571693 -5.000058081e-05 0.01639861427
v -0.005026881583 -0.006202042568 0.001906934194
v -0.005023184698 0.003883973695 0.01562299579
v -0.005020919256 -0.00620368775 -0.00277702976
v -0.005020005628 0.001761454507 0.02547660656
v -0.005019534845 0.006815776229 0.0160919968
v -0.005016557407 0.007435234729 0.004880950321
v -0.005015870556 -0.006817911286 0.01609198563
v -0.005014438182 -0.002399119781 0.01275933906
v -0.005012559239 -0.007437366061 0.004880951252
v -0.005009122659 0.002666213317 0.0242751129
v -0.005004472099 0.004165087361 0.02601692639
v -0.005003940314 -0.0001000007906 0.01644453406
v -0.005002234131 -0.004167212639 0.02601691894
v -0.004995780997 0.00389999873 0.01211756188
v -0.004993009847 0.003549500601 0.01238933206
v -0.00498090405 0.004204642493 0.01765100099
v -0.004979341757 0.002879231237 0.02503864095
v -0.004974386189 0.002082260558 0.01274166163
v -0.004971213173 0.004270942416 0.0115665216
v -0.004965065978 0.004631137475 0.02546232007
v -0.004959969316 0.003899998963 0.01557273325
v -0.004954970442 0.002949999645 0.005704119802
v -0.004953520373 -0.003483014647 0.005994492676
v -0.004950441886 -0.005302052014 0.02096656524
v -0.004946238361 0.003423962044 0.02200917155
v -0.004942905158 0.002147210995 0.01272776537
v -0.004936501849 0.002849340439 0.02520636469
v -0.004936079029 0.00609582942 0.02137020417
v -0.00493586855 0.003366574878 0.01545737963
v -0.004933808465 0.004325879272 0.01027348917
v -0.004932801239 -0.006097920239 0.02137021534
v -0.004925902002 0.001349997707 0.01737988926
v -0.004913026467 -0.003278182121 0.01265369356
v -0.004911897704 -0.005292394664 0.02080494538
v -0.004904029425 -0.002020026324 0.02547669224
v -0.004900095053 0.001350001432 0.01659302227
v -0.004898803309 -0.005120549351 0.02074871399
v -0.004897847772 0.001299998374 0.01737975888
v -0.004895247519 -0.00317329634 0.02429945581
v -0.004894867074 0.001299997908 0.0166171398
v -0.004894718993 0.00664770091 0.01796954684
v -0.004892328288 -0.005272002425 0.02072104439
v -0.004891145509 -0.00664976798 0.01796955243
v -0.004888769705 0.004399379715 0.01671571285
v -0.004886588547 -0.004948704503 0.02069188096
v -0.004885355476 -0.0002000011445 0.01053347532
v -0.004885355476 -0.0002000006789 0.007466517854
v -0.004882259294 0.002576074796 0.02436781675
v -0.004878030159 0.007345057093 0.008468103595
v -0.004874080885 -0.007347116712 0.00846811384
v -0.004869665485 0.006404250395 0.0198242832
v -0.00486691203 -0.004500001203 0.01554023102
v -0.004866221454 -0.006406305358 0.01982428692
v -0.00486452831 -0.005212060176 0.02060043253
v -0.004861681722 -0.00438440498 0.01549084298
v -0.004860671237 -0.0002500019327 0.01793269068
v -0.004859553184 -0.005008223467 0.02057844959
v -0.004856571089 0.00356211164 0.02653468028
v -0.004854654428 -0.003564162413 0.02653468028
v -0.00485221995 0.004471806809 0.01696310006
v -0.004851841833 0.0007734381361 0.02722129412
v -0.004851425998 -0.0007754861144 0.02722128853
v -0.004851358477 -0.005147414282 0.02054270729
v -0.004850646947 -0.005056535825 0.02053947188
v -0.004850000143 -0.0002000001987 0.01047224365
v -0.004849999212 0.0008500003023 0.009000007063
v -0.004849999212 0.002200001385 0.009000005201
v -0.004849998746 -0.0001999983797 0.007527762558
v -0.004849965684 0.005704879761 0.02049843408
v -0.004848485347 -0.005101057701 0.02053001523
v -0.004848317243 0.0003880154982 0.02723042108
v -0.004848108161 -0.0003900592856 0.02723042108
v -0.00484537892 0.005940285046 0.02221959271
v -0.004844092764 -1.019337788e-06 0.02723237872
v -0.004843380302 0.002785648918 0.02535157837
v -0.004838562571 0.003146847012 0.02396539785
v -0.004838006571 0.007164289709 0.0122712953
v -0.004834332969 -0.004766860045 0.02534877323
v -0.004834155086 -0.007166326512 0.0122712953
v -0.004830593709 -0.003087595571 0.02504291199
v -0.004825545009 -0.00591039611 0.02237476222
v -0.004825103562 0.004413921852 0.01034246292
v -0.004825001117 0.002199997427 0.007657654583
v -0.004825001117 0.005050678272 0.007657661568
v -0.004825000186 0.00219999929 0.01034234557
v -0.004821148235 0.005696129519 0.02037323266
v -0.004820646252 -0.003271292895 0.02429824509
v -0.0048205778 -0.003550002351 0.005782770924
v -0.004813496955 -0.0003000021097 0.01789678261
v -0.004813369829 -0.004500001669 0.01423482411
v -0.004810994957 0.004517010413 0.01595104672
v -0.004808739293 -0.003114126623 0.02505216375
v -0.00480849063 0.005517608486 0.0203167256
v -0.004803134594 0.001531023183 0.02716219611
v -0.004802309908 -0.001533044619 0.0271622017
v -0.004796407651 0.006350614596 -0.002627302427
v -0.004796004854 0.005339089315 0.02025982365
v -0.004794735927 -0.003096864559 0.02436817251
v -0.004794387612 0.005667638965 0.02025295608
v -0.004793578293 0.004008687567 0.02077658847
v -0.004791477229 -0.003983961418 0.01242927555
v -0.004790260922 -0.003049999475 0.006433331873
v -0.004790260922 0.002450000495 0.006433335133
v -0.00478853751 -5.000141027e-05 0.01774614863
v -0.004783894867 -0.006358337123 -0.002621323802
v -0.004775000736 0.0007207081071 0.01034233253
v -0.00477500027 2.070932715e-05 0.01034233533
v -0.00477500027 2.071028393e-05 0.007657658774
v -0.00477500027 0.0007207090384 0.007657656912
v -0.004774369765 0.005381227005 0.02016237006
v -0.004771573935 0.00450722361 0.01048868708
v -0.004769264255 -0.003083562013 0.0252053421
v -0.004766201135 0.005777390674 0.02295771614
v -0.004765181802 0.006882865448 0.01617052034
v -0.004764385056 0.00264134258 0.006405425258
v -0.004763688426 0.005588712171 0.02011326328
v -0.004763015546 0.001120707602 0.01775552332
v -0.004762019496 -0.004500000272 0.01209794451
v -0.004761482589 -0.006884865928 0.01617051661
v -0.00475911377 0.005443300121 0.02009244636
v -0.004756062292 0.005534868222 0.02007832006
v -0.004755112343 0.005488474853 0.02007400803
v -0.004752739333 0.005747430958 0.02308136038
v -0.004750000779 -1.798695193e-09 0.01029903255
v -0.004750000313 -1.233536051e-09 0.007700957824
v -0.004750000313 0.0006999975303 0.007700955495
v -0.004749999847 0.0006999998004 0.01029904466
v -0.004749651067 -0.005749426316 0.02308135293
v -0.004748182371 0.004572822247 0.01582288556
v -0.004747497384 -0.0001000017219 0.01770798489
v -0.004744719714 0.002699998673 0.006384205539
v -0.004744718783 -0.003300000681 0.006384206004
v -0.004740531091 0.004422441591 0.01868531108
v -0.004739039578 0.002474521287 0.02439999953
v -0.004738958087 0.001349999802 0.01654826477
v -0.004738944583 0.001300001051 0.01654826663
v -0.004738912918 0.001299997675 0.01650459878
v -0.004738908727 0.001349997357 0.01648169383
v -0.004738812335 0.001208730275 0.016404856
v -0.00473879464 0.001246066066 0.01636903547
v -0.004738694988 0.001099998946 0.01628900133
v -0.004738660529 0.001120712026 0.0162364319
v -0.004738372751 -9.999946633e-05 0.01628888585
v -0.004738346208 -5.000096644e-05 0.01623632573
v -0.00473827403 -0.0001934286556 0.01619092375
v -0.004738269374 0.002099006902 0.01537015103
v -0.004738246556 -0.0001438894396 0.01613845117
v -0.004738160875 -0.0003000003344 0.01608033478
v -0.004738135729 -0.0002500014089 0.01602876559
v -0.004737637471 -0.0002500018163 0.01536987629
v -0.004737623036 -0.0003000006545 0.01536987815
v -0.004737092182 0.002099008532 0.01381554268
v -0.004737085663 -0.002300992841 0.01536963973
v -0.004736122675 0.002199997893 0.008574994281
v -0.00473612221 0.002199997893 0.009424999356
v -0.004736121744 0.0008500003023 0.009425000288
v -0.004736121744 0.0008500004187 0.008574994281
v -0.004735909402 -0.002300990047 0.01381555013
v -0.004734907299 -0.007810558658 -0.002589513315
v -0.00472758431 0.003899999661 0.01539890561
v -0.004720170982 0.001099998131 0.01771695353
v -0.004715636838 0.003899997799 0.01223966014
v -0.004714671057 0.002698110649 0.02544457652
v -0.00471436698 0.003635363886 0.02307085507
v -0.004710356239 0.0008499986143 0.007769621909
v -0.004710355308 0.0008500004187 0.010230368
v -0.004699999467 0.0008000007365 0.007787567563
v -0.004699999467 0.0008000007947 0.01021243911
v -0.004690696951 0.002803552663 0.006325938273
v -0.004687631968 0.001349997125 0.01753898337
v -0.004680835642 -0.003015434602 0.02535015717
v -0.004677097313 0.006460132543 0.01973078027
v -0.004673623946 -0.006462085526 0.01973077469
v -0.004672586452 -0.004137518816 0.01534116454
v -0.004667545669 0.003324116115 0.01251191087
v -0.004661459941 0.001299998374 0.01752576418
v -0.004658408929 0.002261791145 0.02703108452
v -0.004657192621 -0.002263736445 0.02703108639
v -0.004656056408 -0.002991413232 0.02440000139
v -0.004643938038 0.004617796279 0.01774589717
v -0.004642867018 0.006171369459 0.02148910426
v -0.004640219733 0.006710058544 0.01802889816
v -0.004639549647 -0.006173304748 0.02148910426
v -0.004636612721 -0.006711994763 0.01802889816
v -0.004635686055 0.004665588029 0.02558950335
v -0.004635500722 0.0007999988156 0.008999994025
v -0.004635498859 -0.002199999522 0.009000000544
v -0.004634803161 0.004561725073 0.01216202788
v -0.004633178469 -0.004667518195 0.0255894959
v -0.004631383345 0.00544179976 0.02415092476
v -0.004627811722 0.005431396421 0.02418138646
v -0.004622605164 0.005415847059 0.02422617376
v -0.004620295018 0.002883010311 0.006249993108
v -0.004620294552 -0.003483013483 0.006250000093
v -0.004613240715 -0.002993194619 0.01531496551
v -0.004612064455 -0.002993192524 0.01376107428
v -0.004611474928 -0.005391987506 0.02429851703
v -0.004607644398 0.003356225323 0.02504235506
v -0.004598876461 0.002833005041 0.01530862227
v -0.00459769927 0.002833008533 0.01375405956
v -0.004592255689 0.004589944612 0.01045211498
v -0.004589869175 0.005056425463 0.02503155544
v -0.004589475691 0.006334870588 0.004056257661
v -0.004587149248 -0.005058330484 0.02503155917
v -0.004581976682 0.005100697279 0.02495410293
v -0.004580413923 0.002911939286 0.006206982769
v -0.004572012927 -0.003399424488 0.02504634857
v -0.004569281824 0.002599442378 0.02547695488
v -0.004567431286 0.00506098941 0.02503827401
v -0.004556811415 -0.002919867635 0.02544451505
v -0.004550359678 0.0007999977097 0.008682242595
v -0.004550358746 -0.002200001851 0.009317750111
v -0.004550358746 -0.002200000454 0.008682250045
v -0.004550358746 0.0007999992813 0.009317757562
v -0.00453306688 -0.00378778344 0.01248708647
v -0.0045291977 0.004749962594 0.01520879939
v -0.004524928983 0.004750997294 0.01515469421
v -0.004516432062 0.001300001983 0.01645024866
v -0.004512446932 0.005305276718 0.007520598825
v -0.00451007206 -0.004500000738 0.01528617181
v -0.004507896956 0.004147589672 0.02614537627
v -0.004505668301 -0.004149449058 0.02614537254
v -0.004498224705 0.004791224841 0.01684874669
v -0.00448688725 0.007915188558 -0.002416794188
v -0.004475541413 -0.003050002502 0.006630943157
v -0.004475541413 0.002449997701 0.006630946416
v -0.004470595159 0.001349997125 0.01643004455
v -0.004461770412 0.002950024325 0.02682194114
v -0.004460184835 -0.002951860195 0.02682193927
v -0.004458293784 -0.0002000009845 0.007289621513
v -0.004458292387 -0.0001999983506 0.01071037911
v -0.004455848131 -0.004499907605 0.01219187491
v -0.004451499786 0.007822383195 0.0013363912
v -0.004451080225 0.002699999604 0.006568591576
v -0.00445107976 -0.003299999749 0.006568592042
v -0.004450326785 -0.003549999325 0.006066660862
v -0.004450325854 0.002950001974 0.006066671573
v -0.004447294399 -0.007824211381 0.001336389803
v -0.00444639381 0.004273088183 0.01961685345
v -0.004443110432 -0.003378779162 0.01250714622
v -0.004441085737 0.006563598756 0.004878961481
v -0.004439993296 -0.0002000026725 0.01064206846
v -0.00443999283 -0.0002000011154 0.007357920986
v -0.004434194881 0.003554556053 0.02396388724
v -0.004432568792 0.006565272342 -0.002379936399
v -0.004431530833 -0.003548510605 0.02504730038
v -0.004430181347 0.007680365816 0.005128872581
v -0.004429471679 0.004726715386 0.0125817759
v -0.00442605326 -0.007682189811 0.005128873978
v -0.004425001331 0.002199996496 0.008263872005
v -0.004425000865 0.0008499991382 0.008263872005
v -0.004424999468 0.0008499990799 0.00973612722
v -0.004424999468 0.002200000221 0.009736126289
v -0.004422178958 0.006517023779 0.01976064965
v -0.004418677185 -0.006518840324 0.01976064034
v -0.004417461809 0.005889825057 0.02293949015
v -0.004417445045 -0.002812521067 0.02547706664
v -0.004414295778 -0.005891637411 0.02293948457
v -0.00441375142 -0.007944297045 -0.002370512811
v -0.004413525574 0.004475596361 0.01848934591
v -0.004402270541 0.006238556001 0.0213416107
v -0.004402077291 0.001350000151 0.01756224222
v -0.004401168786 2.071143354e-05 0.00750282174
v -0.004401168786 2.07118228e-05 0.01049718913
v -0.004399767146 0.005084512755 0.02505695634
v -0.004399558995 0.003514543641 0.02413100563
v -0.004399366211 0.003912499174 0.02200292982
v -0.004398915917 -0.006240359973 0.02134160884
v -0.004398569465 -0.003739446634 0.02429249324
v -0.004398142453 -0.006587035954 0.00487899594
v -0.004397033714 -0.005086316727 0.02505695634
v -0.004391854163 0.004747999832 0.01248077769
v -0.00438822899 -1.741666811e-09 0.01044888142
v -0.004388228059 -8.856516634e-10 0.007551117335
v -0.00438508857 -5.000101737e-05 0.01779170707
v -0.004384254105 0.002883011242 0.006398212165
v -0.004384252708 -0.003483012784 0.00639821915
v -0.004383868072 0.001299998839 0.01753759384
v -0.00437816605 0.001227310509 0.01638934761
v -0.004372096621 0.004832371138 0.01571491547
v -0.004365120083 -0.0001000022094 0.01773777045
v -0.004362735432 0.001120710047 0.01778813079
v -0.004362164531 0.004853780381 0.01459503826
v -0.004359452985 0.003900001757 0.01228370611
v -0.004356360994 -0.0002500006231 0.01798962243
v -0.004347964656 0.003899997799 0.01519787312
v -0.004341636784 0.00110000011 0.01773309149
v -0.004331823438 0.006543857511 0.0004163688573
v -0.004331822507 0.006543859839 0.003538625548
v -0.004329151008 -0.0002999993449 0.01793451421
v -0.004327661823 0.001264759572 0.01636709087
v -0.004326730035 0.003090264043 0.01245578565
v -0.004326317925 0.004678814672 0.01746238023
v -0.004324534442 0.003429984441 0.02427548729
v -0.004324266687 -0.00445868494 0.0122291632
v -0.004317750689 0.0007999985246 0.009550356306
v -0.004317750223 -0.002200000221 0.008449641056
v -0.004317749757 -0.002199999755 0.009550363757
v -0.004317749757 0.0008000009693 0.008449648507
v -0.004302002955 0.006482583936 0.004056261387
v -0.004300284199 0.004831797443 0.01301771123
v -0.004298382439 0.001299999189 0.0164882876
v -0.004297473002 -0.006639048457 0.0003426976909
v -0.004292967264 0.002949997317 0.006165470462
v -0.004292966798 -0.003550001187 0.006165474188
v -0.004286999814 0.003685703734 0.02504174411
v -0.004271900747 0.005541912746 0.02412951179
v -0.00426892098 -0.005543650128 0.02412951179
v -0.004266281147 0.005332252476 0.02462717518
v -0.004263415467 -0.005333986133 0.02462717146
v -0.004261054099 0.001349999686 0.01648172364
v -0.004259729758 0.004901271779 0.01403767988
v -0.004251553211 0.003646341618 0.02520867437
v -0.004242505413 0.004889855161 0.01349919941
v -0.004241430666 0.004824074917 0.01053818129
v -0.004240565468 0.003769516712 0.01232640445
v -0.00423778221 0.003587356536 0.02652385458
v -0.004235853441 -0.003589073895 0.02652385645
v -0.004233094864 -0.004500001669 0.01514716353
v -0.004232856911 -0.00510375388 0.02506086975
v -0.004223422613 0.004668111913 0.02565152943
v -0.004220991861 0.003313964698 0.02436792292
v -0.004220912699 -0.004669818096 0.02565153316
v -0.00420291489 0.004489049315 0.02065993287
v -0.004201982636 0.001100001391 0.01631175354
v -0.004201820586 -0.0001000019038 0.01631182246
v -0.004199755844 0.003464656183 0.01513245329
v -0.004198580049 0.003464656183 0.01357816625
v -0.004179343116 0.004867656156 0.01651312038
v -0.004174774978 0.003563433886 0.02535297163
v -0.004166522995 0.004692742601 0.01952672563
v -0.004159623291 0.004126180895 0.02306476794
v -0.004158489872 -0.006028476171 0.007139905356
v -0.004157434683 0.005533573683 0.007453734986
v -0.004150723573 -0.003715047613 0.01511080563
v -0.004149547312 -0.003715047613 0.01355741732
v -0.004148095381 -0.00378121133 0.02436849475
v -0.004141847137 0.006288888399 0.02133654617
v -0.004141201265 0.001349998871 0.01744381338
v -0.004141199403 0.001120711444 0.01628497429
v -0.004141052254 -5.000154852e-05 0.01628505252
v -0.004139282275 0.004992546048 0.01048587263
v -0.004138466436 -0.006290553603 0.02133654617
v -0.004136742558 0.00595941674 0.02277357318
v -0.004135912284 0.001300000935 0.01741224341
v -0.004133538343 -0.005961077288 0.02277356945
v -0.004132115748 0.004964080174 0.01348843612
v -0.004122345243 0.00672736438 -0.002160681412
v -0.004114965443 0.005050813314 0.01674025878
v -0.004110393114 -0.003241344122 0.006661933381
v -0.004110392649 -0.003550000256 0.006200003438
v -0.004110392649 -0.003483012551 0.006449997891
v -0.004110392649 -0.003300002543 0.006633009296
v -0.004110392649 0.002700000536 0.006633007899
v -0.004110392183 -0.003511939896 0.006391340867
v -0.004110392183 -0.00305000064 0.006700001191
v -0.004110392183 0.002449999331 0.006700004451
v -0.004110392183 0.002949998016 0.006199999247
v -0.004110391717 -0.003403553739 0.006553555839
v -0.004110391717 0.00280355569 0.006553558633
v -0.004110391717 0.002883014269 0.006450005341
v -0.004104102962 0.00318329013 0.02440000698
v -0.004100092687 -0.00385308452 0.02505576424
v -0.004097755533 -0.0001869983098 0.0162659958
v -0.004094615113 -0.004238234367 0.01229517534
v -0.004091631621 -0.001619253773 0.02703718655
v -0.004091210663 0.005063138902 0.01510120742
v -0.004090470262 0.001691559097 0.0270288121
v -0.004089357797 -0.006743403617 -0.002139249118
v -0.00407995563 -0.004015596118 0.02429045178
v -0.004078213591 -0.004500010051 0.01220390946
v -0.004074589349 0.004896665923 0.01849548519
v -0.004073989578 0.001299998607 0.01665212214
v -0.004069264047 0.0007768900832 0.02708820067
v -0.004068798851 0.003449801821 0.02544530667
v -0.004067724105 -0.003814228578 0.02520798333
v -0.004052011296 0.004935905337 0.01055008266
v -0.004050708376 0.005115003325 0.02503970079
v -0.004050001036 0.005591632333 0.007449999917
v -0.004050000105 0.002200000919 0.01055000164
v -0.004049999639 0.002200001851 0.007450004574
v -0.004045856651 -0.003899553791 0.02504646406
v -0.004045629408 -0.0006112225237 0.02708879299
v -0.004039684311 -0.0001381888578 0.01624039933
v -0.004039311782 0.001349999686 0.01666314527
v -0.004035509191 -0.003649367252 0.02439999208
v -0.004023932852 0.004169247579 0.02612668835
v -0.00402169209 -0.004170847125 0.02612667345
v -0.004018014763 -9.999983013e-05 0.01757461764
v -0.004011238925 -5.000271631e-05 0.01763333008
v -0.004007715732 -0.008089650422 -0.002080058213
v -0.004003516398 0.001099999878 0.0175621435
v -0.004000000656 -2.540071487e-09 0.01049999427
v -0.004000000656 0.0007999991649 0.008364496753
v -0.004000000656 0.0007999993977 0.007599995006
v -0.004000000656 0.000800000038 0.01039999723
v -0.004000000656 0.0008000002126 0.009635495022
v -0.004000000656 0.0008499978576 0.009849998169
v -0.004000000656 0.0008499988471 0.007579286583
v -0.00400000019 -0.002581847599 0.008999999613
v -0.00400000019 -0.002200001618 0.009635503404
v -0.00400000019 2.070814662e-05 0.007449995261
v -0.00400000019 0.000699999975 0.00749999797
v -0.00400000019 0.002199998358 0.008150001056
v -0.003999999724 -0.002199999057 0.008364504203
v -0.003999999724 -0.0002000001405 0.01069999952
v -0.003999999724 1.236967417e-09 0.007500000298
v -0.003999999724 2.071009476e-05 0.01055000722
v -0.003999999724 0.0007207124727 0.01055000443
v -0.003999999724 0.0008499999531 0.01042071357
v -0.003999999724 0.0008500008844 0.008150001988
v -0.003999999724 0.002199998824 0.009849997237
v -0.003999999259 -0.0001999992819 0.007229292765
v -0.003999999259 -0.0001999983942 0.01077071298
v -0.003999999259 0.0007000026526 0.01050000638
v -0.003999998793 -0.0001999975357 0.007300007157
v -0.003999998793 0.0007207133458 0.007450006902
v -0.003998228814 0.00286341249 0.02678487636
v -0.003997048363 0.001120711677 0.01762212627
v -0.003996024374 -0.003728542943 0.02535173297
v -0.003994214814 -0.002882735571 0.02677920088
v -0.003980872221 0.00129999849 0.01718167216
v -0.003971671686 -0.0003000017896 0.01621045917
v -0.003971445374 0.005030120257 0.01561590657
v -0.003970745951 0.001349997707 0.01721353829
v -0.003958311863 0.001300000004 0.01690474898
v -0.003954243846 0.005596938077 0.02400461398
v -0.003951233812 -0.00559849944 0.02400462143
v -0.003949134611 0.003321864642 0.02547741868
v -0.003937961999 0.005122434348 0.02502133325
v -0.003935043234 -0.004123561084 0.02429025806
v -0.003933667671 0.001349998871 0.01692944951
v -0.003922045697 0.003899997799 0.0122281881
v -0.003921602387 0.005085334182 0.01754232123
v -0.003920085728 0.005375492387 0.02454055846
v -0.003919074778 0.001099999296 0.0165256355
v -0.003917996306 -0.0002499991388 0.01618681289
v -0.0039171963 -0.005377043039 0.02454055846
v -0.003916127142 -0.00010000162 0.01652926765
v -0.003912701271 -0.005473035853 0.009400004521
v -0.003911030479 -0.00400504889 0.02504497394
v -0.003905621357 0.0001268767082 0.02706760354
v -0.003900263458 -7.70141412e-07 0.02706674486
v -0.003895811737 -0.003608815139 0.02544529177
v -0.003893280169 0.005091084167 0.01398155186
v -0.003890899476 -0.003470826894 0.02654349059
v -0.003889484331 -0.0003000008001 0.01772785559
v -0.003889048006 -0.0002500015544 0.01779166423
v -0.003872269532 0.007424444426 0.01263402961
v -0.00386983552 0.005034524482 0.0105396742
v -0.003869020147 0.005046795588 0.01238733623
v -0.00386827765 -0.007425963879 0.0126340352
v -0.003857811214 0.004687914625 0.02561976016
v -0.003856394207 0.006003425457 0.0227368772
v -0.003855291754 -0.004689427558 0.02561976016
v -0.00385422376 0.001120710745 0.01652780548
v -0.003853166709 -0.006004936993 0.0227368772
v -0.00385162537 -5.000014062e-05 0.01653137244
v -0.003840900725 0.007101426367 0.01649372838
v -0.003839000361 -7.494724059e-07 0.02705415338
v -0.003837083001 -0.007102926262 0.01649372838
v -0.003812532406 0.007679450326 0.008896393701
v -0.003812419018 0.003842075821 0.02633533999
v -0.003808404552 -0.007680938113 0.008896400221
v -0.003801489016 0.008153998293 -0.001921535819
v -0.003796954872 -0.0001000009142 0.01726119407
v -0.003792097792 0.001100000693 0.01724773832
v -0.003783336375 -0.00347450655 0.02547753975
v -0.003780801781 0.004580485635 0.01955163851
v -0.0037769177 0.004271131009 0.02201743051
v -0.003774241311 -0.005137058906 0.02499245666
v -0.003763279645 -5.00020069e-05 0.01731183007
v -0.003761334112 0.001099999994 0.01687011309
v -0.003760426538 -0.0002999988792 0.01640374213
v -0.003759748302 -0.0001000000702 0.01687946916
v -0.003758111736 0.001120709698 0.017299328
v -0.003757108003 0.0078944657 0.005426186603
v -0.003752863966 -0.007895921357 0.005426186137
v -0.003744670656 0.006902844645 0.01832110435
v -0.003740959568 -0.006904292386 0.01832110994
v -0.003729573917 0.004214585759 0.0260676574
v -0.003718735417 0.005249478389 0.01048295107
v -0.00371450861 0.004759080242 0.01838686317
v -0.003711598925 -0.004289208911 0.02600660175
v -0.003706833581 0.005246861838 0.01664099656
v -0.003706137417 0.001120707369 0.01690109819
v -0.003705076873 -5.000082456e-05 0.01691002399
v -0.003704523202 0.003993638791 0.0241731368
v -0.003701157169 0.004009770695 0.0241534207
v -0.003693588078 0.003904420882 0.02427001111
v -0.003692857223 -0.004282406066 0.02429115959
v -0.003691616235 0.00807888899 0.001687388401
v -0.003691516118 -0.005146822426 0.02497620694
v -0.003689530538 -0.0002500014671 0.01641422324
v -0.003687274177 -0.008080312051 0.001687380369
v -0.00368317496 -0.004499989562 0.01213247702
v -0.003682250855 0.0007999973022 0.0084496364
v -0.003682249924 -0.002200000919 0.00844964385
v -0.003682249924 0.0008000012604 0.009550358169
v -0.003682249459 -0.002200000687 0.009550366551
v -0.003672180697 0.002699997509 0.01216685213
v -0.003672179068 -0.003300002078 0.01216685213
v -0.003672170686 0.00371908606 0.01216684282
v -0.00367216533 -0.004174358211 0.01216685399
v -0.003660525661 0.004559730645 0.0257502161
v -0.003659179434 0.005763245746 0.007500074804
v -0.003657891415 0.004112450406 0.02394561097
v -0.003646747442 -0.004232830834 0.02433539741
v -0.003635141067 0.00383228506 0.02433584817
v -0.003632315435 -0.004721084144 0.02557402104
v -0.003628815524 0.003809848567 0.01214645803
v -0.003626859514 -0.006951708812 0.004821743816
v -0.003623373341 0.00530722132 0.01499676052
v -0.00362252444 0.005638624541 0.02394272201
v -0.003619492752 -0.005640008952 0.02394272014
v -0.003611771623 -1.179675358e-09 0.0104488926
v -0.003611770924 2.790176976e-10 0.007551113144
v -0.003610428423 -0.004913103767 0.025331771
v -0.003609474516 -0.0003000006545 0.01733086072
v -0.003608731087 0.003900000826 0.01487156842
v -0.003607555758 0.003899999429 0.01331776939
v -0.00360745308 0.005158099346 0.02495831996
v -0.003604680067 -0.005159474909 0.0249583181
v -0.003598830895 2.0710022e-05 0.007502811961
v -0.003598830895 2.071041126e-05 0.01049717981
v -0.003598749405 0.005263255909 0.01339526661
v -0.00359583064 -0.004337515216 0.01212919317
v -0.003589043627 0.004150544293 0.02394300885
v -0.003586059203 0.003899780102 0.01212373003
v -0.003584167454 0.004937964026 0.01733336598
v -0.003582403995 -0.004195252433 0.02436608635
v -0.0035790978 -0.0002499983821 0.01738979667
v -0.003575000446 0.002199996961 0.008263872005
v -0.003574999981 0.0008499994874 0.008263872936
v -0.003574999515 0.000849999662 0.009736128151
v -0.003574999515 0.002200000687 0.009736126289
v -0.003574415809 0.006672810763 0.02000370249
v -0.003570829052 -0.006674168166 0.02000370622
v -0.003562347265 -0.0003000003635 0.01684734039
v -0.003560008015 -0.0002000012901 0.007357924245
v -0.003560007317 -0.0001999993983 0.01064207125
v -0.003550339025 0.00516391499 0.0155291697
v -0.003548777429 -0.003549998859 9.31663235e-05
v -0.00354170613 -0.0001999995293 0.0107103698
v -0.003541705897 -0.0001999993256 0.007289627567
v -0.003530816641 0.006877818145 0.003538612043
v -0.003528043861 0.004483654629 0.02308036946
v -0.003526806366 0.00479297433 0.02059559152
v -0.003523253137 -0.006990923546 -0.001317624003
v -0.003520408878 -0.004499686882 0.01208335999
v -0.003517728532 0.003776552388 0.02438051999
v -0.003513467032 0.005204806104 0.01045425981
v -0.003510551061 0.004200181458 0.02384623885
v -0.003510521725 -0.003557612421 9.216441686e-05
v -0.003508274211 0.006813507993 0.004056261387
v -0.003508197609 0.00427022716 0.025025893
v -0.00350634614 -0.0002499988768 0.01688752696
v -0.003489325754 -0.004130600952 0.02532197721
v -0.00348832598 -0.004211616702 0.02522971295
v -0.003483429551 0.00422765594 0.02519801073
v -0.003482901957 0.005373758264 0.01048175897
v -0.003482814878 -0.004110103473 0.02534281276
v -0.003478712635 -0.005685406737 0.009439354762
v -0.003478090279 -0.003579288023 9.131293336e-05
v -0.003477948718 0.004215773661 0.02522284724
v -0.003473673947 0.004106784705 0.02534480393
v -0.003472521901 -0.003549998859 -0.0007376209251
v -0.003456420731 -0.003611730877 9.07410431e-05
v -0.003456026549 0.004971585702 0.01942517608
v -0.003449640935 0.0007999979425 0.00931774918
v -0.003449640702 0.0007999992231 0.008682250045
v -0.003449640004 -0.002200000221 0.00931775663
v -0.003449639771 -0.002199999057 0.008682257496
v -0.003448810894 -0.003649998689 9.054409747e-05
v -0.003446784336 0.007020181045 -0.001651571249
v -0.003441594541 0.003899998963 0.01324465591
v -0.003441085806 -0.005449998192 -0.0002478384122
v -0.003441085573 -0.003649998223 -0.0002478401002
v -0.003439554013 -0.007024618797 0.004879719112
v -0.003439424559 -0.004172472283 0.01324465685
v -0.003435089253 -0.003557613585 -0.0007296712138
v -0.003434996819 -0.004454885144 0.02409409918
v -0.003429036122 -0.003549998393 0.0009188079857
v -0.003428378841 -0.004177025054 0.01479195338
v -0.003426075447 -0.004035650752 0.02541135624
v -0.003418135457 0.004035027232 0.02541081049
v -0.003415625775 0.005181827582 0.02492082864
v -0.003414117033 0.003678228706 0.02440000698
v -0.003411430633 0.005265419837 0.01388320234
v -0.003405462019 0.00269999681 0.01199330296
v -0.003405461321 -0.003300002543 0.01199330296
v -0.003403685289 0.003899997799 0.01199227478
v -0.003403683193 -0.004499997478 0.01199228689
v -0.003403354203 -0.003579287324 -0.0007229254115
v -0.00339865475 0.003000000492 -0.001584824291
v -0.003398654284 0.006922768429 -0.001584818936
v -0.003398653818 -0.007037980948 -0.001584814978
v -0.00339865312 -0.003599998308 -0.001584813581
v -0.003394913161 -0.004339424893 0.02504163049
v -0.003393447259 -0.007039895747 -0.001595941721
v -0.003392285202 0.001827053726 0.02685553953
v -0.003392072394 -0.003557613585 0.0009089023806
v -0.003391302656 -0.001828317298 0.02685553953
v -0.003390026744 0.004334044177 0.0250487458
v -0.003388446756 0.005243135151 0.01080682967
v -0.003388215322 -0.004344270565 0.02503312938
v -0.003388203913 -0.007041815203 -0.001607040642
v -0.003388183191 -0.007326213643 -0.001607089886
v -0.003384632757 0.003900000593 0.01197452657
v -0.003384631826 -0.004500001203 0.01197452471
v -0.003383936128 0.005100320559 0.01636639796
v -0.003382149851 -0.003611729015 -0.0007184221176
v -0.003374705324 -0.003649999155 -0.0007168496959
v -0.003367385129 0.004349886905 0.02502093837
v -0.003364500124 0.0008000006201 0.00899999775
v -0.00336449896 -0.00219999766 0.009000005201
v -0.003360735252 -0.003579288954 0.0009005003958
v -0.003353338921 0.002950000111 -0.001563685713
v -0.003353338456 -0.003549998393 -0.001563681755
v -0.003352180356 0.006401653402 0.02150914259
v -0.003348740051 -0.006402895786 0.02150913514
v -0.003346939804 0.003995027393 0.02544438653
v -0.003346070647 0.006939893123 2.354189945e-07
v -0.003341891803 0.006941234693 0.0001666985481
v -0.003339796793 -0.003611732507 0.0008948899922
v -0.0033371381 0.006942758337 0.0002421251993
v -0.003336681286 -0.004513774533 0.02400575392
v -0.003332444467 -0.005450000521 0.0008929199539
v -0.003332444234 -0.003650000319 0.0008929182659
v -0.003327138256 -0.003983674571 0.02545345947
v -0.003327010432 0.006945992354 -0.0003484282061
v -0.003325893078 0.004307470284 0.0235716328
v -0.003321990371 0.001054192544 0.02690663375
v -0.003321422962 -0.001055416302 0.02690663002
v -0.003319846233 0.005149960052 0.01836741343
v -0.003316497197 0.005270195194 0.01229502074
v -0.003299999982 0.0008000014932 0.007787567098
v -0.003299999051 0.0008000013768 0.01021243818
v -0.003293911228 -0.004150201101 0.02440000139
v -0.003289644141 0.0008500019321 0.007769630756
v -0.003289643908 0.0008500001277 0.01023037825
v -0.003288910957 0.004399892874 0.02492394485
v -0.003284710227 0.003972819075 0.02546081319
v -0.003279774683 0.003750199219 0.02439999767
v -0.003278115997 0.005377271213 0.01655439846
v -0.003275897587 0.005304668099 0.01034290064
v -0.003275001654 0.005872034468 0.007657660171
v -0.00327500049 0.002199998824 0.01034233812
v -0.003275000257 0.002199999755 0.007657662034
v -0.003263878636 0.0008499984397 0.008574999869
v -0.003263878403 0.002199999522 0.008574998938
v -0.003263878403 0.002199999522 0.009425004013
v -0.003263877938 0.0008500019903 0.009425004944
v -0.003256428288 0.003841005266 0.02547794767
v -0.003254324198 0.006968747359 0.0007668506005
v -0.003250000766 0.0006999986945 0.01029903535
v -0.0032500003 -6.95679628e-11 0.01029903721
v -0.003250000067 0.0006999992765 0.007700960618
v -0.003249999834 4.95591179e-10 0.00770096248
v -0.003249999601 0.00510000065 3.900107348e-09
v -0.003249834292 0.006869425066 3.281120007e-05
v -0.003249303903 -0.003964247182 0.02546813153
v -0.003248438006 0.00686985394 0.0001007791579
v -0.003248339053 -0.008299749345 -0.001494757482
v -0.003239216981 0.0006892662495 0.02690680884
v -0.003238846548 -0.0006904480397 0.02690680325
v -0.003231674433 0.006975673605 -0.0008623987669
v -0.003224999877 0.000720710319 0.01034233999
v -0.003224999644 2.071155905e-05 0.01034234278
v -0.003224999644 0.0007207113085 0.007657664362
v -0.003224999411 2.071251765e-05 0.007657666225
v -0.003215356264 0.00698061334 -0.0009221853106
v -0.003214549739 -0.004465724807 0.02477150597
v -0.003213146003 0.006882136688 -0.0004880454508
v -0.003212947864 -0.004466838669 0.02476853691
v -0.003206287278 -0.0002000016102 0.01174470317
v -0.003206133842 0.003872208297 0.01174529549
v -0.003206132678 -0.004472207278 0.01174529921
v -0.003206117777 -0.003300001146 0.01174528152
v -0.003206117777 0.0027000017 0.01174527965
v -0.003204484005 -0.003549999557 -0.00152767438
v -0.003192453878 -0.004247518722 0.01309091039
v -0.003191646421 0.006889256183 0.0006131007103
v -0.003186884336 0.005340007599 0.01028745808
v -0.003174455604 0.003899998497 0.01307163108
v -0.003170087235 -0.005450000986 -0.001361264731
v -0.003170087235 -0.003650001017 -0.001361266477
v -0.003169939853 -0.00355761149 -0.001511203824
v -0.003169092117 -0.004446750041 0.01167467609
v -0.003168610157 0.003846384119 0.01167382859
v -0.003150000935 0.0008499984979 0.008999993093
v -0.003149999538 -0.0001999992965 0.01047224365
v -0.003149999073 -0.0001999973174 0.007527763024
v -0.003149998607 0.002200002316 0.009000006132
v -0.003140655113 -0.003579288488 -0.001497242949
v -0.003132287879 0.005478721112 0.01489822846
v -0.003130934201 -0.004412062466 0.01160885766
v -0.00312951603 0.003811377799 0.0116073722
v -0.00312108756 -0.003611732274 -0.001487919129
v -0.003117373912 0.006077617873 0.02281687967
v -0.003115256317 0.004500956275 0.02466807328
v -0.003114644438 -0.0001999998349 0.01053347345
v -0.003114644205 -0.0001999993692 0.007466515992
v -0.003114216728 -0.003649999388 -0.001484646345
v -0.003114107996 -0.006078730803 0.02281687595
v -0.003112814156 0.005232816096 0.01545801386
v -0.003112477716 0.005461900029 0.01181290299
v -0.003112346632 0.005310863256 0.01739647426
v -0.003108683042 0.008330428042 -0.001376304775
v -0.003097062698 0.001034245477 0.02159783058
v -0.003096910659 0.002097669058 0.02150349319
v -0.003096888307 -0.001414340222 0.0216964446
v -0.003096776083 0.002050000709 0.02139904723
v -0.003096766304 0.002100000624 0.02140000276
v -0.003096737666 0.001047860482 0.02132687904
v -0.003096395405 -0.004951914772 0.02153812349
v -0.003096221015 0.004523243289 0.02157178335
v -0.003096176311 -0.00136363483 0.02185657062
v -0.003096144879 -0.001434244681 0.02120217308
v -0.003096091561 0.002059720457 0.02182855643
v -0.003095928812 0.002003266243 0.02185619436
v -0.00309584057 0.001027670689 0.02116479911
v -0.003095760709 0.0009383224533 0.02191646025
v -0.003095342545 -0.001412617625 0.02109659836
v -0.003094726941 0.002074194606 0.02105642296
v -0.00309381471 0.0009677982889 0.02095419355
v -0.003093389096 0.0007699723938 0.02218845487
v -0.003093114588 0.00199708296 0.02091489919
v -0.003092418658 0.001933859545 0.02225828916
v -0.003092103172 0.001868771622 0.0222846847
v -0.003091665916 -0.001025636098 0.02233851887
v -0.003091262421 -0.0009884512983 0.02236997336
v -0.003091060789 0.0005711188423 0.02238380909
v -0.003090432379 0.002002523979 0.02073751763
v -0.003090012819 0.007017225958 -0.002124691615
v -0.003088912694 -0.005073588341 0.02069037594
v -0.003088575555 0.0007837365265 0.02062879317
v -0.003088488476 0.006918218918 -0.001011797227
v -0.00308848382 0.00179053552 0.02255229093
v -0.003088437486 0.0002457994851 0.02256780304
v -0.003088258905 -0.001169971889 0.02061155252
v -0.003087715944 -0.0004957251949 0.02261451259
v -0.003087475663 2.617292739e-05 0.02262936719
v -0.00308745401 -0.004804884084 0.02259128913
v -0.00308740139 -0.0003978309978 0.02263424918
v -0.003087380435 -0.001135075232 0.02057045512
v -0.00308736763 0.004453924485 0.0225901641
v -0.003086449811 0.001650663675 0.02267967165
v -0.003086229786 0.001928966492 0.02052964829
v -0.003085568547 0.007018479519 0.001288800035
v -0.003085327568 0.001858616597 0.02049192414
v -0.003083983669 0.0005884488928 0.02043002471
v -0.003082282608 0.001529460424 0.02291623503
v -0.003080854891 0.001832453068 0.02032336779
v -0.003080457216 0.001441318076 0.02301123179
v -0.003080365947 0.001362033538 0.02301943488
v -0.003079154296 0.0003134519793 0.0202603247
v -0.003078276059 -0.0006446506595 0.02023175918
v -0.003077739617 0.001297020935 0.02314611711
v -0.003076588735 0.004421327729 0.02317934297
v -0.003076259745 -0.0004263329029 0.02017065696
v -0.003076083725 -2.166504146e-06 0.02016575076
v -0.003075668123 -0.005847714376 0.009399996139
v -0.003075545887 -0.000200001974 0.02014999837
v -0.003074962879 0.001019295887 0.02329098247
v -0.003072456922 0.001615183079 0.02007048018
v -0.003072232008 0.0009301973041 0.02340315469
v -0.003071595682 0.001659719623 0.02004668489
v -0.003070549807 0.0006338325329 0.02348979376
v -0.003070473205 -0.003950745333 0.02547807619
v -0.003069102764 0.0006347005838 0.02354318649
v -0.003067365382 0.0001616065565 0.02362075448
v -0.003066353267 0.0002035103389 0.02366433106
v -0.003065029392 -0.004659228493 0.023709042
v -0.003064887132 -8.721278573e-05 0.02372910827
v -0.003064297838 -1.347123998e-05 0.02375387959
v -0.003063208889 -0.004626241047 0.02378951386
v -0.003062758129 0.006954106502 0.00405625999
v -0.003062407253 0.00140719302 0.01982537098
v -0.003061377909 0.004676861223 0.01982589811
v -0.003061195137 0.004184807185 0.02387813665
v -0.003060687101 -0.005201010499 0.01980955899
v -0.003060627962 0.001441314933 0.01978875883
v -0.003060617018 -0.0002404137049 0.02391461842
v -0.003060345771 -0.004565271083 0.02391596697
v -0.003060166724 -0.0002498877875 0.02393423021
v -0.003060058458 -0.003600002499 -0.002167620463
v -0.003060057061 -0.007425625343 -0.002167609986
v -0.003059773007 -0.0001869653061 0.02395013534
v -0.003058457281 0.003949657548 0.02547808923
v -0.003057221416 0.001289995736 0.01971405745
v -0.003056886839 0.001362167881 0.01971191168
v -0.003056355985 -0.004454743583 0.02409429662
v -0.003055145964 -0.004572346807 0.02443257533
v -0.003055014182 0.004008021671 0.02415559441
v -0.003054970643 -0.0003000007127 0.02416359447
v -0.003054012777 -0.0002499987895 0.02420579456
v -0.003054001601 0.005099999253 0.001111560035
v -0.003054000903 0.00510000065 -0.001111566904
v -0.003053955734 0.006927335169 -0.001111686579
v -0.003052972024 0.006930750329 0.001114386367
v -0.003052128712 -0.0003000017023 0.02429521084
v -0.003051918466 -0.0002500008559 0.02430404536
v -0.003051670967 0.003856940893 0.02431444637
v -0.003049999941 -0.0002999997523 0.02439999767
v -0.003049999941 -0.0002499996917 0.02439999394
v -0.003049999941 0.003750201548 0.02440000139
v -0.003049999243 -0.004150201567 0.0243999958
v -0.00304580899 0.001107496559 0.01950778998
v -0.00304457522 -0.007429914549 -0.001326464349
v -0.003042509081 0.0009246937116 0.01945126429
v -0.003035356756 0.005484982394 0.01330328733
v -0.003032050561 0.0007162358961 0.019290369
v -0.003031603061 0.007033480797 -0.001421264373
v -0.003030981636 0.0005496385857 0.01927855797
v -0.003026538063 -0.008347681724 -0.001311317668
v -0.003024737351 0.005214056931 0.02484761178
v -0.003024341771 0.0004069591232 0.01918152533
v -0.003024189966 0.0001616090303 0.01917925104
v -0.003021935001 -0.005215121433 0.02484760433
v -0.003020922421 0.0002035078942 0.01913567632
v -0.003019257216 -0.003550002119 -0.002138713608
v -0.003017685376 -5.606396735e-05 0.01909337379
v -0.003012561705 -3.669696525e-05 0.01902910322
v -0.00300167338 -0.0002325846435 0.01890023611
v -0.002998433309 -0.004283057526 0.01286588516
v -0.002994987182 0.005909306929 0.007864457555
v -0.002994799521 -0.0001997170621 0.01882394403
v -0.0029890968 0.006947503891 0.001275849529
v -0.002986979438 0.004565879703 0.02445175499
v -0.002976535354 -0.0003000021388 0.01863639243
v -0.002975213574 0.003899998963 0.01282343548
v -0.002973014489 -0.004286261741 0.01282342989
v -0.002972148824 -0.0002500010014 0.01859419793
v -0.002967881039 0.004815137014 0.01856384613
v -0.002966567874 -0.005379534792 0.01855341345
v -0.002955334727 0.00480479328 0.02540177107
v -0.002952752169 -0.0048058182 0.02540177107
v -0.002940539038 0.004586621653 0.02437820472
v -0.002939339727 -4.047885918e-10 0.01006065495
v -0.002939339262 -1.108334815e-10 0.007939345203
v -0.002922956832 0.004346917383 0.0258387439
v -0.002920619212 -0.004347929265 0.02583875693
v -0.002917177742 0.005443650763 0.01005800627
v -0.002912609139 0.005367521197 0.01379328873
v -0.002907680348 0.003846079111 0.02617088519
v -0.002905612579 -0.003847079817 0.02617089078
v -0.002903984161 2.071043673e-05 0.01009601448
v -0.002903983463 2.071259223e-05 0.007903990336
v -0.00290384423 0.005691195372 0.02391161211
v -0.00290078437 -0.005692196079 0.02391161397
v -0.0028999676 0.003899998032 0.01268700417
v -0.002898085164 -0.003100497182 0.01268700697
v -0.002897865605 -0.004293816164 0.01268719975
v -0.00289776735 -0.004282340407 0.01268701162
v -0.002897622297 -0.004273701925 0.01268674713
v -0.002891744487 0.005629202351 0.01048023719
v -0.002891089069 0.003303878009 0.02641138621
v -0.002889312338 -0.003304871032 0.02641139366
v -0.002884702524 0.003900000127 0.01266078558
v -0.002883376321 0.006970555987 -0.001499541337
v -0.002882662695 0.003887326922 0.01265728474
v -0.002873729216 0.00721112499 0.004880145658
v -0.002872179961 0.002266277792 0.02286895923
v -0.002872014884 0.002299556974 0.02241395973
v -0.002871815115 0.004749509506 0.02230682597
v -0.002871313598 -0.002288135933 0.02272124216
v -0.002870283788 0.004763872828 0.02213081531
v -0.002869874937 -0.002291744109 0.02226847783
v -0.002869026037 -0.002189435996 0.02318532206
v -0.002868853044 0.002138925483 0.02332490496
v -0.002867802512 -0.004021477886 0.01263545267
v -0.002867444186 0.002237876412 0.02194863185
v -0.002866942668 0.007211757824 -0.001172551885
v -0.002866708208 -0.0005120892311 0.02682350762
v -0.002865541494 0.004791670945 0.02180449292
v -0.002865174552 0.004653069191 0.02366838604
v -0.002864975715 0.002198616974 0.02180449851
v -0.002864384558 -4.875935247e-07 0.02180449665
v -0.002864327282 -0.002009013435 0.02360209636
v -0.002864106093 -0.002199592069 0.02180449106
v -0.002863588743 0.001934247906 0.0237245243
v -0.002863054629 -0.004950488918 0.02180449665
v -0.002862892114 -0.002171487547 0.02171879262
v -0.002861549845 -0.004715838004 0.0237271376
v -0.002858257852 -0.001738776919 0.0239847824
v -0.002857266925 0.002717598574 0.02657407895
v -0.0028571398 0.001635568216 0.02409482934
v -0.00285626133 -0.001636540983 0.02409482747
v -0.00285606226 -0.004680730402 0.02405909263
v -0.002855894854 -0.00206553028 0.02146521024
v -0.00285580405 -0.002718571108 0.02657409012
v -0.002855758416 0.0005185038317 0.02682038955
v -0.002855121391 0.004622245207 0.02422853187
v -0.00285474211 0.004620700143 0.02425807156
v -0.002854656428 0.002009601565 0.02136041597
v -0.002854159568 0.002014993224 0.02136992849
v -0.002852093428 0.001340618008 0.02434678935
v -0.002851991449 -0.001981018111 0.02130884491
v -0.002849938115 -0.00123725622 0.02441743575
v -0.002848669421 -0.004570611287 0.02443869598
v -0.002847103635 0.0009379620897 0.02457809635
v -0.002845356707 -0.0007936987095 0.02463717014
v -0.002843928058 0.007082294207 0.001766798203
v -0.002843911527 -0.001849122695 0.021109825
v -0.002843745984 -0.005040305201 0.02112620883
v -0.002843679162 0.0004713688977 0.02472940274
v -0.002842933871 -0.0003382152354 0.0247533787
v -0.002842649585 -4.820780077e-07 0.02477825433
v -0.002842633054 -5.048475214e-05 0.02477770671
v -0.002842239803 -0.004465678241 0.02477164939
v -0.002839631634 -0.004409111105 0.02490697429
v -0.002839599038 0.004384326749 0.0249564033
v -0.002839537105 0.001732125063 0.02096561156
v -0.002839522902 -0.005501415115 0.01763824187
v -0.002839450724 -0.0002999939315 0.0176294446
v -0.002839448396 0.001745273708 0.02098062076
v -0.002838594839 -0.001729654963 0.02096169814
v -0.002833581064 0.004207540769 0.02523386106
v -0.002833027858 0.005441102665 0.01648383774
v -0.002832977334 -0.00421025604 0.02523167618
v -0.002832817845 -0.0002682863269 0.020850325
v -0.002832462545 -5.047929881e-05 0.02523748577
v -0.00283031771 0.004056459758 0.02539270557
v -0.002828683704 0.003949719481 0.02547826245
v -0.002827999881 -0.001532137394 0.02076228894
v -0.002827609424 -5.048077946e-05 0.02547826245
v -0.002826559823 -0.003950677346 0.02547827177
v -0.002825091127 0.001425263705 0.02067347802
v -0.002823598916 -0.001407531323 0.02065886557
v -0.002822989132 0.00140316505 0.0206562411
v -0.002822926501 -0.005929480307 0.009507916868
v -0.002821086906 0.004906266462 0.02060269192
v -0.002819661284 -0.001313493238 0.02058989555
v -0.002819101326 0.001312551205 0.02058987692
v -0.002815767191 0.006989120506 0.001622940414
v -0.002815619344 -0.004298830405 0.01264579687
v -0.002813067753 0.003634708468 0.01253854856
v -0.002811980434 -0.001148971263 0.0204853639
v -0.002810629783 0.001055916888 0.02043523639
v -0.002809382975 0.001058612484 0.0204364229
v -0.002808498917 -0.005523031112 0.01746623032
v -0.002808162244 -0.0009978517191 0.02040578239
v -0.002806482604 0.004950591363 0.01745310985
v -0.002799414564 -0.007231885567 0.004748997279
v -0.002799005713 -0.0007204288268 0.02029388025
v -0.002798801987 0.002071256982 0.02667427994
v -0.002798365429 0.0006145247025 0.02026203461
v -0.002797918161 -0.0001999993401 0.01020207722
v -0.002797917929 -0.0001999993983 0.007797925733
v -0.002797688358 -0.002072199248 0.02667428181
v -0.002797567751 -0.005152688362 0.02028810605
v -0.002797298366 -0.000575523416 0.0202513393
v -0.002797114663 0.0006190798595 0.02026326954
v -0.002795591485 0.0004621653643 0.02022529952
v -0.002795372857 -0.0004631045449 0.0202252958
v -0.002792390296 0.0001730125368 0.02018484659
v -0.002792058745 -0.0003157608153 0.02019984461
v -0.002791967476 -0.0001004716105 0.02018046752
v -0.002790916245 0.0001550080633 0.02018349059
v -0.002787564648 0.0007999993395 0.00830000639
v -0.002787563484 0.0008000013186 0.009700006805
v -0.00278095901 -0.003765391186 0.01248740591
v -0.002780906623 -0.004500000738 0.01450615376
v -0.00278090639 -0.00429996103 0.01450616308
v -0.002772489563 0.007238081191 -0.001090186066
v -0.002769628307 0.00085000135 0.009710353799
v -0.002769628307 0.0008500022232 0.008289647289
v -0.002768524224 0.007100457326 -0.001883917605
v -0.002765676705 0.004986912943 0.01986327954
v -0.002764473436 -0.0001004662336 0.01986279525
v -0.002759464318 -0.003549999092 -0.00223334739
v -0.002758595627 -0.004300332628 0.01449694671
v -0.002747919178 -0.0002000005334 0.01025207434
v -0.002747918479 -0.0001999998785 0.007747919299
v -0.00274297758 0.005447695497 0.01074616518
v -0.002742941957 0.005415137392 0.01220590342
v -0.002735880902 -0.004300453234 0.01448883209
v -0.002734455513 -0.004300454166 0.01260493323
v -0.002732837573 -0.005235732533 0.02478771657
v -0.002731390065 -0.000250001438 0.01708126813
v -0.002729718108 -0.003557612188 -0.002209272701
v -0.002711704699 0.005045223981 0.01937044598
v -0.002707662294 0.005893385038 0.008224999532
v -0.002707661362 0.002199999755 0.008225001395
v -0.002707660897 0.00219999929 0.009774999693
v -0.002707624808 0.005527871661 0.009775084443
v -0.002706271596 0.007114832755 0.001974123763
v -0.002704499522 -0.003579288255 -0.002188859507
v -0.002702014288 0.007115794346 -0.001978069311
v -0.002700962592 0.0006999975885 0.008249994367
v -0.002700962592 0.0006999990437 0.00974999927
v -0.002700962126 -1.158057428e-09 0.008249997161
v -0.002700961428 9.349243574e-11 0.009750001132
v -0.002696592361 0.007117018104 -0.002605933696
v -0.002696591662 0.007117018569 0.003538623219
v -0.002696354408 0.001394359162 0.02672143653
v -0.002695604693 -0.001395248459 0.02672143839
v -0.002695283853 0.005533295684 0.009753345512
v -0.002693132032 0.002999998629 -0.002609507181
v -0.002687650267 -0.003611731809 -0.002175223315
v -0.002681733109 -0.003650001949 -0.002170441905
v -0.002681631129 0.007050529588 0.004056254867
v -0.002678095363 0.003384641604 0.01231104601
v -0.002672011033 0.007021306548 -0.001850102446
v -0.002665853826 -0.005314073991 0.01906159893
v -0.00266301888 -0.007524489425 -0.002640232909
v -0.002662897343 0.005235934164 0.0154057825
v -0.002657660749 0.0007207113667 0.008225003257
v -0.002657660283 2.071259405e-05 0.00822500512
v -0.00265766005 0.0007207107265 0.009775001556
v -0.002657659817 2.071199015e-05 0.009775003418
v -0.002657224191 0.002950000577 -0.00257471879
v -0.002644617809 -0.003542850958 0.01225808077
v -0.00262435968 0.005576163996 0.01480834745
v -0.002612160053 -4.204771074e-07 0.02677030116
v -0.002611923497 -0.0001004229271 0.0187078733
v -0.002608316019 -0.0002999898861 0.01658066362
v -0.002604745561 0.007036115043 -0.001943658339
v -0.00260000024 0.0007999984664 0.008999995887
v -0.002581666224 -0.003550000256 0.006199993193
v -0.002581665758 -0.003241341095 0.006661938038
v -0.002581665292 -0.00348301325 0.006450003013
v -0.002581665292 -0.003403553739 0.00655354606
v -0.002581664827 -0.003511940595 0.006391345989
v -0.002581664827 -0.003299999516 0.006633013487
v -0.002581664827 -0.003049997846 0.006700005382
v -0.002581664594 -0.003549997462 0.004081245046
v -0.00257928879 0.0008500012336 0.009000002407
v -0.002577104606 -0.005635955371 0.0164748542
v -0.002563055605 0.003247147892 0.01211968344
v -0.00256166188 -0.00344830961 0.01212020963
v -0.002561561065 0.005074506626 0.01641860604
v -0.002552502556 0.005608829204 0.009399996139
v -0.002551943995 0.005829548929 0.008602100424
v -0.002551110461 -3.376178228e-10 0.009388233535
v -0.002551110461 2.244421591e-10 0.008611777797
v -0.002549345605 -0.005450000521 -0.002324513858
v -0.002549345372 -0.003650000319 -0.002324515488
v -0.00254890928 -0.004300407134 0.0144644808
v -0.002548908349 -0.004499999806 0.01446449105
v -0.002544701099 -0.003557612887 0.004071339499
v -0.002543832874 -0.003557433374 0.004081239458
v -0.002543227747 -0.0002500011469 0.01635043137
v -0.002537032589 -0.003560511628 0.006200005766
v -0.002534135012 0.005178455263 0.0182992015
v -0.002527757315 -0.0002000018285 0.0098499991
v -0.002527756151 -0.0001999988017 0.008150002919
v -0.002518557943 -0.008437153883 -0.0008644482004
v -0.002518445253 0.007335114758 0.01691870019
v -0.002514503896 -0.00733590778 0.01691868901
v -0.00251414068 0.007052937988 0.002059517195
v -0.002513363957 -0.003579288255 0.004062937573
v -0.002510955092 -0.003579292214 0.004081235267
v -0.002510496415 -0.004300395027 0.01446828991
v -0.002507134806 -0.003500568448 0.006449996959
v -0.002506587422 0.0007604304701 0.02671670355
v -0.002502815565 2.070886148e-05 0.009401162155
v -0.002502814867 2.070915616e-05 0.008598833345
v -0.002501785289 -0.003589841072 0.004081236199
v -0.002501784591 -0.003589841072 0.006199998781
v -0.002500001341 0.005732547492 0.008999998681
v -0.002500001108 0.002199997194 0.008999996819
v -0.00250000041 -2.222038997e-09 0.008999994956
v -0.002500000177 0.0007000001497 0.008999992162
v -0.002499985043 0.007158501539 0.00223183143
v -0.002492425498 -0.003611731576 0.004057327285
v -0.002489709063 0.007059582509 -0.002088987734
v -0.002489645034 0.005099999253 -0.0020890655
v -0.002489644103 0.005100001115 0.002089058282
v -0.002489099279 -0.003612169297 0.00408123387
v -0.002488973783 0.007689188235 0.01313143689
v -0.002485072939 -0.00364999962 0.00405535521
v -0.002484840108 -0.007689966355 0.01313144062
v -0.002483331831 -0.003631817643 0.006200003438
v -0.002483331598 -0.003631817643 0.004081240855
v -0.002478001872 0.007105363067 0.01869019866
v -0.002475920832 0.003167393152 0.01197619177
v -0.002474182285 -0.007106133737 0.01869020239
v -0.002468304243 -0.00543918414 0.01802023686
v -0.002466520527 -0.0002000016102 0.009885349311
v -0.002466519829 -0.0002000003296 0.008114638738
v -0.002465470461 0.005768369418 0.01048070192
v -0.002456380287 -0.00374847278 0.0041690371
v -0.002454878064 0.005664512049 0.01175432466
v -0.002452943707 -0.003626201767 0.006373052485
v -0.002450968372 0.005626145285 0.01321461517
v -0.002450000495 0.0007207086892 0.008999998681
v -0.002450000029 2.070993469e-05 0.009000001475
v -0.002448274055 -0.00354953995 0.006450002547
v -0.002444884274 -0.003344860161 0.01192822028
v -0.002425451996 -0.003336795839 0.006633005105
v -0.002421421465 -0.003866706276 0.004292900674
v -0.00241858419 0.007174072322 -0.002317908686
v -0.00241815974 -0.003852192778 0.004314768128
v -0.00241746055 -0.003619638504 0.006450006273
v -0.002411538037 -0.003859156044 0.004375968594
v -0.00240280712 0.00539732445 0.01371449325
v -0.002395003801 -0.005267202388 0.02470396645
v -0.002392943017 0.006829436868 0.02029336989
v -0.002389271045 -0.006830161903 0.02029337734
v -0.002388602588 -0.003908677492 0.006199996453
v -0.002379994839 -0.0001003573707 0.01765927859
v -0.002375778276 0.005437450949 0.01643273607
v -0.002369017806 -0.0002499988768 0.01581010967
v -0.002366998233 -0.00363220484 0.01034996845
v -0.002366058528 0.003031309927 0.01034849603
v -0.002364043146 0.007963345386 0.009470205754
v -0.002361141145 -0.003894505091 0.006373056676
v -0.002359762555 -0.007964055985 0.009470197372
v -0.00235792622 -0.0002000006643 0.008560013026
v -0.002357925288 -0.0001999982487 0.009439992718
v -0.002339327009 -0.003605193691 0.00655354932
v -0.002323598368 -0.0045000026 0.01453372557
v -0.002322243992 -0.00401686551 0.00474254461
v -0.002319552237 -0.007591766305 -0.0006791544729
v -0.002315134276 0.008465488441 -0.0006694030599
v -0.002313870238 -0.003113076789 0.006700006314
v -0.002309748437 -0.00404485641 0.004728325643
v -0.002308094176 -0.004075733479 0.004715846386
v -0.002302083187 -0.00343944272 0.006633018143
v -0.002300560474 0.004887549207 0.0251835715
v -0.002299999353 -0.0001999996457 0.009000004269
v -0.002299145795 -0.004300338682 0.01454922929
v -0.002297933446 -0.004888224415 0.02518357337
v -0.00229663658 -0.0003000019933 0.01560929138
v -0.002296502003 -0.004054636229 0.006200001109
v -0.00228962535 -0.0002000024542 0.009458286688
v -0.002289624186 -0.0002000000532 0.008541713469
v -0.002281881869 -0.004071465693 0.004908245057
v -0.002278410131 0.006508473307 0.0216953326
v -0.002274911385 -0.006509139668 0.0216953326
v -0.002270318801 0.005820688326 0.01048056222
v -0.002267837292 -0.005717021879 0.01553904172
v -0.002264843555 0.005298401695 0.01726627909
v -0.002258470049 -0.003841507714 0.006553551648
v -0.002255938482 0.005164082162 0.01550714113
v -0.002249309327 0.007101750467 -0.002345875837
v -0.002240156988 -0.004164033104 0.004969382659
v -0.002239543945 -0.005521318875 0.01719634235
v -0.002237498527 -0.003586362116 0.00663301954
v -0.00223450386 -0.0002499992552 0.01544523239
v -0.002234501066 -0.0002999997814 0.01544523612
v -0.002234046813 -0.002305917209 0.01544526406
v -0.002233716194 0.001912164502 0.01544462144
v -0.002232702449 -0.004300318658 0.01544491481
v -0.002232307568 0.004099679645 0.01544373669
v -0.002229288919 -0.0001999992528 0.009000001475
v -0.002225492848 0.007207307965 -0.003018227639
v -0.002211688552 0.004479393363 0.02555739693
v -0.002209280385 -0.004480021074 0.02555740811
v -0.002207996789 -0.003205705434 0.01154685486
v -0.002205035649 0.005174406338 0.0153760286
v -0.002200132003 0.00300104334 0.01153174695
v -0.002194977133 0.008204799145 0.006111022551
v -0.002192739863 -0.007612432353 -0.003042102559
v -0.002192653948 -0.003600001335 -0.003042170778
v -0.002190566389 -0.008205416612 0.006111024879
v -0.002186948434 0.005292977672 0.02464045025
v -0.002186046913 -0.004176575691 0.005301671103
v -0.002184741432 -0.004178786185 0.006199996453
v -0.002177351387 0.007112032734 0.002412808593
v -0.002175588859 -0.004300303757 0.0153000541
v -0.002172743436 -0.004192407243 0.005294108298
v -0.002171838423 -0.004189853556 0.005360000767
v -0.002163579222 -0.004156262148 0.006373060402
v -0.002163446741 -0.00421100948 0.005286915228
v -0.002163417405 -0.003549999325 -0.003001605393
v -0.00216204254 -0.003549999092 -0.002815679414
v -0.002160935896 -0.006089730654 0.009595734067
v -0.002159278607 0.006148057524 0.02287851833
v -0.002158719115 0.0003667766578 0.02664080821
v -0.002156759845 0.005480745807 0.0121220462
v -0.002156096976 -0.007617989555 -0.003068189835
v -0.002155974042 -0.006148656365 0.02287851647
v -0.002155046677 -0.004499998409 0.01469850447
v -0.002145129954 -0.004300296307 0.0147150699
v -0.002138735494 -0.003557611257 -0.002785324818
v -0.002123743761 0.004046622198 0.02583939768
v -0.002121568192 -0.00404720474 0.02583939955
v -0.002118977718 -0.00357928779 -0.002759593073
v -0.002117117401 -0.004499998409 0.01515506767
v -0.002117117401 -0.004300288856 0.01515506487
v -0.002105845604 0.005599539727 0.01472990587
v -0.002105777152 -0.003611733904 -0.002742409706
v -0.002102476312 0.002787408885 0.009942336939
v -0.002102476079 -0.003387408098 0.009942336008
v -0.002102382248 -0.003289046697 0.006699994672
v -0.002101139631 -0.003649997991 -0.00273636519
v -0.002098579891 0.007226336747 0.002612778451
v -0.002098080469 -0.003758716164 0.006669102237
v -0.002086824272 0.007390235551 -0.0004484340898
v -0.002084462671 -0.004072059412 0.006553555373
v -0.002080714097 -0.004500002135 0.01492218114
v -0.00208034087 -0.003368810285 0.009908215143
v -0.002080007922 -0.004300279543 0.01493180636
v -0.002078200923 0.005566219799 0.01068674121
v -0.002067730995 0.005352584645 0.0166938547
v -0.002067581518 -0.0001002876961 0.01668812707
v -0.002052667318 0.00575303426 0.0238319207
v -0.002049574861 -0.005753579549 0.02383192256
v -0.002043463988 -0.003345120465 0.009852711111
v -0.002029534895 0.003593912581 0.02604252845
v -0.002027603565 -0.003594444133 0.02604252286
v -0.002021935768 0.00723675359 -0.002671696246
v -0.002019667299 -0.00430436898 0.005984706804
v -0.002010914264 0.008407825604 0.002471959917
v -0.002006396186 -0.008408347145 0.002471951535
v -0.002000375651 -0.00432008272 0.005976967048
v -0.001991667319 -0.003540911945 0.006699993275
v -0.001989776734 -0.001142639783 0.02653811127
v -0.001986188348 0.002719954355 0.009767087176
v -0.001986127347 -0.003319933079 0.00976700522
v -0.001985929441 -0.004340516403 0.005969766062
v -0.001977314474 -0.004364302382 0.005963586736
v -0.001975042745 -0.004389805719 0.005958814174
v -0.001975041814 -0.005450000055 0.005958815105
v -0.001960870111 -0.003940513823 0.006669101771
v -0.001958770212 -0.005327562802 0.02455932833
v -0.001945206081 -0.007413868792 0.004663272295
v -0.001944465796 -0.004345797002 0.006200000644
v -0.001944301184 -0.003679338843 0.006699996535
v -0.001935236389 0.005379210692 0.01635456271
v -0.001930766855 -0.00435269298 0.006215800531
v -0.001930727973 -0.004318112042 0.006373065524
v -0.00192702841 0.002705267398 0.009679436684
v -0.001921944786 0.003120398615 0.02618046477
v -0.001920267823 -0.003120871494 0.02618045174
v -0.001903821132 -0.005588736851 0.016280571
v -0.001891898923 0.008512126282 -0.0002467145096
v -0.001891233958 -0.008512243629 -0.0002515170781
v -0.001888674567 -0.0001002263816 0.01623358577
v -0.00188836304 -0.002200224902 0.01623347029
v -0.001888011 0.005354819354 0.01364950463
v -0.001887892606 -0.001735466882 0.01623375155
v -0.00188696885 0.002700765617 0.009620528668
v -0.001885904116 -0.004300225526 0.01623437367
v -0.00188140641 -0.004378231708 0.006272543222
v -0.001879374147 -0.004214609973 0.006553549785
v -0.001870308421 0.002912609139 0.01102122292
v -0.001870304346 0.002899775049 0.01102122292
v -0.001868688385 -0.003113056533 0.01102122385
v -0.001861918019 0.00269999844 0.009583883919
v -0.001861917321 -0.003300000913 0.00958388485
v -0.001855741604 -0.007426960394 0.004880919587
v -0.001854336704 0.005686032586 0.01313131303
v -0.001852975576 0.005221530329 0.0145603288
v -0.001850477769 0.002699998673 0.009567205794
v -0.001850476139 -0.003300000681 0.009567205794
v -0.001848214655 -0.004332166165 0.006440462079
v -0.001845165738 0.007157143205 -0.002675425028
v -0.00184237049 -0.003814395051 0.006699997
v -0.001840322861 0.007258242462 0.003538618563
v -0.001833140734 0.00719047524 0.004056258593
v -0.001818681718 0.005352494307 0.02449917607
v -0.001816386241 -0.005776904058 0.01448177453
v -0.001815805444 -0.005352910608 0.02449916862
v -0.00181272591 -0.008519091643 -0.0001689548371
v -0.001799149788 -0.004052921664 0.006669101305
v -0.001798846293 -0.004418725614 0.006361311767
v -0.001794715761 -0.004420588259 0.006365431473
v -0.001793970237 0.002622257452 0.02626480348
v -0.001793421456 -0.006153764669 0.009400001727
v -0.001792882103 -0.004428889137 0.006354008336
v -0.001792560914 -0.002622662811 0.02626480162
v -0.001789000933 -0.005450000521 0.00632592896
v -0.001785015804 -0.004488465842 0.006330755539
v -0.001784855733 -0.004457028117 0.006339539308
v -0.001783156418 -0.00424216548 0.006578296423
v -0.001780048944 -1.965623255e-07 0.02653690428
v -0.001778119011 0.005778755993 0.01169698033
v -0.001768303569 -0.004432055168 0.006391090807
v -0.001766669448 0.00409981003 0.01437576395
v -0.001757035032 0.007166206837 0.002734102309
v -0.001745342161 -0.004367222544 0.00650078943
v -0.001722233021 -0.003897896735 0.006699998397
v -0.001711270073 -0.004500055686 0.01426061708
v -0.001705161412 0.00744624529 -4.96558132e-05
v -0.001700986177 -0.00852789171 -4.871715646e-05
v -0.001691197627 0.002999999328 -0.003346998477
v -0.001691197045 0.007272542454 -0.003346988698
v -0.001685560332 0.00504468102 0.02486389875
v -0.001682849484 -0.005045023747 0.02486390062
v -0.001670630416 0.002899831161 0.01072472055
v -0.001670581289 -0.004286612384 0.006607854739
v -0.001669017598 -0.003100166563 0.01072472055
v -0.00166864763 0.002949999878 -0.003302363912
v -0.001665117452 -0.004469360691 0.006479316857
v -0.001657572808 0.007275348064 0.002910223091
v -0.001650000806 0.002949997783 -4.841803403e-09
v -0.001649841317 -0.007675974164 7.874648873e-06
v -0.001647344558 -0.003649999388 -0.003031296423
v -0.001647343859 -0.005449999589 -0.003031294793
v -0.001644384465 0.008531902917 1.939365939e-05
v -0.00164438237 -0.007676409557 -0.003370241961
v -0.001640135772 -0.004476476461 0.006497844122
v -0.001636916539 0.00210163882 0.02630454674
v -0.001635910128 0.003779927967 0.02580957115
v -0.001635786612 -0.002101957332 0.02630454488
v -0.001635376248 -0.004496658687 0.006487972569
v -0.001635031076 -0.004531943705 0.006479662377
v -0.001633877633 -0.003780245315 0.0258095786
v -0.001629552571 -0.004300155677 0.01565323956
v -0.001629110775 0.002899840474 0.01066305675
v -0.001627497026 -0.00310015725 0.01066305675
v -0.001625228673 0.007178752217 -0.00281444611
v -0.001625144156 0.007178324275 0.002814495703
v -0.001624999917 0.005099999253 0.002814579057
v -0.001624999219 0.005100002512 -0.002814577892
v -0.001624976867 -0.004300155211 0.01563720964
v -0.001608072198 -0.007679210044 -0.0003673543979
v -0.001607355895 -0.004413930234 0.006571367849
v -0.001602528617 0.007279619575 -0.002940036589
v -0.001594867208 -0.005733797792 0.01470424421
v -0.001593778376 0.002949999878 -0.0004270568606
v -0.001593778259 0.002949998714 0.0004270503123
v -0.001591497916 -0.007680427283 -0.000434198213
v -0.001583006349 0.005548866931 0.01466562692
v -0.00157715776 -0.004185786936 0.006676161662
v -0.001566140563 0.005467972718 0.0120455008
v -0.001553977025 -0.006163790356 0.009703235701
v -0.001551300753 0.004717240576 0.02515052631
v -0.001548764529 -0.004717512988 0.02515052445
v -0.001535317395 -0.004344899207 0.006641382352
v -0.001533685368 -0.005412384402 0.02435498312
v -0.001521825907 0.001510798931 0.02634625323
v -0.001505013439 -0.00485000154 0.003549995366
v -0.001505012973 -0.005450001918 0.003249996109
v -0.001505012624 -0.004849999677 0.003250000067
v -0.001505011925 -0.005449997261 0.003550005145
v -0.001500000944 -0.007536242716 -5.972274231e-09
v -0.001500000712 0.003099999623 -7.365219101e-09
v -0.001500000129 0.003299999051 -5.799126068e-09
v -0.00149999978 -0.005449998658 9.717274223e-11
v -0.001496758196 -0.007536591031 -9.855539975e-05
v -0.001494399621 0.005429207347 0.01537247747
v -0.001487761154 -0.007469112054 0.0001912174921
v -0.001487755799 -0.007537156343 0.0001912613807
v -0.001474037766 -0.004074496683 0.006699996069
v -0.001466952846 -0.004658659454 0.003249999834
v -0.00146695273 -0.004658660851 0.003549994901
v -0.001464340137 -0.004500012845 0.01377127878
v -0.001463587745 0.004099969752 0.01377072744
v -0.001463291235 -0.005805584602 0.01377139427
v -0.001462800545 -0.007471797988 0.0003319855896
v -0.001462539309 0.005239001475 0.01377084199
v -0.001459741732 -0.004506854806 0.006603665184
v -0.001455373713 -0.004549998324 0.006594906095
v -0.001451805583 -0.005629936699 0.0152851399
v -0.001451670192 -0.007689236663 -0.000782811956
v -0.001448889379 0.003100000089 0.0003882246674
v -0.001448889147 0.003100000555 -0.0003882307792
v -0.001445213798 -0.00355000142 -0.003242508275
v -0.001437126426 0.007221762091 0.004056260455
v -0.001435089041 0.007473847363 0.0002561424335
v -0.00143112056 0.001584925689 0.02630541101
v -0.001430267934 -0.001585133723 0.0263054166
v -0.001429900876 -0.007540348917 -0.0004531980376
v -0.001429634052 -0.003557610558 -0.003207551315
v -0.001428942545 0.002949998481 0.0008249993552
v -0.00142894173 0.002949999645 -0.0008250027895
v -0.0014164272 -0.003579290817 -0.003177921986
v -0.001413927996 -0.004457755946 0.006644913927
v -0.001411862671 -0.004549999256 0.006615312304
v -0.001411862555 -0.005450000986 0.006615313701
v -0.001409655786 0.004367916845 0.02536962554
v -0.001407602336 -0.003611731576 -0.003158115549
v -0.001407307107 -0.004368116148 0.02536962926
v -0.001404602663 0.005598238669 0.01062972937
v -0.001404502545 -0.003649999853 -0.003151162528
v -0.001380804693 -0.007542894222 -0.0005859770463
v -0.001366458018 -0.004300087225 0.01511120051
v -0.001364281052 -0.00440455135 0.006675105076
v -0.001362541108 0.005791856907 0.009400005452
v -0.001360436901 -0.007693571504 -0.0009325333522
v -0.001358566224 -0.004496446811 0.003249993315
v -0.001358565642 -0.004496445414 0.00355000305
v -0.00134847092 0.007196044549 -0.002957048593
v -0.001344157732 0.002911471063 0.02601309866
v -0.001342591364 -0.002911633113 0.0260131117
v -0.001342520816 0.005099998321 -4.466353509e-09
v -0.001340499846 -0.007481604815 0.0006730939494
v -0.001339595183 -0.00180937734 0.01505120564
v -0.001339367358 -0.004300079774 0.01505138818
v -0.001337198773 0.00409992272 0.01504944731
v -0.001335268491 0.00545906974 0.02422812022
v -0.001332334825 -0.005459226202 0.02422811836
v -0.001328563201 0.004099955782 0.01503249351
v -0.001320405281 0.005239455495 0.01350240037
v -0.001312041306 -0.004348563496 0.006693668664
v -0.001308116014 0.007197133265 0.002975121606
v -0.001299042604 -0.007546415552 -0.0007499955245
v -0.001299039344 0.003299998119 0.0007499929052
v -0.001299038879 -0.005450000986 -0.0007500053616
v -0.001299038413 0.003100000089 -0.0007499982603
v -0.001299038064 -0.005449999589 0.0007499987842
v -0.001299037831 0.003299999516 -0.0007499966887
v -0.001299037598 0.003100001486 0.0007500058855
v -0.001299037249 -0.007484209724 0.0007500042557
v -0.001281710458 -0.007696419954 -0.00103867217
v -0.001258448348 -0.004291128367 0.006700005382
v -0.001258289209 0.00399992289 0.02553086914
v -0.001256139134 -0.004000037443 0.02553087287
v -0.001254008035 0.00566567434 0.01305549685
v -0.001253262395 0.005759689026 0.02372050472
v -0.00125016598 -0.005759799387 0.02372051589
v -0.001246485393 -0.00452800421 0.006673464552
v -0.001232155599 0.005438450258 0.01485106722
v -0.001222999883 0.007298005745 0.003116961569
v -0.001216473524 0.005944124889 0.02333885059
v -0.001215342199 -0.005818839185 0.01330804732
v -0.001213278738 -0.005944218487 0.02333884686
v -0.001211168244 -0.008553707041 0.0005235067219
v -0.001200961764 0.007489971817 0.004881424364
v -0.001200791332 -0.007548837457 -0.0008989385096
v -0.001199828694 0.004099966027 0.01327860355
v -0.001196354744 -0.004388060886 0.003249996575
v -0.001196354278 -0.004388059489 0.00355000631
v -0.001194619341 0.006079673301 0.02302156016
v -0.001191350981 -0.006079750601 0.02302156016
v -0.001189993927 -0.004474091809 0.006693158764
v -0.001189835602 0.007490375545 0.0005546735483
v -0.001166726346 0.002950001042 0.001166726928
v -0.00116672623 0.002949999878 -0.001166724833
v -0.001164480462 -0.007549307309 -0.000945502019
v -0.001162734581 -0.007491559256 0.0009476533742
v -0.001162657281 0.005099997856 -0.0006712650065
v -0.001162657165 0.005100001115 0.0006712552859
v -0.001153113204 0.006435410585 0.02206292003
v -0.001149654971 -0.006435467396 0.02206291072
v -0.001146299415 0.007299379911 0.00314608519
v -0.001143124769 -0.006507055834 0.0218436271
v -0.001140883425 0.006573855877 0.02162919939
v -0.001139539992 -0.00749263959 0.0006143610226
v -0.001137349987 -0.006573906634 0.02162919566
v -0.001131221186 -0.00441803271 0.006700006314
v -0.001127412077 0.005991989747 0.01047955733
v -0.001123957918 0.006782473065 0.0208917316
v -0.00112031179 -0.006782513112 0.0208917316
v -0.001117827836 -0.004500030074 0.01312972791
v -0.001116727712 0.006870314479 0.02054477856
v -0.001115830964 -0.007699714042 -0.00121577445
v -0.001115793013 0.007299711462 -0.003156508086
v -0.001113437116 -0.007549671456 -0.001005111029
v -0.001113035833 -0.006870353594 0.02054477483
v -0.001111554797 0.005439266562 0.01462198887
v -0.001095158746 0.007094433066 0.01952800713
v -0.001093092258 0.005804348737 0.01164204814
v -0.001091344864 -0.007094459608 0.01952801086
v -0.001088678837 -0.007699902169 -0.003588499734
v -0.001088678138 -0.003599999007 -0.003588488093
v -0.001088376157 -0.004300012719 0.01457843278
v -0.001086586388 0.007164349779 0.01915993541
v -0.001082736067 -0.007164374925 0.01915993169
v -0.001075870707 -0.0074952906 0.004565741401
v -0.001074162545 -0.003549998626 -0.003540646518
v -0.001060661394 0.003099997761 -0.001060666633
v -0.001060660463 0.003100000322 0.00106065697
v -0.001055667992 0.007355071139 0.01798952185
v -0.001054614433 0.008557723835 0.0007310719811
v -0.001051716041 -0.007355077658 0.0179895144
v -0.001035954105 0.007445720956 0.0173324775
v -0.001031952212 -0.007445715368 0.01733247563
v -0.001011606306 -0.006167383399 0.009843508713
v -0.001009116415 -0.004550001118 0.006699999329
v -0.001009115716 -0.005449999589 0.006699999794
v -0.001009084284 0.005112315994 0.0245295316
v -0.001006337581 -0.005112298764 0.02452952601
v -0.001005013124 -0.004350000992 0.003249993315
v -0.001005012658 -0.004349999595 0.00355000305
v -0.000999100972 0.007578134537 0.01623079181
v -0.0009950279491 -0.007578112185 0.01623078994
v -0.0009825550951 0.005080461502 0.02455058508
v -0.0009792681085 0.005377815105 0.01197835617
v -0.0009758756496 0.007299633697 0.00320356153
v -0.0009758315282 -0.00769963488 -0.001330239465
v -0.0009758222732 0.0072996323 -0.003202969674
v -0.0009741655667 0.007231466938 0.004056263715
v -0.0009734712658 0.007299609482 -0.003621451091
v -0.0009734708001 0.007299609482 0.003538614837
v -0.0009624509257 -0.005059280433 0.02456403151
v -0.0009409651393 0.002900029765 0.009716074914
v -0.0009393543005 -0.003099974245 0.009716060944
v -0.000935069751 0.007741746958 0.01459359005
v -0.000930907263 -0.007741687819 0.01459359378
v -0.0009149170946 0.003210377647 0.02571682259
v -0.0009136869921 0.0007887485554 0.02621456236
v -0.0009132624837 -0.0007886795793 0.02621456236
v -0.0009131922852 -0.0032103064 0.02571681701
v -0.0009064267506 -0.00749888923 0.001195146237
v -0.0008990724455 0.004248729441 0.0251993183
v -0.0008967886097 -0.004248652607 0.02519931272
v -0.0008930061595 0.007822594605 0.01365883928
v -0.0008888012962 -0.007822508924 0.01365883648
v -0.0008732317365 0.007499788422 0.0009764873539
v -0.0008669316303 0.007199077867 -0.003132242942
v -0.0008418599027 -0.007547348738 -0.001241473714
v -0.0008285646327 0.002067316789 0.02599009499
v -0.0008274533902 -0.002067202469 0.02599009499
v -0.0008250005194 0.002950000577 -0.001428945805
v -0.0008249988896 0.002950001741 0.0014289479
v -0.0008235588903 0.007197093219 0.003143917769
v -0.0008205477498 0.005434865598 0.01409201324
v -0.0008174915565 -0.005638429895 0.01409104746
v -0.000812450482 -0.004868946038 0.02466917783
v -0.000782547635 -0.005832155235 0.01254731789
v -0.0007750701625 0.007991278544 0.0114676496
v -0.0007707753684 -0.00799113512 0.01146764401
v -0.0007658942486 -0.00754480483 -0.001289733336
v -0.0007619882817 0.007194652688 0.003159403801
v -0.0007602842525 -0.00769440271 -0.001464205212
v -0.0007500008214 -0.005450000521 -0.001299041673
v -0.000750000414 -0.005450001452 0.001299032825
v -0.0007500002976 0.003299999284 0.001299041556
v -0.0007499998901 0.003099999856 0.001299039926
v -0.0007499997737 0.003299999982 -0.001299032941
v -0.0007499994244 0.003100000322 -0.001299034571
v -0.0007499932544 -0.007499473635 0.001299039694
v -0.0007324125036 0.005545344669 0.01057635155
v -0.000730432861 0.005480743013 0.02391095832
v -0.0007274867385 -0.005480576307 0.02391095459
v -0.0006969997194 -0.007541635539 -0.001328222337
v -0.0006750136381 -0.008558477275 0.001261734404
v -0.0006738621742 0.008558599278 0.001270341454
v -0.0006728801527 0.007498822175 0.001269908971
v -0.0006712600007 0.005100000184 0.001162659144
v -0.0006712590693 0.005100002512 -0.001162651693
v -0.0006689429283 -0.0074986252 0.001269886852
v -0.0006668458227 -0.005756992381 0.01301577594
v -0.0006622034707 0.002449999098 0.006699997
v -0.0006622032379 -0.003300000681 0.006699995138
v -0.0006585273077 0.005566136912 0.01298922952
v -0.0006514759152 -0.007689405698 -0.00151630491
v -0.0006505108322 0.007289354689 0.003286691383
v -0.000648567162 -0.003550000256 -0.003490258241
v -0.0006482878234 0.004105303437 0.01379017998
v -0.0006437472766 0.004637125414 0.02476825379
v -0.0006415755488 -0.003557611257 -0.003452629782
v -0.0006412560469 -0.004636909813 0.02476824634
v -0.0006370331394 0.002581313951 0.006682405714
v -0.0006356476224 -0.00357928779 -0.00342072756
v -0.0006316889194 -0.003611734137 -0.003399423556
v -0.0006302962429 -0.003649998223 -0.003391928971
v -0.0006291663158 0.002900108928 0.009325284511
v -0.0006016732659 -0.007536212914 0.001374048064
v -0.0006015322288 -0.007497056853 0.001374101965
v -0.0005815466866 0.005217322614 0.01221332885
v -0.0005671941326 0.002700001001 0.006633020006
v -0.0005643563345 0.00510000065 -0.003200628096
v -0.0005643562763 0.005100001115 0.003200622741
v -0.0005635989946 -0.005449999589 -0.003403656185
v -0.00056359882 -0.003649999155 -0.003403657814
v -0.0005618375144 0.007183775306 -0.003201064654
v -0.0005617918796 0.007284094114 -0.003302772762
v -0.0005613017711 0.007183073089 0.003201156855
v -0.0005608844804 0.004520089831 0.02480931021
v -0.0005587084452 -0.006115998607 0.01002666354
v -0.0005418157089 -0.005631559994 0.01361507457
v -0.0005381779047 0.002843458671 0.009215926751
v -0.0005236972356 0.008555413224 0.001506684814
v -0.0005187650677 0.002517074114 0.006715314928
v -0.0005031245528 0.002999999793 -0.003716088831
v -0.0005031243199 0.007280036341 -0.00371609116
v -0.0005028775195 0.003521098988 0.02536821179
v -0.0005011626636 0.005869391374 0.02313337103
v -0.0005009858869 -0.003520810045 0.0253682062
v -0.0004980074009 -0.005869095679 0.02313337289
v -0.0004965130356 0.002583687659 0.006702149287
v -0.0004964167019 0.00294999918 -0.003666542005
v -0.0004932199372 0.007332263514 0.01811764576
v -0.0004910103744 -0.00767913973 -0.001576187438
v -0.0004868679389 0.002700001234 0.00780645851
v -0.0004868672695 -0.003299998119 0.007806458976
v -0.0004819341993 0.002338442951 0.02576645464
v -0.0004806774086 -0.002338137943 0.02576645464
v -0.0004795342393 0.002450000728 0.006735812873
v -0.0004795331042 -0.003299999051 0.00673581101
v -0.0004781095486 0.007523349486 0.001580036012
v -0.000478101545 0.007492737379 0.001580040669
v -0.0004752891837 -0.006172413006 0.00939999707
v -0.0004746838822 0.007660522591 0.001588224783
v -0.0004740684817 -0.007677855901 0.001579942065
v -0.0004668444162 -0.007677293383 0.001592018292
v -0.0004649345938 -0.007726573851 0.001601992524
v -0.0004609544121 -0.007676834706 -0.003721566405
v -0.0004606783041 0.002648861147 0.006680007093
v -0.0004588933662 -0.004299842753 0.01347298734
v -0.0004523186944 0.004100128543 0.0120008206
v -0.0004457641335 0.002787870355 0.009107049555
v -0.0004393435956 -0.007523769978 -0.001434216974
v -0.0004329860967 -0.007674574852 0.001591598033
v -0.0004328071664 0.004334275611 0.02486412041
v -0.0004298858403 0.007934157737 0.001664063777
v -0.0004270513018 0.002949999878 0.001593782916
v -0.0004270512727 0.002949999878 -0.001593776047
v -0.0004114286858 -0.007984453812 0.001695475192
v -0.000410443492 0.005742970854 0.01159073785
v -0.0004086507251 0.00270000007 0.006660153158
v -0.0004007632378 0.002449999563 0.006775330752
v -0.0003944157506 0.002511979546 0.00677207252
v -0.0003900649608 -0.007657615002 0.001589161926
v -0.0003882289457 0.003100000089 0.001448889612
v -0.0003882281599 0.003100001486 -0.001448890311
v -0.0003815027012 0.005762641318 0.009399998002
v -0.0003755777725 0.002575025195 0.006761586759
v -0.0003568582761 0.002700000536 0.007630669978
v -0.0003568576067 -0.003299998818 0.007630670443
v -0.0003568230895 0.005418704357 0.01330106054
v -0.0003536168952 -0.007516322657 -0.001457718434
v -0.0003514856799 0.002744636964 0.008998226374
v -0.000344622822 0.002639250364 0.006742788944
v -0.0003374594671 0.008181096055 0.001825958374
v -0.0003156589228 0.006263499614 0.02217820846
v -0.0003128840181 0.007162028924 -0.003234906355
v -0.0003122930939 -0.006263107527 0.02217820287
v -0.0003095844004 -0.008224872872 0.001869128784
v -0.0003080486204 0.008394678123 0.005471867975
v -0.0003073844127 0.007728675846 0.01477450226
v -0.0003035355476 -0.008394282311 0.005471876822
v -0.000285909191 -0.007481428329 0.004468434025
v -0.0002820400696 0.002449998399 0.006875781808
v -0.0002820375375 -0.003299998585 0.006875794847
v -0.0002761384821 0.002699998207 0.006740426179
v -0.000274445134 0.002722626086 0.008911031298
v -0.0002725434024 0.002579509048 0.006848511752
v -0.0002603927278 0.007155783009 0.003239553189
v -0.0002596711274 -0.007507978007 0.001477357466
v -0.0002593577665 -0.004500254523 0.01169346087
v -0.0002557943226 0.002449997235 0.007491252851
v -0.0002557938569 -0.0002000012319 0.007491251454
v -0.0002557931875 -0.003300002543 0.007491250988
v -0.0002526669123 0.002718000906 0.008886669762
v -0.0002511033963 -0.003099787515 0.008886666968
v -0.0002497800451 0.002576446859 0.007482884452
v -0.0002487101301 -0.006041245069 0.01022707298
v -0.0002450503816 0.002647521673 0.006829287857
v -0.0002418560325 -0.005897996482 0.01116650272
v -0.0002367029665 0.004101892933 0.01310493425
v -0.0002329306444 -0.005618764553 0.0131050162
v -0.0002323314111 0.002699956298 0.007458457258
v -0.0002319403429 2.176811336e-07 0.02598123625
v -0.0002317713079 0.004032450262 0.02493018471
v -0.000222382776 -0.007476722356 0.004882157315
v -0.0002199742448 -0.004017248284 0.02493279614
v -0.0002130835055 0.005051021464 0.02409026213
v -0.0002113189112 0.008379564621 0.002060484374
v -0.0002110907226 0.00252287928 0.006970610935
v -0.0002103689476 -0.005050573032 0.02409026213
v -0.0002038451639 0.002556619933 0.02556087635
v -0.0002024709684 -0.002556167077 0.02556087635
v -0.000201032206 -0.008540969342 0.002068609465
v -0.0001993632031 -0.008385175839 0.002074341057
v -0.0001956663036 0.002597325481 0.006957706995
v -0.0001931406732 0.002699999372 0.006845913362
v -0.000177159076 0.00245000096 0.007080181036
v -0.0001771579264 -0.003299999051 0.007080179173
v -0.000176716756 -0.007498588413 0.001489553833
v -0.000170481173 0.002449997468 0.007289178204
v -0.0001704800234 -0.003300002543 0.007289176341
v -0.0001695864485 0.00267382781 0.006934369449
v -0.0001664072333 0.0025383092 0.007099092938
v -0.0001599012758 0.002699999139 0.007318090182
v -0.0001590250467 0.006640705746 0.02104094066
v -0.0001579975069 0.002558905398 0.007234004792
v -0.0001554555638 -0.006640230305 0.02104094066
v -0.0001503230596 0.002627202775 0.007081465796
v -0.0001493795862 0.005962882191 0.01048028562
v -0.0001469382696 0.008497994393 0.003256758908
v -0.0001462527871 0.007245349232 0.003349035047
v -0.0001458292245 -0.005614316091 0.01296536252
v -0.0001395990112 0.002666714601 0.007210108917
v -0.0001359169255 0.002700000536 0.007009364665
v -0.0001297039416 0.002700000536 0.007185914088
v -0.0001237234974 -0.007642581128 -0.001645914628
v -0.0001162062908 0.007172954734 0.004056260455
v -0.0001132499965 -0.007489483804 -0.001495721634
v -0.0001076443805 0.00724055944 0.003538612975
v -0.0001065204706 0.003838697216 0.02496078424
v -0.0001048424165 -0.005923864897 0.01077273674
v -8.916006482e-05 0.00848745741 0.002305296715
v -8.783192607e-05 0.00853341911 0.002304719994
v -8.324566443e-05 -0.00853290502 0.002304721158
v -7.353619003e-05 -0.008489529602 0.002328114351
v -7.185310824e-05 0.005409192294 0.01052779891
v -7.016052405e-05 0.007235717028 0.003351545427
v -5.107534889e-05 0.007233178709 -0.003351298394
v -4.506972618e-05 -0.005936412606 0.01059605833
v -3.475166886e-05 0.00571348099 0.009399996139
v -1.923457421e-05 0.006978270132 0.01972531714
v -1.704580609e-05 0.001549851382 0.02572573349
v -1.64825924e-05 0.008527600206 0.0024607745
v -1.621298543e-05 -0.001549297827 0.02572573163
v -1.548364344e-05 -0.006977720652 0.01972532086
v -1.189754494e-05 -0.008527040482 0.002460785676
v -9.306509128e-06 0.002787868958 0.008886849508
v -7.037098385e-06 -0.005945117213 0.01048038993
v -1.618135459e-07 -0.00747371139 -0.001499996521
v -7.04122205e-10 0.005099997856 -0.001342522912
v -6.569750299e-10 0.003299999516 -0.001500005135
v -5.148770299e-10 -0.005450002383 0.00149999524
v -2.897209417e-10 0.003099999856 -0.001500006765
v -5.928624949e-11 0.00510000065 0.001342518372
v -2.97775207e-11 0.003099998925 0.001500002341
v 1.381336851e-10 0.002950000577 0.00164999452
v 1.844458614e-10 0.00330000231 0.001500003156
v 6.010654751e-10 -0.005449998192 -0.001499999198
v 6.139910802e-10 0.002950002439 -0.001649994403
v 2.900138723e-07 -0.007474930026 0.001499993727
v 2.286943163e-05 -0.007553631905 0.001580927288
v 5.126727046e-05 -0.007618706673 -0.00165020721
v 5.412065366e-05 0.008521362208 0.002616722137
v 5.83370711e-05 -0.005787376314 0.01120959967
v 5.870083987e-05 -0.008520770818 0.002616719808
v 6.883362948e-05 0.004100298043 0.01119220257
v 7.349676162e-05 0.003999244887 0.01118509844
v 8.763604274e-05 0.003899998497 0.01116390806
v 0.0001145022834 0.007257632446 0.01824204996
v 0.0001184027351 -0.007257011253 0.01824205555
v 0.0001200778788 -0.007455204148 -0.001495188684
v 0.0001233526564 0.00720764976 -0.003747964511
v 0.0001309854706 -0.003550001187 -0.003697681706
v 0.0001327557547 -0.003600000404 -0.003747656709
v 0.0001327561185 -0.007606152445 -0.003747646464
v 0.000143952464 -0.006080006249 0.009400004521
v 0.0001480753417 0.007203689311 -0.003348279977
v 0.0001631394116 0.005482127424 0.02326604165
v 0.0001660850976 -0.005481472705 0.02326604165
v 0.0001755862468 0.005193079822 0.01103604306
v 0.0001787197689 -0.003649998456 -0.003445368959
v 0.0001791134855 -0.003611733438 -0.003452971578
v 0.0001801883627 -0.007446752861 0.001489138696
v 0.0001802362094 -0.00357928942 -0.003474618075
v 0.0001819176396 -0.003557611024 -0.003507010639
v 0.0001839003235 -0.003550000722 -0.003545227926
v 0.0001924992248 0.004100251943 0.01243388653
v 0.0002004245616 0.007092170417 -0.003243819345
v 0.0002075294469 0.007124686614 0.004056261387
v 0.0002267072414 0.005908715073 0.01048057713
v 0.000240035326 0.002900347114 0.008887047879
v 0.0002483208955 0.00708350027 0.003240496619
v 0.000250654266 -0.004299651366 0.01234983467
v 0.0002514490334 -0.007481550332 0.0166354347
v 0.0002563238377 -0.005736959632 0.01155906543
v 0.0002591788652 0.005596328061 0.01154419687
v 0.0002600919979 -0.007432939019 0.001477280981
v 0.0002820280206 -0.005587795284 0.01230538916
v 0.0002992966038 0.004491162952 0.02421899885
v 0.0003017110575 -0.004490443971 0.02421900444
v 0.0003222451487 -0.006496508606 0.02110596187
v 0.000382957136 0.007662813645 0.01496079285
v 0.0003870746004 -0.007662047632 0.01496078167
v 0.0003882277233 0.003099999158 -0.00144889392
v 0.0003882284218 0.003100001253 0.001448885188
v 0.0003968296805 0.003025292186 0.02502555214
v 0.0003984559153 -0.003024517093 0.02502556331
v 0.000406427047 0.00539172627 0.01211993396
v 0.0004166505823 -0.00755519839 -0.001596584334
v 0.0004270514182 0.002949999413 0.001593776979
v 0.0004270514764 0.002949999413 -0.001593781984
v 0.0004420445766 0.007150087971 0.003321705619
v 0.0004668784677 -0.007545003202 0.001581329852
v 0.0004712716036 -0.007391714957 -0.001424044836
v 0.000490352395 0.005907414947 0.02229155228
v 0.0004916879116 0.007385879289 0.004882695619
v 0.0004935259349 -0.005906590726 0.02229154482
v 0.0004935609759 -0.007385473698 0.00436398387
v 0.0004941865336 0.007385881618 0.001580778277
v 0.0005225504283 -0.006842477713 0.01980795898
v 0.0005293088034 0.0007514127064 0.02557776682
v 0.0005297127645 -0.0007505696849 0.02557777613
v 0.0005328383995 -0.005750199314 0.01052920707
v 0.0005448804586 -0.004500064999 0.01051124651
v 0.0005520007107 -0.00752690807 -0.001553899143
v 0.0005643561017 0.005100001115 -0.003200628096
v 0.0005643565091 0.005099997856 0.00320062344
v 0.0005648622173 0.007021739613 -0.003200530773
v 0.0005653474363 0.007021412253 0.003200448584
v 0.0005807513371 -0.007520562503 -0.001543169608
v 0.0005823269021 -0.003649998223 -0.003400496673
v 0.0005823271931 -0.005449998658 -0.003400495043
v 0.000603622233 -0.007362257224 0.00137318694
v 0.0006102854968 -0.007361764554 -0.001370243612
v 0.0006376219098 0.007504489273 0.00158088305
v 0.0006494823028 0.007104912773 -0.003286105581
v 0.0006553811836 0.00785496179 0.001646586461
v 0.0006610675482 -0.007502209395 0.001580897253
v 0.0006642753142 -0.00750145549 0.001509549911
v 0.0006711036549 0.00816726964 0.001834302326
v 0.000671259244 0.005099998321 -0.001162663684
v 0.0006712611648 0.005100002512 0.00116266089
v 0.0006754890201 0.007934642956 0.0116288187
v 0.0006779095274 0.00699613383 -0.003178516403
v 0.0006791299093 -0.007497953717 -0.003687998746
v 0.0006797530223 -0.00793371629 0.01162881404
v 0.0006809018669 0.008363649249 0.002070941962
v 0.0006869479548 0.008487639949 0.002406406216
v 0.0006875536055 0.008502722718 0.002617625752
v 0.0007064971142 0.00712853903 0.01835092902
v 0.0007216324448 -0.002481479663 0.02503440529
v 0.0007269383641 -0.007332787849 0.001312079956
v 0.0007292500813 0.007015721872 0.004056249745
v 0.0007304509054 0.002949999878 -0.003627178259
v 0.0007392485277 0.003900002455 0.01024982426
v 0.0007403219934 0.002999999793 -0.003676202614
v 0.0007403222262 0.007083184086 -0.003676194698
v 0.0007455668529 0.007081893738 0.003538622055
v 0.0007470562705 0.007081522141 -0.003264799481
v 0.0007473010919 0.007081464399 0.003264863044
v 0.0007499937783 -0.007327097468 0.001299034688
v 0.0007499991916 0.003299998818 -0.00129904272
v 0.0007499995991 0.003099999158 -0.00129904435
v 0.0007499996573 0.003299998119 0.001299031777
v 0.0007499999483 -0.005449999589 0.001299037714
v 0.0007500000065 -0.005449999124 -0.0012990369
v 0.0007500004722 0.003100001486 0.001299044816
v 0.000750111707 -0.007328181993 -0.001298976713
v 0.0007547500427 0.002423978178 0.02503382601
v 0.0007656894159 0.005391244311 0.01161105931
v 0.0007657562383 -0.004299512133 0.01161026768
v 0.0007788645453 0.006304804236 0.02116278745
v 0.0007822529296 -0.006303820759 0.02116278931
v 0.0007908827974 0.00494390307 0.02336902171
v 0.0007935421891 -0.004942917265 0.02336903103
v 0.000807256496 0.006964463275 0.003148153657
v 0.0008151007933 -0.00590275554 0.009399992414
v 0.0008228382212 -0.00572389923 0.01014225651
v 0.0008232850232 0.003792389296 0.02429832146
v 0.0008249990642 0.00294999755 -0.001428947086
v 0.0008250003448 0.002950002439 0.001428945921
v 0.0008253229898 -0.0037913837 0.02429832332
v 0.000838400505 0.005203731358 0.01012172271
v 0.0008674655692 -0.002233042847 0.02502956055
v 0.0008987477049 -0.007442401722 0.001382394112
v 0.0009182821377 -0.007437118329 -0.001368400524
v 0.0009186419775 -0.007283308078 -0.001185784582
v 0.0009332720656 0.007033024449 0.003215614706
v 0.0009397444664 -0.005737219937 0.01048111357
v 0.0009778656531 -0.003650000319 -0.003308511805
v 0.0009800238768 -0.003611728549 -0.003315809648
v 0.000986167579 -0.003579288023 -0.003336603288
v 0.0009867950575 -0.007418135181 0.001320266514
v 0.000990743516 0.0040989751 0.01130536944
v 0.0009953617118 -0.003557614982 -0.003367722733
v 0.001006209524 -0.003550001653 -0.003404414747
v 0.001009591389 0.008148147725 0.008567292243
v 0.001013970352 -0.008147044107 0.008567289449
v 0.001014148002 -0.005527444184 0.01127970871
v 0.001016422058 -0.007255810313 -0.001103123417
v 0.001018860028 -0.007255594246 0.001100870548
v 0.001039700932 0.006654779427 0.01987940073
v 0.001041803742 -0.004299440887 0.01124225091
v 0.001043277909 -0.006653657649 0.01987941004
v 0.001044307719 -0.007401656825 -0.00127503369
v 0.001060660114 0.003099998692 -0.001060661394
v 0.001060660114 0.003100001253 0.001060662325
v 0.001065765857 0.007539470214 0.01513370499
v 0.001071048435 0.005402385723 0.01120379474
v 0.001115356223 -0.007380613592 0.001212330069
v 0.001120823203 -0.007378965151 -0.001207997208
v 0.001123474562 -0.007224826608 0.0009938905714
v 0.001129544456 5.836203059e-07 0.02528351359
v 0.001138490508 0.006973596755 -0.003148050979
v 0.001155133708 0.006866507698 -0.003037787275
v 0.001162656466 0.00510000065 0.0006712604663
v 0.001162656932 0.005100001115 -0.0006712605827
v 0.001166725531 0.002949998248 -0.001166725997
v 0.001166726346 0.002949999413 0.001166725764
v 0.00118145172 -0.007467451971 0.001581295393
v 0.001202631742 -0.007353715599 0.001125016948
v 0.001206532121 -0.007352488581 -0.003550606081
v 0.00121055427 0.006951214746 -0.003120841691
v 0.001210664166 -0.007817256264 0.001647055498
v 0.001210905612 -0.007351107895 -0.001115896739
v 0.001220274367 0.003900000826 0.009651349857
v 0.00122059416 -0.004499999341 0.009651180357
v 0.00122317567 0.006062136963 0.02121255733
v 0.001226434018 -0.006060915533 0.02121255733
v 0.001236605807 -0.008128941059 0.001834895229
v 0.001241432736 0.005374280736 0.02238142863
v 0.001243145205 0.005344499368 0.009399993345
v 0.001244322164 -0.005373050459 0.02238143608
v 0.001249663415 -0.007187049836 -0.0008296630112
v 0.001252853312 -0.008325234056 0.002072269097
v 0.001262924168 -0.008448648266 0.002408175729
v 0.001264005201 -0.008463421836 0.002618949395
v 0.001272687456 -0.00720454473 0.004251250997
v 0.001282883226 0.006942323875 0.01844719984
v 0.001286614221 -0.006941073574 0.01844718866
v 0.001287734485 0.006824262906 0.002983994083
v 0.00129371183 -0.007172952406 -0.0007591494941
v 0.001298937714 -0.007170854602 0.0007501677028
v 0.001299037132 0.003099998925 0.0007499939529
v 0.001299037714 -0.005450000521 -0.0007500027423
v 0.001299037714 0.003299998352 0.0007499955245
v 0.001299038064 -0.005449999589 0.0007500014035
v 0.00129903818 0.003299999982 -0.0007499940693
v 0.001299038646 0.003100000322 -0.0007499956409
v 0.001300129807 -0.007322281599 -0.001008093124
v 0.001322002732 -0.003549997928 -0.003455763217
v 0.001325981575 -0.00716220215 0.0007012684946
v 0.001330737257 0.003893169109 0.009524327703
v 0.001330904546 -0.004493170418 0.009524254128
v 0.001334259636 -0.001427225419 0.0249647405
v 0.00133800949 -0.005704306532 0.009400004521
v 0.00133986643 -0.003600001568 -0.003502470441
v 0.001339867013 -0.007309044711 -0.00350246625
v 0.001342520118 0.005100000184 -7.415976181e-11
v 0.001344881486 0.006907358766 -0.003500541206
v 0.001350460923 0.001398988301 0.02496069856
v 0.001350782695 0.008322126232 0.005454238039
v 0.001355255605 -0.008320841007 0.005454243626
v 0.001357793459 -0.007302993443 0.0009289148729
v 0.001365606673 -0.007149278186 -0.0006205742829
v 0.001369882957 0.002935214201 0.02434795909
v 0.001371461665 -0.002933917567 0.02434796095
v 0.00138298457 -0.007171539124 0.004883374553
v 0.001394823543 -0.007139352616 0.0005517788231
v 0.001404325361 0.004236753099 0.0234472584
v 0.001406601863 -0.004235434812 0.02344725281
v 0.00141763268 -0.007282429375 -0.0008316212334
v 0.00142894173 0.00295000081 -0.0008249984239
v 0.001428941963 0.002949999645 0.0008250036626
v 0.001432057121 0.006877386943 0.003024894278
v 0.001435469952 -0.00712616276 -0.0004352261894
v 0.001442633802 0.003873053007 0.009400002658
v 0.001442634384 0.005257726647 0.00939999707
v 0.001442635781 -0.004473051988 0.009399999864
v 0.001442636363 -0.005657723173 0.009400006384
v 0.001447001705 -0.00727212429 0.0007793379482
v 0.001448887982 0.003099998459 0.0003882264718
v 0.001448888215 0.003099999158 -0.0003882289748
v 0.0014590387 -0.007118210196 -0.0003481475869
v 0.001476655016 0.003860312048 0.009354995564
v 0.001484901062 -0.007108432241 0.0002123032027
v 0.001494987984 -0.005450000055 0.006700007245
v 0.001494988333 -0.004549998324 0.006700005848
v 0.00149840489 -0.00454854453 0.006699994206
v 0.001499999431 -0.005450001918 -4.081415206e-09
v 0.00149999978 -0.007103190292 -1.074166311e-09
v 0.001500000362 0.003099999391 2.991896952e-09
v 0.001500000595 0.003300002543 3.856578612e-09
v 0.001502009109 -0.007252465934 -0.0006648661802
v 0.00150528003 -0.004447035957 0.009316924028
v 0.001506201923 0.003846568521 0.009315699339
v 0.001518123783 -0.007170676254 0.01690316387
v 0.001526310341 0.001092271763 0.02491103299
v 0.001527503016 0.005523347296 0.01048155967
v 0.001544411061 0.006410550792 0.01994229294
v 0.001547856256 -0.006409157999 0.01994229667
v 0.001550884452 0.006761881988 0.004056250211
v 0.001561553683 0.003812134033 0.009241588414
v 0.001561554847 -0.004412132315 0.009241591208
v 0.001565885148 -0.007229019422 -0.0004917479237
v 0.001573211513 -0.005503607914 0.01048158854
v 0.001574735274 0.006825723685 0.003538623685
v 0.001583695062 -0.007222369313 0.0004327170318
v 0.001590116764 0.008433429524 0.002620327519
v 0.001593777561 0.002949999645 0.0004270578211
v 0.001593777561 0.00295000081 -0.000427049381
v 0.00159496488 -0.00843163766 0.002620151965
v 0.001596781309 -0.004544734489 0.006694760174
v 0.001600141404 -0.007216177415 0.0003659504582
v 0.001611005631 -0.007212064229 -0.0003089144011
v 0.00162500015 0.005099998787 -0.002814583713
v 0.001625000383 0.005100002512 0.002814586973
v 0.001625709585 0.006702807732 0.002814168343
v 0.001628460595 0.006701315753 -0.002812578576
v 0.001640546252 -0.007200783584 -4.265495512e-09
v 0.001650000922 0.002950001508 5.724042573e-09
v 0.001653734478 0.005766767543 0.02125790343
v 0.001656834851 -0.005765316077 0.02125791647
v 0.001664005686 -0.005450000986 -0.00302218576
v 0.001664005802 -0.003650000785 -0.003022187389
v 0.001674892497 0.00545845693 0.0104816705
v 0.001675257459 0.004100730177 0.01048166491
v 0.001677516033 -0.004299267195 0.01048167702
v 0.001677676803 -0.004899268504 0.01048167236
v 0.001677827211 -0.005456992891 0.01048167702
v 0.001688285382 0.006782250013 -0.002890083706
v 0.001723005087 -0.003650001017 -0.002988943132
v 0.00172680791 -0.00361172948 -0.002995527582
v 0.00173763372 -0.003579286626 -0.003014309099
v 0.001738347928 0.007355035748 0.01529463846
v 0.001739329775 -0.004125661682 0.006700006314
v 0.00174230081 -0.007353538182 0.01529464312
v 0.001742621418 -0.004403652623 0.006684768479
v 0.001743003144 0.0007118760259 0.02482684702
v 0.001753835706 -0.003557611257 -0.003042416647
v 0.001761182444 -0.004491914064 0.006665807217
v 0.001772947726 -0.003550000023 -0.003075574059
v 0.001782527193 0.0006421352737 0.02480808832
v 0.001782870386 -0.000640615297 0.02480807714
v 0.001790386043 0.006667651702 0.004056259524
v 0.001791561022 0.006636031903 0.002711603651
v 0.001794297248 0.004100763705 0.01032335684
v 0.001794515294 -0.004431273323 0.006665962283
v 0.00179655489 -0.004299236462 0.01032335497
v 0.001801288105 0.003988052253 0.01031400543
v 0.00182550936 -0.004070855677 0.01028429065
v 0.001833379269 -0.003910729196 0.006699997466
v 0.001841103658 -0.005450002849 0.006638186984
v 0.001843564329 -0.004171589389 0.006686700042
v 0.001843778184 0.006696306169 0.01853379607
v 0.001844085986 -0.004457651637 0.006640044041
v 0.001847378444 -0.006694754586 0.01853380725
v 0.001850115019 0.006716601551 0.002788952319
v 0.00185695698 0.003766902722 0.0102388896
v 0.001874640933 -0.004450179171 0.006627010182
v 0.00187692442 0.002950002439 -0.003188592149
v 0.001901783398 -0.007094706874 -0.003231990384
v 0.001902287593 0.003000000026 -0.003231684677
v 0.00190228771 0.006694491021 -0.003231688403
v 0.001905520796 0.006693105679 -0.002752061468
v 0.001906492282 0.001962936949 0.02435210533
v 0.001907547703 -0.001961351605 0.02435211465
v 0.001915636938 -0.003841265803 0.0101616811
v 0.001925140619 -0.004445312545 0.006602689624
v 0.001942352625 -0.00421509333 0.006648156792
v 0.001943082782 -0.003681685077 0.006699997466
v 0.001945669763 -0.005435478874 0.01012103539
v 0.00194807793 -0.0003468075593 0.02471549995
v 0.001958059613 0.00464352034 0.02246287651
v 0.00196036906 0.00356307067 0.01009743195
v 0.001960554859 -0.004641905893 0.02246287651
v 0.001968800789 -0.0003096433938 0.02470219694
v 0.001976221567 0.002900811378 0.008888357319
v 0.001977834851 -0.003099186346 0.008888357319
v 0.001979594119 -0.00396537967 0.006674728356
v 0.001991666388 -0.003540907288 0.00670000026
v 0.001994987251 -0.005450000521 0.003549997695
v 0.001994987717 -0.00434999913 0.003549997928
v 0.001996376086 0.005206047092 0.008633824997
v 0.001996519044 -0.005606025457 0.008633613586
v 0.002011206234 0.006539709866 -0.002552950988
v 0.002016518032 0.003338945331 0.02352122962
v 0.002017105697 -0.004350000527 0.003250002628
v 0.00201710593 -0.005449998192 0.003250001464
v 0.002018312924 -0.003337301081 0.02352123521
v 0.002029807307 -0.006940925959 0.004133474547
v 0.002030356321 -0.004253849853 0.006585922558
v 0.002034254372 0.006107949186 0.02000009827
v 0.002037536353 -0.006106295623 0.02000009455
v 0.002052504569 -0.003637607209 0.009971847758
v 0.002055878285 0.003414229723 0.008546534926
v 0.002068977104 -0.004270866513 0.006546970457
v 0.002080003498 -0.003753277939 0.006675524637
v 0.002094326075 -0.003300000215 0.00670000026
v 0.002103646751 -0.004285761621 0.006503252313
v 0.002107371809 -0.003299997654 0.006699895486
v 0.002107717097 -0.004022677895 0.006602956448
v 0.002117682248 0.00690417178 0.004883931018
v 0.002120180288 0.006904171314 0.001581998891
v 0.002124533756 0.006595023442 -0.002587094205
v 0.002129475819 -0.006992709823 0.001582016353
v 0.0021305345 -0.006922749802 0.01702049561
v 0.00213974691 8.569138572e-07 0.0245785173
v 0.002158025978 -0.003923916258 0.008393848315
v 0.002161252312 0.003319586162 0.009814895689
v 0.002165585756 -0.004225436132 0.006454279181
v 0.002167544793 -0.004237771966 0.006445353385
v 0.002171105705 -0.00424884446 0.006438225042
v 0.002176051261 -0.004260110669 0.006432299968
v 0.002179818926 -0.003575696843 0.006661942694
v 0.002180817071 0.006568444427 -0.002539828885
v 0.002182528842 0.007625069469 0.01207332965
v 0.002183267148 0.007346530911 0.001582055818
v 0.002186329337 -0.005449998658 0.003588058753
v 0.002186626196 -0.007623332553 0.01207332779
v 0.002191646025 -0.004197368398 0.006431465037
v 0.0022020943 -0.005450000986 0.006407109089
v 0.002203521552 -0.003817863064 0.006604509894
v 0.002208613092 -0.004067848902 0.006490714382
v 0.002212564694 0.006445321254 0.002380557591
v 0.002238665707 0.007694232743 0.001648204285
v 0.002238708315 0.003249506233 0.009702938609
v 0.002244987991 -0.004349997267 0.003616990056
v 0.002245952375 -0.004084605258 0.00642297091
v 0.002247651108 -0.005450001452 0.003193672281
v 0.002247651573 -0.004350000061 0.003193672514
v 0.002255226951 -0.003404154442 0.006661937572
v 0.002256390639 -0.003845507978 0.006553552579
v 0.00225886167 -0.005401283037 0.009676899761
v 0.002260545501 -0.003431023564 0.009673649445
v 0.002266755793 -0.00415556971 0.006336038932
v 0.002273210092 -0.004096875433 0.006349648815
v 0.002287932672 0.008003798313 0.001837036223
v 0.002291240497 0.006514617708 0.002439754084
v 0.002299209125 -0.004059913103 0.006319526583
v 0.002300470602 0.004100896884 0.009611941874
v 0.002301545115 -0.003869119333 0.006493892986
v 0.002302730922 -0.004299100488 0.009611953981
v 0.002318750601 0.008198008873 0.002074918244
v 0.002337694634 0.006414826028 0.004056258127
v 0.002337929094 0.008319780231 0.002411892172
v 0.002339326078 -0.003605193458 0.006553549785
v 0.002340025967 0.008333769627 0.00262382417
v 0.002348540816 -0.005450000986 0.003696446074
v 0.002348540816 -0.004349999595 0.00369644654
v 0.002352381125 -0.003895698581 0.006391508505
v 0.002361910185 0.0009655319736 0.02428153343
v 0.002362428466 -0.0009637007606 0.0242815353
v 0.002364480402 -0.003902026918 0.006354503334
v 0.002364929533 -0.003964406904 0.006205935031
v 0.002366248518 -0.003977297805 0.006194097921
v 0.002366478555 -0.003952335566 0.006218590774
v 0.002368759364 0.006475483533 0.003538616467
v 0.00236875983 0.006475485861 -0.00290714018
v 0.00236900826 -0.003945386037 0.006226130296
v 0.002370214323 -0.003299999284 0.006662042812
v 0.002370384522 -0.003549999557 -0.002841002773
v 0.002370389877 -0.003990580793 0.00618335139
v 0.002372985007 -0.003650000785 -0.002504288685
v 0.002374977106 0.006472293288 -0.002358512254
v 0.002377655124 -0.003908917774 0.0062975334
v 0.002378221368 -0.003611731809 -0.002509803278
v 0.002384803025 -0.003501738887 0.006553558633
v 0.002386166714 -0.003913367167 0.006200002041
v 0.002389358589 0.006387500092 0.01861416548
v 0.00239279028 -0.006385654211 0.01861415245
v 0.002393131377 -0.00357928942 -0.002525540069
v 0.002394854324 0.006353502162 -0.002197087277
v 0.002398013137 0.007105912082 0.01544502191
v 0.002401831793 -0.007104060147 0.01544501912
v 0.002402416198 -0.003600000637 -0.002879397944
v 0.002402417595 -0.006858137902 -0.002879387699
v 0.002415446099 -0.003557611722 -0.002549087396
v 0.002426257124 -0.005449998192 0.003037396818
v 0.002426257124 -0.004350000527 0.003037397983
v 0.002427999862 -0.004350000061 0.003799996804
v 0.002433178714 -0.005449999589 0.006046113558
v 0.002438817639 -0.003794376971 0.006065030582
v 0.002441767137 -0.003550000954 -0.002576872939
v 0.002445906634 -0.003624897217 0.00639134692
v 0.002449204447 0.003098371904 0.009388487786
v 0.002452095272 0.005380312447 0.009383114986
v 0.002456927672 -0.005450000055 0.003858661978
v 0.002471381798 -0.00356694567 0.006391335744
v 0.002471670276 -0.003429462202 0.006553553976
v 0.002473075641 -0.003685718635 0.005913914181
v 0.002473251661 -0.003691418795 0.005908803083
v 0.00247399183 -0.003697078209 0.005903844256
v 0.002474447014 -0.003674618667 0.005924229976
v 0.002475059358 -0.003692207392 0.00589864701
v 0.002477222355 -0.00366221671 0.005913454108
v 0.002477546455 -0.003683375427 0.005885956809
v 0.002477558563 -0.003660663497 0.005918882787
v 0.002479429124 -0.003651788458 0.005912249908
v 0.002480469411 -0.003646669211 0.005913532339
v 0.002481980482 0.005005104467 0.02135076188
v 0.002482377924 -0.003636906389 0.005920063239
v 0.002482793294 -0.003299999749 0.006640642881
v 0.002482897602 -0.003669104306 0.005855027121
v 0.002483107615 -0.003633028129 0.005927303806
v 0.002483331831 -0.003631817875 0.006199993659
v 0.002483333228 -0.003631815547 0.005939792376
v 0.002484672004 -0.005003208295 0.02135077119
v 0.002484801691 -0.003632247215 0.005896894727
v 0.002487100195 -0.00364290108 0.005836364347
v 0.002489279024 0.006304334383 -0.002089498797
v 0.002489357721 0.006304709706 0.00208939868
v 0.002489644336 0.005099999718 0.002089060843
v 0.002489644336 0.005100001115 -0.002089063637
v 0.002490078565 -0.003627438564 0.00584278116
v 0.002492336091 -0.003652972402 0.005772775039
v 0.002494321903 -0.003650760744 0.005736433435
v 0.002494464396 -0.003611305961 0.005865294021
v 0.002494986169 -0.003649825696 0.005665443372
v 0.002494986868 -0.005450000521 0.004049995914
v 0.0024949871 -0.005450001918 0.005699997768
v 0.002494987333 -0.00434999913 0.00404999638
v 0.002494987333 -0.003650000086 0.003081810893
v 0.002494987566 -0.004349998664 0.003081812989
v 0.002494987799 -0.003649999388 0.005630897358
v 0.002494997112 -0.003649669699 0.005700006615
v 0.00249583018 -0.003625470679 0.005777147133
v 0.002496951493 -0.006730816327 0.00405625347
v 0.002500904258 -0.003609404666 0.005785001907
v 0.002501784358 -0.003589841537 0.006199994124
v 0.002501785289 -0.003589839209 0.005939792842
v 0.002502599731 -0.003611732507 0.003081820207
v 0.002502600895 -0.00361173111 0.005630891304
v 0.002505593002 0.005142996088 0.007840259001
v 0.002505593468 0.002986219944 0.007840263657
v 0.002505595097 -0.005542992614 0.007840259932
v 0.002506932244 -0.003584792139 0.007837990299
v 0.002509834711 -0.003590316279 0.005808933172
v 0.002512681531 -0.005450001452 0.002816357417
v 0.002512681531 -0.004350000061 0.002816357883
v 0.00251365127 -0.005741898436 0.02005698159
v 0.002517705085 -0.003573129652 0.005939788651
v 0.002517837798 -0.003574688919 0.005882798228
v 0.002520045964 -0.003526454093 0.006391347852
v 0.002521340502 -0.003581637749 0.005738245789
v 0.002522563329 -0.00357664912 0.005799227394
v 0.002524276497 -0.003579289885 0.005630890373
v 0.002524277428 -0.00357928779 0.003081818344
v 0.00252854568 -0.003252246184 0.009268113412
v 0.002528805751 0.0004794628767 0.02422374859
v 0.002529062796 -0.0004775447596 0.02422375232
v 0.002537033288 -0.00356051093 0.006200003438
v 0.002537033521 -0.003560511628 0.005939787254
v 0.002539528068 -0.003566788975 0.005630885251
v 0.002539992565 -0.003564244602 0.005791213829
v 0.00254785479 -0.003555889009 0.005939784925
v 0.002547974 0.006380619947 -0.002167912433
v 0.00255671842 -0.003557613352 0.005630888045
v 0.002556719352 -0.003557611257 0.003081816016
v 0.002562102163 -0.003650001483 -0.002310439246
v 0.002562103095 -0.005449998192 -0.002310438314
v 0.002570441691 0.006261408795 0.001988802804
v 0.002578157466 -0.003550749039 0.005785434972
v 0.00258166506 -0.003299999749 0.006633009762
v 0.002581665525 -0.003511940828 0.006391342264
v 0.002581665758 -0.003549998393 0.005939787719
v 0.002581665991 -0.003549997695 0.006200003903
v 0.002581665991 -0.003403551178 0.00655355677
v 0.00258329045 -0.003549999092 0.005884959828
v 0.002584611531 -0.003650000319 0.002489820588
v 0.002584611764 -0.005450000521 0.002489822451
v 0.002585517475 -0.003550000256 0.005836478435
v 0.002586548915 0.002287714044 0.02357664146
v 0.002587235067 -0.003550000023 0.00580438925
v 0.002587778028 -0.00228576595 0.02357664146
v 0.002588326344 -0.00354999979 0.00578533439
v 0.0025918826 -0.003611730412 0.002492072294
v 0.002593362005 -0.003550000256 0.005685709417
v 0.002594682621 -0.003550001886 0.005649145227
v 0.002594964113 -0.00354999816 0.005635883659
v 0.002594986465 -0.003550002351 0.003081810195
v 0.002594988095 -0.00354999816 0.005630895961
v 0.002612588229 -0.003579290118 0.002498490736
v 0.002633860568 -0.005355469417 0.009101208299
v 0.002637563739 -0.003431673627 0.006522989366
v 0.002637563972 0.002831672318 0.006522992626
v 0.002637563972 0.00294999918 0.00619999459
v 0.002637564437 0.002919488121 0.006371994037
v 0.00263756467 -0.003549999325 0.006199998315
v 0.00263756467 -0.0035194878 0.0063719959
v 0.00263756467 0.002700000769 0.006633018609
v 0.00263756467 0.002803553129 0.006553554442
v 0.002637564903 -0.003299998585 0.006633019075
v 0.002640000777 0.007830749266 0.0090555856
v 0.002642412903 0.006328101736 0.002048759023
v 0.002643577289 -0.003557610791 0.00250809337
v 0.002644209424 -0.007828767411 0.009055586532
v 0.002646936569 9.926787925e-07 0.02414954267
v 0.002654556883 0.003693283303 0.02255924232
v 0.002655816032 0.005353135522 0.009060815908
v 0.002656540833 -0.003691291902 0.02255924046
v 0.002658670768 -0.004899005871 0.009060646407
v 0.002680129604 -0.003550000954 0.002519409871
v 0.002683528466 -0.003387868172 0.007528331131
v 0.002683528466 0.002787870821 0.007528334856
v 0.002698322525 0.002771652536 0.007501190528
v 0.002700005658 -0.007251800504 0.001582444645
v 0.002715105191 0.006181349978 -0.001786256908
v 0.002723760437 0.002748753643 0.007454049308
v 0.00272741518 -0.006608786993 0.01713022217
v 0.002747004852 -0.006588676013 0.004056259058
v 0.002753790002 -0.00666383747 -0.002545412397
v 0.002753791865 -0.006663835607 0.001582488534
v 0.002756689908 0.00615775492 -0.001721382374
v 0.002759375377 0.004101024475 0.008888953365
v 0.002759567695 0.003380812937 0.008888944052
v 0.002759681782 0.002954083961 0.008888940327
v 0.002761324169 -0.003152038204 0.00888894964
v 0.002761384938 -0.00337876589 0.008888952434
v 0.002761632437 -0.004298975691 0.008888951503
v 0.002763797529 -0.003322712611 0.007378495764
v 0.002764888806 0.002722150646 0.007376401685
v 0.002769265091 -0.00759736402 0.001648793812
v 0.002773004118 0.006252492312 -0.001863973797
v 0.002781678922 0.002949998016 0.006182430312
v 0.002781679621 -0.003550000489 0.006182434503
v 0.002788641257 0.006139585748 0.001669130521
v 0.002806234872 -0.003306132974 0.007296423893
v 0.00281681749 0.002949998947 -0.00239906949
v 0.002822991693 -0.003519486403 0.006349400152
v 0.002822991926 0.002919489518 0.006349398289
v 0.002830851823 -0.007904889993 0.00183817267
v 0.002834358485 -0.00330091035 0.007240818348
v 0.002845450537 -0.005450000986 0.001950876671
v 0.00284545077 -0.003650000785 0.001950874925
v 0.002848254982 -0.005508414935 0.007212943397
v 0.00284900167 0.005108367186 0.007211435121
v 0.002851728117 -0.003611733904 0.001955172746
v 0.002851771656 0.002699999604 0.007205849048
v 0.002851772588 -0.003299999982 0.007205849513
v 0.002852654085 0.006204629783 -0.001736017875
v 0.002854882739 0.006203270517 -0.002431489062
v 0.002854883205 0.003000000492 -0.002431485802
v 0.002859260887 -0.003431671066 0.006495975889
v 0.002859261585 0.002831675112 0.006495979149
v 0.002869422082 -0.008097963408 0.00207726215
v 0.002869607881 -0.003579288954 0.001967437332
v 0.002884146525 -0.006525903475 0.00488450285
v 0.002885647351 -0.006525427103 0.003983658738
v 0.002885686466 -0.003300000448 0.006602777634
v 0.002885686699 0.002700002398 0.006602776702
v 0.002891908633 -0.003649997991 -0.001881314791
v 0.002893291879 -0.008218194358 0.002415224211
v 0.002895819489 -0.008231478743 0.002626973437
v 0.002896364778 -0.003557613352 0.001985780662
v 0.002898288192 -0.003611732507 -0.00188547303
v 0.002916458761 -0.003579290584 -0.001897294656
v 0.002917357022 0.002949999413 0.00613076333
v 0.002917357255 -0.003549998859 0.006130767055
v 0.00291983271 0.006012655329 0.01869203337
v 0.002922902815 0.007372498978 0.01227815822
v 0.002923064167 -0.006010524929 0.01869203895
v 0.002926644171 0.00615895493 0.001604259363
v 0.002926864428 -0.007370366715 0.01227815356
v 0.002927927533 -0.003550000023 0.002007417148
v 0.002937750891 0.006071381271 0.004056251142
v 0.002939018421 0.005319779273 0.008570993319
v 0.002943652449 -0.003557614051 -0.001914990367
v 0.002963682869 0.006135637406 0.001533142407
v 0.002974317642 0.006128889043 0.003538612509
v 0.00297467527 0.005314953625 0.02011714503
v 0.002975730924 -0.003550001187 -0.001935849432
v 0.002977531636 -0.005312794354 0.02011714131
v 0.002991486341 0.006016105879 0.001270240988
v 0.002993192291 0.006014864892 -0.001266216976
v 0.002997561125 -0.0035194878 0.006282913499
v 0.003016130766 0.006000050809 -0.001210562419
v 0.003018387826 0.005998732988 0.001204914879
v 0.003032660577 0.001157900435 0.02358246222
v 0.00303328177 -0.001155706239 0.02358245477
v 0.003033936955 0.002883011475 0.006351917516
v 0.00304207555 0.006788449828 0.01558630913
v 0.003045723541 -0.006786255632 0.01558631379
v 0.003053764813 0.005975523032 -0.001112215221
v 0.003053784603 0.005975661799 0.001112163183
v 0.003053870983 0.005310548469 0.008352131583
v 0.003054000437 0.005099997856 0.001111562364
v 0.003054000903 0.005099999253 -0.001111564576
v 0.003067976329 -0.003431674559 0.006416490767
v 0.003075485583 0.007996038534 0.005952361971
v 0.003079781774 -0.00799382478 0.005952359643
v 0.003082348499 0.00605888851 0.001274296897
v 0.003096990986 -0.005306571722 0.008271588944
v 0.0031015235 0.006046186201 -0.0012269367
v 0.003116478212 0.004355326295 0.008226454258
v 0.003119280329 0.002699999139 0.006513820961
v 0.003119280562 -0.003299999982 0.006513821427
v 0.003136439249 0.00270000007 0.006553137209
v 0.003136439249 0.005111249164 0.006553143263
v 0.003136440413 -0.003299999516 0.006553137675
v 0.003136441344 -0.005511246156 0.006553147919
v 0.003145029768 -0.004433842842 0.008171950467
v 0.00315253716 1.127123937e-06 0.02364137582
v 0.003155750223 -0.006364867091 0.003922391683
v 0.003157768864 0.00590747362 0.0007687521284
v 0.003158256877 0.002699998673 0.006493961904
v 0.003158258041 -0.003300000681 0.00649396237
v 0.003159733256 0.005906066857 -0.0007606509025
v 0.003163021756 -0.003549998859 -0.001919711824
v 0.003172255121 0.0005806561094 0.0235705059
v 0.003172485856 0.002745358739 0.006454319227
v 0.003172566649 -0.0005783879897 0.02357050404
v 0.003177531995 -0.005450001452 -0.001343801734
v 0.003177533392 -0.003649998223 -0.001343788812
v 0.003197468817 0.002808852354 0.006382529624
v 0.003205765039 -0.003599999007 -0.001945656026
v 0.003205765272 -0.006375634577 -0.001945654163
v 0.003215123666 0.005969175603 -0.001930152415
v 0.00322217145 -0.003649998456 0.001232931158
v 0.003226771019 0.005861165002 -0.0003878734424
v 0.003229280934 -0.003611730179 0.001235655858
v 0.003232090501 0.005957411602 0.0008156517288
v 0.003235073294 0.00585547043 0.0003111186379
v 0.00323768612 -0.003483256558 0.006260163616
v 0.003237687983 0.002883258741 0.006260167342
v 0.003241669154 0.005950736348 -0.0007761688321
v 0.003249526257 -0.003579288255 0.001243398059
v 0.003249999834 0.005844916217 4.400865781e-10
v 0.003250000766 0.00510000065 6.095083105e-09
v 0.003251112998 -0.00364999962 -0.001154453494
v 0.00325828651 -0.003611730877 -0.001156995073
v 0.003274893854 0.005305364262 0.007876916789
v 0.003275244962 0.00399834523 0.02146917582
v 0.003277393989 -0.003996024374 0.02146917209
v 0.003278527176 -0.003531243652 0.006125404034
v 0.003278713441 -0.003579288488 -0.001164257643
v 0.003279825905 -0.003557611722 0.001254987554
v 0.003282658756 0.002557074651 0.02265691198
v 0.003283811035 -0.004898838233 0.007862225175
v 0.003284033155 -0.002554750303 0.0226569213
v 0.003286987077 0.002950000344 0.00254868879
v 0.003298796015 -0.003549999325 0.003299653064
v 0.003304931801 -0.003547152039 0.006031145342
v 0.003307604464 -0.00622536568 0.0172351338
v 0.003309285734 -0.003557612421 -0.001175106503
v 0.003314914415 0.005898975767 0.0003331208427
v 0.003315567505 -0.003549998626 0.00126866682
v 0.003315919545 -0.003550000722 0.002175372792
v 0.003317738185 0.005896956194 -0.0003036084818
v 0.003320775926 0.002949997783 0.005971286446
v 0.003320777323 -0.003550000954 0.005971290171
v 0.003324298654 0.005061266944 0.007756642997
v 0.003327477491 -0.005450001452 0.000911249721
v 0.003327478888 -0.003649998223 0.0009112625849
v 0.003328967607 0.005167705473 0.005939236842
v 0.003329087049 -0.005567768123 0.005938779097
v 0.003331548767 0.005887040403 2.710862867e-09
v 0.003336932044 0.002999997698 0.002550996142
v 0.003336932743 0.00588315865 0.002550999168
v 0.003338956973 -0.005104745738 0.007726524957
v 0.003339605406 -0.00624697376 0.003160032909
v 0.003342091106 -0.006245641969 0.002456145361
v 0.003345348639 -0.003549998393 -0.001187910791
v 0.00334864459 -0.003600001568 0.003295770846
v 0.00335921743 0.002604446374 0.008889397606
v 0.003360616975 -0.002602082444 0.0088894004
v 0.003365626559 -0.003599998541 0.002180772834
v 0.003372559091 0.005857306998 0.003538617864
v 0.003387758741 0.005314681213 0.00759062171
v 0.003390614642 -0.005312295631 0.007590620779
v 0.003403044771 0.002949999878 0.004040869419
v 0.003406550037 0.005813908298 0.003781654174
v 0.003408308141 0.008117979392 0.002630490344
v 0.003417714033 -0.006193951704 0.003848653985
v 0.003417873057 0.005823960062 0.001808899106
v 0.003420934081 -0.003650001017 0.0004468919069
v 0.003424645867 -0.006190309301 0.001770408941
v 0.003428482451 -0.003611728782 0.000447881961
v 0.003430761863 -0.003650000086 -0.0003638367052
v 0.00343267573 -0.006164171267 0.003931924701
v 0.00343541801 0.005568525754 0.01877122745
v 0.003438331652 -0.00361173274 -0.000364631589
v 0.003438409884 -0.005566120613 0.01877121814
v 0.003442397807 -0.005449999589 -0.0002289030235
v 0.003442398738 -0.003650000319 -0.0002288894029
v 0.003443202702 0.007573683746 0.009277157485
v 0.003446686547 0.002950001741 -0.001345489174
v 0.003447271883 -0.007571271621 0.009277150966
v 0.003448499599 0.00299999956 0.004013442434
v 0.003448501928 -0.006129502784 0.004013444763
v 0.003448502161 -0.003599999472 0.004013453145
v 0.003448502161 0.005619103555 0.004013458267
v 0.003448502859 0.00572949741 0.004013468511
v 0.003448638367 -0.003550000954 0.005310614128
v 0.003448638367 0.005287430715 0.005310626701
v 0.003448638599 -0.005687428173 0.005310613662
v 0.003448638599 0.002950000344 0.005310624838
v 0.003449976677 -0.003579288488 0.0004506885889
v 0.00345149613 0.005720433313 0.004035077989
v 0.003454317572 0.005711306818 0.004056259058
v 0.0034543199 -0.006111303344 0.004056261852
v 0.003459887346 -0.003579291049 -0.0003669234575
v 0.003461331362 -0.006165132858 0.001583023812
v 0.003461331828 -0.006191482767 0.001583021716
v 0.003475957783 -0.006025966257 0.00425943872
v 0.003479276784 -0.00617792923 -0.001398972701
v 0.003482145257 -0.003557613119 0.0004548899597
v 0.003484795569 0.002949999413 0.004388257861
v 0.003484796267 -0.003549998393 0.004388246685
v 0.003490062431 0.005437050946 0.004779758397
v 0.003490079427 -0.005837239325 0.004779165145
v 0.003492149292 -0.003557612887 -0.0003703395487
v 0.003493262921 0.00300000119 -0.001363675809
v 0.003493263386 0.005767309573 -0.001363670919
v 0.003519847756 -0.006146971602 0.001333743101
v 0.003520091064 -0.003550001886 0.0004598385131
v 0.003530204063 -0.003550001187 -0.0003743816924
v 0.003540796461 0.002950001275 0.001073662657
v 0.003540797858 -0.003550000954 0.001073667314
v 0.003588644788 0.002999998862 0.001088167075
v 0.003588645253 0.005693470128 0.001088171732
v 0.003588646417 -0.006093468051 0.001088174176
v 0.003588646883 -0.003599999938 0.001088177902
v 0.003593888832 0.006069477182 0.004885043018
v 0.003596386872 0.006069476251 0.001583126257
v 0.003614393761 -0.003549999557 -0.0007912990986
v 0.003618124174 0.005257620011 0.007211924065
v 0.003621521173 -0.005256317556 0.007207844406
v 0.003627602011 0.005208670627 0.00732848607
v 0.003629511921 -0.005208030809 0.007325749844
v 0.003646858735 0.007048982661 0.01247071009
v 0.003650648054 -0.007046458311 0.0124707222
v 0.003663236042 -0.006033987273 -0.0008020037785
v 0.003663236974 -0.003599999472 -0.0008019936504
v 0.003666874021 0.005271916278 0.007054396905
v 0.003667858196 0.00639896607 0.01572006382
v 0.003670203732 0.005628351122 -0.0007694885135
v 0.003671296407 -0.006396433339 0.01572005823
v 0.003675800981 -0.003549999092 0.000422485813
v 0.00367965037 -0.005268245935 0.007033914328
v 0.003683204297 0.007009717636 0.001583195175
v 0.0036869701 -0.007007172797 0.001583190053
v 0.003697202308 0.002949997317 -0.0001438366744
v 0.003699653782 0.005105842836 0.007442000322
v 0.003716516774 -0.005086229648 0.007454854902
v 0.003718774067 0.005588678177 0.000482927775
v 0.003722348483 -0.005031978711 0.007590860128
v 0.003725473303 -0.005983153824 0.0004281864094
v 0.003725474002 -0.003599999705 0.0004281947331
v 0.003745242255 -0.005966771394 -0.0001888328698
v 0.003747165203 0.005565170199 -0.0001457773324
v 0.003747165902 0.003000002122 -0.000145771206
v 0.003748211777 0.001305911806 0.02271996811
v 0.003748911899 -0.001303337514 0.02271996252
v 0.003768963274 0.005244918168 0.006882696878
v 0.003771781921 -0.005242332816 0.00688269455
v 0.003783192486 0.007349142805 0.001650144346
v 0.003787120804 -0.007346478291 0.001650112215
v 0.003831863636 0.001616702764 0.008889764547
v 0.003832731163 -0.001614080044 0.008889758028
v 0.003860560013 0.006946628913 0.001583326026
v 0.003864292288 -0.006943994202 0.001583320089
v 0.003866428975 0.004254755564 0.02026065253
v 0.003866841318 0.005771700758 0.01733802259
v 0.003868715605 -0.004252118059 0.02026065253
v 0.003869943088 -0.005769058596 0.0173380319
v 0.003871964291 0.007650829852 0.001841140329
v 0.003876042087 -0.007648071274 0.001841042889
v 0.003884507576 0.0006568181561 0.02273356542
v 0.003884539707 -0.004897802137 0.007545541041
v 0.00388486078 -0.0006541687762 0.02273356728
v 0.003887816565 0.007704753429 0.001895104419
v 0.003891532542 0.004890387878 0.007548247464
v 0.00389195676 -0.007702100556 0.001895109541
v 0.00392424548 0.007735056337 0.00617178157
v 0.003927318845 0.007839262486 0.002081459155
v 0.003928401973 -0.007732389029 0.006171779707
v 0.003931599203 -0.007836823352 0.002081878018
v 0.003938996233 -0.005049230997 0.01885545626
v 0.003947674762 0.007908724248 0.002236119471
v 0.003951923456 -0.007906036451 0.002236112719
v 0.003961413633 0.007955815643 0.002421334153
v 0.003964743111 0.007967659272 0.002634635195
v 0.003965715878 -0.00795321539 0.002421919955
v 0.003969024867 -0.007964968681 0.002634638688
v 0.003977583256 0.00278066867 0.02159923688
v 0.003979076166 -0.002777968999 0.02159922384
v 0.004030501936 0.006865519099 0.001583446632
v 0.004034191836 -0.006862789392 0.001583458274
v 0.004074336961 0.000548876531 0.008889934979
v 0.00407463219 -0.0005461269757 0.008889938705
v 0.004161401186 0.007897153497 0.002824332099
v 0.004165644757 -0.007894356735 0.002824337455
v 0.004188574851 0.004568873439 0.007591224741
v 0.004191029817 -0.004566060379 0.007591215428
v 0.004196943715 0.007174717262 0.001648713485
v 0.004200799391 -0.00717189908 0.001648721052
v 0.004209841602 -0.005570458714 0.004885501694
v 0.004211077001 0.007788131479 0.00217367732
v 0.004212340806 -0.00557045592 0.001583584351
v 0.00421526283 -0.007785305846 0.002173688728
v 0.004227429163 0.00724441465 0.009483234957
v 0.00423132116 -0.007241581101 0.009483221918
v 0.004244463984 0.007868882269 0.002544474322
v 0.004248691723 -0.007866039872 0.00254447409
v 0.004260350484 0.00671840366 0.001583622885
v 0.004262242932 0.002115638228 0.02165519446
v 0.004263378214 -0.00211278745 0.02165518329
v 0.004263960756 -0.006715554744 0.001583624864
v 0.00427268073 0.00593377091 0.01584777981
v 0.004275869578 -0.005930913612 0.0158477854
v 0.004339100793 0.005037824623 0.005984005053
v 0.004341808613 -0.005034932867 0.005984011572
v 0.004342359491 0.007445033174 0.001831370639
v 0.004346357659 -0.007442137692 0.001831360511
v 0.00434865756 0.006650195457 0.01265050936
v 0.004352230579 -0.006647298578 0.01265050564
v 0.00440041488 1.46448906e-06 0.0221296493
v 0.004417746793 0.004464009777 0.0189454779
v 0.004420144949 -0.004461075179 0.0189454779
v 0.004435176495 0.00695011951 0.001626821933
v 0.004438910633 -0.006947170477 0.001626819256
v 0.004447612446 0.007640894037 0.002110566245
v 0.004451718181 -0.007637943607 0.002110565081
v 0.004484148696 0.001425067312 0.02169911377
v 0.004484913778 -0.001422094414 0.02169911191
v 0.004499733448 0.007738171611 0.002450818429
v 0.004503889941 -0.007735190913 0.002450810978
v 0.004607874434 0.006441457197 0.001583885285
v 0.004611335695 -0.00643841736 0.001583890873
v 0.004626890644 0.007204330992 0.001790542621
v 0.004628410097 0.0007175343926 0.02172760293
v 0.004628795199 -0.0007144820993 0.02172760665
v 0.004630762618 -0.007201283239 0.001790552633
v 0.004646150395 0.002964236541 0.02041617222
v 0.004647744354 -0.002961179009 0.02041618153
v 0.004750710446 0.007401263341 0.006372447591
v 0.004754688591 -0.007398147136 0.006372454576
v 0.004771523643 0.007396256085 0.002055944409
v 0.004775498062 -0.007393130101 0.002055949764
v 0.004794684239 0.006663614884 0.001627083402
v 0.00479826564 -0.006660477258 0.001627094462
v 0.004841629881 0.007489427924 0.002325238893
v 0.004844832234 0.004924470093 0.004885987379
v 0.004845655058 -0.007486263756 0.002325252164
v 0.004847330507 0.004924469162 0.001584070735
v 0.004853827879 0.005389227998 0.01597098261
v 0.004856724758 -0.005386055913 0.01597099379
v 0.004866072442 0.003814338474 0.01903633028
v 0.004868120886 -0.003811160568 0.01903632283
v 0.004929309711 0.004632112104 0.01754633151
v 0.004931996576 0.004822512623 0.004886053968
v 0.004934334196 0.004822513089 0.001796889934
v 0.004934587516 -0.004819301888 0.004886050709
v 0.004936925136 -0.004819301423 0.001796886441
v 0.004940884653 0.004814893007 0.001584134414
v 0.004943471868 -0.004811674822 0.001584132435
v 0.004959004931 0.002256868873 0.02048413828
v 0.004960217047 -0.002253646497 0.02048414201
v 0.00498444913 0.006837972905 0.009673457593
v 0.004988123663 -0.006834731437 0.009673457593
v 0.004999549128 0.006907348521 0.001790826442
v 0.005003261846 -0.006904100999 0.001790834707
v 0.00502255559 0.006171814166 0.01281703636
v 0.005025872961 -0.006168551743 0.0128170345
v 0.005043727346 0.004781460389 0.006410262547
v 0.005046222359 -0.004778215196 0.006410297006
v 0.005081912968 0.007502797525 0.003640257521
v 0.005086062942 -0.007499203086 0.003640355542
v 0.005124909803 0.004712886177 0.006658229977
v 0.005127366632 -0.004709598143 0.006658269558
v 0.005154110026 0.007091363426 0.002056237543
v 0.005157920998 -0.007088030223 0.002056236379
v 0.005170455202 -0.004672368988 0.001584354322
v 0.005172024015 0.004170160741 0.007229518145
v 0.005174187012 -0.004166851752 0.007229551207
v 0.005175495986 0.004581385758 0.006888177246
v 0.005177880172 -0.004578072112 0.006888197735
v 0.005191452336 0.004395823926 0.007083144039
v 0.00519373687 -0.004392501432 0.007083178032
v 0.005194235127 0.004654759541 0.001584383775
v 0.005201128311 0.001521003782 0.02053849958
v 0.005201946013 -0.001517646015 0.02053850703
v 0.005229035858 0.007180693559 0.002325535985
v 0.005232894793 -0.007177320309 0.002325538779
v 0.005266522057 0.003113287268 0.01912241615
v 0.005268193781 -0.003109896788 0.01912241615
v 0.00535750296 0.0007661294076 0.02057455294
v 0.005357913207 -0.0007626917213 0.02057454921
v 0.00536107365 0.007349043619 0.003308318788
v 0.005365102552 -0.0073453472 0.003308403306
v 0.005399152171 0.004436861724 0.00158448983
v 0.005401536357 -0.004433398135 0.00158449146
v 0.005404677708 0.004766561091 0.016089499
v 0.005407238845 -0.004763095174 0.01608950086
v 0.005482931621 0.005589757115 0.001584545826
v 0.005485935137 -0.005586253013 0.001584548037
v 0.005522262305 1.7651505e-06 0.02039782889
v 0.005544953048 0.006989011075 0.006555118132
v 0.005548709072 -0.006985470187 0.006555126514
v 0.005583845079 0.007106821984 0.002986647654
v 0.005587709136 -0.007103058975 0.002986729145
v 0.00560434442 0.002371256007 0.01919822581
v 0.005605618469 -0.002367683919 0.01919822767
v 0.005627723411 0.00398447644 0.007034256123
v 0.005629869644 -0.003980883863 0.00703425426
v 0.005662789568 0.00560956914 0.01296979096
v 0.005665804725 -0.00560596399 0.01296979655
v 0.005699922796 0.00578254275 0.001627766644
v 0.005703030154 -0.005778918043 0.001627771184
v 0.005706035532 0.006349391304 0.009847530164
v 0.005709447432 -0.006345761474 0.009847532026
v 0.005710422061 0.004539766349 0.003655951936
v 0.00571286073 -0.00453613326 0.003655948443
v 0.00583617622 0.00323314569 0.01774118096
v 0.005864525214 0.001598539879 0.0192585215
v 0.005865384359 -0.001594825531 0.01925852522
v 0.005911295768 0.003614397952 0.001584876096
v 0.005911298562 0.004076082725 0.01619991846
v 0.00591323711 -0.003610657062 0.001584871789
v 0.005913488567 -0.004072344862 0.01619991846
v 0.005937898997 0.005994050764 0.001791537507
v 0.005941119976 -0.005990300793 0.001791538089
v 0.005998583511 0.004363333806 0.003517618868
v 0.006000928115 -0.004359545652 0.003517621197
v 0.006013167556 0.006962151732 0.004432408139
v 0.006017164793 -0.006957648788 0.004432591144
v 0.006031868514 0.0008053554338 0.01929835416
v 0.006032300647 -0.0008015492931 0.01929835044
v 0.006091171876 1.918495173e-06 0.01931273192
v 0.006117458455 0.006153733935 0.002056966536
v 0.006118625402 0.006769481115 0.003463550238
v 0.006120765116 -0.006149882451 0.002056968631
v 0.006122262683 -0.006765631493 0.003463552799
v 0.00619431166 0.002463265788 0.01782179624
v 0.006195635069 -0.002459374489 0.01782180183
v 0.006203732453 0.004086215515 0.003397499211
v 0.006204519421 0.00623125257 0.002326277085
v 0.006205927581 -0.004082319327 0.003397500375
v 0.006207867991 -0.006227354985 0.002326282905
v 0.006225540768 0.004620406311 0.00158511207
v 0.006228022277 -0.00461649755 0.001585109974
v 0.006258038338 0.006791535299 0.004082753323
v 0.006261076778 0.00496447552 0.01310788002
v 0.006261874456 -0.006787022576 0.004082927015
v 0.006263744086 -0.004960548133 0.01310788002
v 0.006297046319 0.006492658518 0.006720549893
v 0.006300534587 -0.006488711108 0.006720546633
v 0.006358961575 0.003329104278 0.01629853249
v 0.00636075018 -0.00332512497 0.01629853062
v 0.006383947097 0.005773753393 0.01000509877
v 0.006387048867 -0.005769759882 0.0100050969
v 0.006436833646 0.006539554335 0.003742363304
v 0.006440451369 -0.006535072345 0.003742534434
v 0.006468143314 0.004779756535 0.001628359663
v 0.006468904205 0.001660923474 0.01788497902
v 0.006469795946 -0.001656883513 0.01788497902
v 0.006470711436 -0.004775717854 0.001628361177
v 0.006481670775 0.004258718342 0.005721611436
v 0.006483959034 -0.004254675005 0.005721616559
v 0.006489303429 0.002227149904 0.001585313468
v 0.006490499247 -0.00222310028 0.001585310907
v 0.006575241685 2.049535851e-06 0.01825283654
v 0.006584667135 0.004177212249 0.005976060871
v 0.006586911157 -0.004173112102 0.005976059008
v 0.006624737754 0.004105692729 0.00610280782
v 0.006631420925 0.005714640953 0.002326602582
v 0.006634491496 -0.005710513797 0.002326601418
v 0.006644835696 0.0008369216812 0.01792619564
v 0.006645285524 -0.0008327905671 0.01792620681
v 0.006651416887 0.004025879316 0.006209657993
v 0.006653579418 -0.004021740053 0.006209664512
v 0.006656908896 0.003566029249 0.006540907547
v 0.006658824626 -0.003561886493 0.006540907547
v 0.006675985176 0.003816247685 0.006402998697
v 0.006678035017 -0.003812094685 0.006402996834
v 0.006721728947 0.004102174658 0.005940475501
v 0.006723933388 -0.004098000936 0.005940483417
v 0.006732932292 0.002536941553 0.01638159901
v 0.006734218448 0.004954583943 0.001792143099
v 0.006734294817 -0.002532759681 0.01638160087
v 0.006736880168 -0.004950406495 0.001792141702
v 0.006761608645 0.004102187231 0.005721009802
v 0.006763813086 -0.004097988363 0.005721017718
v 0.006771658082 0.003860129975 0.006276331376
v 0.006773732137 -0.003855926916 0.006276333239
v 0.006784227677 0.0007535241311 0.001585528371
v 0.006784632802 -0.0007493179291 0.001585537218
v 0.006799514871 0.004055849276 0.005581189878
v 0.006801692769 -0.004051633645 0.005581184756
v 0.006804421078 0.004247434903 0.01322958246
v 0.006806701887 -0.004243217874 0.01322957687
v 0.006820065435 0.003553794231 0.001585556893
v 0.006821974181 -0.003549570451 0.001585559454
v 0.00690759765 0.003685590578 0.006246921141
v 0.006909577642 -0.003681313479 0.006246920675
v 0.00692683598 0.003860170953 0.006017669104
v 0.006928910036 -0.003855885938 0.006017670967
v 0.006934991106 0.005086575169 0.002057580976
v 0.006937723607 -0.005082288757 0.002057580277
v 0.006950499956 0.0062228241 0.005160391331
v 0.006954207551 -0.006217499729 0.005160656758
v 0.006980763748 0.003860186553 0.005720885936
v 0.006982837338 -0.003855874063 0.00572088873
v 0.006997062359 0.005906613078 0.006869475357
v 0.007000236772 -0.005902291741 0.00686948048
v 0.007004786283 0.00271992269 0.006541158073
v 0.007006247528 -0.002715596231 0.006541163661
v 0.007008858491 0.005111803301 0.01014552917
v 0.007011605427 -0.005107474979 0.01014553476
v 0.007011799607 0.003735049861 0.005463193171
v 0.007013806608 -0.003730716882 0.005463203881
v 0.007018439937 0.001710881712 0.01644544676
v 0.00701935729 -0.001706550946 0.01644543745
v 0.007032352034 0.005150652956 0.002326907124
v 0.007032716647 0.003745181952 0.005866970401
v 0.00703410944 0.006033989135 0.004248226061
v 0.007034727838 -0.003740837565 0.005866964348
v 0.007035118062 -0.00514631113 0.00232689851
v 0.007037040778 -0.006029473618 0.004248122685
v 0.007083173841 0.00367636187 0.001628822531
v 0.007085148245 -0.003671992803 0.001628820086
v 0.007101972587 0.002422578167 0.006541237235
v 0.007103273645 -0.002418198856 0.006541235372
v 0.00714011956 0.006053372286 0.004790679086
v 0.007143632043 -0.006048130337 0.004790922161
v 0.007200688589 0.0008622191963 0.01648642123
v 0.007201151457 -0.0008577852859 0.01648642868
v 0.007253995165 0.002412383677 0.001585885417
v 0.007255291101 -0.002407923341 0.00158588856
v 0.007256996818 0.00581533229 0.004428706132
v 0.007260272745 -0.005810208619 0.004428927321
v 0.007279314101 0.003470428986 0.01333313808
v 0.007281178609 -0.003465955844 0.01333314832
v 0.007367583923 0.002503802069 0.006247261073
v 0.007368927822 -0.002499282826 0.006247255951
v 0.007371746469 0.003810833674 0.001792629249
v 0.007373118773 0.001225899323 0.00654144818
v 0.007373777218 -0.001221373095 0.006541449111
v 0.007373792119 -0.003806309076 0.001792624942
v 0.007412730716 0.000923400512 0.006541476119
v 0.007413224783 -0.000918855716 0.006541464943
v 0.007464388385 2.286953986e-06 0.00654150499
v 0.007477960549 0.00253740442 0.005463555921
v 0.007479322143 -0.002532821847 0.005463554058
v 0.007498757448 2.293912758e-06 0.01583654061
v 0.007500139996 0.002544283867 0.005867314059
v 0.007501506712 -0.002539691515 0.005867323838
v 0.007518195082 0.0012201973 0.001586089842
v 0.007518850267 -0.001215592958 0.001586094731
v 0.007532068994 0.002495585009 0.00162915932
v 0.007533409633 -0.00249097147 0.001629164675
v 0.007564228959 0.004231281113 0.002327302936
v 0.007566503249 -0.00422665244 0.00232730899
v 0.007569422014 0.004374876153 0.01026769727
v 0.007571771741 -0.004370243289 0.01026768889
v 0.007589501794 0.003912351094 0.002058072481
v 0.007591603789 -0.003907710779 0.002058081562
v 0.007607103325 2.324016577e-06 0.001586150727
v 0.007635161746 0.005231313407 0.007002052385
v 0.007637972943 -0.005226648413 0.007002058905
v 0.00764782168 0.001267001964 0.006247480866
v 0.007648501545 -0.001262327889 0.006247481331
v 0.007672246546 0.002645446919 0.01341678482
v 0.007673667278 -0.002640762832 0.01341678109
v 0.007695106789 0.003961635754 0.002327399096
v 0.007697234396 -0.003956938628 0.002327397233
v 0.007742151152 2.361783572e-06 0.006247546058
v 0.007761956658 0.001284000347 0.005463759881
v 0.007762645371 -0.001279272721 0.005463758484
v 0.007784908172 0.00128748524 0.005867527332
v 0.007785599679 -0.001282738056 0.005867538508
v 0.00780538097 0.001262278762 0.001629367471
v 0.007806058507 -0.001257519471 0.001629370148
v 0.007815187797 0.0008561100694 0.005463798065
v 0.007815646939 -0.000851350429 0.005463801324
v 0.007823656313 0.005270808004 0.005774493329
v 0.007828054018 -0.005264065694 0.005776290782
v 0.007837059908 0.002586863702 0.00179297314
v 0.00783844851 -0.002582092537 0.001792972209
v 0.007857553661 2.394283911e-06 0.005463841371
v 0.007880764082 2.399345021e-06 0.00586760696
v 0.007897354662 2.399985533e-06 0.001629428705
v 0.007958446629 0.005116508808 0.005387095269
v 0.007962277159 -0.005109962542 0.005388842896
v 0.007969709113 0.001784475869 0.01347873081
v 0.007970665582 -0.001779631944 0.01347872149
v 0.008015200496 0.004907338414 0.005006177817
v 0.008018387482 -0.004901009146 0.005007871892
v 0.008054060861 0.003575458424 0.0103703551
v 0.008055980317 -0.003570565488 0.01037034765
v 0.008067212999 0.002655774821 0.002058432205
v 0.008068638854 -0.002650879789 0.002058434067
v 0.008120369166 0.001308446517 0.001793193049
v 0.008121072315 -0.001303517958 0.001793197938
v 0.008158190176 0.0008994949167 0.01351720002
v 0.008158672601 -0.0008945447044 0.01351719908
v 0.008178836666 0.002689233981 0.002327774651
v 0.008180280216 -0.002684274921 0.002327769995
v 0.008201657794 0.004478446208 0.007117298897
v 0.008204063401 -0.004473478068 0.007117299363
v 0.008215707727 2.487346592e-06 0.001793258358
v 0.008224179968 2.490336556e-06 0.01353041641
v 0.008239271119 0.004578009713 0.005170063116
v 0.00824137032 -0.004572923295 0.005171787925
v 0.008358069696 0.001343301497 0.002058661543
v 0.008358789608 -0.001338249887 0.002058659215
v 0.008451203816 0.002726040781 0.01045231428
v 0.008452666923 -0.002720934339 0.01045231149
v 0.008455947973 2.551428679e-06 0.002058727667
v 0.008473357186 0.001360224443 0.002327999566
v 0.008474086411 -0.001355108572 0.002327994443
v 0.00853123609 0.0008787108236 0.002328034025
v 0.008531707339 -0.0008735654992 0.002328034956
v 0.008557374589 0.004160511307 0.006276478991
v 0.008561951108 -0.004152977373 0.006279535592
v 0.008572468534 2.584845561e-06 0.002328069648
v 0.008589275181 2.588030156e-06 0.01222036313
v 0.008653461002 0.004022142384 0.00587653555
v 0.008657105267 -0.004014803562 0.005879520904
v 0.008666088805 0.003841233207 0.005482309498
v 0.008668827824 -0.003834145609 0.005485205445
v 0.008686881512 0.003660931252 0.007214083336
v 0.008688848466 -0.003655702807 0.007214088459
v 0.0087492764 0.001839111792 0.01051235572
v 0.008750263602 -0.001833849703 0.01051235385
v 0.008936707862 0.0009271700401 0.01054927241
v 0.008937203325 -0.0009218077757 0.0105492603
v 0.009001920931 2.697682703e-06 0.01056183316
v 0.009081164375 0.002791694133 0.007291302085
v 0.009082663804 -0.002786257537 0.007291303016
v 0.009098749608 0.002861227375 0.005813803058
v 0.009100104682 -0.002854786348 0.0058141388
v 0.009133451618 0.00291385781 0.006684774999
v 0.009135131724 -0.002906853333 0.006685056724
v 0.009173128754 0.002652210183 0.005873315502
v 0.00917430874 -0.002645739587 0.005873580463
v 0.009196644649 0.002797742141 0.006276450586
v 0.009198118933 -0.002790985163 0.006276724394
v 0.009362847544 2.793956355e-06 0.008855362423
v 0.009374841116 0.001883660443 0.007347852457
v 0.00937585067 -0.001878057956 0.007347844075
v 0.009504367597 0.001363450545 0.006153545342
v 0.009505980648 -0.001354801003 0.006157715339
v 0.00952000916 0.001527959364 0.006975267082
v 0.009524176829 -0.001518391073 0.006979661994
v 0.009555744939 0.001453300472 0.006562020164
v 0.009558237158 0.0009497404099 0.007382588927
v 0.009558598511 -0.001444165944 0.006566319615
v 0.00955874566 -0.0009440429276 0.007382587995
v 0.00956275966 0.0009767179145 0.006207981613
v 0.009563714266 -0.0009711678722 0.006211013533
v 0.009594081901 0.0006887539639 0.006238450762
v 0.009594916366 -0.00068164611 0.006240504794
v 0.009625603445 2.868123829e-06 0.006270352751
v 0.009629554115 0.0007807871443 0.007063018624
v 0.009631637484 -0.0007732656668 0.007065196987
v 0.009654996917 0.000738626637 0.006648419425
v 0.009656523354 -0.0007312888629 0.006650548894
v 0.009669276886 2.876168764e-06 0.007095952518
v 0.009690411389 2.882874242e-06 0.00668087462
f 2925 2934 1749
f 1717 1749 1735
f 1735 1749 2934
f 1735 2934 1733
f 1733 2934 1710
f 2934 2944 1710
f 1710 2944 2958
f 1710 2958 1685
f 1685 2958 2960
f 1685 2960 1672
f 1672 2960 2964
f 1672 2964 1653
f 1653 2964 2972
f 1653 2972 1633
f 1633 2972 2976
f 1633 2976 1599
f 1599 2976 2978
f 1599 2978 1572
f 1709 2930 1738
f 1738 2930 2919
f 1738 2919 1749
f 1749 2919 2916
f 1749 2916 2925
f 1617 1558 2988
f 2988 2973 1617
f 1617 2973 2959
f 1617 2959 1661
f 1661 2959 2954
f 1661 2954 1709
f 1709 2954 2939
f 1709 2939 2930
f 1473 3026 1474
f 1474 3026 3023
f 1474 3023 1488
f 1488 3023 3018
f 1488 3018 1513
f 1513 3018 3014
f 1513 3014 1558
f 1558 3014 2997
f 1558 2997 2988
f 4106 4130 4131
f 3920 3921 4008
f 3920 4008 3919
f 3347 3350 3342
f 3342 3350 3352
f 3342 3352 3358
f 3358 3352 3478
f 3358 3478 3452
f 3347 3342 3310
f 3310 3342 3238
f 3310 3238 3249
f 3249 3238 3149
f 3249 3149 3186
f 3040 2985 2973
f 2973 2988 3040
f 3040 2988 2997
f 3040 2997 3014
f 3014 3018 3040
f 3040 3018 3023
f 3040 3023 3026
f 3186 3149 3039
f 3039 3149 3040
f 3039 3040 3033
f 3033 3040 3026
f 3033 3026 3029
f 2934 2925 2952
f 2952 2925 2922
f 2925 2916 2922
f 2922 2916 2919
f 2922 2919 2985
f 2985 2919 2930
f 2985 2930 2939
f 2939 2954 2985
f 2985 2954 2959
f 2985 2959 2973
f 2994 2981 3002
f 3002 2981 2978
f 3002 2978 3008
f 3008 2978 3012
f 3008 3012 3011
f 2978 2976 3012
f 3012 2976 2972
f 3012 2972 2964
f 2934 2952 2944
f 2944 2952 2965
f 2944 2965 2986
f 2964 2960 3012
f 3012 2960 2958
f 3012 2958 3009
f 3009 2958 2944
f 3009 2944 3000
f 3000 2944 2986
f 3452 3478 3551
f 3551 3478 3548
f 3551 3548 3594
f 3594 3548 3621
f 3594 3621 3752
f 3752 3621 3793
f 3752 3793 3933
f 3933 3793 3919
f 3933 3919 4036
f 4036 3919 4008
f 4036 4008 4131
f 4131 4008 4079
f 4131 4079 4106
f 3008 1744 3002
f 3002 1744 1664
f 3002 1664 1637
f 3008 3011 1892
f 3008 1892 1744
f 1744 1892 1855
f 1744 1855 1833
f 1855 1892 1955
f 2714 2695 2499
f 2694 2712 2449
f 2712 2694 2733
f 2154 1940 2168
f 2168 1940 1939
f 2168 1939 1933
f 1933 1932 2168
f 2168 1932 1885
f 2168 1885 1872
f 1872 1885 1828
f 2527 2756 2714
f 1637 1664 1726
f 1726 1664 1744
f 1573 1594 1634
f 1634 1594 1658
f 1634 1658 1829
f 1829 1658 1828
f 1833 1855 1841
f 1841 1855 1955
f 1841 1955 2021
f 2021 1955 2122
f 2021 2122 2253
f 2253 2122 2339
f 2253 2339 2527
f 2527 2339 2567
f 2527 2567 2756
f 2756 2567 2793
f 2756 2793 2849
f 2714 2499 2527
f 2527 2499 2215
f 2527 2215 2253
f 2253 2215 1938
f 2253 1938 2021
f 2021 1938 1726
f 2021 1726 1841
f 1841 1726 1744
f 1841 1744 1833
f 1594 1637 1658
f 1658 1637 1726
f 1658 1726 1828
f 1828 1726 1938
f 1828 1938 1872
f 1872 1938 2215
f 1872 2215 2168
f 2168 2215 2499
f 2168 2499 2471
f 2471 2499 2695
f 2471 2695 2693
f 2693 2694 2471
f 2471 2694 2449
f 2471 2449 2168
f 2168 2449 2281
f 2168 2281 2154
f 2965 2837 2986
f 2986 2837 2758
f 2986 2758 3000
f 3000 2758 2733
f 3000 2733 2694
f 2714 3009 2695
f 2695 3009 3000
f 2695 3000 2693
f 2693 3000 2694
f 2714 2756 3009
f 3009 2756 2849
f 3009 2849 3012
f 3032 3189 2983
f 4298 4198 4085
f 1019 1202 1020
f 600 724 1019
f 1019 1020 600
f 600 1020 835
f 600 835 575
f 575 835 808
f 575 808 578
f 578 808 968
f 578 968 615
f 615 968 696
f 696 968 1066
f 696 1066 1317
f 1676 1211 1317
f 1317 1211 891
f 1317 891 696
f 1915 1883 1676
f 1676 1883 1194
f 1676 1194 1211
f 1211 1194 854
f 1211 854 703
f 703 854 627
f 703 627 536
f 4490 4552 4519
f 4519 4552 4608
f 4608 4648 4519
f 4519 4648 4663
f 4519 4663 4653
f 4085 4131 4298
f 4298 4131 4237
f 4298 4237 4519
f 4519 4237 4387
f 4519 4387 4490
f 4198 4155 4085
f 4085 4155 4006
f 4085 4006 3893
f 3893 4006 3942
f 3893 3942 3809
f 3942 3880 3809
f 3809 3880 3683
f 3809 3683 3579
f 3579 3683 3559
f 3579 3559 3459
f 2983 3189 3208
f 3208 3189 3240
f 3208 3240 3459
f 3459 3240 3579
f 3579 3240 3267
f 3579 3267 3239
f 2539 2584 2505
f 2505 2584 2760
f 2760 2584 2711
f 2760 2711 2983
f 2983 2711 2852
f 2983 2852 3032
f 1883 1919 1194
f 1194 1919 2008
f 1194 2008 1396
f 1396 2008 2097
f 1396 2097 1605
f 1605 2097 2289
f 1605 2289 1790
f 1790 2289 2424
f 1790 2424 2189
f 2189 2424 2539
f 2189 2539 2408
f 2408 2539 2505
f 2603 2617 2740
f 2740 2617 2741
f 2740 2741 2858
f 2858 2741 2857
f 2858 2857 2896
f 2896 2857 2899
f 2896 2899 2855
f 2855 2899 2856
f 2855 2856 2739
f 2739 2856 2738
f 2739 2738 2616
f 2616 2738 2609
f 2616 2609 2456
f 2456 2609 2455
f 2456 2455 2362
f 2362 2455 2359
f 2362 2359 2271
f 2271 2359 2272
f 2271 2272 2361
f 2361 2272 2360
f 2361 2360 2457
f 2457 2360 2458
f 2457 2458 2603
f 2603 2458 2617
f 3033 3029 1468
f 3026 1473 3029
f 3029 1473 1470
f 3029 1470 1468
f 1468 1460 3033
f 3033 1460 1452
f 3033 1452 3039
f 1955 1892 3011
f 3012 2849 3011
f 3011 2849 2793
f 1955 3011 2122
f 2793 2567 3011
f 3011 2567 2339
f 3011 2339 2122
f 4519 4523 4311
f 4519 4653 4652
f 4621 4523 4625
f 4625 4523 4519
f 4625 4519 4646
f 4646 4519 4652
f 1698 1605 1765
f 1765 1605 1790
f 1765 1790 1787
f 1787 1790 2189
f 1787 2189 1793
f 1793 2189 2173
f 4011 4155 4160
f 4160 4155 4198
f 4160 4198 4311
f 4311 4198 4298
f 4311 4298 4519
f 3685 3880 3882
f 3882 3880 3942
f 3882 3942 4011
f 4011 3942 4006
f 4011 4006 4155
f 3201 3459 3458
f 3458 3459 3559
f 3458 3559 3685
f 3685 3559 3683
f 3685 3683 3880
f 2760 2983 3201
f 3201 2983 3208
f 3201 3208 3459
f 3201 2751 2760
f 2760 2751 2494
f 2760 2494 2505
f 2173 2189 2494
f 2494 2189 2408
f 2494 2408 2505
f 627 1043 1022
f 1043 627 1112
f 1112 627 854
f 1112 854 1184
f 1184 854 1194
f 1184 1194 1238
f 2493 2801 2800
f 1021 1044 845
f 845 1044 1111
f 845 1111 1190
f 1190 1111 1185
f 1185 1237 1190
f 1190 1237 1246
f 1190 1246 1392
f 845 550 1021
f 1021 550 537
f 1021 537 1022
f 1022 537 536
f 1022 536 627
f 1396 2800 1194
f 1194 2800 1247
f 1194 1247 1238
f 1396 1605 2800
f 2800 1605 1698
f 2800 1698 1730
f 1730 1796 2800
f 2800 1796 2182
f 2800 2182 2493
f 2802 2754 2803
f 2803 2754 2508
f 2508 2206 2803
f 2803 2206 1824
f 2803 1824 1246
f 1246 1824 1435
f 1246 1435 1392
f 3835 3836 3864
f 3863 3834 3835
f 3835 3864 3863
f 3863 3864 3861
f 3863 3861 3860
f 3860 3861 3827
f 3860 3827 3826
f 3826 3827 3804
f 3804 3827 3782
f 3804 3782 3781
f 3781 3782 3736
f 3781 3736 3735
f 3835 3834 3811
f 3811 3834 3839
f 3811 3839 3845
f 3812 3836 3835
f 3835 3811 3812
f 3812 3811 3777
f 3812 3777 3778
f 2881 2885 2795
f 2706 2707 2796
f 2884 2881 2796
f 2796 2881 2795
f 2796 2795 2706
f 1105 1104 1022
f 1022 1104 1021
f 1529 1526 1105
f 1105 1526 1104
f 1526 1529 1772
f 1772 1529 1848
f 1772 1848 1987
f 1987 1848 1988
f 1987 1988 2174
f 2174 1988 2129
f 2174 2129 2307
f 2307 2129 2308
f 2307 2308 2430
f 2430 2308 2431
f 2430 2431 2561
f 2561 2431 2562
f 2561 2562 3232
f 3232 2562 3735
f 3232 3735 3323
f 4252 4234 3736
f 3736 4234 4224
f 4140 3671 4141
f 4141 3671 3670
f 4141 3670 3736
f 3736 3670 3641
f 3736 3641 3606
f 3606 3544 3736
f 3736 3544 3481
f 3736 3481 3457
f 4142 4141 4189
f 4189 4141 3736
f 4189 3736 4205
f 4205 3736 4224
f 3323 3735 3393
f 3393 3735 3736
f 3393 3736 3415
f 3415 3736 3457
f 3415 3457 3427
f 3774 4007 3964
f 3964 4007 4033
f 4033 4007 4214
f 4033 4214 4071
f 4071 4214 4482
f 4071 4482 4126
f 4126 4482 4640
f 4126 4640 4164
f 3964 3912 3774
f 3774 3912 3800
f 3774 3800 3492
f 3492 3800 3705
f 3492 3705 3218
f 3218 3705 3629
f 3218 3629 2823
f 2823 3629 3566
f 3566 3520 2823
f 2823 3520 3495
f 2823 3495 1277
f 1277 3495 3521
f 1277 3521 3565
f 4650 4603 4034
f 2442 2227 3628
f 3628 2227 1925
f 3628 1925 3565
f 3565 1925 1532
f 3565 1532 1277
f 2442 3628 2509
f 2509 3628 3706
f 2509 3706 2563
f 2563 3706 3799
f 2563 3799 4440
f 4164 4640 4174
f 4174 4640 4696
f 4174 4696 4163
f 4163 4696 4671
f 4163 4671 4127
f 4127 4671 4594
f 4127 4594 4072
f 4072 4594 4624
f 4072 4624 4034
f 4034 4624 4661
f 4034 4661 4650
f 3799 3909 4440
f 4440 3909 3963
f 4440 3963 4478
f 4478 3963 4034
f 4478 4034 4511
f 4511 4034 4603
f 4642 4624 4594
f 4624 4642 4661
f 4671 4673 4594
f 4594 4673 4611
f 4594 4611 4642
f 4645 4642 4611
f 4646 4645 4625
f 4625 4645 4621
f 4621 4645 4612
f 4612 4645 4611
f 4612 4611 4628
f 4628 4611 4673
f 4628 4673 4674
f 4522 4516 4628
f 2494 2493 2182
f 1796 1793 2182
f 2182 1793 2173
f 2182 2173 2494
f 2828 2493 2829
f 2829 2493 2831
f 2828 2836 2493
f 2493 2836 2872
f 2493 2872 2801
f 2872 2877 2801
f 2801 2877 3019
f 2801 3019 2940
f 2940 3019 3174
f 2940 3174 3200
f 3174 3195 3200
f 3200 3195 3299
f 3200 3299 3354
f 3354 3299 3410
f 3354 3410 3486
f 3486 3410 3518
f 3486 3518 3684
f 3518 3648 3684
f 3684 3648 3682
f 3684 3682 3768
f 3768 3682 3759
f 3768 3759 3925
f 3759 3891 3925
f 3925 3891 3930
f 3925 3930 4010
f 3930 3989 4010
f 4010 3989 4012
f 4010 4012 4113
f 4012 4067 4113
f 4113 4067 4076
f 4113 4076 4217
f 4076 4184 4217
f 4217 4184 4218
f 4217 4218 4312
f 4312 4218 4258
f 4258 4269 4312
f 4312 4269 4318
f 4312 4318 4495
f 4495 4318 4410
f 4495 4410 4571
f 4410 4477 4571
f 4571 4477 4494
f 4571 4494 4667
f 4667 4494 4547
f 4667 4547 4690
f 4690 4547 4579
f 4690 4579 4704
f 4628 4516 4612
f 4612 4516 4448
f 4612 4448 4292
f 4579 4602 4704
f 4704 4602 4610
f 4704 4610 4699
f 4699 4610 4599
f 4699 4599 4674
f 4674 4599 4575
f 4674 4575 4628
f 4628 4575 4545
f 4628 4545 4522
f 3685 3680 3458
f 3458 3680 3636
f 3395 3201 3494
f 3494 3201 3458
f 3494 3458 3614
f 3614 3458 3636
f 3395 3271 3201
f 3201 3271 3193
f 3201 3193 2751
f 2751 3193 3109
f 2751 3109 2494
f 2494 3109 2955
f 2494 2955 2493
f 2493 2955 2860
f 2493 2860 2831
f 3882 4011 3965
f 3965 3890 3882
f 3882 3890 3874
f 3882 3874 3685
f 3685 3874 3739
f 3685 3739 3680
f 4621 4612 4523
f 4523 4612 4292
f 4523 4292 4311
f 4311 4292 4211
f 4311 4211 4160
f 4211 4128 4160
f 4160 4128 4041
f 4160 4041 4011
f 4011 4041 4013
f 4011 4013 3965
f 4699 4674 4673
f 4699 4673 4704
f 4704 4673 4705
f 4704 4705 4690
f 4690 4705 4666
f 4690 4666 4667
f 4667 4666 4571
f 4571 4666 4496
f 4571 4496 4495
f 4495 4496 4312
f 4312 4496 4216
f 4312 4216 4217
f 4217 4216 4113
f 4113 4216 4009
f 4113 4009 4010
f 4010 4009 3925
f 3925 4009 3767
f 3925 3767 3768
f 3768 3767 3684
f 3684 3767 3485
f 3684 3485 3486
f 3486 3485 3354
f 3354 3485 3205
f 3354 3205 3200
f 2800 2801 3205
f 3205 2801 2940
f 3205 2940 3200
f 2800 2823 1247
f 1247 2823 1277
f 1270 1238 1277
f 1277 1238 1247
f 1109 1105 1022
f 1109 1022 1137
f 1022 1043 1137
f 1137 1043 1112
f 1137 1112 1181
f 1181 1112 1184
f 1181 1184 1218
f 1218 1184 1238
f 1218 1238 1270
f 3866 3852 3858
f 3867 3876 3878
f 3839 3834 3863
f 3867 3845 3839
f 3867 3869 3876
f 3876 3869 3871
f 3876 3871 3878
f 3878 3871 3877
f 3816 3828 3859
f 3803 3828 3791
f 3791 3828 3816
f 3791 3816 3810
f 3805 3766 3773
f 3773 3766 3745
f 3773 3745 3753
f 3852 3830 3858
f 3858 3830 3841
f 3858 3841 3865
f 3869 3866 3871
f 3871 3866 3858
f 3871 3858 3877
f 3877 3858 3865
f 3877 3865 3859
f 3859 3865 3841
f 3859 3841 3816
f 3816 3841 3830
f 3816 3830 3810
f 3735 3745 3781
f 3781 3745 3766
f 3781 3766 3804
f 3804 3766 3805
f 3804 3805 3826
f 3867 3839 3869
f 3869 3839 3863
f 3869 3863 3866
f 3866 3863 3860
f 3866 3860 3852
f 3852 3860 3826
f 3852 3826 3830
f 3830 3826 3805
f 3830 3805 3810
f 3810 3805 3773
f 3810 3773 3791
f 3791 3773 3753
f 3791 3753 3803
f 1277 1532 1270
f 1270 1532 1530
f 1270 1530 1218
f 1218 1530 1523
f 1218 1523 1181
f 1181 1523 1527
f 1181 1527 1137
f 1137 1527 1109
f 1109 1527 1529
f 1109 1529 1105
f 2136 2320 2308
f 1894 2192 2161
f 2227 2442 2411
f 2227 2192 1925
f 1925 2192 1894
f 1925 1894 1532
f 1532 1894 1530
f 1871 1523 1530
f 1527 1523 1856
f 1856 1523 1871
f 1856 1871 2136
f 2227 2411 2192
f 2192 2411 2398
f 2192 2398 2161
f 2161 2398 2374
f 2161 2374 2336
f 1530 1894 1871
f 1871 1894 2161
f 1871 2161 2136
f 2136 2161 2336
f 2136 2336 2320
f 1529 1527 1848
f 1848 1527 1856
f 1848 1856 1988
f 1988 1856 2136
f 1988 2136 2129
f 2129 2136 2308
f 2442 2509 2411
f 2411 2509 2481
f 2320 2336 2439
f 2439 2336 2374
f 2439 2374 2481
f 2481 2374 2398
f 2481 2398 2411
f 2559 2439 2565
f 2565 2439 2481
f 2565 2481 2566
f 2566 2481 2509
f 2566 2509 2563
f 2559 2562 2439
f 2439 2562 2431
f 2439 2431 2320
f 2320 2431 2308
f 2566 2563 4440
f 2565 3753 2559
f 2559 3753 3745
f 2559 3745 2562
f 2562 3745 3735
f 4444 3753 4445
f 4445 3753 2565
f 4445 2565 4439
f 4439 2565 2566
f 4439 2566 4441
f 4441 2566 4440
f 4534 4549 4504
f 4440 4484 4441
f 4441 4484 4498
f 4441 4498 4439
f 4439 4498 4445
f 4478 4511 4534
f 4444 4445 4504
f 4504 4445 4498
f 4504 4498 4534
f 4534 4498 4484
f 4534 4484 4478
f 4478 4484 4440
f 2823 2800 3205
f 2823 3205 3218
f 3218 3205 3485
f 3218 3485 3492
f 3492 3485 3767
f 3492 3767 3774
f 3774 3767 4009
f 3774 4009 4007
f 4007 4009 4216
f 4007 4216 4214
f 4214 4216 4496
f 4214 4496 4482
f 4482 4496 4666
f 4482 4666 4640
f 4640 4666 4705
f 4640 4705 4696
f 4696 4705 4673
f 4696 4673 4671
f 3807 3799 3720
f 3720 3799 3706
f 3720 3706 3663
f 3663 3706 3628
f 3663 3628 3603
f 3603 3628 3565
f 3603 3565 3556
f 3556 3565 3521
f 3556 3521 3537
f 3537 3521 3495
f 3537 3495 3557
f 3557 3495 3520
f 3557 3520 3600
f 3600 3520 3566
f 3600 3566 3662
f 3662 3566 3629
f 3662 3629 3722
f 3722 3629 3705
f 3722 3705 3808
f 3808 3705 3800
f 3808 3800 3906
f 3906 3800 3912
f 3906 3912 3957
f 3957 3912 3964
f 3957 3964 4016
f 4016 3964 4033
f 4016 4033 4059
f 4059 4033 4071
f 4059 4071 4102
f 4102 4071 4126
f 4102 4126 4136
f 4136 4126 4164
f 4136 4164 4145
f 4145 4164 4174
f 4145 4174 4135
f 4135 4174 4163
f 4135 4163 4097
f 4097 4163 4127
f 4097 4127 4060
f 4060 4127 4072
f 4060 4072 4020
f 4020 4072 4034
f 4020 4034 3958
f 3958 4034 3963
f 3958 3963 3908
f 3908 3963 3909
f 3908 3909 3807
f 3807 3909 3799
f 4258 4218 4239
f 4448 4516 4480
f 4480 4516 4522
f 4480 4522 4527
f 4527 4522 4545
f 4527 4545 4531
f 4480 4415 4448
f 4448 4415 4365
f 4448 4365 4292
f 4365 4278 4292
f 4292 4278 4199
f 4292 4199 4211
f 4211 4199 4171
f 4211 4171 4128
f 4128 4171 4094
f 4128 4094 4041
f 4041 4094 4029
f 4041 4029 4013
f 4013 4029 3982
f 4013 3982 3965
f 3965 3982 3945
f 3965 3945 3890
f 3890 3945 3874
f 3874 3945 3831
f 3874 3831 3739
f 3831 3760 3739
f 3739 3760 3715
f 3739 3715 3680
f 3680 3715 3707
f 3680 3707 3636
f 3636 3707 3596
f 3636 3596 3614
f 3614 3596 3494
f 3494 3596 3512
f 3494 3512 3395
f 3512 3479 3395
f 3395 3479 3367
f 3395 3367 3271
f 3271 3367 3257
f 3271 3257 3193
f 3193 3257 3109
f 3109 3257 3141
f 3109 3141 2955
f 3141 3034 2955
f 2955 3034 3006
f 2955 3006 2860
f 2860 3006 2888
f 2860 2888 2831
f 2831 2888 2868
f 2831 2868 2829
f 2829 2868 2828
f 2828 2868 2866
f 2828 2866 2836
f 2836 2866 2879
f 2836 2879 2872
f 2872 2879 2877
f 2877 2879 2943
f 2877 2943 3019
f 2943 3005 3019
f 3019 3005 3066
f 3019 3066 3174
f 3174 3066 3210
f 3174 3210 3195
f 3210 3224 3195
f 3195 3224 3273
f 3195 3273 3299
f 3299 3273 3343
f 3299 3343 3456
f 4068 4067 3997
f 3997 4067 4012
f 3997 4012 3981
f 3981 4012 3989
f 3981 3989 3941
f 3941 3989 3930
f 3941 3930 3819
f 3819 3930 3891
f 3819 3891 3758
f 3758 3891 3759
f 3758 3759 3701
f 3701 3759 3682
f 3701 3682 3583
f 3583 3682 3648
f 3583 3648 3511
f 3511 3648 3518
f 3511 3518 3456
f 3456 3518 3410
f 3456 3410 3299
f 4239 4218 4172
f 4172 4218 4184
f 4172 4184 4068
f 4068 4184 4076
f 4068 4076 4067
f 4528 4547 4467
f 4467 4547 4494
f 4467 4494 4461
f 4461 4494 4477
f 4461 4477 4364
f 4364 4477 4410
f 4364 4410 4326
f 4326 4410 4318
f 4326 4318 4239
f 4239 4318 4269
f 4239 4269 4258
f 4528 4530 4547
f 4547 4530 4537
f 4547 4537 4579
f 4579 4537 4561
f 4579 4561 4602
f 4602 4561 4573
f 4602 4573 4610
f 4610 4573 4581
f 4610 4581 4599
f 4599 4581 4576
f 4599 4576 4575
f 4575 4576 4558
f 4575 4558 4545
f 4545 4558 4538
f 4545 4538 4531
f 4017 4020 3958
f 4017 3958 3910
f 4020 4017 4060
f 4060 4017 4099
f 4060 4099 4097
f 4097 4099 4135
f 4135 4099 4146
f 4135 4146 4145
f 4145 4146 4136
f 4136 4146 4101
f 4136 4101 4102
f 4102 4101 4059
f 4059 4101 4015
f 4059 4015 4016
f 4016 4015 3957
f 3957 4015 3904
f 3957 3904 3906
f 3721 3602 3600
f 3600 3662 3721
f 3721 3662 3722
f 3721 3722 3904
f 3904 3722 3808
f 3904 3808 3906
f 3538 3598 3603
f 3603 3556 3538
f 3538 3556 3537
f 3538 3537 3602
f 3602 3537 3557
f 3602 3557 3600
f 3958 3908 3910
f 3910 3908 3807
f 3910 3807 3719
f 3719 3807 3720
f 3719 3720 3598
f 3598 3720 3663
f 3598 3663 3603
f 3715 3760 3755
f 4531 4538 4540
f 4540 4538 4558
f 4540 4558 4582
f 4582 4558 4576
f 4415 4480 4366
f 4366 4480 4540
f 4540 4480 4527
f 4540 4527 4531
f 4171 4199 4170
f 4170 4199 4278
f 4170 4278 4366
f 4366 4278 4365
f 4366 4365 4415
f 4171 4170 4094
f 4094 4170 3980
f 4094 3980 4029
f 3760 3831 3755
f 3755 3831 3945
f 3755 3945 3980
f 3980 3945 3982
f 3980 3982 4029
f 3513 3596 3755
f 3755 3596 3707
f 3755 3707 3715
f 3275 3257 3513
f 3513 3257 3367
f 3367 3479 3513
f 3513 3479 3512
f 3513 3512 3596
f 2888 3006 3003
f 3003 3006 3034
f 3003 3034 3275
f 3275 3034 3141
f 3275 3141 3257
f 2888 3003 2868
f 2868 3003 2865
f 2868 2865 2866
f 2866 2865 2879
f 2879 2865 3004
f 2879 3004 2943
f 3224 3210 3274
f 3274 3210 3066
f 3274 3066 3004
f 3004 3066 3005
f 3004 3005 2943
f 3511 3456 3514
f 3514 3456 3343
f 3514 3343 3274
f 3274 3343 3273
f 3274 3273 3224
f 3819 3758 3754
f 3754 3758 3701
f 3754 3701 3514
f 3514 3701 3583
f 3514 3583 3511
f 3819 3754 3941
f 3941 3754 3979
f 3941 3979 3981
f 4239 4172 4169
f 4169 4172 4068
f 4169 4068 3979
f 3979 4068 3997
f 3979 3997 3981
f 4537 4530 4541
f 4541 4530 4528
f 4541 4528 4367
f 4367 4528 4467
f 4467 4461 4367
f 4367 4461 4364
f 4367 4364 4169
f 4169 4364 4326
f 4169 4326 4239
f 4576 4581 4582
f 4582 4581 4573
f 4582 4573 4541
f 4541 4573 4561
f 4541 4561 4537
f 3994 4015 4070
f 4070 4015 4101
f 4070 4101 4112
f 4112 4101 4146
f 4112 4146 4069
f 4069 4146 4099
f 4069 4099 3995
f 3995 4099 4017
f 3995 4017 3907
f 3907 4017 3910
f 3907 3910 3731
f 3731 3910 3719
f 3731 3719 3633
f 3633 3719 3598
f 3633 3598 3586
f 3586 3598 3538
f 3586 3538 3632
f 3632 3538 3602
f 3632 3602 3732
f 3732 3602 3721
f 3732 3721 3903
f 3903 3721 3904
f 3903 3904 3994
f 3994 3904 4015
f 3731 3755 3907
f 3907 3755 3980
f 3907 3980 3995
f 3586 3003 3633
f 3633 3003 3275
f 3633 3275 3731
f 3731 3275 3513
f 3731 3513 3755
f 3732 3274 3632
f 3632 3274 3004
f 3632 3004 3586
f 3586 3004 2865
f 3586 2865 3003
f 3994 3979 3903
f 3903 3979 3754
f 3903 3754 3732
f 3732 3754 3514
f 3732 3514 3274
f 3980 4170 3995
f 3995 4170 4366
f 3995 4366 4069
f 4069 4366 4540
f 4069 4540 4112
f 4540 4582 4112
f 4112 4582 4541
f 4112 4541 4070
f 4070 4541 4367
f 4070 4367 3994
f 3994 4367 4169
f 3994 4169 3979
f 1567 2981 1573
f 1573 2981 2994
f 1573 2994 1594
f 1594 2994 3002
f 1594 3002 1637
f 1572 2978 1569
f 1569 2978 2981
f 1569 2981 1568
f 1568 2981 1567
f 2729 2750 2876
f 2876 2750 2908
f 2876 2908 3054
f 3054 2908 3180
f 3054 3180 3215
f 3215 3180 3287
f 3215 3287 3264
f 3264 3287 3334
f 3264 3334 3294
f 3294 3334 3353
f 3294 3353 3263
f 3263 3353 3333
f 3263 3333 3217
f 3217 3333 3286
f 3217 3286 3053
f 3053 3286 3179
f 3053 3179 2874
f 2874 3179 2907
f 2874 2907 2730
f 2730 2907 2749
f 2730 2749 2613
f 2613 2749 2619
f 2613 2619 2469
f 2469 2619 2436
f 2469 2436 2312
f 2312 2436 2251
f 2312 2251 2171
f 2171 2251 2094
f 2171 2094 2038
f 2038 2094 1924
f 2038 1924 1951
f 1951 1924 1820
f 1951 1820 1912
f 1912 1820 1774
f 1912 1774 1952
f 1952 1774 1819
f 1952 1819 2035
f 2035 1819 1923
f 2035 1923 2172
f 2172 1923 2093
f 2172 2093 2313
f 2313 2093 2252
f 2313 2252 2468
f 2468 2252 2435
f 2468 2435 2607
f 2607 2435 2618
f 2607 2618 2729
f 2729 2618 2750
f 2361 2101 2271
f 2271 2101 1986
f 2271 1986 2362
f 2362 1986 2102
f 2362 2102 2456
f 2456 2102 2370
f 2456 2370 2616
f 2616 2370 2604
f 2616 2604 2739
f 2739 2604 2845
f 2739 2845 2855
f 2855 2845 3173
f 2855 3173 2896
f 2896 3173 3234
f 2896 3234 2858
f 2858 3234 3172
f 2858 3172 2740
f 2740 3172 2846
f 2740 2846 2603
f 2603 2846 2615
f 2603 2615 2457
f 2457 2615 2371
f 2457 2371 2361
f 2361 2371 2101
f 2622 2314 2468
f 2036 2172 2314
f 2314 2172 2313
f 2314 2313 2468
f 1911 1952 2036
f 2036 1952 2035
f 2036 2035 2172
f 2037 1951 1911
f 1911 1951 1912
f 1911 1912 1952
f 2311 2171 2037
f 2037 2171 2038
f 2037 2038 1951
f 2614 2469 2311
f 2311 2469 2312
f 2311 2312 2171
f 2873 2730 2614
f 2614 2730 2613
f 2614 2613 2469
f 3216 3053 2873
f 2873 3053 2874
f 2873 2874 2730
f 3293 3263 3216
f 3216 3263 3217
f 3216 3217 3053
f 3214 3264 3293
f 3293 3264 3294
f 3293 3294 3263
f 2875 3054 3214
f 3214 3054 3215
f 3214 3215 3264
f 2468 2607 2622
f 2622 2607 2729
f 2622 2729 2875
f 2875 2729 2876
f 2875 2876 3054
f 2845 2875 3173
f 3173 2875 3214
f 3173 3214 3234
f 3234 3214 3293
f 3234 3293 3172
f 3172 3293 3216
f 3172 3216 2846
f 2846 3216 2873
f 2846 2873 2615
f 2615 2873 2614
f 2615 2614 2371
f 2371 2614 2311
f 2371 2311 2101
f 2101 2311 2037
f 2101 2037 1986
f 1986 2037 1911
f 1986 1911 2102
f 2102 1911 2036
f 2102 2036 2370
f 2370 2036 2314
f 2370 2314 2604
f 2604 2314 2622
f 2604 2622 2845
f 2845 2622 2875
f 2272 1882 2360
f 2360 1882 2007
f 2360 2007 2458
f 2458 2007 2290
f 2458 2290 2617
f 2617 2290 2585
f 2617 2585 2741
f 2741 2585 2853
f 2741 2853 2857
f 2857 2853 3191
f 2857 3191 2899
f 2899 3191 3268
f 2899 3268 2856
f 2856 3268 3190
f 2856 3190 2738
f 2738 3190 2854
f 2738 2854 2609
f 2609 2854 2586
f 2609 2586 2455
f 2455 2586 2288
f 2455 2288 2359
f 2359 2288 2009
f 2359 2009 2272
f 2272 2009 1882
f 2235 2287 2290
f 3239 3268 3204
f 3204 3268 3191
f 2853 2851 3191
f 3191 2851 2889
f 2889 3049 3191
f 3191 3049 3192
f 3191 3192 3204
f 2520 2582 2585
f 2585 2582 2655
f 2585 2655 2853
f 2853 2655 2757
f 2853 2757 2851
f 2290 2287 2585
f 2585 2287 2406
f 2585 2406 2520
f 1928 2007 1915
f 1915 2007 1882
f 1915 1882 1883
f 1928 1995 2007
f 2007 1995 2012
f 2007 2012 2290
f 2290 2012 2118
f 2290 2118 2235
f 1883 1882 1919
f 1919 1882 2009
f 1919 2009 2008
f 2008 2009 2097
f 2097 2009 2288
f 2097 2288 2289
f 2289 2288 2424
f 2424 2288 2586
f 2424 2586 2539
f 2854 2711 2586
f 2586 2711 2584
f 2586 2584 2539
f 3190 3032 2854
f 2854 3032 2852
f 2854 2852 2711
f 3239 3267 3268
f 3268 3267 3240
f 3268 3240 3190
f 3190 3240 3189
f 3190 3189 3032
f 4559 4549 4564
f 4564 4549 4534
f 4564 4534 4568
f 4568 4534 4578
f 4578 4534 4511
f 4578 4511 4603
f 4490 4387 4388
f 4388 4458 4490
f 4490 4458 4459
f 4490 4459 4462
f 4462 4475 4490
f 4490 4475 4492
f 4490 4492 4552
f 4131 4130 4138
f 4131 4138 4237
f 4138 4149 4237
f 4237 4149 4156
f 4237 4156 4387
f 4387 4156 4249
f 4387 4249 4388
f 4492 4551 4552
f 4552 4551 4559
f 4552 4559 4564
f 4564 4568 4552
f 4552 4568 4578
f 4552 4578 4608
f 4608 4578 4603
f 4608 4603 4648
f 4645 4646 4652
f 4661 4642 4645
f 4603 4650 4648
f 4648 4650 4661
f 4648 4661 4663
f 4663 4661 4645
f 4663 4645 4653
f 4653 4645 4652
f 1737 1717 1735
f 1737 1735 1785
f 1875 1884 1710
f 1710 1884 1877
f 1710 1877 1733
f 1733 1877 1869
f 1733 1869 1735
f 1735 1869 1845
f 1735 1845 1785
f 1685 1829 1710
f 1710 1829 1867
f 1710 1867 1875
f 1685 1672 1829
f 1829 1672 1653
f 1829 1653 1634
f 1653 1633 1634
f 1634 1633 1599
f 1634 1599 1572
f 1567 1573 1568
f 1568 1573 1634
f 1568 1634 1569
f 1569 1634 1572
f 2231 2706 2497
f 2497 2706 2708
f 2231 2223 2706
f 2706 2223 2042
f 2706 2042 1967
f 1967 2025 2706
f 2706 2025 2213
f 2706 2213 2707
f 2707 2213 2445
f 2707 2445 2709
f 1400 1383 1382
f 1382 1381 1400
f 1400 1381 1394
f 1400 1394 1409
f 1477 1681 1657
f 1657 1648 1477
f 1477 1648 1484
f 1477 1484 1429
f 2207 2226 2234
f 2234 2226 2365
f 2234 2365 2491
f 1511 1551 1647
f 1647 1551 1703
f 1647 1703 1812
f 1812 1703 1899
f 1812 1899 1989
f 1989 1899 2049
f 1989 2049 2132
f 1511 1647 1437
f 1437 1647 1477
f 1437 1477 1409
f 1409 1477 1429
f 1409 1429 1400
f 1681 1477 1783
f 1783 1477 1647
f 1783 1647 2018
f 2018 1647 1812
f 2018 1812 2234
f 2234 1812 1989
f 2234 1989 2207
f 2207 1989 2132
f 2207 2132 2226
f 3391 3794 3764
f 3900 4458 4388
f 3391 3764 3312
f 3312 3764 3749
f 3312 3749 2903
f 3900 4388 3944
f 3944 4388 4249
f 3944 4249 3749
f 3749 4249 4156
f 3749 4156 2903
f 3803 3753 4444
f 3803 4444 3828
f 3867 3878 4492
f 3878 3877 4444
f 4444 3877 3859
f 4444 3859 3828
f 3878 4444 4492
f 4492 4444 4504
f 4492 4504 4551
f 4551 4504 4549
f 4551 4549 4559
f 3777 4492 3453
f 3453 4492 3448
f 3777 3811 4492
f 4492 3811 3845
f 4492 3845 3867
f 2132 2049 2055
f 2814 4079 4008
f 2132 2055 2226
f 4008 3921 2814
f 2814 3921 3065
f 2814 3065 2797
f 2797 3065 2734
f 2734 3065 3057
f 2734 3057 3037
f 2367 2489 2726
f 2726 2489 2638
f 2726 2638 2781
f 2781 2638 2734
f 2781 2734 2890
f 2890 2734 3037
f 2053 2130 2070
f 2070 2130 2219
f 2070 2219 2071
f 2726 2725 2491
f 2226 2055 2365
f 2365 2055 2065
f 2365 2065 2491
f 2491 2065 2071
f 2491 2071 2726
f 2726 2071 2219
f 2726 2219 2367
f 2708 2706 2795
f 2797 2734 2716
f 2716 2708 2797
f 2797 2708 2795
f 2797 2795 2814
f 2814 2795 2885
f 2814 2885 2882
f 3400 3407 3417
f 3400 3417 3392
f 3407 3418 3417
f 3417 3418 3449
f 3417 3449 3431
f 3453 3448 3449
f 3449 3448 3441
f 3449 3441 3431
f 2884 2883 2894
f 3391 2902 3417
f 3417 2902 3311
f 3417 3311 3392
f 2895 2882 2885
f 2894 2902 2884
f 2884 2902 3391
f 2884 3391 2881
f 2881 3391 3312
f 2881 3312 2885
f 2885 3312 2903
f 2885 2903 2895
f 3449 3454 3453
f 3453 3454 3778
f 3453 3778 3777
f 4079 2814 4106
f 4106 2814 2882
f 4106 2882 4130
f 4130 2882 2895
f 4130 2895 4138
f 4138 2895 2903
f 4138 2903 4149
f 4149 2903 4156
f 360 274 281
f 281 292 360
f 360 292 463
f 360 463 514
f 514 463 552
f 514 552 619
f 619 552 749
f 619 749 908
f 908 749 1065
f 908 1065 1064
f 290 292 281
f 1107 1065 749
f 2140 2148 2017
f 1727 1941 2017
f 2017 1941 2131
f 2017 2131 2140
f 1727 1612 1817
f 1817 1612 1742
f 1817 1742 1876
f 2017 1874 1727
f 1727 1874 1782
f 1727 1782 1612
f 1612 1782 1708
f 1428 1446 1674
f 1674 1446 1463
f 1674 1463 1708
f 1708 1463 1476
f 1708 1476 1612
f 1410 746 1434
f 1434 746 998
f 1434 998 1204
f 1674 1552 1428
f 1428 1552 1434
f 1428 1434 1294
f 1294 1434 1204
f 1410 1325 746
f 746 1325 1209
f 746 1209 1186
f 463 457 552
f 552 457 543
f 552 543 749
f 749 543 746
f 749 746 1107
f 1107 746 1186
f 292 290 463
f 290 308 463
f 463 308 328
f 463 328 342
f 342 382 463
f 463 382 396
f 463 396 457
f 2165 2177 2179
f 2179 2187 2165
f 2165 2187 2159
f 2165 2159 1962
f 1962 2159 2125
f 1962 2125 2013
f 2013 1997 1962
f 1962 1997 1984
f 1962 1984 1943
f 1943 1902 1962
f 1962 1902 1900
f 1962 1900 1835
f 1962 1835 1129
f 1129 1835 1759
f 1759 1697 1129
f 1129 1697 1671
f 1129 1671 1070
f 1070 1671 1236
f 1070 1236 993
f 993 1236 1196
f 1962 1129 2165
f 2165 1129 1174
f 2165 1174 2177
f 2177 1174 2060
f 2060 1174 1132
f 2060 1132 1916
f 1916 1132 1096
f 1916 1096 1838
f 1838 1096 984
f 1838 984 1769
f 1769 984 1646
f 1646 984 909
f 1646 909 816
f 473 1331 561
f 561 1331 1403
f 561 1403 618
f 618 1403 1456
f 618 1456 816
f 816 1456 1606
f 816 1606 1646
f 467 597 466
f 466 597 902
f 466 902 473
f 473 902 1073
f 473 1073 1331
f 466 383 467
f 467 383 374
f 467 374 402
f 402 374 287
f 402 287 388
f 388 287 275
f 184 133 270
f 270 302 184
f 184 302 333
f 184 333 275
f 275 333 373
f 275 373 388
f 528 645 885
f 885 645 691
f 885 691 1135
f 1135 691 892
f 1135 892 1196
f 1196 892 916
f 1196 916 993
f 352 339 378
f 378 339 399
f 885 647 528
f 528 647 569
f 528 569 521
f 521 569 518
f 521 518 399
f 399 518 436
f 399 436 378
f 352 327 339
f 339 327 257
f 339 257 237
f 237 257 230
f 272 270 133
f 152 209 219
f 219 209 293
f 219 293 259
f 259 293 321
f 259 321 320
f 320 321 356
f 320 356 362
f 356 390 362
f 362 390 403
f 362 403 392
f 392 403 442
f 392 442 435
f 435 442 527
f 435 527 468
f 468 527 695
f 1207 1228 763
f 763 1228 1339
f 763 1339 972
f 972 1339 1395
f 972 1395 1054
f 763 684 1207
f 1207 684 658
f 1207 658 1045
f 1045 658 563
f 1045 563 695
f 695 563 522
f 695 522 468
f 1794 1160 1163
f 1395 1417 1054
f 1054 1417 1492
f 1054 1492 1148
f 1148 1492 1533
f 1148 1533 1166
f 1166 1533 1604
f 1166 1604 1163
f 1163 1604 1754
f 1163 1754 1794
f 1160 1794 1146
f 1146 1794 1859
f 1146 1859 1069
f 1069 1859 1876
f 1069 1876 969
f 969 1876 1742
f 969 1742 767
f 767 1742 1612
f 767 1612 622
f 622 1612 1476
f 622 1476 1463
f 1463 1446 622
f 622 1446 1428
f 622 1428 560
f 560 1428 1294
f 560 1294 477
f 543 447 746
f 746 447 456
f 746 456 998
f 998 456 477
f 998 477 1204
f 1204 477 1294
f 457 379 543
f 543 379 389
f 543 389 447
f 187 253 382
f 382 253 282
f 382 282 396
f 396 282 299
f 396 299 457
f 457 299 357
f 457 357 379
f 290 281 274
f 382 342 187
f 187 342 328
f 187 328 177
f 177 328 308
f 177 308 166
f 166 308 153
f 308 290 153
f 153 290 274
f 153 274 140
f 140 274 272
f 140 272 136
f 136 272 133
f 300 315 335
f 134 151 110
f 319 304 324
f 179 174 127
f 127 174 163
f 127 163 100
f 234 239 179
f 179 239 207
f 179 207 174
f 324 336 319
f 319 336 337
f 319 337 311
f 311 337 334
f 311 334 291
f 291 334 314
f 291 314 234
f 234 314 262
f 234 262 239
f 180 231 205
f 205 231 238
f 205 238 250
f 250 238 286
f 250 286 304
f 304 286 317
f 304 317 324
f 137 171 101
f 101 171 138
f 246 240 189
f 189 240 218
f 189 218 137
f 137 218 175
f 137 175 171
f 335 322 300
f 300 322 316
f 300 316 246
f 246 316 285
f 246 285 240
f 276 318 310
f 310 318 331
f 310 331 315
f 315 331 338
f 315 338 335
f 163 135 100
f 100 135 132
f 100 132 104
f 104 132 142
f 104 142 145
f 145 142 176
f 145 176 194
f 194 176 220
f 194 220 217
f 217 220 241
f 217 241 276
f 276 241 305
f 276 305 318
f 101 76 103
f 101 103 137
f 137 103 170
f 137 170 189
f 189 170 222
f 189 222 246
f 246 222 267
f 246 267 300
f 300 267 297
f 300 297 315
f 315 297 288
f 315 288 310
f 310 288 244
f 310 244 276
f 276 244 192
f 276 192 217
f 217 192 172
f 217 172 194
f 194 172 109
f 194 109 145
f 145 109 80
f 145 80 104
f 104 80 74
f 104 74 100
f 100 74 97
f 100 97 127
f 127 97 161
f 127 161 179
f 179 161 215
f 179 215 234
f 234 215 261
f 234 261 291
f 291 261 295
f 291 295 311
f 311 295 298
f 311 298 319
f 319 298 277
f 319 277 304
f 304 277 226
f 304 226 250
f 250 226 181
f 250 181 205
f 76 60 87
f 76 87 103
f 103 87 156
f 103 156 170
f 170 156 208
f 170 208 222
f 222 208 254
f 222 254 267
f 267 254 283
f 267 283 297
f 297 283 265
f 297 265 288
f 288 265 229
f 288 229 244
f 244 229 178
f 244 178 192
f 192 178 157
f 192 157 172
f 172 157 93
f 172 93 109
f 109 93 62
f 109 62 80
f 80 62 57
f 80 57 74
f 74 57 81
f 74 81 97
f 97 81 130
f 97 130 161
f 161 130 195
f 161 195 215
f 215 195 243
f 215 243 261
f 261 243 278
f 261 278 295
f 295 278 284
f 295 284 298
f 298 284 258
f 298 258 277
f 277 258 212
f 277 212 226
f 226 212 165
f 226 165 181
f 60 43 71
f 60 71 87
f 87 71 131
f 87 131 156
f 156 131 197
f 156 197 208
f 208 197 242
f 208 242 254
f 254 242 266
f 254 266 283
f 283 266 260
f 283 260 265
f 265 260 221
f 265 221 229
f 229 221 168
f 229 168 178
f 178 168 141
f 178 141 157
f 157 141 78
f 157 78 93
f 93 78 49
f 93 49 62
f 62 49 42
f 62 42 57
f 57 42 67
f 57 67 81
f 81 67 118
f 81 118 130
f 130 118 185
f 130 185 195
f 195 185 233
f 195 233 243
f 243 233 264
f 243 264 278
f 278 264 269
f 278 269 284
f 284 269 247
f 284 247 258
f 258 247 201
f 258 201 212
f 212 201 160
f 212 160 165
f 158 160 202
f 202 160 201
f 202 201 252
f 252 201 247
f 252 247 280
f 280 247 269
f 280 269 273
f 273 269 264
f 273 264 236
f 236 264 233
f 236 233 186
f 186 233 185
f 186 185 115
f 115 185 118
f 115 118 63
f 63 118 67
f 63 67 34
f 34 67 42
f 158 124 160
f 160 124 90
f 160 90 165
f 165 90 99
f 165 99 181
f 181 99 123
f 181 123 205
f 205 123 159
f 205 159 180
f 180 159 173
f 124 84 90
f 90 84 55
f 90 55 99
f 99 55 64
f 99 64 123
f 123 64 83
f 123 83 159
f 159 83 110
f 159 110 173
f 173 110 151
f 84 48 55
f 55 48 43
f 55 43 64
f 64 43 60
f 64 60 83
f 83 60 76
f 83 76 110
f 110 76 101
f 110 101 134
f 134 101 138
f 48 33 43
f 43 33 37
f 43 37 71
f 71 37 70
f 71 70 131
f 131 70 129
f 131 129 197
f 197 129 198
f 197 198 242
f 242 198 248
f 242 248 266
f 266 248 279
f 266 279 260
f 260 279 263
f 260 263 221
f 221 263 224
f 221 224 168
f 168 224 169
f 168 169 141
f 141 169 139
f 141 139 78
f 78 139 72
f 78 72 49
f 49 72 40
f 49 40 42
f 42 40 29
f 42 29 34
f 72 139 120
f 121 129 70
f 121 70 82
f 82 70 37
f 82 37 58
f 58 37 31
f 31 37 33
f 31 33 32
f 48 38 33
f 33 38 35
f 33 35 32
f 84 79 48
f 48 79 52
f 48 52 38
f 341 204 158
f 158 204 196
f 158 196 124
f 124 196 122
f 124 122 84
f 84 122 91
f 84 91 79
f 158 202 341
f 341 202 252
f 341 252 280
f 273 236 329
f 329 236 186
f 329 186 268
f 268 186 115
f 268 115 203
f 532 438 384
f 438 437 384
f 384 437 341
f 384 341 329
f 329 341 280
f 329 280 273
f 582 834 911
f 469 590 582
f 582 590 748
f 582 748 834
f 911 989 582
f 582 989 1014
f 582 1014 1015
f 1015 926 582
f 582 926 862
f 582 862 742
f 329 375 384
f 384 375 469
f 384 469 532
f 532 469 582
f 532 582 670
f 670 582 742
f 72 120 40
f 40 120 92
f 40 92 29
f 29 92 30
f 29 30 34
f 34 30 50
f 34 50 63
f 63 50 119
f 63 119 115
f 115 119 148
f 115 148 203
f 224 263 325
f 224 325 169
f 169 325 139
f 139 325 200
f 139 200 120
f 279 248 330
f 330 248 198
f 121 162 129
f 129 162 199
f 129 199 198
f 198 199 289
f 198 289 330
f 263 279 325
f 325 279 330
f 325 330 332
f 482 394 332
f 332 394 351
f 332 351 325
f 330 340 332
f 332 340 397
f 332 397 482
f 517 635 604
f 604 635 826
f 604 826 925
f 819 699 604
f 397 517 482
f 482 517 604
f 482 604 628
f 628 604 699
f 925 981 604
f 604 981 988
f 604 988 819
f 335 338 427
f 415 318 305
f 415 305 425
f 427 338 415
f 415 338 331
f 415 331 318
f 335 427 322
f 322 427 414
f 322 414 316
f 316 414 285
f 285 414 426
f 285 426 240
f 240 426 218
f 218 426 432
f 218 432 175
f 410 138 432
f 432 138 171
f 432 171 175
f 419 151 410
f 410 151 134
f 410 134 138
f 238 231 416
f 416 231 180
f 416 180 419
f 419 180 173
f 419 173 151
f 406 317 416
f 416 317 286
f 416 286 238
f 334 337 428
f 428 337 336
f 428 336 406
f 406 336 324
f 406 324 317
f 334 428 314
f 314 428 429
f 314 429 262
f 262 429 430
f 262 430 239
f 239 430 207
f 207 430 431
f 207 431 174
f 174 431 163
f 163 431 409
f 163 409 135
f 405 142 409
f 409 142 132
f 409 132 135
f 305 241 425
f 425 241 220
f 425 220 405
f 405 220 176
f 405 176 142
f 46 30 92
f 53 65 108
f 77 94 146
f 114 133 184
f 31 45 58
f 58 45 88
f 58 88 82
f 82 88 121
f 121 88 210
f 121 210 162
f 340 330 347
f 347 330 289
f 347 289 210
f 210 289 199
f 210 199 162
f 340 347 397
f 397 347 440
f 397 440 517
f 440 476 517
f 517 476 554
f 517 554 635
f 554 657 635
f 635 657 766
f 635 766 826
f 826 766 1008
f 826 1008 925
f 925 1008 981
f 981 1008 1051
f 981 1051 988
f 628 699 728
f 728 699 819
f 728 819 876
f 876 819 988
f 876 988 1035
f 1035 988 1051
f 728 595 628
f 628 595 520
f 628 520 482
f 482 520 446
f 482 446 394
f 394 446 354
f 54 46 89
f 89 46 92
f 89 92 155
f 155 92 120
f 155 120 216
f 216 120 200
f 216 200 296
f 296 200 325
f 296 325 354
f 354 325 351
f 354 351 394
f 117 95 116
f 116 95 75
f 116 75 125
f 125 75 147
f 125 147 154
f 892 691 648
f 648 691 645
f 648 645 535
f 154 147 230
f 230 147 190
f 230 190 237
f 237 190 256
f 237 256 339
f 645 528 535
f 535 528 521
f 535 521 465
f 465 521 399
f 465 399 377
f 377 399 339
f 377 339 326
f 326 339 256
f 75 66 147
f 147 66 107
f 147 107 190
f 190 107 167
f 190 167 256
f 256 167 228
f 256 228 326
f 326 228 309
f 326 309 377
f 377 309 366
f 377 366 465
f 465 366 454
f 465 454 535
f 535 454 526
f 535 526 648
f 648 526 620
f 648 620 892
f 892 620 755
f 892 755 916
f 66 54 107
f 107 54 89
f 107 89 167
f 167 89 155
f 167 155 228
f 228 155 216
f 228 216 309
f 309 216 296
f 309 296 366
f 366 296 354
f 366 354 454
f 454 354 446
f 454 446 526
f 526 446 520
f 526 520 620
f 620 520 595
f 620 595 755
f 755 595 728
f 755 728 921
f 921 728 876
f 921 876 1080
f 1080 876 1035
f 1080 1035 1094
f 1094 1035 1051
f 1094 1051 1047
f 1047 1051 1008
f 1047 1008 839
f 839 1008 766
f 839 766 692
f 692 766 657
f 692 657 571
f 571 657 554
f 571 554 483
f 483 554 476
f 483 476 444
f 444 476 440
f 444 440 358
f 358 440 347
f 358 347 225
f 225 347 210
f 225 210 108
f 108 210 88
f 108 88 53
f 53 88 45
f 371 249 287
f 94 114 146
f 146 114 184
f 146 184 249
f 249 184 275
f 249 275 287
f 287 374 371
f 371 374 383
f 371 383 455
f 383 466 455
f 455 466 473
f 455 473 524
f 524 473 561
f 524 561 591
f 591 561 618
f 591 618 721
f 618 816 721
f 721 816 909
f 721 909 896
f 909 984 896
f 896 984 1096
f 896 1096 1099
f 1099 1096 1132
f 1099 1132 1138
f 1138 1132 1174
f 1138 1174 1124
f 1124 1174 1129
f 1124 1129 1070
f 65 77 108
f 108 77 146
f 108 146 225
f 225 146 249
f 225 249 358
f 358 249 371
f 358 371 444
f 444 371 455
f 444 455 483
f 483 455 524
f 483 524 571
f 571 524 591
f 571 591 692
f 692 591 721
f 692 721 839
f 839 721 896
f 839 896 1047
f 1047 896 1099
f 1047 1099 1094
f 1094 1099 1138
f 1094 1138 1080
f 1080 1138 1124
f 1080 1124 921
f 921 1124 1070
f 921 1070 755
f 755 1070 993
f 755 993 916
f 688 568 553
f 77 65 68
f 54 66 106
f 75 95 144
f 45 44 53
f 53 44 65
f 113 114 94
f 133 114 136
f 136 114 113
f 136 113 140
f 94 96 113
f 113 96 98
f 113 98 140
f 140 98 102
f 140 102 153
f 153 102 166
f 166 102 143
f 166 143 177
f 299 282 245
f 245 282 253
f 245 253 143
f 143 253 187
f 143 187 177
f 299 245 357
f 357 245 370
f 357 370 379
f 451 447 370
f 370 447 389
f 370 389 379
f 589 560 523
f 523 560 477
f 523 477 451
f 451 477 456
f 451 456 447
f 1160 1146 1100
f 1100 1146 1069
f 1100 1069 894
f 894 1069 969
f 894 969 719
f 719 969 767
f 719 767 589
f 589 767 622
f 589 622 560
f 1160 1100 1163
f 1163 1100 1142
f 1163 1142 1166
f 1166 1142 1125
f 1166 1125 1148
f 1148 1125 1016
f 1148 1016 1054
f 1054 1016 972
f 972 1016 833
f 972 833 763
f 763 833 646
f 763 646 684
f 464 522 534
f 534 522 563
f 534 563 646
f 646 563 658
f 646 658 684
f 376 435 464
f 464 435 468
f 464 468 522
f 219 259 251
f 251 259 320
f 251 320 323
f 323 320 362
f 323 362 376
f 376 362 392
f 376 392 435
f 251 188 219
f 219 188 144
f 219 144 152
f 152 144 95
f 152 95 128
f 128 95 117
f 65 44 68
f 68 44 47
f 68 47 69
f 69 47 51
f 69 51 73
f 73 51 56
f 73 56 105
f 105 56 85
f 105 85 223
f 553 568 475
f 475 568 481
f 475 481 439
f 439 481 443
f 439 443 343
f 343 443 355
f 343 355 206
f 45 31 44
f 44 31 32
f 44 32 47
f 47 32 35
f 47 35 51
f 51 35 38
f 51 38 56
f 56 38 52
f 56 52 85
f 85 52 79
f 85 79 91
f 91 122 85
f 85 122 206
f 85 206 223
f 223 206 355
f 122 196 206
f 206 196 204
f 206 204 343
f 343 204 341
f 343 341 439
f 341 437 439
f 439 437 438
f 439 438 475
f 475 438 532
f 475 532 553
f 553 532 656
f 553 656 688
f 688 656 838
f 30 46 50
f 50 46 86
f 50 86 119
f 119 86 150
f 119 150 148
f 148 150 203
f 203 150 211
f 203 211 268
f 268 211 294
f 268 294 329
f 329 294 353
f 329 353 375
f 375 353 445
f 375 445 469
f 469 445 519
f 469 519 590
f 911 875 1036
f 911 834 875
f 875 834 748
f 875 748 727
f 727 748 590
f 727 590 592
f 592 590 519
f 532 670 656
f 656 670 742
f 656 742 838
f 838 742 862
f 838 862 1049
f 1049 862 926
f 1049 926 1095
f 1095 926 1052
f 1095 1052 1082
f 1082 1052 1036
f 1082 1036 920
f 920 1036 875
f 920 875 751
f 751 875 727
f 751 727 616
f 616 727 592
f 616 592 525
f 525 592 519
f 525 519 452
f 452 519 445
f 452 445 364
f 364 445 353
f 364 353 307
f 307 353 294
f 307 294 227
f 227 294 211
f 227 211 164
f 164 211 150
f 164 150 106
f 106 150 86
f 106 86 54
f 54 86 46
f 926 1015 1052
f 1052 1015 1014
f 1052 1014 1036
f 1036 1014 989
f 1036 989 911
f 94 77 96
f 96 77 68
f 96 68 98
f 98 68 69
f 98 69 102
f 102 69 73
f 102 73 143
f 143 73 105
f 143 105 245
f 245 105 223
f 245 223 370
f 370 223 355
f 370 355 451
f 451 355 443
f 451 443 523
f 523 443 481
f 523 481 589
f 589 481 568
f 589 568 719
f 719 568 688
f 719 688 894
f 894 688 838
f 894 838 1100
f 1100 838 1049
f 1100 1049 1142
f 1142 1049 1095
f 1142 1095 1125
f 1125 1095 1082
f 1125 1082 1016
f 1016 1082 920
f 1016 920 833
f 833 920 751
f 833 751 646
f 646 751 616
f 646 616 534
f 534 616 525
f 534 525 464
f 464 525 452
f 464 452 376
f 376 452 364
f 376 364 323
f 323 364 307
f 323 307 251
f 251 307 227
f 251 227 188
f 188 227 164
f 188 164 144
f 144 164 106
f 144 106 75
f 75 106 66
f 422 488 411
f 411 488 513
f 411 513 423
f 423 513 485
f 423 485 413
f 413 485 510
f 413 510 424
f 424 510 487
f 424 487 412
f 412 487 489
f 412 489 421
f 421 489 501
f 421 501 408
f 408 501 492
f 408 492 407
f 407 492 512
f 407 512 417
f 417 512 498
f 417 498 418
f 418 498 508
f 418 508 420
f 420 508 499
f 420 499 422
f 422 499 488
f 492 505 512
f 512 505 504
f 512 504 498
f 504 496 498
f 498 496 491
f 498 491 508
f 491 497 508
f 508 497 506
f 508 506 499
f 499 506 486
f 499 486 488
f 501 493 492
f 492 493 507
f 492 507 505
f 486 500 488
f 488 500 502
f 488 502 513
f 513 502 490
f 513 490 485
f 485 490 495
f 485 495 510
f 510 495 503
f 510 503 487
f 487 503 511
f 487 511 489
f 489 511 494
f 489 494 501
f 501 494 509
f 501 509 493
f 412 426 424
f 424 426 414
f 424 414 413
f 413 414 427
f 413 427 423
f 427 415 423
f 423 415 425
f 423 425 411
f 411 425 405
f 411 405 422
f 422 405 409
f 422 409 420
f 407 416 408
f 408 416 419
f 408 419 421
f 421 419 410
f 421 410 412
f 412 410 432
f 412 432 426
f 409 431 420
f 420 431 430
f 420 430 418
f 418 430 429
f 418 429 417
f 417 429 428
f 417 428 407
f 407 428 406
f 407 406 416
f 752 1059 890
f 890 1059 1046
f 1081 1110 1145
f 1063 1040 1116
f 1116 1040 1101
f 1116 1101 1136
f 1136 1101 1161
f 1152 1140 1150
f 1150 1153 1152
f 1152 1153 1161
f 1152 1161 1145
f 1145 1161 1101
f 1145 1101 1081
f 1081 1101 1040
f 1081 1040 1028
f 1130 1123 1122
f 1110 1126 1145
f 1145 1126 1130
f 1145 1130 1152
f 1152 1130 1122
f 1152 1122 1140
f 778 496 788
f 788 496 504
f 788 504 789
f 789 504 505
f 737 743 681
f 1425 1257 1393
f 1393 1257 1214
f 544 540 638
f 579 565 663
f 1674 1708 1770
f 1770 1708 1782
f 1770 1782 1874
f 1410 1434 1432
f 1432 1434 1552
f 1325 1139 1209
f 1209 1139 1087
f 1031 1083 1000
f 1000 1083 1064
f 1000 1064 1003
f 1003 1064 1065
f 1003 1065 1027
f 1027 1065 1107
f 1027 1107 1087
f 1087 1107 1186
f 1087 1186 1209
f 1089 1232 1031
f 1031 1232 1162
f 1031 1162 1083
f 1310 1342 1175
f 1175 1342 1352
f 1175 1352 1232
f 1232 1352 1347
f 1232 1347 1344
f 1013 1216 1175
f 1175 1216 1239
f 1175 1239 1310
f 1206 1188 1233
f 1233 1188 1167
f 1233 1167 1316
f 1316 1167 1340
f 1316 1340 1348
f 890 1046 1167
f 1046 1157 1167
f 1167 1157 1265
f 1167 1265 1340
f 579 663 602
f 1046 1024 1157
f 1157 1024 1017
f 1157 1017 1048
f 1048 1017 999
f 1048 999 887
f 887 999 731
f 887 731 663
f 663 731 621
f 663 621 602
f 678 659 545
f 545 577 608
f 608 577 630
f 608 630 685
f 685 630 693
f 685 693 752
f 545 659 540
f 544 638 549
f 549 638 606
f 606 638 738
f 606 738 764
f 1011 1063 764
f 1011 1214 1063
f 1063 1214 1257
f 1063 1257 1040
f 1040 1257 1039
f 1040 1039 1028
f 1561 1480 1371
f 1686 1741 1807
f 1807 1741 1706
f 1807 1706 1946
f 1946 1706 1957
f 1946 1957 1976
f 743 737 1097
f 1097 737 866
f 1097 866 915
f 986 1067 1208
f 1208 1067 1133
f 1208 1133 1325
f 1325 1133 1149
f 1325 1149 1139
f 1089 1143 1232
f 1232 1143 1158
f 1232 1158 1175
f 1175 1158 1121
f 1175 1121 1013
f 1121 1033 1013
f 1013 1033 864
f 1013 864 705
f 705 864 735
f 705 735 678
f 2148 1976 2017
f 2017 1976 1957
f 2017 1957 1874
f 1874 1957 1706
f 1874 1706 1770
f 1770 1706 1432
f 1770 1432 1674
f 1674 1432 1552
f 915 986 1097
f 1097 986 1208
f 1097 1208 1377
f 890 1167 873
f 873 1167 1188
f 873 1188 1013
f 1013 1188 1206
f 1013 1206 1216
f 678 545 705
f 705 545 608
f 705 608 1013
f 1013 608 685
f 1013 685 873
f 873 685 752
f 873 752 890
f 1686 1665 1741
f 1741 1665 1519
f 1741 1519 1706
f 1706 1519 1377
f 1706 1377 1432
f 1432 1377 1208
f 1432 1208 1410
f 1410 1208 1325
f 764 738 1011
f 1011 738 1038
f 1011 1038 1214
f 1214 1038 1371
f 1214 1371 1393
f 1393 1371 1480
f 1393 1480 1425
f 659 660 540
f 540 660 681
f 540 681 638
f 638 681 743
f 638 743 738
f 738 743 1097
f 738 1097 1038
f 1038 1097 1377
f 1038 1377 1371
f 1371 1377 1519
f 1371 1519 1561
f 1561 1519 1665
f 491 702 497
f 497 702 682
f 497 682 506
f 506 682 650
f 1149 1133 1106
f 1139 1149 1119
f 1149 1106 1119
f 1119 1106 1055
f 1119 1055 1072
f 1072 1055 978
f 1072 978 990
f 990 978 855
f 990 855 872
f 1139 1119 1114
f 1114 1119 1072
f 1114 1072 1061
f 1061 1072 990
f 1061 990 982
f 982 990 872
f 982 872 859
f 804 855 978
f 857 750 804
f 750 857 702
f 804 978 857
f 857 978 1055
f 857 1055 973
f 973 1055 1106
f 973 1106 1034
f 1034 1106 1133
f 1034 1133 1067
f 702 857 757
f 757 857 973
f 757 973 856
f 856 973 1034
f 856 1034 919
f 919 1034 1067
f 919 1067 986
f 915 866 840
f 986 915 884
f 915 840 884
f 884 840 758
f 884 758 830
f 830 758 709
f 830 709 739
f 739 709 650
f 739 650 682
f 986 884 919
f 919 884 830
f 919 830 856
f 856 830 739
f 856 739 757
f 757 739 682
f 757 682 702
f 1058 1114 1061
f 889 831 729
f 557 588 643
f 555 596 548
f 548 596 580
f 548 580 551
f 551 580 594
f 832 697 706
f 706 697 649
f 706 649 636
f 636 649 586
f 636 586 594
f 594 586 556
f 594 556 551
f 923 786 832
f 832 786 733
f 832 733 697
f 983 879 1006
f 1006 879 882
f 1006 882 923
f 923 882 842
f 923 842 786
f 729 772 889
f 889 772 798
f 889 798 983
f 983 798 860
f 983 860 879
f 859 780 883
f 883 780 769
f 883 769 828
f 828 769 726
f 828 726 773
f 773 726 711
f 773 711 831
f 831 711 714
f 831 714 729
f 596 644 624
f 596 624 580
f 580 624 642
f 580 642 594
f 594 642 686
f 594 686 636
f 636 686 756
f 636 756 706
f 706 756 905
f 706 905 832
f 832 905 1037
f 832 1037 923
f 923 1037 1077
f 923 1077 1006
f 1006 1077 1060
f 1006 1060 983
f 983 1060 1007
f 983 1007 889
f 889 1007 910
f 889 910 831
f 831 910 881
f 831 881 773
f 773 881 906
f 773 906 828
f 828 906 997
f 828 997 883
f 883 997 982
f 883 982 859
f 737 681 669
f 669 681 651
f 669 651 644
f 644 651 624
f 624 651 664
f 624 664 642
f 642 664 717
f 642 717 686
f 686 717 837
f 686 837 756
f 756 837 994
f 756 994 905
f 905 994 1091
f 905 1091 1037
f 1037 1091 1127
f 1037 1127 1077
f 1077 1127 1113
f 1077 1113 1060
f 1060 1113 1062
f 1060 1062 1007
f 1007 1062 1004
f 1007 1004 910
f 910 1004 976
f 910 976 881
f 881 976 996
f 881 996 906
f 906 996 1058
f 906 1058 997
f 997 1058 1061
f 997 1061 982
f 866 720 840
f 840 720 689
f 840 689 758
f 758 689 643
f 758 643 709
f 709 643 588
f 709 588 650
f 866 737 720
f 720 737 669
f 720 669 689
f 689 669 644
f 689 644 643
f 643 644 596
f 643 596 557
f 557 596 555
f 681 660 651
f 651 660 659
f 651 659 664
f 664 659 678
f 664 678 717
f 717 678 735
f 717 735 837
f 837 735 864
f 837 864 994
f 994 864 1033
f 994 1033 1091
f 1091 1033 1121
f 1091 1121 1127
f 1127 1121 1158
f 1127 1158 1113
f 1113 1158 1143
f 1113 1143 1062
f 1062 1143 1089
f 1062 1089 1004
f 1004 1089 1031
f 1004 1031 976
f 1139 1114 1087
f 1087 1114 1058
f 1087 1058 1027
f 1027 1058 996
f 1027 996 1003
f 1003 996 976
f 1003 976 1000
f 1000 976 1031
f 769 507 726
f 726 507 493
f 726 493 711
f 711 493 509
f 711 509 714
f 714 509 729
f 729 509 772
f 772 509 494
f 772 494 798
f 649 697 495
f 495 697 733
f 495 733 503
f 733 786 503
f 503 786 787
f 503 787 511
f 511 787 803
f 511 803 494
f 494 803 784
f 494 784 798
f 649 495 586
f 586 495 490
f 586 490 556
f 556 490 502
f 556 502 551
f 588 557 500
f 500 557 555
f 500 555 502
f 502 555 548
f 502 548 551
f 500 486 588
f 588 486 506
f 588 506 650
f 769 780 507
f 507 780 802
f 507 802 505
f 505 802 789
f 702 491 750
f 750 491 496
f 750 496 804
f 804 496 778
f 4497 4503 4550
f 4438 4446 4503
f 4550 4542 4497
f 4497 4542 4529
f 4497 4529 4483
f 4483 4529 4512
f 4483 4512 4479
f 4503 4497 4438
f 4438 4497 4483
f 4438 4483 4443
f 4443 4483 4479
f 4443 4479 4442
f 3373 3027 3177
f 3177 3027 2886
f 2886 3027 2824
f 2886 2824 2772
f 2772 2824 1276
f 2772 1276 2748
f 1276 1524 2748
f 2748 1524 1837
f 2748 1837 2788
f 4104 4195 4315
f 4315 4195 4337
f 4315 4337 4562
f 4601 4456 4595
f 4595 4456 4434
f 4595 4434 4662
f 4662 4434 4435
f 4662 4435 4647
f 4647 4435 4433
f 4647 4433 4604
f 4433 4432 4604
f 4604 4432 4431
f 4604 4431 4429
f 3177 3374 3373
f 3373 3374 3558
f 3373 3558 3661
f 3661 3558 3740
f 3661 3740 3926
f 3926 3740 3939
f 3926 3939 4104
f 4104 3939 4049
f 4104 4049 4195
f 1837 2099 2788
f 2788 2099 2293
f 2788 2293 3233
f 3233 2293 2441
f 4337 4525 4562
f 4562 4525 4616
f 4562 4616 4679
f 4679 4616 4670
f 4679 4670 4692
f 4692 4670 4669
f 4692 4669 4672
f 4672 4669 4600
f 4672 4600 4601
f 4601 4600 4518
f 4601 4518 4456
f 4429 4427 4604
f 4604 4427 4425
f 4604 4425 4512
f 2441 2510 3233
f 3233 2510 2556
f 3233 2556 3226
f 4419 4420 4442
f 4425 4422 4512
f 4512 4422 4419
f 4512 4419 4479
f 4479 4419 4442
f 4676 4672 4620
f 4620 4672 4601
f 4620 4601 4617
f 4617 4601 4595
f 4617 4595 4644
f 4644 4595 4662
f 3233 3248 3247
f 3247 3248 3259
f 3247 3259 3258
f 3258 3259 3265
f 3258 3265 3272
f 3265 3276 3272
f 3272 3276 3281
f 3272 3281 3278
f 3370 3411 3414
f 3420 3421 3344
f 3344 3325 3324
f 3324 3325 3298
f 3324 3298 3300
f 3365 3370 3369
f 3369 3370 3414
f 3369 3414 3372
f 3372 3414 3419
f 3372 3419 3420
f 3298 3278 3289
f 3289 3278 3281
f 3289 3281 3302
f 3298 3289 3300
f 3300 3289 3302
f 3300 3302 3324
f 3324 3302 3320
f 3324 3320 3335
f 3420 3344 3372
f 3372 3344 3324
f 3372 3324 3369
f 3369 3324 3335
f 3369 3335 3365
f 4376 4378 4386
f 4376 4386 4385
f 4385 4386 4400
f 4385 4400 4401
f 4401 4400 4407
f 4401 4407 4412
f 4412 4407 4411
f 4412 4411 4434
f 4434 4411 4435
f 4434 4456 4412
f 4412 4456 4449
f 4412 4449 4401
f 4401 4449 4436
f 4401 4436 4385
f 4385 4436 4430
f 4385 4430 4376
f 4376 4430 4423
f 4456 4518 4449
f 4449 4518 4508
f 4449 4508 4436
f 4436 4508 4500
f 4436 4500 4430
f 4430 4500 4491
f 4430 4491 4423
f 4423 4491 4488
f 2783 2818 2817
f 2892 2909 2904
f 3244 3394 3390
f 3497 3575 3572
f 3757 3934 3935
f 3984 4043 4044
f 4413 4505 4509
f 4567 4583 4584
f 4638 4629 4631
f 4607 4572 4574
f 4195 4049 4193
f 4193 4049 4048
f 4193 4048 4187
f 4187 4048 4045
f 4187 4045 4186
f 4186 4045 4044
f 4518 4600 4508
f 4508 4600 4590
f 4508 4590 4500
f 4500 4590 4580
f 4500 4580 4491
f 4491 4580 4574
f 4491 4574 4488
f 4488 4574 4572
f 4600 4669 4590
f 4590 4669 4660
f 4590 4660 4580
f 4580 4660 4651
f 4580 4651 4574
f 4574 4651 4631
f 4574 4631 4607
f 4607 4631 4629
f 4632 4638 4635
f 4635 4638 4631
f 4635 4631 4655
f 4655 4631 4651
f 4655 4651 4665
f 4665 4651 4660
f 4665 4660 4670
f 4670 4660 4669
f 4670 4616 4665
f 4665 4616 4598
f 4665 4598 4655
f 4655 4598 4589
f 4655 4589 4635
f 4635 4589 4584
f 4635 4584 4632
f 4632 4584 4583
f 4616 4525 4598
f 4598 4525 4521
f 4598 4521 4589
f 4589 4521 4510
f 4589 4510 4584
f 4584 4510 4509
f 4584 4509 4567
f 4567 4509 4505
f 4317 4413 4320
f 4320 4413 4509
f 4320 4509 4325
f 4325 4509 4510
f 4325 4510 4331
f 4331 4510 4521
f 4331 4521 4337
f 4337 4521 4525
f 4337 4195 4331
f 4331 4195 4193
f 4331 4193 4325
f 4325 4193 4187
f 4325 4187 4320
f 4320 4187 4186
f 4320 4186 4317
f 4317 4186 4185
f 4044 4043 4186
f 4186 4043 4178
f 4186 4178 4185
f 3934 3984 3935
f 3935 3984 4044
f 3935 4044 3937
f 3937 4044 4045
f 3937 4045 3938
f 3938 4045 4048
f 3938 4048 3939
f 3939 4048 4049
f 3748 3757 3747
f 3747 3757 3935
f 3747 3935 3746
f 3746 3935 3937
f 3746 3937 3743
f 3743 3937 3938
f 3743 3938 3740
f 3740 3938 3939
f 3740 3558 3743
f 3743 3558 3564
f 3743 3564 3746
f 3746 3564 3567
f 3746 3567 3747
f 3747 3567 3572
f 3747 3572 3748
f 3748 3572 3575
f 3558 3374 3564
f 3564 3374 3383
f 3564 3383 3567
f 3567 3383 3386
f 3567 3386 3572
f 3572 3386 3390
f 3572 3390 3497
f 3497 3390 3394
f 3207 3244 3206
f 3206 3244 3390
f 3206 3390 3194
f 3194 3390 3386
f 3194 3386 3187
f 3187 3386 3383
f 3187 3383 3177
f 3177 3383 3374
f 3177 2886 3187
f 3187 2886 2893
f 3187 2893 3194
f 3194 2893 2900
f 3194 2900 3206
f 3206 2900 2904
f 3206 2904 3207
f 3207 2904 2909
f 2886 2772 2893
f 2893 2772 2786
f 2893 2786 2900
f 2900 2786 2799
f 2900 2799 2904
f 2904 2799 2817
f 2904 2817 2892
f 2892 2817 2818
f 2779 2783 2773
f 2773 2783 2817
f 2773 2817 2769
f 2769 2817 2799
f 2769 2799 2759
f 2759 2799 2786
f 2759 2786 2748
f 2748 2786 2772
f 2748 2788 2759
f 2759 2788 2807
f 2759 2807 2769
f 2769 2807 2822
f 2769 2822 2773
f 2773 2822 2830
f 2773 2830 2779
f 2779 2830 2834
f 3278 2834 2830
f 3278 2830 3272
f 3272 2830 2822
f 3272 2822 3258
f 3258 2822 2807
f 3258 2807 3247
f 3247 2807 2788
f 3247 2788 3233
f 3563 3540 3496
f 3496 3540 3536
f 3496 3536 3543
f 3496 3516 3563
f 3563 3516 3522
f 3563 3522 3576
f 3576 3522 3555
f 3776 3795 3738
f 3738 3795 3727
f 3738 3727 3716
f 3716 3727 3714
f 3716 3714 3681
f 3681 3714 3702
f 3681 3702 3647
f 3647 3702 3649
f 3647 3649 3605
f 3605 3649 3630
f 3605 3630 3580
f 3580 3630 3620
f 3580 3620 3555
f 3555 3620 3597
f 3555 3597 3576
f 3967 3924 3915
f 3915 3924 3902
f 3915 3902 3879
f 3879 3902 3881
f 3879 3881 3776
f 3776 3881 3814
f 3776 3814 3795
f 3915 3962 3967
f 3967 3962 3978
f 3967 3978 3987
f 3987 3978 3983
f 3987 3983 4021
f 4021 3983 4039
f 4021 4039 4040
f 4040 4039 4058
f 4040 4058 4053
f 4058 4064 4053
f 4053 4064 4078
f 4053 4078 4087
f 4087 4078 4103
f 4087 4103 4125
f 4173 4144 4168
f 4168 4144 4137
f 4168 4137 4158
f 4158 4137 4129
f 4158 4129 4147
f 4147 4129 4118
f 4147 4118 4125
f 4125 4118 4095
f 4125 4095 4087
f 3233 3226 3250
f 3280 3281 3276
f 3280 3276 3266
f 3276 3265 3266
f 3266 3265 3259
f 3266 3259 3250
f 3250 3259 3248
f 3250 3248 3233
f 3365 3335 3332
f 3281 3280 3302
f 3302 3280 3307
f 3332 3335 3307
f 3307 3335 3320
f 3307 3320 3302
f 3366 3426 3411
f 3366 3411 3332
f 3332 3411 3370
f 3332 3370 3365
f 3553 3552 3569
f 3569 3552 3612
f 3569 3612 3670
f 3505 3552 3553
f 3443 3465 3469
f 3411 3426 3414
f 3414 3426 3429
f 3477 3493 3505
f 3505 3493 3501
f 3505 3501 3552
f 3506 3472 3473
f 3465 3466 3469
f 3469 3466 3477
f 3469 3477 3473
f 3473 3477 3505
f 3473 3505 3506
f 3506 3505 3553
f 3429 3443 3414
f 3414 3443 3469
f 3414 3469 3419
f 3419 3469 3473
f 3419 3473 3420
f 3420 3473 3472
f 3420 3472 3421
f 2833 2834 3278
f 3278 3298 2833
f 2833 3298 3325
f 2833 3325 3422
f 3422 3325 3344
f 3422 3344 3421
f 2834 2833 2779
f 2779 2833 2782
f 2779 2782 2783
f 2783 2782 2818
f 2818 2782 2891
f 2818 2891 2892
f 2892 2891 2909
f 2909 2891 3243
f 2909 3243 3207
f 3498 3394 3243
f 3243 3394 3244
f 3243 3244 3207
f 3757 3748 3756
f 3756 3748 3575
f 3756 3575 3498
f 3498 3575 3497
f 3498 3497 3394
f 3757 3756 3934
f 3934 3756 3985
f 3934 3985 3984
f 3984 3985 4043
f 4043 3985 4177
f 4043 4177 4178
f 4414 4317 4177
f 4177 4317 4185
f 4177 4185 4178
f 4566 4505 4414
f 4414 4505 4413
f 4414 4413 4317
f 4638 4632 4637
f 4637 4632 4583
f 4637 4583 4566
f 4566 4583 4567
f 4566 4567 4505
f 4638 4637 4629
f 4629 4637 4606
f 4629 4606 4607
f 4607 4606 4572
f 4572 4606 4487
f 4572 4487 4488
f 4054 4014 4018
f 3542 3543 3536
f 3550 3542 3539
f 3550 3539 3587
f 3587 3539 3601
f 3587 3601 3604
f 3718 3695 3601
f 3601 3695 3631
f 3601 3631 3604
f 3905 3913 3862
f 3832 3750 3751
f 3862 3832 3905
f 3905 3832 3751
f 3905 3751 3718
f 3718 3751 3723
f 3718 3723 3695
f 4018 4014 3905
f 3905 4014 4005
f 3905 4005 3986
f 3986 3950 3905
f 3905 3950 3936
f 3905 3936 3913
f 4143 4139 4100
f 4100 4139 4122
f 4122 4105 4100
f 4100 4105 4096
f 4100 4096 4018
f 4018 4096 4065
f 4018 4065 4054
f 4118 4129 4098
f 4098 4129 4137
f 4098 4137 4143
f 4143 4137 4144
f 4143 4144 4139
f 4040 4053 4019
f 4019 4053 4087
f 4019 4087 4098
f 4098 4087 4095
f 4098 4095 4118
f 3924 3967 3911
f 3911 3967 3987
f 3911 3987 4019
f 4019 3987 4021
f 4019 4021 4040
f 3727 3795 3717
f 3795 3814 3717
f 3717 3814 3881
f 3717 3881 3911
f 3911 3881 3902
f 3911 3902 3924
f 3576 3597 3599
f 3599 3597 3620
f 3599 3620 3630
f 3630 3649 3599
f 3599 3649 3702
f 3599 3702 3717
f 3717 3702 3714
f 3717 3714 3727
f 3542 3536 3539
f 3539 3536 3540
f 3539 3540 3599
f 3599 3540 3563
f 3599 3563 3576
f 4368 4344 4347
f 4347 4349 4368
f 4368 4349 4352
f 4368 4352 4353
f 4353 4362 4368
f 4368 4362 4371
f 4368 4371 4391
f 4345 4346 4309
f 4142 4194 4166
f 4344 4308 4347
f 4347 4308 4310
f 4347 4310 4336
f 4336 4310 4322
f 4274 4290 4308
f 4308 4290 4293
f 4308 4293 4310
f 4310 4293 4313
f 4310 4313 4322
f 4166 4194 4222
f 4194 4213 4222
f 4222 4213 4266
f 4222 4266 4267
f 4267 4266 4289
f 4194 4209 4213
f 4213 4209 4253
f 4213 4253 4266
f 4266 4253 4265
f 4266 4265 4289
f 4289 4265 4309
f 4289 4309 4316
f 4316 4309 4346
f 4344 4345 4308
f 4308 4345 4309
f 4308 4309 4274
f 4274 4309 4265
f 4274 4265 4264
f 4264 4265 4253
f 4336 4322 4359
f 4336 4359 4347
f 4358 4355 4353
f 4351 4360 4358
f 4359 4360 4347
f 4347 4360 4351
f 4347 4351 4349
f 4358 4353 4351
f 4351 4353 4352
f 4351 4352 4349
f 4359 4383 4360
f 4360 4383 4384
f 4405 4420 4419
f 4419 4409 4405
f 4405 4409 4406
f 4405 4406 4383
f 4383 4406 4395
f 4383 4395 4384
f 4672 4676 4702
f 4672 4702 4692
f 4692 4702 4687
f 4692 4687 4679
f 4679 4687 4569
f 4679 4569 4562
f 4562 4569 4329
f 4562 4329 4315
f 4315 4329 4110
f 4315 4110 4104
f 4104 4110 3927
f 4104 3927 3926
f 3926 3927 3656
f 3926 3656 3661
f 3661 3656 3362
f 3661 3362 3373
f 3373 3362 2992
f 3373 2992 3027
f 3027 2992 2803
f 3027 2803 2824
f 4668 4657 4466
f 3790 3776 3655
f 3655 3776 3738
f 3655 3738 3500
f 3500 3738 3716
f 3500 3716 3379
f 3379 3716 3681
f 3379 3681 3647
f 3647 3605 3379
f 3379 3605 3580
f 3379 3580 3555
f 3555 3522 3379
f 3379 3522 3516
f 3379 3516 3496
f 4058 4039 4075
f 4039 3983 4075
f 4075 3983 3978
f 4075 3978 3998
f 3998 3978 3962
f 3998 3962 3928
f 3928 3962 3915
f 3928 3915 3790
f 3790 3915 3879
f 3790 3879 3776
f 4259 4117 4466
f 4466 4117 4134
f 4134 4161 4466
f 4466 4161 4167
f 4466 4167 4173
f 4147 4465 4158
f 4158 4465 4168
f 4111 4078 4075
f 4075 4078 4064
f 4075 4064 4058
f 4147 4125 4465
f 4465 4125 4103
f 4465 4103 4330
f 4330 4103 4078
f 4330 4078 4215
f 4215 4078 4111
f 3991 3966 3992
f 4046 4063 4259
f 4259 4063 4074
f 4259 4074 4117
f 3991 3992 4259
f 4259 3992 4038
f 4259 4038 4046
f 4570 4466 4465
f 4465 4466 4173
f 4465 4173 4168
f 4570 4659 4466
f 4466 4659 4686
f 4466 4686 4703
f 4703 4701 4466
f 4466 4701 4675
f 4466 4675 4668
f 3496 3321 3379
f 3379 3321 3015
f 3379 3015 3361
f 2813 2993 3015
f 3015 2993 3212
f 3015 3212 3361
f 2824 2803 1276
f 1276 2803 1246
f 1237 1269 1246
f 1246 1269 1276
f 1269 1237 1185
f 1111 1187 1185
f 1185 1187 1221
f 1185 1221 1269
f 1120 1155 1111
f 1111 1155 1173
f 1111 1173 1187
f 1111 1044 1120
f 1120 1044 1021
f 1120 1021 1104
f 1104 1526 1528
f 1276 1269 1524
f 1524 1269 1531
f 1525 1155 1528
f 1528 1155 1120
f 1528 1120 1104
f 1269 1221 1531
f 1531 1221 1187
f 1531 1187 1525
f 1525 1187 1173
f 1525 1173 1155
f 1525 1528 1778
f 1524 1531 1837
f 1837 1531 1803
f 1837 1803 2099
f 2099 1803 2046
f 2099 2046 2293
f 2293 2046 2228
f 2293 2228 2441
f 2441 2228 2399
f 1531 1525 1803
f 1803 1525 1778
f 1803 1778 2046
f 2046 1778 2006
f 2046 2006 2228
f 2228 2006 2190
f 2228 2190 2399
f 2399 2190 2337
f 1528 1526 1778
f 1778 1526 1772
f 1778 1772 2006
f 2006 1772 1987
f 2006 1987 2190
f 2190 1987 2174
f 2190 2174 2337
f 2337 2174 2307
f 2510 2441 2399
f 2556 2510 2560
f 2560 2510 2482
f 2560 2482 2557
f 2557 2482 2564
f 2564 2482 2440
f 2564 2440 2558
f 2558 2440 2555
f 2555 2440 2430
f 2555 2430 2561
f 2510 2399 2482
f 2482 2399 2337
f 2482 2337 2440
f 2440 2337 2307
f 2440 2307 2430
f 3226 2556 3230
f 3230 2556 2560
f 3230 2560 3228
f 3228 2560 2557
f 3228 2557 3229
f 3229 2557 2564
f 3229 2564 3231
f 3231 2564 2558
f 3231 2558 3227
f 3227 2558 2555
f 3227 2555 3232
f 3232 2555 2561
f 3230 3228 3261
f 3393 3415 3346
f 3295 3297 3326
f 3326 3297 3323
f 3326 3323 3393
f 3228 3229 3297
f 3297 3229 3231
f 3297 3231 3323
f 3323 3231 3227
f 3323 3227 3232
f 3266 3250 3261
f 3261 3250 3226
f 3261 3226 3230
f 3393 3346 3326
f 3326 3346 3318
f 3326 3318 3295
f 3295 3318 3301
f 3295 3301 3291
f 3228 3297 3261
f 3261 3297 3295
f 3261 3295 3266
f 3266 3295 3291
f 3266 3291 3280
f 3332 3307 3314
f 3423 3457 3481
f 3346 3415 3427
f 3427 3396 3346
f 3346 3396 3341
f 3346 3341 3318
f 3318 3341 3301
f 3301 3341 3314
f 3301 3314 3291
f 3291 3314 3307
f 3291 3307 3280
f 3430 3426 3366
f 3481 3464 3423
f 3423 3464 3444
f 3423 3444 3398
f 3398 3444 3430
f 3398 3430 3371
f 3371 3430 3366
f 3371 3366 3332
f 3332 3314 3371
f 3371 3314 3341
f 3371 3341 3398
f 3398 3341 3396
f 3398 3396 3423
f 3423 3396 3427
f 3423 3427 3457
f 3429 3426 3430
f 3481 3544 3464
f 3464 3544 3524
f 3480 3466 3455
f 3455 3466 3465
f 3455 3465 3443
f 3517 3568 3552
f 3455 3474 3480
f 3480 3474 3490
f 3480 3490 3517
f 3517 3490 3529
f 3517 3529 3568
f 3429 3430 3443
f 3552 3501 3517
f 3517 3501 3493
f 3517 3493 3480
f 3480 3493 3477
f 3480 3477 3466
f 3544 3606 3524
f 3524 3606 3595
f 3524 3595 3578
f 3443 3430 3455
f 3455 3430 3444
f 3455 3444 3474
f 3474 3444 3464
f 3474 3464 3490
f 3490 3464 3524
f 3490 3524 3529
f 3529 3524 3578
f 3529 3578 3568
f 3552 3568 3612
f 3612 3568 3626
f 3612 3626 3670
f 3641 3670 3626
f 3606 3641 3595
f 3595 3641 3626
f 3595 3626 3578
f 3578 3626 3568
f 3670 3671 3569
f 3569 3671 3570
f 3569 3570 3553
f 3553 3570 3506
f 3506 3570 3471
f 3506 3471 3472
f 3472 3471 3422
f 3472 3422 3421
f 4370 4379 4374
f 4206 4140 4141
f 4206 4141 4142
f 4206 4142 4166
f 4374 4348 4350
f 4350 4357 4374
f 4374 4357 4369
f 4374 4369 4370
f 4267 4289 4335
f 4335 4289 4316
f 4335 4316 4374
f 4374 4316 4346
f 4374 4346 4348
f 4166 4222 4206
f 4206 4222 4267
f 4206 4267 4275
f 4275 4267 4335
f 4201 4245 4209
f 4209 4245 4250
f 4209 4250 4253
f 4253 4250 4264
f 4282 4277 4304
f 4322 4313 4319
f 4319 4313 4282
f 4319 4282 4307
f 4307 4282 4304
f 4223 4255 4277
f 4251 4276 4255
f 4255 4276 4286
f 4255 4286 4277
f 4277 4286 4295
f 4277 4295 4304
f 4189 4205 4233
f 4194 4142 4191
f 4233 4207 4189
f 4189 4207 4191
f 4189 4191 4142
f 4313 4293 4282
f 4282 4293 4290
f 4282 4290 4274
f 4274 4264 4282
f 4282 4264 4250
f 4282 4250 4277
f 4277 4250 4245
f 4277 4245 4223
f 4223 4245 4201
f 4209 4194 4201
f 4201 4194 4191
f 4201 4191 4223
f 4223 4191 4207
f 4223 4207 4255
f 4255 4207 4233
f 4255 4233 4251
f 4251 4233 4205
f 4251 4205 4224
f 4359 4322 4319
f 4359 4319 4338
f 4319 4307 4338
f 4338 4307 4304
f 4338 4304 4300
f 4300 4304 4295
f 4300 4295 4286
f 4286 4276 4300
f 4300 4276 4251
f 4300 4251 4268
f 4268 4251 4224
f 4268 4224 4234
f 4343 4421 4418
f 4417 4421 4356
f 4356 4421 4343
f 4356 4343 4314
f 4314 4343 4285
f 4314 4285 4254
f 4321 4300 4268
f 4338 4300 4342
f 4342 4300 4321
f 4342 4321 4397
f 4418 4397 4343
f 4343 4397 4321
f 4343 4321 4285
f 4285 4321 4268
f 4285 4268 4254
f 4254 4268 4234
f 4254 4234 4252
f 4418 4420 4397
f 4397 4420 4405
f 4397 4405 4342
f 4342 4405 4383
f 4342 4383 4338
f 4338 4383 4359
f 4421 4417 4446
f 4446 4438 4421
f 4421 4438 4443
f 4421 4443 4418
f 4418 4443 4442
f 4418 4442 4420
f 2992 2812 2803
f 2803 2812 2805
f 2803 2805 2802
f 2813 2812 2993
f 2993 2812 2992
f 2993 2992 3212
f 3212 2992 3362
f 3212 3362 3361
f 3656 3500 3362
f 3362 3500 3379
f 3362 3379 3361
f 3927 3790 3656
f 3656 3790 3655
f 3656 3655 3500
f 4075 3998 3927
f 3927 3998 3928
f 3927 3928 3790
f 4075 3927 4111
f 4111 3927 4110
f 4111 4110 4215
f 4215 4110 4329
f 4215 4329 4330
f 4569 4570 4329
f 4329 4570 4465
f 4329 4465 4330
f 4701 4703 4687
f 4687 4703 4686
f 4687 4686 4569
f 4569 4686 4659
f 4569 4659 4570
f 4687 4702 4701
f 4701 4702 4676
f 4701 4676 4675
f 2341 2342 2201
f 2201 2342 2245
f 2201 2245 2202
f 2381 2483 2550
f 2341 2201 2423
f 2423 2201 2243
f 2423 2243 2507
f 2507 2243 2381
f 2507 2381 2578
f 2578 2381 2631
f 2631 2381 2550
f 2631 2550 2627
f 2484 2423 2507
f 2245 2342 2344
f 2484 2507 2530
f 2530 2507 2578
f 2530 2578 2641
f 2641 2578 2631
f 2641 2631 2678
f 2678 2631 2627
f 2678 2627 2672
f 2672 2627 2550
f 2672 2550 2597
f 2597 2550 2483
f 2597 2483 2492
f 2492 2483 2381
f 2492 2381 2366
f 2366 2381 2243
f 2366 2243 2194
f 2194 2243 2201
f 2194 2201 2105
f 2105 2201 2202
f 2105 2202 2107
f 2107 2202 2245
f 2107 2245 2197
f 2197 2245 2344
f 2197 2344 2346
f 827 808 824
f 2621 2722 2745
f 2745 2722 2864
f 2745 2864 2898
f 2898 2864 3046
f 2898 3046 3155
f 3155 3046 3198
f 3155 3198 3253
f 3253 3198 3242
f 3253 3242 3316
f 3316 3242 3269
f 3316 3269 3328
f 3328 3269 3241
f 3328 3241 3317
f 3317 3241 3199
f 3317 3199 3252
f 3252 3199 3045
f 3252 3045 3154
f 3154 3045 2862
f 3154 2862 2897
f 2897 2862 2721
f 2897 2721 2746
f 2746 2721 2598
f 2746 2598 2611
f 2611 2598 2478
f 2611 2478 2447
f 2447 2478 2329
f 2447 2329 2270
f 2270 2329 2186
f 2270 2186 2123
f 2123 2186 2063
f 2123 2063 1965
f 1965 2063 1974
f 1965 1974 1861
f 1861 1974 1950
f 1861 1950 1827
f 1827 1950 1975
f 1827 1975 1862
f 1862 1975 2062
f 1862 2062 1964
f 1964 2062 2185
f 1964 2185 2124
f 2124 2185 2330
f 2124 2330 2273
f 2273 2330 2479
f 2273 2479 2448
f 2448 2479 2612
f 2448 2612 2621
f 2621 2612 2722
f 2416 2117 2391
f 2391 2117 2005
f 2391 2005 2419
f 2419 2005 2116
f 2419 2116 2501
f 2501 2116 2373
f 2501 2373 2602
f 2602 2373 2601
f 2602 2601 2704
f 2704 2601 2843
f 2704 2843 2775
f 2775 2843 3167
f 2775 3167 2820
f 2820 3167 3225
f 2820 3225 2776
f 2776 3225 3166
f 2776 3166 2702
f 2702 3166 2842
f 2702 2842 2599
f 2599 2842 2600
f 2599 2600 2504
f 2504 2600 2372
f 2504 2372 2416
f 2416 2372 2117
f 2608 2863 2722
f 3196 3046 2863
f 2863 3046 2864
f 2863 2864 2722
f 3270 3242 3196
f 3196 3242 3198
f 3196 3198 3046
f 3197 3241 3270
f 3270 3241 3269
f 3270 3269 3242
f 2861 3045 3197
f 3197 3045 3199
f 3197 3199 3241
f 2620 2721 2861
f 2861 2721 2862
f 2861 2862 3045
f 2332 2478 2620
f 2620 2478 2598
f 2620 2598 2721
f 2061 2186 2332
f 2332 2186 2329
f 2332 2329 2478
f 1949 1974 2061
f 2061 1974 2063
f 2061 2063 2186
f 2064 1975 1949
f 1949 1975 1950
f 1949 1950 1974
f 2331 2185 2064
f 2064 2185 2062
f 2064 2062 1975
f 2722 2612 2608
f 2608 2612 2479
f 2608 2479 2331
f 2331 2479 2330
f 2331 2330 2185
f 2608 2842 2863
f 2863 2842 3166
f 2863 3166 3196
f 3196 3166 3225
f 3196 3225 3270
f 3270 3225 3167
f 3270 3167 3197
f 3197 3167 2843
f 3197 2843 2861
f 2861 2843 2601
f 2861 2601 2620
f 2620 2601 2373
f 2620 2373 2332
f 2332 2373 2116
f 2332 2116 2061
f 2061 2116 2005
f 2061 2005 1949
f 1949 2005 2117
f 1949 2117 2064
f 2064 2117 2372
f 2064 2372 2331
f 2331 2372 2600
f 2331 2600 2608
f 2608 2600 2842
f 2599 2610 2702
f 2702 2610 2703
f 2702 2703 2776
f 2776 2703 2778
f 2776 2778 2820
f 2820 2778 2821
f 2820 2821 2775
f 2775 2821 2777
f 2775 2777 2704
f 2704 2777 2705
f 2704 2705 2602
f 2602 2705 2606
f 2602 2606 2501
f 2501 2606 2503
f 2501 2503 2419
f 2419 2503 2417
f 2419 2417 2391
f 2391 2417 2392
f 2391 2392 2416
f 2416 2392 2418
f 2416 2418 2504
f 2504 2418 2502
f 2504 2502 2599
f 2599 2502 2610
f 2605 2502 2418
f 2610 2502 2605
f 2605 2417 2503
f 2392 2417 2605
f 2418 2392 2605
f 2605 2705 2777
f 2606 2705 2605
f 2503 2606 2605
f 2605 2778 2703
f 2821 2778 2605
f 2777 2821 2605
f 2703 2610 2605
f 803 787 799
f 799 787 786
f 799 786 810
f 810 786 777
f 810 777 797
f 797 777 776
f 797 776 775
f 775 776 783
f 775 783 793
f 799 785 803
f 803 785 813
f 803 813 784
f 784 813 809
f 784 809 798
f 798 809 795
f 809 796 795
f 795 796 794
f 795 794 782
f 782 794 812
f 782 812 780
f 780 812 806
f 780 806 802
f 791 779 811
f 811 779 774
f 811 774 801
f 801 774 804
f 801 804 805
f 804 778 805
f 805 778 788
f 805 788 806
f 806 788 789
f 806 789 802
f 793 783 807
f 807 783 792
f 807 792 781
f 781 792 790
f 781 790 791
f 791 790 800
f 791 800 779
f 935 807 781
f 935 781 944
f 944 781 791
f 944 791 954
f 961 960 811
f 811 960 963
f 811 963 791
f 791 963 959
f 791 959 954
f 961 811 966
f 966 811 801
f 966 801 958
f 958 801 930
f 930 801 805
f 930 805 932
f 932 805 965
f 965 805 806
f 965 806 964
f 931 962 812
f 812 962 950
f 812 950 806
f 806 950 955
f 806 955 964
f 931 812 929
f 929 812 794
f 929 794 927
f 796 937 794
f 794 937 928
f 794 928 927
f 4596 4604 4512
f 4542 4550 4560
f 4596 4512 4588
f 4560 4577 4542
f 4542 4577 4588
f 4542 4588 4529
f 4529 4588 4512
f 4417 4356 4446
f 4446 4356 4314
f 3736 3782 4252
f 4252 3782 3827
f 4252 3827 4254
f 4254 3827 3861
f 4503 4493 4550
f 4550 4493 4553
f 4550 4553 4560
f 3812 3778 4493
f 4493 3778 3454
f 4493 3454 3449
f 4314 4254 4446
f 4446 4254 3861
f 4446 3861 4503
f 4503 3861 3864
f 4503 3864 4493
f 4493 3864 3836
f 4493 3836 3812
f 2707 2709 2796
f 2796 2709 2732
f 2883 2884 2815
f 2815 2884 2796
f 2815 2796 2798
f 2798 2796 2732
f 2798 2732 2755
f 4148 4157 2902
f 4148 2902 4132
f 2883 2815 4080
f 2902 2894 4132
f 4132 2894 2883
f 4132 2883 4107
f 4107 2883 4080
f 3311 2902 4157
f 4390 4457 3392
f 3311 4157 3392
f 3392 4157 4262
f 3392 4262 4390
f 4588 4577 4554
f 4588 4554 4596
f 4596 4554 4609
f 4596 4609 4604
f 4604 4609 4647
f 4647 4609 4649
f 4647 4649 4662
f 4649 4664 4662
f 4662 4664 4658
f 4662 4658 4644
f 4644 4658 4654
f 4644 4654 4643
f 4489 4486 4481
f 4481 4474 4489
f 4489 4474 4457
f 4489 4457 4389
f 4486 4489 4493
f 4493 4489 4554
f 4493 4554 4553
f 4553 4554 4577
f 4553 4577 4560
f 4457 4390 4389
f 4389 4390 4262
f 4389 4262 4238
f 4132 4133 4148
f 4148 4133 4238
f 4148 4238 4157
f 4157 4238 4262
f 4486 4493 3449
f 3400 3392 4457
f 3400 4457 3407
f 3407 4457 3418
f 3418 4457 4474
f 3418 4474 3449
f 3449 4474 4481
f 3449 4481 4486
f 3533 3535 3534
f 3534 3535 3532
f 3675 3674 3622
f 3675 3622 3623
f 3623 3622 3581
f 3623 3581 3582
f 3582 3581 3545
f 3582 3545 3546
f 3546 3545 3534
f 3546 3534 3532
f 4391 4371 4396
f 4396 4371 4384
f 4396 4384 4395
f 4353 4355 4362
f 4362 4355 4371
f 4371 4355 4384
f 4384 4355 4358
f 4384 4358 4360
f 4396 4395 4406
f 4409 4419 4422
f 4429 4416 4427
f 4427 4416 4408
f 4427 4408 4425
f 4391 4396 4399
f 4399 4396 4406
f 4399 4406 4408
f 4408 4406 4409
f 4408 4409 4422
f 4408 4422 4425
f 4429 4431 4411
f 4431 4432 4411
f 4411 4432 4433
f 4411 4433 4435
f 4407 4400 4398
f 4411 4408 4416
f 4411 4416 4429
f 4408 4411 4407
f 4408 4407 4399
f 4399 4407 4398
f 4399 4398 4391
f 4380 4382 4386
f 4400 4386 4398
f 4398 4386 4382
f 4398 4382 4391
f 4378 4372 4386
f 4386 4372 4379
f 4386 4379 4380
f 4380 4379 4370
f 4380 4370 4369
f 4380 4369 4357
f 4363 4382 4380
f 4380 4357 4363
f 4363 4357 4350
f 4363 4350 4345
f 4345 4350 4348
f 4345 4348 4346
f 4345 4344 4363
f 4363 4344 4368
f 4363 4368 4382
f 4382 4368 4391
f 2644 2531 2530
f 2348 2217 2346
f 2346 2217 2197
f 2530 2641 2644
f 2644 2641 2678
f 2644 2678 2680
f 2680 2678 2672
f 2680 2672 2671
f 2671 2672 2597
f 2671 2597 2594
f 2594 2597 2492
f 2594 2492 2486
f 2486 2492 2366
f 2486 2366 2335
f 2335 2366 2194
f 2105 2181 2194
f 2194 2181 2195
f 2194 2195 2335
f 2107 2100 2105
f 2105 2100 2106
f 2105 2106 2181
f 2217 2198 2197
f 2197 2198 2115
f 2197 2115 2107
f 2107 2115 2108
f 2107 2108 2100
f 1893 1895 3010
f 3010 1895 1971
f 3010 1971 2153
f 2844 3013 2591
f 2591 3013 3010
f 2591 3010 2384
f 2384 3010 2153
f 3010 3007 1893
f 1893 3007 1791
f 1791 3007 1677
f 1677 3007 3001
f 1677 3001 1623
f 1623 3001 1586
f 1586 3001 2991
f 1586 2991 1574
f 1574 2991 2989
f 1574 2989 1563
f 1563 2989 2980
f 1563 2980 1559
f 1559 2980 1560
f 1560 2980 2977
f 1560 2977 1565
f 1202 1023 1020
f 1020 1023 835
f 835 1023 841
f 835 841 808
f 808 841 825
f 808 825 824
f 1512 1373 1372
f 1386 1374 1373
f 1489 1620 1631
f 1386 1373 1421
f 1630 1592 1632
f 1632 1592 1491
f 1632 1491 1631
f 1631 1491 1512
f 1631 1512 1489
f 1489 1512 1372
f 1373 1512 1421
f 1421 1512 1491
f 1421 1491 1467
f 1467 1491 1592
f 1467 1592 1543
f 1543 1592 1630
f 1543 1630 1589
f 1589 1630 1626
f 1589 1626 1615
f 1374 859 1373
f 1373 859 872
f 1373 872 1372
f 1372 872 855
f 4242 3533 3534
f 3534 3545 3581
f 4241 4242 3674
f 3674 4242 3534
f 3674 3534 3622
f 3622 3534 3581
f 4334 4375 4377
f 4303 4334 4284
f 4284 4334 4377
f 4284 4377 4333
f 4333 4377 4393
f 3674 3675 4241
f 4241 3675 4236
f 4241 4236 4284
f 4284 4236 4281
f 4284 4281 4303
f 4235 4236 3535
f 3535 4236 3675
f 3535 3675 3532
f 3623 3582 3675
f 3675 3582 3546
f 3675 3546 3532
f 4377 4376 4393
f 4393 4376 4423
f 4393 4423 4392
f 4392 4423 4424
f 4424 4423 4488
f 4424 4488 4487
f 3533 2833 3535
f 3535 2833 3422
f 3535 3422 3471
f 3471 3570 3535
f 3535 3570 3671
f 3535 3671 4235
f 4235 3671 4140
f 4235 4140 4374
f 4206 4275 4140
f 4140 4275 4335
f 4140 4335 4374
f 4098 4143 4637
f 4302 4272 4341
f 4341 4272 4235
f 4341 4235 4373
f 4373 4235 4374
f 3717 3243 3599
f 3599 3243 2891
f 3599 2891 3539
f 3539 2891 2782
f 3539 2782 3601
f 3601 2782 2833
f 3601 2833 3718
f 3718 2833 3533
f 3718 3533 3905
f 4019 3985 3911
f 3911 3985 3756
f 3911 3756 3717
f 3717 3756 3498
f 3717 3498 3243
f 4637 4143 4606
f 4606 4143 4100
f 4606 4100 4487
f 4637 4566 4098
f 4098 4566 4414
f 4098 4414 4019
f 4019 4414 4177
f 4019 4177 3985
f 3905 3533 4018
f 4018 3533 4242
f 4018 4242 4283
f 4487 4100 4424
f 4424 4100 4018
f 4424 4018 4392
f 4392 4018 4283
f 4392 4283 4332
f 4242 4241 4283
f 4283 4241 4284
f 4283 4284 4332
f 4332 4284 4333
f 4332 4333 4392
f 4392 4333 4393
f 4376 4377 4378
f 4378 4377 4375
f 4375 4373 4378
f 4378 4373 4374
f 4378 4374 4372
f 4372 4374 4379
f 4373 4375 4334
f 4373 4334 4341
f 4341 4334 4303
f 4341 4303 4302
f 4302 4303 4281
f 4302 4281 4272
f 4272 4281 4236
f 4272 4236 4235
f 3316 3334 3253
f 3253 3334 3287
f 3253 3287 3155
f 3155 3287 3180
f 3155 3180 2898
f 2898 3180 2908
f 2898 2908 2745
f 2745 2908 2750
f 2745 2750 2621
f 2621 2750 2618
f 2621 2618 2448
f 2448 2618 2435
f 2448 2435 2273
f 2273 2435 2252
f 2273 2252 2124
f 2124 2252 2093
f 2124 2093 1964
f 1964 2093 1923
f 1964 1923 1862
f 1862 1923 1819
f 1862 1819 1827
f 1827 1819 1774
f 1827 1774 1861
f 1861 1774 1820
f 1861 1820 1965
f 1965 1820 1924
f 1965 1924 2123
f 2123 1924 2094
f 2123 2094 2270
f 2270 2094 2251
f 2270 2251 2447
f 2447 2251 2436
f 2447 2436 2611
f 2611 2436 2619
f 2611 2619 2746
f 2746 2619 2749
f 2746 2749 2897
f 2897 2749 2907
f 2897 2907 3154
f 3154 2907 3179
f 3154 3179 3252
f 3252 3179 3286
f 3252 3286 3317
f 3317 3286 3333
f 3317 3333 3328
f 3328 3333 3353
f 3328 3353 3316
f 3316 3353 3334
f 807 935 934
f 945 943 813
f 813 943 941
f 813 941 809
f 809 941 940
f 809 940 796
f 796 940 938
f 796 938 937
f 785 799 956
f 956 952 785
f 785 952 949
f 785 949 813
f 813 949 946
f 813 946 945
f 947 948 810
f 810 948 953
f 810 953 799
f 799 953 957
f 799 957 956
f 947 810 942
f 942 810 797
f 942 797 939
f 775 951 797
f 797 951 933
f 797 933 939
f 807 934 793
f 793 934 901
f 793 901 775
f 775 901 895
f 775 895 951
f 951 895 913
f 951 913 936
f 963 960 2929
f 2967 1501 2969
f 2969 1501 1505
f 2969 1505 2966
f 2966 1505 1518
f 2966 1518 2963
f 2963 1518 1534
f 2963 1534 2951
f 2951 1534 1550
f 2951 1550 2946
f 1029 944 1447
f 1447 944 954
f 2929 960 2924
f 963 2929 959
f 959 2929 2946
f 959 2946 954
f 954 2946 1550
f 954 1550 1447
f 960 961 2924
f 2924 961 966
f 2924 966 2917
f 966 958 2917
f 2917 958 930
f 2917 930 2923
f 2923 930 932
f 2923 932 2936
f 955 2937 964
f 964 2937 2936
f 964 2936 965
f 965 2936 932
f 955 950 2937
f 2937 950 962
f 2937 962 2947
f 2947 962 931
f 2947 931 2950
f 931 929 2950
f 2950 929 927
f 2950 927 2948
f 2948 927 928
f 2948 928 2945
f 928 937 2945
f 2945 937 938
f 2945 938 2938
f 938 940 2938
f 2938 940 941
f 2938 941 2932
f 941 943 2932
f 2932 943 945
f 2932 945 2928
f 2928 945 946
f 2928 946 2915
f 946 949 2915
f 2915 949 952
f 2915 952 2920
f 2920 952 956
f 2920 956 2927
f 2927 956 957
f 2927 957 2931
f 933 2957 939
f 939 2957 2942
f 939 2942 942
f 957 953 2931
f 2931 953 948
f 2931 948 2942
f 2942 948 947
f 2942 947 942
f 936 1430 951
f 951 1430 1502
f 933 951 2957
f 2957 951 1502
f 2957 1502 2962
f 2962 1502 1499
f 2962 1499 2967
f 2967 1499 1500
f 2967 1500 1501
f 1029 1010 944
f 944 1010 987
f 944 987 935
f 935 987 977
f 935 977 934
f 3796 3787 3750
f 3796 3750 3806
f 3750 3832 3806
f 3806 3832 3862
f 3806 3862 3914
f 3862 3913 3914
f 3914 3913 3936
f 3914 3936 3966
f 3966 3936 3950
f 3966 3950 3992
f 3992 3950 3986
f 3992 3986 4038
f 3986 4005 4038
f 4038 4005 4014
f 4038 4014 4046
f 4046 4014 4063
f 4063 4014 4054
f 4063 4054 4074
f 4074 4054 4065
f 4074 4065 4117
f 4117 4065 4096
f 4117 4096 4134
f 4134 4096 4105
f 4134 4105 4122
f 4144 4173 4139
f 4139 4173 4167
f 4139 4167 4122
f 4122 4167 4161
f 4122 4161 4134
f 3788 3787 3796
f 4668 4675 4676
f 4644 4643 4617
f 4617 4643 4633
f 4617 4633 4627
f 4657 4668 4656
f 4656 4668 4676
f 4656 4676 4630
f 4630 4676 4620
f 4630 4620 4615
f 4615 4620 4617
f 4615 4617 4614
f 4614 4617 4627
f 4557 4627 4633
f 4381 4502 4464
f 4464 4502 4557
f 4557 4633 4464
f 4464 4633 4643
f 4464 4643 4654
f 566 537 550
f 4238 4133 4109
f 4489 4389 4464
f 4464 4389 4238
f 4464 4238 4381
f 4654 4658 4464
f 4464 4658 4664
f 4464 4664 4649
f 4649 4609 4464
f 4464 4609 4554
f 4464 4554 4489
f 4381 4238 4244
f 4244 4238 4109
f 4244 4109 4091
f 4091 4109 4030
f 4091 4030 3971
f 3971 4030 3929
f 3971 3929 3825
f 3825 3929 3785
f 3825 3785 3660
f 3660 3785 3468
f 3660 3468 3425
f 2968 2645 2538
f 3425 3468 3150
f 3150 3468 2968
f 3150 2968 2717
f 2717 2968 2538
f 2717 2538 2475
f 1723 1615 1731
f 1731 1615 1626
f 1620 1713 1631
f 1631 1713 1763
f 1631 1763 1632
f 1632 1763 1775
f 1632 1775 1630
f 1630 1775 1777
f 1630 1777 1626
f 1626 1777 1767
f 1626 1767 1731
f 1581 1542 1587
f 1587 1607 1581
f 1581 1607 1663
f 1581 1663 1620
f 1620 1663 1694
f 1620 1694 1713
f 1577 1574 1563
f 1723 1718 1615
f 1615 1718 1654
f 1615 1654 1602
f 1602 1654 1621
f 1602 1621 1580
f 1580 1621 1556
f 1621 1577 1556
f 1556 1577 1563
f 1556 1563 1555
f 1555 1563 1559
f 1555 1559 1560
f 3917 3711 3842
f 4133 4031 4109
f 4109 4031 4030
f 3917 3842 3976
f 3976 3842 3884
f 3976 3884 3892
f 3762 3785 3840
f 3840 3785 3929
f 3840 3929 3901
f 3901 3929 4030
f 3901 4030 3892
f 3892 4030 4031
f 3892 4031 3976
f 3762 3669 3785
f 3785 3669 3526
f 3785 3526 3468
f 3526 3375 3468
f 3468 3375 3137
f 3468 3137 2968
f 2968 3137 2768
f 2968 2768 2645
f 3349 3348 3331
f 3387 3388 3339
f 3339 3388 3368
f 3339 3368 3351
f 3349 3331 3351
f 3387 3339 3482
f 3482 3339 3461
f 3482 3461 3547
f 3547 3461 3549
f 3547 3549 3645
f 3645 3549 3616
f 3645 3616 3833
f 3616 3711 3833
f 3833 3711 3917
f 3833 3917 3977
f 4132 4107 4133
f 4133 4107 4080
f 4133 4080 4031
f 4031 4080 3977
f 4031 3977 3976
f 3976 3977 3917
f 3351 3331 3339
f 3339 3331 3223
f 3339 3223 3235
f 3235 3223 3147
f 3147 3223 3121
f 3147 3121 3120
f 3120 3121 3041
f 3041 3121 3036
f 3041 3036 2987
f 3036 3030 2987
f 2987 3030 3028
f 2987 3028 3024
f 3024 3020 2987
f 2987 3020 3016
f 2987 3016 2996
f 2942 2971 2931
f 2931 2971 2956
f 2931 2956 2927
f 2927 2956 2933
f 2927 2933 2920
f 2920 2933 2918
f 2920 2918 2915
f 2915 2918 2926
f 2915 2926 2928
f 2928 2926 2935
f 2928 2935 2932
f 2932 2935 2953
f 2932 2953 2938
f 2938 2953 2945
f 2942 2957 2971
f 2971 2957 2962
f 2971 2962 2967
f 2996 2984 2987
f 2987 2984 2971
f 2987 2971 2969
f 2969 2971 2967
f 2917 2923 2949
f 2969 2966 2987
f 2987 2966 2963
f 2987 2963 2951
f 2917 2949 2924
f 2951 2946 2987
f 2987 2946 2929
f 2987 2929 2941
f 2941 2929 2924
f 2941 2924 2921
f 2921 2924 2949
f 2923 2936 2949
f 2949 2936 2937
f 2949 2937 2947
f 2945 2953 2948
f 2948 2953 2961
f 2948 2961 2970
f 2980 2950 2977
f 2977 2950 2948
f 2977 2948 2974
f 2974 2948 2970
f 2990 2982 2989
f 2991 3013 2989
f 2989 3013 2998
f 2989 2998 2990
f 2982 2979 2989
f 2989 2979 2949
f 2989 2949 2980
f 2980 2949 2947
f 2980 2947 2950
f 2991 3001 3013
f 3013 3001 3007
f 3013 3007 3010
f 2713 2696 2787
f 3013 2844 2998
f 2998 2844 2736
f 2832 2979 2982
f 2982 2990 2832
f 2832 2990 2998
f 2832 2998 2787
f 2787 2998 2736
f 2787 2736 2713
f 1809 1956 2058
f 2713 2736 2542
f 1586 1574 1577
f 1586 1577 1623
f 1895 1893 1791
f 2696 2713 2636
f 2636 2713 2542
f 2636 2542 2575
f 2575 2542 2474
f 2474 2542 2292
f 2292 2542 2303
f 2292 2303 2244
f 2058 1956 2303
f 2303 1956 2133
f 2303 2133 2244
f 2058 1864 1809
f 1809 1864 1766
f 1809 1766 1798
f 1798 1766 1678
f 1798 1678 1724
f 1724 1678 1716
f 1716 1678 1654
f 1716 1654 1718
f 1971 1895 1781
f 2736 2844 2542
f 2542 2844 2591
f 2542 2591 2303
f 2303 2591 2384
f 2303 2384 2058
f 2058 2384 2153
f 2058 2153 1864
f 2153 1971 1864
f 1864 1971 1781
f 1864 1781 1766
f 1766 1781 1667
f 1766 1667 1678
f 1678 1667 1603
f 1895 1791 1781
f 1781 1791 1677
f 1781 1677 1667
f 1667 1677 1623
f 1667 1623 1603
f 1603 1623 1577
f 1603 1577 1678
f 1678 1577 1621
f 1678 1621 1654
f 804 1199 1542
f 1199 804 1192
f 1192 804 774
f 1192 774 1189
f 855 804 1372
f 1372 804 1542
f 1372 1542 1489
f 1489 1542 1581
f 1489 1581 1620
f 1189 774 779
f 1189 779 1177
f 1177 779 800
f 1177 800 1159
f 1001 1074 790
f 1252 1255 795
f 795 1255 798
f 1255 1320 798
f 798 1320 1335
f 798 1335 860
f 860 1335 1370
f 860 1370 879
f 879 1370 1390
f 879 1390 882
f 882 1390 1397
f 882 1397 842
f 1252 795 1253
f 1253 795 782
f 1253 782 1261
f 1261 782 780
f 1261 780 1329
f 1329 780 859
f 1329 859 1374
f 790 1074 800
f 800 1074 1147
f 800 1147 1159
f 1001 790 903
f 903 790 792
f 903 792 858
f 858 792 783
f 858 783 850
f 850 783 863
f 863 783 776
f 863 776 904
f 1397 1376 842
f 842 1376 1368
f 842 1368 786
f 786 1368 1267
f 786 1267 777
f 777 1267 1056
f 777 1056 776
f 776 1056 992
f 776 992 904
f 1615 1579 1589
f 1602 1580 1536
f 1628 1682 1642
f 1642 1682 1656
f 1642 1656 1610
f 1610 1656 1651
f 1610 1651 1578
f 1565 1575 1537
f 1537 1575 1616
f 1537 1616 1576
f 1576 1616 1624
f 1576 1624 1628
f 1628 1624 1668
f 1628 1668 1682
f 1565 1537 1560
f 1560 1537 1521
f 1560 1521 1555
f 1536 1580 1521
f 1521 1580 1556
f 1521 1556 1555
f 1421 1467 1386
f 1386 1467 1415
f 1386 1415 1374
f 1444 1362 1267
f 1267 1368 1444
f 1444 1368 1376
f 1444 1376 1478
f 1376 1397 1478
f 1478 1397 1390
f 1478 1390 1454
f 1454 1390 1370
f 1454 1370 1412
f 1543 1589 1495
f 1495 1589 1579
f 1495 1579 1461
f 1578 1451 1610
f 1610 1451 1535
f 1610 1535 1642
f 1642 1535 1570
f 1642 1570 1628
f 1628 1570 1548
f 1628 1548 1576
f 1576 1548 1493
f 1576 1493 1537
f 1537 1493 1462
f 1537 1462 1521
f 1521 1462 1461
f 1521 1461 1536
f 1536 1461 1579
f 1536 1579 1602
f 1602 1579 1615
f 1378 1261 1415
f 1415 1261 1329
f 1415 1329 1374
f 1379 1252 1378
f 1378 1252 1253
f 1378 1253 1261
f 1370 1335 1412
f 1412 1335 1320
f 1412 1320 1379
f 1379 1320 1255
f 1379 1255 1252
f 1451 1362 1535
f 1535 1362 1444
f 1535 1444 1570
f 1570 1444 1478
f 1570 1478 1548
f 1548 1478 1454
f 1548 1454 1493
f 1493 1454 1412
f 1493 1412 1462
f 1462 1412 1379
f 1462 1379 1461
f 1461 1379 1378
f 1461 1378 1495
f 1495 1378 1415
f 1495 1415 1543
f 1543 1415 1467
f 1719 1693 1682
f 1682 1693 1675
f 1682 1675 1656
f 1629 1659 1668
f 1668 1659 1687
f 1668 1687 1682
f 1682 1687 1714
f 1682 1714 1719
f 1668 1624 1629
f 1629 1624 1616
f 1629 1616 1588
f 1588 1616 1575
f 2952 2922 2675
f 3752 3679 3439
f 2810 2757 2655
f 1250 1317 1066
f 1995 1928 1934
f 1934 1928 1789
f 1789 1928 1915
f 1789 1915 1662
f 1662 1915 1676
f 1662 1676 1317
f 1250 1361 1317
f 1317 1361 1431
f 1317 1431 1662
f 886 1032 1066
f 1066 1032 1098
f 1066 1098 1250
f 1066 968 886
f 886 968 808
f 886 808 827
f 2477 2582 2520
f 3239 3204 3181
f 3181 3204 3192
f 3192 3049 3181
f 3181 3049 2889
f 3181 2889 2810
f 2810 2889 2851
f 2810 2851 2757
f 3402 3579 3239
f 3574 3809 3579
f 3893 3889 4085
f 4085 3889 4036
f 4085 4036 4131
f 3679 3752 3889
f 3889 3752 3933
f 3889 3933 4036
f 3452 3551 3439
f 3439 3551 3594
f 3439 3594 3752
f 2688 3040 3149
f 2674 2985 3040
f 2965 2952 2837
f 2837 2952 2675
f 2837 2675 2758
f 2758 2675 2733
f 2733 2675 2712
f 2712 2675 2472
f 2712 2472 2449
f 2449 2472 2230
f 2449 2230 2281
f 2281 2230 2000
f 2281 2000 2154
f 1846 1847 2000
f 2000 1847 1858
f 2000 1858 2154
f 2154 1858 1897
f 2154 1897 1940
f 2204 1917 1944
f 1944 1917 1863
f 2296 2157 2249
f 2249 2157 1999
f 2650 2517 2488
f 2650 2488 2485
f 2485 2488 2422
f 2485 2422 2334
f 2650 2841 2656
f 2517 2650 2519
f 2519 2650 2656
f 2519 2656 2506
f 2506 2656 2477
f 2506 2477 2453
f 2453 2477 2520
f 2453 2520 2393
f 2393 2520 2406
f 2393 2406 2224
f 2224 2406 2287
f 2224 2287 2114
f 2114 2287 2235
f 2114 2235 2010
f 2010 2235 2118
f 2010 2118 1934
f 1934 2118 2012
f 1934 2012 1995
f 2422 2296 2334
f 2334 2296 2249
f 2334 2249 2485
f 2485 2249 2534
f 1999 2221 2249
f 2249 2221 2498
f 2249 2498 2534
f 2534 2498 2735
f 2534 2735 2816
f 2816 2735 3238
f 2816 3238 3213
f 3213 3238 3342
f 3213 3342 3358
f 2221 2465 2498
f 2498 2465 2688
f 2498 2688 2735
f 2735 2688 3149
f 2735 3149 3238
f 3040 2688 2674
f 2674 2688 2465
f 2674 2465 2444
f 2444 2465 2221
f 2444 2221 2204
f 2204 2221 1999
f 2204 1999 1917
f 1863 1846 1944
f 1944 1846 2000
f 1944 2000 2204
f 2204 2000 2230
f 2204 2230 2444
f 2444 2230 2472
f 2444 2472 2674
f 2674 2472 2675
f 2674 2675 2985
f 2985 2675 2922
f 2841 3181 2656
f 2656 3181 2810
f 2656 2810 2477
f 2477 2810 2655
f 2477 2655 2582
f 3579 3402 3574
f 3574 3402 3182
f 3574 3182 3378
f 3378 3182 2794
f 3378 2794 3050
f 3050 2794 2629
f 3050 2629 2747
f 2911 3439 3303
f 3303 3439 3679
f 3303 3679 3525
f 3525 3679 3889
f 3525 3889 3724
f 3724 3889 3893
f 3724 3893 3809
f 3809 3574 3724
f 3724 3574 3378
f 3724 3378 3525
f 3525 3378 3050
f 3525 3050 3303
f 3303 3050 2747
f 3303 2747 2911
f 3239 3181 3402
f 3402 3181 2841
f 3402 2841 3182
f 3182 2841 2650
f 3182 2650 2794
f 2794 2650 2485
f 2794 2485 2629
f 2629 2485 2534
f 2629 2534 2747
f 2747 2534 2816
f 2747 2816 2911
f 2911 2816 3213
f 2911 3213 3439
f 3439 3213 3358
f 3439 3358 3452
f 1575 1565 2977
f 3024 1475 3020
f 3020 1475 1487
f 3020 1487 3016
f 3016 1487 1508
f 3016 1508 2996
f 2996 1508 1554
f 2996 1554 2984
f 2984 1554 2971
f 2971 1554 1613
f 2971 1613 2956
f 2956 1613 1655
f 2956 1655 1691
f 1693 1719 1729
f 1729 1719 2918
f 1729 2918 1691
f 1691 2918 2933
f 1691 2933 2956
f 1575 2977 1588
f 1588 2977 2974
f 1588 2974 1629
f 1629 2974 2970
f 1629 2970 1659
f 1659 2970 2961
f 1659 2961 1687
f 1687 2961 2953
f 1687 2953 1714
f 1714 2953 2935
f 1714 2935 1719
f 1719 2935 2926
f 1719 2926 2918
f 3030 3036 1455
f 1455 1464 3030
f 3030 1464 1469
f 3030 1469 3028
f 1475 3024 1472
f 1472 3024 3028
f 1472 3028 1471
f 1471 3028 1469
f 3331 3348 2679
f 2679 3348 2628
f 1455 3036 2495
f 3331 2679 3223
f 3223 2679 2744
f 3223 2744 3121
f 3121 2744 2724
f 3121 2724 3036
f 3036 2724 2652
f 3036 2652 2495
f 2353 2356 2155
f 2155 2356 1649
f 2155 1649 2002
f 2002 1649 1639
f 2495 2294 1455
f 1455 2294 2113
f 1455 2113 1424
f 1424 2113 1983
f 1424 1983 1385
f 1385 1983 2002
f 1385 2002 1479
f 1479 2002 1639
f 1639 1649 1705
f 1547 1433 1479
f 1479 1433 1391
f 1479 1391 1385
f 1666 1522 1547
f 1547 1522 1453
f 1547 1453 1433
f 2425 2257 2260
f 2260 2257 2086
f 2260 2086 2090
f 2090 2086 1873
f 2090 1873 1903
f 1903 1873 1666
f 1903 1666 1740
f 1740 1666 1547
f 1479 1639 1547
f 1547 1639 1705
f 1547 1705 1740
f 1740 1705 1910
f 1740 1910 1903
f 1903 1910 2045
f 1903 2045 2090
f 2090 2045 2200
f 2090 2200 2260
f 2260 2200 2379
f 2260 2379 2425
f 2425 2379 2524
f 2437 2323 2295
f 2815 3246 3319
f 4080 2815 3977
f 3977 2815 3319
f 3977 3319 3833
f 3833 3319 3645
f 3399 3387 3482
f 3399 3482 3381
f 3381 3482 3319
f 3319 3482 3547
f 3319 3547 3645
f 2576 2524 2701
f 2701 2524 3169
f 2701 3169 2755
f 2755 3169 3246
f 2755 3246 2798
f 2798 3246 2815
f 2576 2437 2524
f 2524 2437 2295
f 2524 2295 2425
f 2425 2295 2257
f 2213 2025 1852
f 2437 2500 2306
f 2576 2701 2570
f 1442 1369 1399
f 1399 1369 1226
f 2025 1967 1852
f 1852 1967 1906
f 1852 1906 1784
f 1784 1906 1692
f 2420 2570 2445
f 2445 2570 2709
f 2709 2570 2732
f 2732 2570 2701
f 2732 2701 2755
f 1226 1271 1399
f 1399 1271 1364
f 1399 1364 1450
f 1450 1364 1466
f 1450 1466 1571
f 1571 1466 1650
f 1571 1650 1736
f 1736 1650 1880
f 1736 1880 1970
f 1970 1880 2128
f 1970 2128 2196
f 2196 2128 2323
f 1506 1442 1564
f 1564 1442 1399
f 1564 1399 1636
f 1636 1399 1450
f 1636 1450 1756
f 1756 1450 1571
f 1756 1571 1927
f 1927 1571 1736
f 1927 1736 2127
f 2127 1736 1970
f 2127 1970 2306
f 2306 1970 2196
f 2306 2196 2437
f 2437 2196 2323
f 1852 1963 2213
f 2213 1963 2104
f 2213 2104 2445
f 2445 2104 2238
f 2445 2238 2420
f 1692 1506 1784
f 1784 1506 1564
f 1784 1564 1852
f 1852 1564 1636
f 1852 1636 1963
f 1963 1636 1756
f 1963 1756 2104
f 2104 1756 1927
f 2104 1927 2238
f 2238 1927 2127
f 2238 2127 2420
f 2420 2127 2306
f 2420 2306 2570
f 2570 2306 2500
f 2570 2500 2576
f 2576 2500 2437
f 2699 2642 3347
f 1979 1383 1400
f 3039 1452 2490
f 2490 1452 2261
f 1383 1979 1422
f 1422 1979 1959
f 1422 1959 1452
f 1452 1959 2081
f 1452 2081 2261
f 2490 2653 3039
f 3039 2653 2737
f 3039 2737 3186
f 3186 2737 2762
f 3186 2762 3249
f 3249 2762 2699
f 3249 2699 3310
f 3310 2699 3347
f 2355 2354 1648
f 1648 2354 2144
f 1648 2144 1484
f 1484 2144 1979
f 1484 1979 1429
f 1429 1979 1400
f 2521 2380 2497
f 2716 2734 2638
f 2489 2367 2220
f 2078 2219 2130
f 2716 2638 2708
f 1967 2042 1906
f 1906 2042 1786
f 1906 1786 1692
f 1692 1786 1506
f 1225 1223 1278
f 1278 1223 1224
f 1278 1224 1226
f 2130 2053 2078
f 2078 2053 1842
f 2078 1842 1831
f 1831 1842 1625
f 1831 1625 1601
f 1601 1625 1445
f 1601 1445 1438
f 1438 1445 1343
f 1438 1343 1346
f 1346 1343 1305
f 1346 1305 1278
f 1278 1305 1259
f 1278 1259 1225
f 2367 2219 2220
f 2220 2219 2078
f 2220 2078 2011
f 2011 2078 1831
f 2011 1831 1813
f 1813 1831 1601
f 1813 1601 1635
f 1635 1601 1438
f 1635 1438 1514
f 1514 1438 1346
f 1514 1346 1459
f 1459 1346 1278
f 1459 1278 1369
f 1369 1278 1226
f 2497 2380 2231
f 2231 2380 2199
f 2231 2199 2223
f 2223 2199 2032
f 2223 2032 2042
f 2042 2032 1889
f 2042 1889 1786
f 1369 1442 1459
f 1459 1442 1506
f 1459 1506 1514
f 1514 1506 1786
f 1514 1786 1635
f 1635 1786 1889
f 1635 1889 1813
f 1813 1889 2032
f 1813 2032 2011
f 2011 2032 2199
f 2011 2199 2220
f 2220 2199 2380
f 2220 2380 2489
f 2489 2380 2521
f 2489 2521 2638
f 2638 2521 2497
f 2638 2497 2708
f 4458 3900 4459
f 4459 3900 3837
f 4492 4475 3837
f 3837 4475 4462
f 3837 4462 4459
f 3829 3441 3837
f 3837 3441 3448
f 3837 3448 4492
f 3794 3391 3815
f 3815 3391 3417
f 3815 3417 3829
f 3829 3417 3431
f 3829 3431 3441
f 2352 2349 2205
f 2589 2642 2699
f 2144 2354 2352
f 2352 2205 2144
f 2144 2205 2183
f 2144 2183 1979
f 2183 2091 1979
f 1979 2091 2085
f 1979 2085 1959
f 2546 2589 2663
f 2663 2589 2699
f 2663 2699 2692
f 2692 2699 2762
f 2692 2762 2677
f 2677 2762 2737
f 2677 2737 2595
f 2595 2737 2653
f 2595 2653 2480
f 2480 2653 2490
f 2480 2490 2309
f 2309 2490 2261
f 2309 2261 2162
f 2162 2261 2081
f 2162 2081 2076
f 2076 2081 1959
f 2076 1959 2074
f 2074 1959 2085
f 2661 2545 2546
f 2349 2347 2205
f 2205 2347 2184
f 2084 2091 2184
f 2184 2091 2183
f 2184 2183 2205
f 2546 2663 2661
f 2661 2663 2692
f 2661 2692 2691
f 2691 2692 2677
f 2691 2677 2681
f 2681 2677 2595
f 2681 2595 2624
f 2624 2595 2480
f 2624 2480 2487
f 2487 2480 2309
f 2487 2309 2322
f 2322 2309 2162
f 2322 2162 2170
f 2170 2162 2076
f 2170 2076 2077
f 2077 2076 2074
f 2077 2074 2084
f 2084 2074 2085
f 2084 2085 2091
f 2345 2343 2241
f 2432 2496 2516
f 2516 2496 2545
f 2516 2545 2590
f 2590 2545 2661
f 2590 2661 2637
f 2637 2661 2691
f 2637 2691 2630
f 2630 2691 2681
f 2630 2681 2544
f 2544 2681 2624
f 2544 2624 2467
f 2467 2624 2487
f 2467 2487 2375
f 2375 2487 2322
f 2375 2322 2237
f 2237 2322 2170
f 2237 2170 2188
f 2188 2170 2077
f 2188 2077 2191
f 2191 2077 2084
f 2191 2084 2241
f 2241 2084 2184
f 2241 2184 2345
f 2345 2184 2347
f 2340 2432 2516
f 2188 2191 2340
f 2340 2191 2241
f 2340 2241 2343
f 2516 2590 2637
f 2188 2340 2237
f 2237 2340 2516
f 2237 2516 2375
f 2467 2375 2544
f 2544 2375 2516
f 2544 2516 2630
f 2630 2516 2637
f 2351 2018 2404
f 2404 2018 2234
f 2404 2234 2532
f 2532 2234 2491
f 2532 2491 2725
f 1648 1657 2355
f 2355 1657 1681
f 2355 1681 2351
f 2351 1681 1783
f 2351 1783 2018
f 2569 2531 2644
f 2353 2155 2350
f 2350 2155 2217
f 2350 2217 2348
f 2002 1983 2100
f 2100 2108 2002
f 2002 2108 2115
f 2002 2115 2155
f 2155 2115 2198
f 2155 2198 2217
f 2335 2195 2113
f 2113 2195 2181
f 2113 2181 1983
f 1983 2181 2106
f 1983 2106 2100
f 2113 2294 2335
f 2335 2294 2495
f 2335 2495 2486
f 2486 2495 2652
f 2486 2652 2594
f 2594 2652 2724
f 2594 2724 2671
f 2671 2724 2744
f 2671 2744 2680
f 2680 2744 2679
f 2680 2679 2644
f 2644 2679 2628
f 2644 2628 2569
f 3319 3382 3381
f 3381 3382 3401
f 3381 3401 3399
f 3399 3401 3388
f 3399 3388 3387
f 3246 3260 3319
f 3319 3260 3329
f 3319 3329 3382
f 3170 3178 3169
f 3169 3178 3183
f 3169 3183 3246
f 3246 3183 3245
f 3246 3245 3260
f 3170 3169 2789
f 2789 3169 2524
f 2789 2524 2540
f 1649 2356 1705
f 1705 2356 2358
f 2524 2379 2540
f 2540 2379 2200
f 2540 2200 2400
f 2400 2200 2045
f 2400 2045 2358
f 2358 2045 1910
f 2358 1910 1705
f 1083 1162 902
f 902 1162 1232
f 1419 902 1337
f 1337 902 1232
f 1337 1232 1341
f 1341 1232 1344
f 1456 1403 1465
f 1465 1403 1331
f 1465 1331 1419
f 1419 1331 1073
f 1419 1073 902
f 302 360 333
f 333 360 373
f 302 270 360
f 360 270 272
f 360 272 274
f 373 360 388
f 388 360 514
f 388 514 402
f 1064 1083 908
f 908 1083 902
f 908 902 619
f 619 902 597
f 619 597 514
f 514 597 467
f 514 467 402
f 1465 1496 1456
f 1456 1496 1622
f 1456 1622 1606
f 1606 1622 1750
f 1606 1750 1646
f 1646 1750 1834
f 2167 2060 2027
f 2027 2060 1916
f 2027 1916 1891
f 1891 1916 1838
f 1891 1838 1834
f 1834 1838 1769
f 1834 1769 1646
f 2187 2179 2167
f 2167 2179 2177
f 2167 2177 2060
f 602 570 579
f 579 570 567
f 579 567 565
f 1122 1123 716
f 716 1123 844
f 716 844 707
f 707 844 676
f 676 629 707
f 707 629 617
f 707 617 716
f 716 617 611
f 716 611 605
f 731 999 1009
f 1009 1012 731
f 731 1012 712
f 731 712 621
f 621 712 640
f 621 640 602
f 602 640 570
f 1059 1093 1078
f 1093 1059 1118
f 1118 1059 1117
f 1118 1117 1134
f 1009 999 1017
f 1012 1009 1025
f 1025 1009 1017
f 1025 1017 1041
f 1046 1059 1024
f 1024 1059 1078
f 1024 1078 1017
f 1017 1078 1057
f 1017 1057 1041
f 577 545 559
f 1153 1150 759
f 701 1161 740
f 740 1161 1153
f 740 1153 753
f 753 1153 759
f 654 1116 701
f 701 1116 1136
f 701 1136 1161
f 606 764 654
f 654 764 1063
f 654 1063 1116
f 540 544 558
f 558 544 549
f 693 630 668
f 1134 1117 888
f 888 1117 1059
f 888 1059 752
f 752 693 888
f 888 693 668
f 888 668 747
f 747 668 637
f 630 577 668
f 668 577 559
f 668 559 637
f 637 559 587
f 637 587 599
f 599 587 609
f 732 633 632
f 632 633 625
f 545 540 559
f 559 540 558
f 559 558 587
f 587 558 584
f 587 584 609
f 609 584 613
f 609 613 623
f 623 613 632
f 623 632 626
f 626 632 625
f 759 732 753
f 753 732 632
f 753 632 740
f 740 632 613
f 740 613 701
f 701 613 584
f 701 584 654
f 654 584 558
f 654 558 606
f 606 558 549
f 1140 1122 716
f 612 625 633
f 716 605 633
f 633 605 603
f 633 603 612
f 1150 1140 759
f 759 1140 716
f 759 716 732
f 732 716 633
f 4806 4866 4805
f 4805 4866 4912
f 4805 4912 4765
f 4765 4912 4819
f 4765 4819 4708
f 4682 4680 4823
f 4688 4708 4819
f 4858 4828 4832
f 4832 4828 4747
f 4747 4726 4832
f 4832 4726 4697
f 4832 4697 4830
f 4680 4688 4823
f 4823 4688 4819
f 4823 4819 4917
f 4917 4819 4912
f 4917 4919 4823
f 4823 4919 4830
f 4823 4830 4682
f 4682 4830 4697
f 4919 4924 4830
f 4830 4924 4928
f 4830 4928 4832
f 4832 4928 4926
f 4832 4926 4858
f 4713 4859 4619
f 4619 4859 4829
f 4619 4829 4472
f 4472 4829 4748
f 4472 4748 4555
f 4555 4748 4592
f 4592 4748 4613
f 4613 4748 4700
f 4613 4700 4623
f 4712 4618 4858
f 4469 4747 4618
f 4618 4747 4828
f 4618 4828 4858
f 4469 4548 4747
f 4747 4548 4605
f 4747 4605 4622
f 4927 4859 4961
f 4961 4859 4713
f 4961 4713 4977
f 4977 4713 4744
f 4977 4744 4992
f 4991 4994 4743
f 4743 4994 4996
f 4743 4996 4744
f 4744 4996 4995
f 4744 4995 4992
f 4991 4743 4976
f 4976 4743 4712
f 4976 4712 4960
f 4960 4712 4858
f 4960 4858 4926
f 4548 4469 4468
f 4340 4453 4468
f 4468 4453 4520
f 4468 4520 4548
f 4548 4520 4539
f 4548 4539 4605
f 4605 4539 4585
f 4605 4585 4622
f 4180 4179 4200
f 4200 4179 4340
f 4200 4340 4294
f 4294 4340 4468
f 1437 1409 1350
f 1259 1305 1350
f 2071 2065 2014
f 2014 2065 2055
f 2071 2014 1823
f 1823 2014 2055
f 1823 2055 1780
f 1780 2055 2049
f 1780 2049 1899
f 1842 2053 2070
f 1842 1638 1625
f 1625 1638 1494
f 1625 1494 1445
f 1350 1305 1494
f 1494 1305 1343
f 1494 1343 1445
f 1381 1293 1288
f 1259 1350 1225
f 1225 1350 1290
f 1225 1290 1223
f 1288 1290 1381
f 1381 1290 1350
f 1381 1350 1394
f 1394 1350 1409
f 1511 1497 1551
f 1551 1497 1780
f 1551 1780 1703
f 1703 1780 1899
f 2070 2071 1842
f 1842 2071 1823
f 1842 1823 1638
f 1638 1823 1780
f 1638 1780 1494
f 1494 1780 1497
f 1494 1497 1350
f 1350 1497 1511
f 1350 1511 1437
f 4455 4437 4287
f 4455 4287 4182
f 4182 4287 4225
f 4182 4225 4183
f 4455 4592 4613
f 4437 4455 4546
f 4546 4455 4613
f 4546 4613 4623
f 4723 4748 4829
f 4693 4681 4824
f 4824 4681 4683
f 4824 4683 4831
f 4913 4820 4824
f 4824 4820 4709
f 4824 4709 4693
f 4683 4698 4831
f 4831 4698 4723
f 4831 4723 4833
f 4833 4723 4829
f 4833 4829 4859
f 4913 4824 4918
f 4918 4824 4831
f 4918 4831 4925
f 4925 4831 4833
f 4925 4833 4929
f 4929 4833 4859
f 4929 4859 4927
f 4808 4807 4867
f 4867 4807 4913
f 4913 4807 4820
f 4820 4807 4766
f 4820 4766 4709
f 4808 4867 4878
f 4810 4808 4827
f 4827 4808 4878
f 4827 4878 4846
f 4846 4878 4892
f 4867 4913 4943
f 4867 4943 4878
f 4878 4943 4965
f 4878 4965 4892
f 4742 4715 4657
f 4657 4715 4695
f 4657 4695 4466
f 4466 4695 4460
f 4466 4460 4259
f 4259 4460 4073
f 4259 4073 3991
f 4742 4657 4762
f 4762 4657 4656
f 4762 4656 4783
f 4834 4809 4849
f 4849 4809 4799
f 4849 4799 4782
f 4782 4799 4678
f 4782 4678 4759
f 4759 4678 4741
f 4257 4694 4678
f 4678 4694 4714
f 4678 4714 4741
f 3784 3783 3972
f 3972 3783 3988
f 3972 3988 4257
f 4257 3988 4271
f 4257 4271 4694
f 4656 4753 4783
f 4783 4753 4810
f 4783 4810 4850
f 4850 4810 4827
f 4850 4827 4895
f 4895 4827 4846
f 4895 4846 4947
f 4947 4846 4873
f 4947 4873 4983
f 4983 4873 4915
f 4983 4915 5003
f 5003 4915 4941
f 4834 4849 4845
f 4845 4849 4894
f 4845 4894 4871
f 4871 4894 4946
f 4871 4946 4914
f 4914 4946 4982
f 4914 4982 4940
f 4940 4982 5002
f 4940 5002 4941
f 4941 5002 5012
f 4941 5012 5003
f 4834 4845 4890
f 4942 4912 4877
f 4877 4912 4866
f 4877 4866 4806
f 4964 4942 4890
f 4890 4942 4877
f 4890 4877 4834
f 4834 4877 4806
f 4834 4806 4809
f 4924 4919 4930
f 4919 4917 4930
f 4930 4917 4912
f 4930 4912 4936
f 4942 4964 4956
f 4956 4964 4969
f 4956 4969 4950
f 4950 4969 4948
f 4950 4948 4938
f 4912 4942 4936
f 4936 4942 4956
f 4936 4956 4930
f 4930 4956 4950
f 4930 4950 4924
f 4924 4950 4938
f 4924 4938 4928
f 4928 4938 4948
f 4928 4948 4926
f 5024 5000 4997
f 4960 4926 4948
f 4961 4977 4989
f 4961 4989 4927
f 4977 4992 5016
f 5016 4992 4995
f 5016 4995 5021
f 5021 4995 4996
f 5021 4996 5015
f 4996 4994 5015
f 5015 4994 4991
f 5015 4991 4988
f 4988 4991 4976
f 4988 4976 4960
f 4988 5000 5015
f 5015 5000 5024
f 5015 5024 5021
f 5021 5024 5035
f 5021 5035 5016
f 5016 5035 5025
f 4927 4989 4949
f 4949 4989 5001
f 4949 5001 4971
f 4971 5001 4998
f 4971 4998 4965
f 4977 5016 4989
f 4989 5016 5025
f 4989 5025 5001
f 5001 5025 5023
f 5001 5023 4998
f 4997 5022 5024
f 5024 5022 5028
f 5024 5028 5035
f 5035 5028 5034
f 5035 5034 5025
f 5025 5034 5029
f 5025 5029 5023
f 4960 4948 4988
f 4988 4948 4969
f 4988 4969 5000
f 5000 4969 4964
f 5000 4964 4997
f 4592 4455 4555
f 4555 4455 4473
f 4555 4473 4472
f 4182 4181 4202
f 4182 4202 4455
f 4455 4202 4296
f 4455 4296 4473
f 4619 4472 4471
f 4232 3838 3837
f 3837 3900 4232
f 4232 3900 3944
f 4232 3944 4231
f 4469 4618 4470
f 4470 4618 4712
f 4470 4712 4231
f 4231 4712 4743
f 4231 4743 4744
f 4471 4232 4619
f 4619 4232 4231
f 4619 4231 4713
f 4713 4231 4744
f 4228 4212 4294
f 4294 4212 4203
f 4294 4203 4200
f 4228 4294 4263
f 4263 4294 4468
f 4263 4468 4469
f 4470 4339 4469
f 4469 4339 4280
f 4469 4280 4263
f 3078 3081 3083
f 3083 3081 3138
f 3083 3138 3101
f 3069 3082 3070
f 3070 3082 3071
f 3070 3071 3078
f 3078 3071 3073
f 3078 3073 3081
f 3130 3129 3093
f 3093 3129 3124
f 3093 3124 3118
f 3069 3076 3082
f 3082 3076 3087
f 3082 3087 3099
f 3099 3087 3093
f 3099 3093 3100
f 3100 3093 3118
f 3093 3103 3130
f 3130 3103 3107
f 3130 3107 3132
f 3107 3112 3132
f 3132 3112 3114
f 3132 3114 3128
f 3128 3114 3115
f 3160 3153 3175
f 3164 3162 3176
f 3176 3162 3160
f 3153 3145 3175
f 3175 3145 3134
f 3175 3134 3138
f 3138 3134 3119
f 3138 3119 3101
f 3160 3175 3176
f 3176 3175 3188
f 3176 3188 3222
f 3222 3188 3251
f 3222 3251 3308
f 3308 3251 3340
f 3308 3340 3404
f 3588 3438 3437
f 3442 3438 3515
f 3515 3438 3588
f 3515 3588 3589
f 3590 3428 3541
f 3590 3541 3593
f 3340 3403 3404
f 3404 3403 3428
f 3404 3428 3437
f 3437 3428 3590
f 3437 3590 3588
f 3541 3613 3593
f 3593 3613 3651
f 3593 3651 3741
f 3741 3651 3708
f 3741 3708 3843
f 3843 3708 3813
f 3843 3813 3940
f 3940 3813 3961
f 3940 3961 4047
f 4179 4180 4062
f 4062 4180 4047
f 4062 4047 4023
f 4023 4047 3961
f 2791 2827 2580
f 2848 2995 2859
f 1866 1826 1870
f 1762 1753 1801
f 1969 2073 1920
f 1920 2073 2024
f 1920 2024 1994
f 1994 2024 2026
f 2791 2580 2771
f 1702 1701 1753
f 1753 1701 1700
f 1753 1700 1801
f 2518 2511 2765
f 2765 2511 2761
f 2232 1982 1991
f 1991 2098 2232
f 2232 2098 2222
f 2232 2222 2518
f 2518 2222 2403
f 2518 2403 2511
f 1700 1771 1801
f 1801 1771 1814
f 1801 1814 1982
f 1982 1814 1960
f 1982 1960 1991
f 1826 1762 1870
f 1870 1762 1801
f 1870 1801 2044
f 2044 1801 1982
f 2044 1982 2280
f 2280 1982 2232
f 2280 2232 2535
f 2535 2232 2518
f 2535 2518 2770
f 2770 2518 2765
f 2770 2765 2809
f 2809 2765 2761
f 2809 2761 2819
f 2770 2771 2535
f 2535 2771 2580
f 2535 2580 2280
f 2280 2580 2368
f 2280 2368 2044
f 2044 2368 2134
f 2044 2134 1870
f 1870 2134 1969
f 1870 1969 1866
f 1866 1969 1920
f 2791 2848 2827
f 2827 2848 2859
f 2827 2859 2580
f 2580 2859 2634
f 2580 2634 2368
f 2368 2634 2413
f 2368 2413 2134
f 2134 2413 2209
f 2134 2209 1969
f 1969 2209 2079
f 1969 2079 2073
f 1171 1165 1717
f 1323 1336 1867
f 1867 1336 1337
f 1867 1829 1323
f 1323 1829 1828
f 1323 1828 1292
f 1292 1828 1818
f 1292 1818 1283
f 1283 1818 1776
f 1283 1776 1251
f 1251 1776 1725
f 1251 1725 1231
f 1231 1725 1715
f 1231 1715 1227
f 1227 1715 1695
f 1227 1695 1222
f 1695 1688 1222
f 1222 1688 1689
f 1222 1689 1234
f 1234 1689 1690
f 1234 1690 1243
f 1243 1690 1707
f 1243 1707 1274
f 1274 1707 1746
f 1274 1746 1321
f 1321 1746 1773
f 1799 1809 1798
f 1773 1799 1321
f 1321 1799 1798
f 1321 1798 1334
f 1334 1798 1724
f 1334 1724 1351
f 1718 1723 1387
f 1387 1723 1731
f 1387 1731 1405
f 1351 1724 1387
f 1387 1724 1716
f 1387 1716 1718
f 1398 1407 1775
f 1775 1407 1408
f 1775 1408 1777
f 1777 1408 1405
f 1777 1405 1767
f 1767 1405 1731
f 1775 1763 1398
f 1398 1763 1713
f 1398 1713 1366
f 1366 1713 1694
f 1366 1694 1357
f 1607 1256 1332
f 1357 1694 1332
f 1332 1694 1663
f 1332 1663 1607
f 1607 1587 1256
f 1256 1587 1542
f 1256 1542 1199
f 1337 1341 1867
f 1867 1341 1344
f 1867 1344 1875
f 1875 1344 1347
f 1875 1347 1884
f 1884 1347 1352
f 1884 1352 1877
f 1877 1352 1342
f 1877 1342 1869
f 1739 1749 1717
f 1656 1165 1651
f 1651 1165 1578
f 1656 1675 1165
f 1165 1675 1693
f 1165 1693 1717
f 1717 1693 1729
f 1717 1729 1739
f 1869 1342 1845
f 1845 1342 1310
f 1845 1310 1785
f 1785 1310 1239
f 1785 1239 1737
f 1737 1239 1230
f 1737 1230 1717
f 1717 1230 1191
f 1717 1191 1171
f 1056 1267 1085
f 1085 1267 1362
f 1085 1362 1165
f 1165 1362 1451
f 1165 1451 1578
f 4925 4931 4918
f 4918 4931 4913
f 4971 4965 4957
f 4957 4965 4943
f 4943 4937 4957
f 4957 4937 4951
f 4957 4951 4971
f 4971 4951 4939
f 4971 4939 4949
f 4927 4949 4929
f 4929 4949 4939
f 4929 4939 4925
f 4925 4939 4951
f 4925 4951 4931
f 4931 4951 4937
f 4931 4937 4913
f 4913 4937 4943
f 4914 4964 4871
f 4871 4964 4890
f 4871 4890 4845
f 4846 4892 4873
f 4873 4892 4965
f 4873 4965 4915
f 4965 4998 4915
f 4915 4998 5023
f 4915 5023 4941
f 5023 5029 4941
f 4941 5029 5034
f 4941 5034 4940
f 5034 5028 4940
f 4940 5028 5022
f 4940 5022 4914
f 4914 5022 4997
f 4914 4997 4964
f 4725 4720 4291
f 4001 3885 3916
f 3993 3817 3851
f 3798 3990 3786
f 3786 3990 3988
f 3786 3988 3783
f 4710 4694 4279
f 4279 4694 4271
f 4720 4710 4291
f 4291 4710 4279
f 4291 4279 3990
f 3990 4279 4271
f 3990 4271 3988
f 4297 3993 4000
f 4000 3993 3851
f 4000 3851 3885
f 4729 4725 4297
f 4297 4725 4291
f 4297 4291 3993
f 3993 4291 3990
f 3993 3990 3817
f 3817 3990 3798
f 4299 4735 4733
f 3885 4001 4000
f 4000 4001 4299
f 4000 4299 4297
f 4297 4299 4733
f 4297 4733 4729
f 3916 4002 4001
f 4001 4002 4162
f 4001 4162 4299
f 4299 4162 4301
f 4299 4301 4735
f 4735 4301 4626
f 4735 4626 4736
f 4735 4736 4757
f 4749 4741 4714
f 4733 4735 4752
f 4752 4735 4757
f 4752 4757 4776
f 4776 4757 4780
f 4733 4752 4729
f 4729 4752 4776
f 4729 4776 4725
f 4725 4776 4767
f 4725 4767 4720
f 4720 4767 4749
f 4720 4749 4710
f 4710 4749 4714
f 4710 4714 4694
f 4759 4741 4749
f 4759 4749 4774
f 4774 4749 4767
f 4774 4767 4784
f 4784 4767 4776
f 4784 4776 4792
f 4792 4776 4780
f 4792 4780 4796
f 4759 4774 4794
f 4759 4794 4782
f 4782 4794 4862
f 4782 4862 4849
f 4849 4862 4908
f 4849 4908 4894
f 4894 4908 4974
f 4894 4974 4946
f 4946 4974 5004
f 4946 5004 4982
f 4982 5004 5026
f 4982 5026 5002
f 5002 5026 5036
f 5002 5036 5012
f 5012 5036 5027
f 5012 5027 5003
f 5003 5027 5005
f 5003 5005 4983
f 4983 5005 4975
f 4983 4975 4947
f 4947 4975 4911
f 4947 4911 4895
f 4895 4911 4863
f 4895 4863 4850
f 4850 4863 4795
f 4850 4795 4783
f 4762 4783 4775
f 4775 4783 4795
f 4775 4795 4787
f 4793 4787 4816
f 4921 4893 4886
f 4886 4893 4838
f 4886 4838 4826
f 4826 4838 4798
f 4826 4798 4793
f 4921 4886 4972
f 4972 4886 4953
f 4972 4953 5007
f 5007 4953 5011
f 5007 5011 5020
f 5020 5011 5046
f 5020 5046 5052
f 5052 5046 5060
f 5052 5060 5065
f 5006 5019 5010
f 5010 5019 5051
f 5010 5051 5045
f 5045 5051 5064
f 5045 5064 5059
f 5059 5064 5066
f 5059 5066 5063
f 5063 5066 5070
f 5063 5070 5060
f 5060 5070 5067
f 5060 5067 5065
f 5006 5010 4968
f 4968 5010 4952
f 4968 4952 4920
f 4920 4952 4884
f 4920 4884 4891
f 4891 4884 4825
f 4891 4825 4837
f 4837 4825 4792
f 4837 4792 4796
f 4793 4816 4826
f 4826 4816 4876
f 4826 4876 4886
f 4886 4876 4935
f 4886 4935 4953
f 4953 4935 4993
f 4953 4993 5011
f 5011 4993 5033
f 5011 5033 5046
f 5046 5033 5048
f 5046 5048 5060
f 5060 5048 5055
f 5060 5055 5063
f 5063 5055 5047
f 5063 5047 5059
f 5059 5047 5032
f 5059 5032 5045
f 5045 5032 4990
f 5045 4990 5010
f 5010 4990 4933
f 5010 4933 4952
f 4952 4933 4875
f 4952 4875 4884
f 4884 4875 4815
f 4884 4815 4825
f 4825 4815 4784
f 4825 4784 4792
f 4787 4795 4816
f 4816 4795 4863
f 4816 4863 4876
f 4876 4863 4911
f 4876 4911 4935
f 4935 4911 4975
f 4935 4975 4993
f 4993 4975 5005
f 4993 5005 5033
f 5033 5005 5027
f 5033 5027 5048
f 5048 5027 5036
f 5048 5036 5055
f 5055 5036 5026
f 5055 5026 5047
f 5047 5026 5004
f 5047 5004 5032
f 5032 5004 4974
f 5032 4974 4990
f 4990 4974 4908
f 4990 4908 4933
f 4933 4908 4862
f 4933 4862 4875
f 4875 4862 4794
f 4875 4794 4815
f 4815 4794 4774
f 4815 4774 4784
f 4742 4762 4775
f 4742 4775 4750
f 4750 4775 4787
f 4750 4787 4768
f 4768 4787 4793
f 4768 4793 4777
f 4777 4793 4798
f 4777 4798 4781
f 4715 4742 4750
f 4737 4734 4754
f 4754 4734 4731
f 4754 4731 4777
f 4777 4731 4768
f 4715 4750 4695
f 4777 4781 4754
f 4754 4781 4758
f 4754 4758 4737
f 4737 4758 4738
f 4731 4727 4768
f 4768 4727 4721
f 4768 4721 4750
f 4750 4721 4711
f 4750 4711 4695
f 4771 4556 4565
f 4230 4226 4404
f 4037 4004 4120
f 4120 4004 3960
f 5050 5056 4999
f 5018 4987 5044
f 5095 5099 5110
f 5088 5099 5084
f 5084 5099 5095
f 5084 5095 5079
f 4730 4746 4822
f 4544 4507 4738
f 3824 3887 3899
f 4165 4116 4090
f 4090 4116 3824
f 4090 3824 3918
f 3918 3824 3899
f 4116 4051 3824
f 3824 4051 3999
f 3824 3999 3713
f 3713 3999 3699
f 3699 3999 3956
f 3699 3956 3690
f 3690 3956 3947
f 3690 3947 3677
f 3923 3666 3947
f 3947 3666 3668
f 3947 3668 3677
f 3650 3654 3898
f 3898 3654 3659
f 3870 3644 3650
f 3772 3635 3820
f 3820 3635 3637
f 3820 3637 3870
f 3870 3637 3640
f 3870 3640 3644
f 3611 3617 3772
f 3772 3617 3625
f 3772 3625 3635
f 3772 3726 3611
f 3611 3726 3673
f 3611 3673 3592
f 4719 4764 4801
f 4801 4764 4818
f 4801 4818 4861
f 4861 4818 4865
f 4861 4865 4905
f 4905 4865 4901
f 4905 4901 4959
f 5110 5103 5095
f 5095 5103 5081
f 5095 5081 5079
f 5079 5081 5050
f 5110 5113 5103
f 5103 5113 5093
f 5103 5093 5081
f 5081 5093 5082
f 5081 5082 5050
f 5050 5082 5071
f 5050 5071 5056
f 4108 4037 4220
f 4220 4037 4120
f 4220 4120 4428
f 4719 4801 4636
f 4636 4801 4732
f 4636 4732 4526
f 4718 4773 4803
f 4803 4773 4848
f 4803 4848 4874
f 4874 4848 4899
f 4874 4899 4945
f 4945 4899 4963
f 4945 4963 5009
f 5009 4963 5014
f 5009 5014 5054
f 4361 4526 4718
f 4718 4526 4732
f 4718 4732 4773
f 4773 4732 4801
f 4773 4801 4848
f 4848 4801 4861
f 4848 4861 4899
f 4899 4861 4905
f 4899 4905 4963
f 4963 4905 4959
f 4963 4959 5014
f 4197 4108 4306
f 4306 4108 4220
f 4306 4220 4533
f 4533 4220 4428
f 4533 4428 4707
f 4230 4404 4261
f 4565 4556 4404
f 4404 4556 4451
f 4404 4451 4261
f 4836 4779 4761
f 4761 4779 4707
f 4761 4707 4593
f 4593 4707 4428
f 4593 4428 4243
f 4243 4428 4120
f 4243 4120 4035
f 4035 4120 3960
f 4035 3960 3849
f 4987 4934 4903
f 4903 4934 4889
f 4903 4889 4840
f 4840 4889 4857
f 4840 4857 4789
f 4987 5018 4934
f 4934 5018 4967
f 4934 4967 4889
f 4889 4967 4910
f 4889 4910 4857
f 3710 3686 3853
f 4910 4870 4857
f 4857 4870 4812
f 4857 4812 4789
f 4789 4812 4740
f 4789 4740 4587
f 4587 4740 4454
f 4587 4454 4229
f 4229 4454 4124
f 4229 4124 4028
f 4028 4124 3953
f 4028 3953 3853
f 3853 3953 3744
f 3853 3744 3710
f 3932 3970 4086
f 4870 4836 4812
f 4812 4836 4761
f 4812 4761 4740
f 4740 4761 4593
f 4740 4593 4454
f 4454 4593 4243
f 4454 4243 4124
f 4124 4243 4035
f 4124 4035 3953
f 3953 4035 3849
f 3953 3849 3744
f 3650 3898 3870
f 3870 3898 3954
f 3870 3954 3820
f 3820 3954 3970
f 3820 3970 3772
f 3772 3970 3932
f 3772 3932 3726
f 4176 4082 4154
f 4176 4247 4394
f 4394 4247 4324
f 4394 4324 4515
f 4515 4324 4463
f 4515 4463 4597
f 4597 4463 4536
f 4597 4536 4691
f 4691 4536 4685
f 4691 4685 4770
f 4770 4685 4756
f 4770 4756 4814
f 4814 4756 4791
f 4814 4791 4853
f 4853 4791 4880
f 4853 4880 4955
f 4176 4154 4247
f 4247 4154 4210
f 4247 4210 4324
f 4324 4210 4260
f 4324 4260 4463
f 4463 4260 4328
f 4463 4328 4536
f 4536 4328 4517
f 4536 4517 4685
f 4685 4517 4641
f 4685 4641 4756
f 4756 4641 4730
f 4756 4730 4791
f 4791 4730 4822
f 4791 4822 4880
f 4082 4057 4154
f 4154 4057 4093
f 4154 4093 4210
f 4210 4093 4150
f 4210 4150 4260
f 4260 4150 4190
f 4260 4190 4328
f 4328 4190 4273
f 4328 4273 4517
f 4517 4273 4450
f 4517 4450 4641
f 4641 4450 4544
f 4641 4544 4730
f 4730 4544 4738
f 4730 4738 4746
f 4165 4507 4116
f 4116 4507 4544
f 4116 4544 4051
f 4051 4544 4450
f 4051 4450 3999
f 3999 4450 4273
f 3999 4273 3956
f 3956 4273 4190
f 3956 4190 3947
f 3947 4190 4150
f 3947 4150 3923
f 3923 4150 4093
f 3923 4093 3973
f 3973 4093 4057
f 3973 4057 4026
f 4026 4057 4082
f 5054 5044 5009
f 5009 5044 4987
f 5009 4987 4945
f 4945 4987 4903
f 4945 4903 4874
f 4874 4903 4840
f 4874 4840 4803
f 4803 4840 4789
f 4803 4789 4718
f 4718 4789 4587
f 4718 4587 4361
f 4361 4587 4229
f 4361 4229 4086
f 4086 4229 4028
f 4086 4028 3932
f 3932 4028 3853
f 3932 3853 3726
f 3726 3853 3686
f 3726 3686 3673
f 5069 5088 5077
f 5077 5088 5084
f 5077 5084 5062
f 5062 5084 5079
f 5062 5079 5040
f 5040 5079 5050
f 5040 5050 4981
f 4981 5050 4999
f 4981 4999 4923
f 4923 4999 4916
f 4923 4916 4882
f 4882 4916 4883
f 4882 4883 4842
f 4842 4883 4851
f 4842 4851 4786
f 4786 4851 4771
f 4786 4771 4724
f 4724 4771 4565
f 4226 4197 4404
f 4404 4197 4306
f 4404 4306 4565
f 4565 4306 4533
f 4565 4533 4724
f 4724 4533 4707
f 4724 4707 4786
f 4786 4707 4779
f 4786 4779 4842
f 4842 4779 4836
f 4842 4836 4882
f 4882 4836 4870
f 4882 4870 4923
f 4923 4870 4910
f 4923 4910 4981
f 4981 4910 4967
f 4981 4967 5040
f 5040 4967 5018
f 5040 5018 5062
f 5062 5018 5044
f 5062 5044 5077
f 5077 5044 5054
f 5077 5054 5069
f 5069 5054 5014
f 5069 5014 5031
f 5031 5014 4959
f 5031 4959 4955
f 4955 4959 4901
f 4955 4901 4853
f 4853 4901 4865
f 4853 4865 4814
f 4814 4865 4818
f 4814 4818 4770
f 4770 4818 4764
f 4770 4764 4691
f 4691 4764 4719
f 4691 4719 4597
f 4597 4719 4636
f 4597 4636 4515
f 4515 4636 4526
f 4515 4526 4394
f 4394 4526 4361
f 4394 4361 4176
f 4176 4361 4086
f 4176 4086 4082
f 4082 4086 3970
f 4082 3970 4026
f 4026 3970 3954
f 4026 3954 3973
f 3973 3954 3898
f 3973 3898 3923
f 3923 3898 3659
f 3923 3659 3666
f 2389 2460 2378
f 2476 2409 2402
f 3462 3424 3406
f 3304 3185 3056
f 2364 2464 2443
f 3254 3436 3413
f 3413 3436 3463
f 3463 3484 3413
f 3413 3484 3618
f 3413 3618 3728
f 2700 2869 3021
f 2869 2700 2596
f 2464 2596 2443
f 2443 2596 2700
f 2443 2700 2454
f 2454 2700 2683
f 2454 2683 2669
f 1384 1699 1406
f 1406 1699 1768
f 1406 1768 1549
f 1549 1768 1947
f 1549 1947 1566
f 3728 3856 3413
f 3413 3856 3887
f 3413 3887 3363
f 3363 3887 3824
f 3363 3824 3315
f 3315 3824 3713
f 3315 3713 3279
f 3611 3592 3406
f 3406 3592 3530
f 3406 3530 3462
f 3337 3635 3380
f 3380 3635 3625
f 3380 3625 3406
f 3406 3625 3617
f 3406 3617 3611
f 3650 3306 3654
f 3654 3306 3284
f 3654 3284 3659
f 3256 3668 3284
f 3284 3668 3666
f 3284 3666 3659
f 3650 3644 3306
f 3306 3644 3640
f 3306 3640 3337
f 3337 3640 3637
f 3337 3637 3635
f 3021 3254 2700
f 2700 3254 3413
f 2700 3413 2683
f 2683 3413 3363
f 2683 3363 2669
f 2669 3363 3315
f 2669 3315 2657
f 2657 3315 3279
f 2657 3279 2666
f 2666 3279 3256
f 2666 3256 2685
f 2685 3256 3284
f 2685 3284 2743
f 2743 3284 3306
f 2743 3306 2826
f 2826 3306 3337
f 2826 3337 2910
f 2910 3337 3380
f 2910 3380 3056
f 3056 3380 3406
f 3056 3406 3304
f 3304 3406 3424
f 2633 2643 2515
f 2515 2643 2676
f 2515 2676 2525
f 3025 2728 2720
f 2720 2728 2698
f 2515 2513 2633
f 2633 2513 2463
f 2633 2463 2551
f 2551 2463 2388
f 2551 2388 2473
f 2473 2388 2258
f 2473 2258 2378
f 2378 2460 2473
f 2473 2460 2548
f 2473 2548 2551
f 2551 2548 2662
f 2551 2662 2633
f 2633 2662 2720
f 2633 2720 2643
f 2643 2720 2698
f 2643 2698 2676
f 2121 2080 2212
f 2212 2080 2072
f 2212 2072 2166
f 2166 2072 2023
f 2166 2023 2152
f 2152 2023 1973
f 2152 1973 2109
f 2109 1973 1914
f 2109 1914 1947
f 1947 1914 1611
f 1947 1611 1566
f 2525 2476 2515
f 2515 2476 2402
f 2515 2402 2513
f 2513 2402 2333
f 2513 2333 2463
f 2463 2333 2286
f 2463 2286 2388
f 2388 2286 2236
f 2388 2236 2258
f 2258 2236 2169
f 2258 2169 2378
f 2378 2169 2248
f 2378 2248 2389
f 2389 2248 2324
f 2169 2121 2248
f 2248 2121 2212
f 2248 2212 2324
f 2324 2212 2166
f 2324 2166 2284
f 2284 2166 2152
f 2284 2152 2255
f 2255 2152 2109
f 2255 2109 2214
f 2214 2109 1947
f 2214 1947 2150
f 2150 1947 1768
f 2150 1768 2015
f 2015 1768 1699
f 2015 1699 1627
f 1627 1699 1384
f 1627 1384 1315
f 3713 3699 3279
f 3279 3699 3690
f 3279 3690 3256
f 3256 3690 3677
f 3256 3677 3668
f 2015 2364 2150
f 2150 2364 2443
f 2150 2443 2214
f 2214 2443 2454
f 2214 2454 2255
f 2255 2454 2669
f 2255 2669 2284
f 2284 2669 2657
f 2284 2657 2324
f 2324 2657 2666
f 2324 2666 2389
f 2389 2666 2685
f 2389 2685 2460
f 2460 2685 2743
f 2460 2743 2548
f 2548 2743 2826
f 2548 2826 2662
f 2662 2826 2910
f 2662 2910 2720
f 2720 2910 3056
f 2720 3056 3025
f 3025 3056 3185
f 2466 2377 2256
f 2386 2461 2549
f 2727 2792 2640
f 1389 1311 1380
f 1389 1380 1764
f 2670 2429 2438
f 2438 2429 2146
f 3435 3322 2697
f 2697 3322 2914
f 2697 2914 2670
f 3886 3765 3412
f 3765 3729 3412
f 3412 3729 3665
f 3412 3665 3499
f 3277 3698 3313
f 3313 3698 3712
f 3313 3712 3360
f 3360 3712 3822
f 3360 3822 3412
f 3412 3822 3873
f 3412 3873 3886
f 2670 2438 2697
f 2697 2438 2452
f 2697 2452 2682
f 2254 2452 2211
f 2211 2452 2438
f 2211 2438 2147
f 2147 2438 2146
f 2147 2146 1696
f 1696 2146 1764
f 1545 1945 1404
f 1404 1945 1760
f 1404 1760 1380
f 2414 2470 2514
f 2514 2470 2583
f 2514 2583 2640
f 2640 2583 2635
f 2640 2635 2727
f 3022 2719 2792
f 2792 2719 2632
f 2792 2632 2640
f 2640 2632 2512
f 2640 2512 2514
f 2719 2549 2632
f 2632 2549 2461
f 2632 2461 2512
f 2512 2461 2328
f 2512 2328 2395
f 2407 2414 2410
f 2410 2414 2514
f 2410 2514 2397
f 2397 2514 2512
f 2397 2512 2396
f 2396 2512 2395
f 1764 1380 1696
f 1696 1380 1760
f 1696 1760 2147
f 2147 1760 1945
f 2147 1945 2211
f 2211 1945 2103
f 2211 2103 2254
f 2254 2103 2149
f 2254 2149 2282
f 2282 2149 2164
f 2282 2164 2319
f 2319 2164 2210
f 2319 2210 2387
f 2387 2210 2246
f 2387 2246 2459
f 2459 2246 2377
f 2459 2377 2543
f 2543 2377 2466
f 2543 2466 2659
f 2160 2233 2386
f 2386 2233 2278
f 2386 2278 2461
f 2461 2278 2318
f 2461 2318 2328
f 2682 2452 2667
f 2667 2452 2254
f 2667 2254 2654
f 2654 2254 2282
f 2654 2282 2664
f 2664 2282 2319
f 2664 2319 2684
f 2684 2319 2387
f 2684 2387 2742
f 2742 2387 2459
f 2742 2459 2825
f 2825 2459 2543
f 2825 2543 2905
f 2905 2543 2659
f 2905 2659 3055
f 3405 3364 3460
f 3624 3634 3376
f 3376 3634 3336
f 3624 3376 3615
f 3615 3376 3405
f 3615 3405 3610
f 3610 3405 3460
f 3610 3460 3591
f 3634 3638 3336
f 3336 3638 3643
f 3336 3643 3305
f 3305 3643 3646
f 3305 3646 3282
f 3282 3646 3652
f 3652 3658 3282
f 3282 3658 3664
f 3282 3664 3255
f 3664 3667 3255
f 3255 3667 3676
f 3255 3676 3277
f 3277 3676 3689
f 3277 3689 3698
f 3022 3055 2719
f 2719 3055 2659
f 2719 2659 2549
f 2549 2659 2466
f 2549 2466 2386
f 2386 2466 2256
f 2386 2256 2160
f 2160 2256 2377
f 2160 2377 2119
f 2119 2377 2246
f 2119 2246 2069
f 2069 2246 2210
f 2069 2210 2051
f 2051 2210 2164
f 2051 2164 2001
f 2001 2164 2149
f 2001 2149 1972
f 1972 2149 2103
f 1972 2103 1843
f 1843 2103 1945
f 1843 1945 1643
f 1643 1945 1545
f 3499 3435 3412
f 3412 3435 2697
f 3412 2697 3360
f 3360 2697 2682
f 3360 2682 3313
f 3313 2682 2667
f 3313 2667 3277
f 3277 2667 2654
f 3277 2654 3255
f 3255 2654 2664
f 3255 2664 3282
f 3282 2664 2684
f 3282 2684 3305
f 3305 2684 2742
f 3305 2742 3336
f 3336 2742 2825
f 3336 2825 3376
f 3376 2825 2905
f 3376 2905 3405
f 3405 2905 3055
f 3405 3055 3364
f 3364 3055 3022
f 4114 4151 4219
f 3775 3922 3955
f 3667 3664 3775
f 4790 4821 4745
f 4879 4821 4852
f 4852 4821 4790
f 4852 4790 4755
f 5113 5109 5101
f 5101 5109 5098
f 3615 3610 3725
f 3725 3610 3591
f 3638 3634 3818
f 3818 3634 3624
f 3868 3643 3638
f 3894 3652 3646
f 3823 3689 3676
f 3689 3823 3698
f 4301 4162 4115
f 4115 4162 4002
f 4115 4002 3916
f 3886 3873 3896
f 3896 3873 3916
f 4736 4626 4543
f 4543 4626 4301
f 5043 4944 4986
f 4986 4944 4872
f 4986 4872 4902
f 5076 5053 5008
f 5008 5053 4962
f 5008 4962 4897
f 4897 4962 4860
f 4897 4860 4800
f 4800 4860 4763
f 4800 4763 4717
f 5053 5013 4962
f 4962 5013 4904
f 4962 4904 4860
f 4860 4904 4817
f 4860 4817 4763
f 4763 4817 4689
f 4763 4689 4717
f 4745 4728 4790
f 4790 4728 4639
f 4790 4639 4755
f 4755 4639 4514
f 4954 4879 4900
f 4900 4879 4852
f 4900 4852 4813
f 4813 4852 4755
f 4813 4755 4684
f 4684 4755 4514
f 4684 4514 4327
f 4092 4327 4188
f 4188 4327 4514
f 4188 4514 4270
f 4270 4514 4639
f 4270 4639 4447
f 4447 4639 4728
f 4447 4728 4543
f 4543 4728 4745
f 4543 4745 4736
f 3959 4032 3883
f 3883 4032 3952
f 3883 3952 3847
f 3847 3952 3797
f 4354 4175 4227
f 4227 4175 4084
f 4227 4084 4123
f 4634 4513 4524
f 4524 4513 4246
f 3968 4084 4081
f 4081 4084 4175
f 4081 4175 4246
f 4246 4175 4354
f 4246 4354 4524
f 3591 3672 3725
f 3725 3672 3678
f 3725 3678 3850
f 3850 3678 3742
f 3850 3742 3952
f 3952 3742 3761
f 3952 3761 3797
f 4123 4084 4027
f 4027 4084 3968
f 4027 3968 3931
f 3931 3968 3818
f 3931 3818 3770
f 3770 3818 3624
f 3770 3624 3615
f 3615 3725 3770
f 3770 3725 3850
f 3770 3850 3931
f 3931 3850 3952
f 3931 3952 4027
f 4027 3952 4032
f 4027 4032 4123
f 3638 3818 3868
f 3868 3818 3968
f 3868 3968 4025
f 4025 3968 4081
f 4025 4081 4153
f 4153 4081 4246
f 4153 4246 4323
f 4323 4246 4513
f 4323 4513 4689
f 4689 4513 4634
f 4689 4634 4717
f 5013 4958 4904
f 4904 4958 4864
f 4904 4864 4817
f 4817 4864 4769
f 4817 4769 4689
f 4689 4769 4535
f 4689 4535 4323
f 4323 4535 4208
f 4323 4208 4153
f 4153 4208 4055
f 4153 4055 4025
f 4025 4055 3894
f 4025 3894 3868
f 3868 3894 3646
f 3868 3646 3643
f 4301 4115 4543
f 4543 4115 4050
f 4543 4050 4447
f 4447 4050 3996
f 4447 3996 4270
f 4270 3996 4061
f 4270 4061 4188
f 4188 4061 4003
f 4188 4003 4092
f 3712 3698 3955
f 3955 3698 3823
f 3955 3823 3775
f 3775 3823 3676
f 3775 3676 3667
f 3916 3873 4115
f 4115 3873 3822
f 4115 3822 4050
f 4050 3822 3712
f 4050 3712 3996
f 3996 3712 3955
f 3996 3955 4061
f 4061 3955 3922
f 4061 3922 4003
f 5076 5068 5053
f 5053 5068 5030
f 5053 5030 5013
f 5013 5030 4954
f 5013 4954 4958
f 4958 4954 4900
f 4958 4900 4864
f 4864 4900 4813
f 4864 4813 4769
f 4769 4813 4684
f 4769 4684 4535
f 4535 4684 4327
f 4535 4327 4208
f 4208 4327 4092
f 4208 4092 4055
f 4055 4092 4003
f 4055 4003 3894
f 3894 4003 3922
f 3894 3922 3652
f 3652 3922 3775
f 3652 3775 3658
f 3658 3775 3664
f 4305 4192 4196
f 4305 4196 4403
f 4403 4196 4261
f 4403 4261 4451
f 4532 4305 4563
f 4563 4305 4403
f 4563 4403 4556
f 4556 4403 4451
f 4706 4722 4785
f 4151 4192 4219
f 4219 4192 4305
f 4219 4305 4426
f 4426 4305 4532
f 4426 4532 4591
f 4722 4771 4785
f 4785 4771 4851
f 4785 4851 4841
f 4841 4851 4883
f 4841 4883 4881
f 4881 4883 4916
f 4881 4916 4922
f 4922 4916 4999
f 4922 4999 4980
f 4980 4999 5056
f 4980 5056 5049
f 5049 5056 5071
f 5049 5071 5080
f 5080 5071 5082
f 5080 5082 5101
f 5101 5082 5093
f 5101 5093 5113
f 5087 5083 5094
f 5094 5083 5061
f 5094 5061 5078
f 5078 5061 5017
f 5078 5017 5039
f 5039 5017 4932
f 5039 4932 4966
f 4966 4932 4888
f 4966 4888 4909
f 4909 4888 4856
f 4909 4856 4869
f 4869 4856 4811
f 4869 4811 4835
f 4835 4811 4760
f 4835 4760 4778
f 4778 4760 4706
f 4706 4785 4778
f 4778 4785 4841
f 4778 4841 4835
f 4835 4841 4881
f 4835 4881 4869
f 4869 4881 4922
f 4869 4922 4909
f 4909 4922 4980
f 4909 4980 4966
f 4966 4980 5049
f 4966 5049 5039
f 5039 5049 5080
f 5039 5080 5078
f 5078 5080 5101
f 5078 5101 5094
f 5094 5101 5098
f 5094 5098 5087
f 4022 4114 4119
f 4119 4114 4219
f 4119 4219 4240
f 4240 4219 4426
f 4240 4426 4452
f 4452 4426 4591
f 4452 4591 4586
f 4586 4591 4739
f 4586 4739 4716
f 4716 4739 4788
f 4716 4788 4802
f 4802 4788 4839
f 4802 4839 4872
f 4872 4839 4868
f 4872 4868 4902
f 4944 4847 4872
f 4872 4847 4804
f 4872 4804 4802
f 4802 4804 4772
f 4802 4772 4716
f 4556 4771 4563
f 4563 4771 4722
f 4563 4722 4532
f 4532 4722 4706
f 4532 4706 4591
f 4591 4706 4760
f 4591 4760 4739
f 4739 4760 4811
f 4739 4811 4788
f 4788 4811 4856
f 4788 4856 4839
f 4839 4856 4888
f 4839 4888 4868
f 4868 4888 4932
f 4868 4932 4902
f 4902 4932 5017
f 4902 5017 4986
f 4986 5017 5061
f 4986 5061 5043
f 5043 5061 5083
f 5087 5068 5083
f 5083 5068 5076
f 5083 5076 5043
f 5043 5076 5008
f 5043 5008 4944
f 4944 5008 4897
f 4944 4897 4847
f 4847 4897 4800
f 4847 4800 4804
f 4804 4800 4717
f 4804 4717 4772
f 4772 4717 4634
f 4772 4634 4716
f 4716 4634 4524
f 4716 4524 4586
f 4586 4524 4354
f 4586 4354 4452
f 4452 4354 4227
f 4452 4227 4240
f 4240 4227 4123
f 4240 4123 4119
f 4119 4123 4032
f 4119 4032 4022
f 4022 4032 3959
f 3508 3442 3515
f 3589 3351 3368
f 3508 3515 3577
f 3577 3515 3589
f 3577 3589 3657
f 3657 3589 3368
f 3657 3368 3388
f 4181 4056 3329
f 3183 3184 3245
f 3245 3184 3260
f 3260 3184 3329
f 3329 3184 4202
f 3329 4202 4181
f 3657 3388 3401
f 3657 3401 3792
f 3792 3401 3382
f 3792 3382 3946
f 3946 3382 3329
f 3946 3329 4024
f 4024 3329 4056
f 4472 4473 4296
f 4402 4471 4472
f 4402 4472 4288
f 4288 4472 4296
f 4288 4296 4248
f 4202 4204 4296
f 4296 4204 4221
f 4296 4221 4248
f 4202 3184 3060
f 3060 3184 3142
f 3060 3142 3059
f 3491 4232 3447
f 3447 4232 4471
f 3447 4471 3357
f 3357 4471 4402
f 3357 4402 3296
f 3296 4402 4288
f 3296 4288 3237
f 3237 4288 4248
f 3237 4248 3219
f 3219 4248 4221
f 3219 4221 3168
f 3168 4221 4204
f 3168 4204 3077
f 3077 4204 4202
f 3077 4202 3061
f 3061 4202 3060
f 3491 3510 4232
f 4232 3510 3688
f 4232 3688 3838
f 2725 2726 2533
f 2725 2533 2532
f 2532 2533 2405
f 2532 2405 2404
f 2404 2405 2357
f 2404 2357 2351
f 3437 3438 3440
f 3440 3438 3442
f 3102 3083 3101
f 3160 3162 3165
f 3165 3162 3164
f 3165 3164 3163
f 3163 3164 3161
f 3161 3158 3151
f 3151 3158 3148
f 3151 3148 3144
f 3144 3148 3139
f 3139 3135 3131
f 3131 3135 3123
f 3131 3123 3110
f 3110 3123 3104
f 3110 3104 3096
f 3096 3104 3089
f 3096 3089 3086
f 3146 3145 3159
f 3159 3145 3153
f 3159 3153 3160
f 3102 3101 3122
f 3146 3140 3145
f 3145 3140 3136
f 3145 3136 3134
f 3134 3136 3122
f 3134 3122 3119
f 3119 3122 3101
f 3076 3069 3091
f 3083 3084 3078
f 3078 3084 3075
f 3078 3075 3070
f 3086 3074 3084
f 3084 3074 3072
f 3084 3072 3075
f 3070 3075 3069
f 3069 3075 3085
f 3069 3085 3091
f 3094 3093 3091
f 3091 3093 3087
f 3091 3087 3076
f 3093 3094 3105
f 3093 3105 3103
f 3103 3105 3108
f 3103 3108 3113
f 3113 3115 3103
f 3103 3115 3114
f 3103 3114 3107
f 3107 3114 3112
f 2073 3132 2024
f 2024 3132 2026
f 2088 2048 3132
f 3132 2048 2030
f 3132 2030 2026
f 2073 2079 3132
f 3132 2079 2209
f 3132 2209 2413
f 2462 2240 3132
f 3132 2240 2141
f 3132 2141 2088
f 2995 3130 2859
f 2859 3130 3132
f 2859 3132 2634
f 2634 3132 2413
f 3133 2975 3132
f 3132 2975 2673
f 3132 2673 2462
f 1349 1353 1212
f 1998 2066 1816
f 1407 1398 1426
f 1147 1088 1212
f 858 850 690
f 1180 1169 1235
f 612 603 634
f 623 626 674
f 674 626 625
f 612 634 625
f 623 674 609
f 609 674 610
f 609 610 599
f 599 610 607
f 599 607 637
f 607 655 637
f 637 655 708
f 637 708 747
f 747 708 745
f 747 745 822
f 822 849 747
f 747 849 869
f 747 869 888
f 625 634 674
f 674 634 673
f 674 673 820
f 820 673 851
f 820 851 853
f 853 851 1092
f 853 1092 1168
f 1229 1363 1245
f 1245 1363 1176
f 1245 1176 1164
f 1092 1183 1168
f 1168 1183 1248
f 1168 1248 1219
f 1219 1248 1402
f 1164 1176 877
f 877 1176 897
f 877 897 871
f 871 897 700
f 700 897 725
f 700 725 665
f 665 725 653
f 653 725 690
f 653 690 661
f 715 741 661
f 741 715 861
f 861 715 878
f 861 878 1005
f 1169 1180 878
f 878 1180 1103
f 878 1103 1005
f 1316 1348 1213
f 1213 1220 1316
f 1316 1220 1235
f 1316 1235 1233
f 1233 1235 1169
f 1233 1169 1206
f 1078 1093 1172
f 1172 1093 1170
f 1057 1078 1197
f 1197 1078 1172
f 1197 1172 1348
f 1348 1172 1170
f 1348 1170 1213
f 1216 1201 1071
f 1239 1216 1230
f 1230 1216 1191
f 1056 1071 992
f 992 1071 917
f 992 917 904
f 1056 1085 1071
f 1071 1085 1165
f 1071 1165 1216
f 1216 1165 1171
f 1216 1171 1191
f 661 690 715
f 715 690 850
f 715 850 863
f 858 690 903
f 903 690 725
f 903 725 1001
f 1001 725 897
f 1001 897 1074
f 1357 1332 1353
f 1426 1398 1353
f 1353 1398 1366
f 1353 1366 1357
f 1332 1256 1353
f 1353 1256 1199
f 1353 1199 1192
f 1192 1189 1353
f 1353 1189 1177
f 1353 1177 1212
f 1212 1177 1159
f 1212 1159 1147
f 1411 1338 1321
f 1321 1334 1411
f 1411 1334 1351
f 1411 1351 1509
f 1351 1387 1509
f 1509 1387 1405
f 1509 1405 1408
f 1268 1242 1241
f 1249 1227 1240
f 1240 1227 1222
f 1240 1222 1241
f 1241 1222 1234
f 1241 1234 1268
f 1268 1234 1243
f 1268 1243 1338
f 1338 1243 1274
f 1338 1274 1321
f 1490 1336 1440
f 1440 1336 1323
f 1440 1323 1365
f 1365 1323 1292
f 1365 1292 1327
f 1327 1292 1283
f 1327 1283 1298
f 1298 1283 1251
f 1298 1251 1249
f 1249 1251 1231
f 1249 1231 1227
f 1660 1496 1465
f 1660 1465 1546
f 1546 1465 1419
f 1546 1419 1490
f 1490 1419 1337
f 1490 1337 1336
f 2167 2027 2047
f 2047 2027 1891
f 2066 1834 1816
f 1816 1834 1750
f 1816 1750 1622
f 2125 2159 2193
f 2193 2159 2187
f 2193 2187 2302
f 2302 2187 2167
f 2302 2167 2176
f 2176 2167 2047
f 2176 2047 2066
f 2066 2047 1891
f 2066 1891 1834
f 1496 1660 1622
f 1622 1660 1810
f 1622 1810 1816
f 1816 1810 1936
f 1816 1936 1998
f 1408 1407 1509
f 1509 1407 1426
f 1509 1426 1596
f 1795 1641 1583
f 2033 2250 2020
f 2020 2250 2175
f 2020 2175 2056
f 2041 2059 2033
f 2033 2059 2163
f 2033 2163 2250
f 1908 1953 1805
f 1805 1953 2041
f 1805 2041 1751
f 1591 1743 1582
f 1582 1743 1853
f 1582 1853 1520
f 1591 1363 1402
f 1402 1363 1229
f 1402 1229 1219
f 2041 2033 1751
f 1751 2033 2020
f 1751 2020 1757
f 1757 2020 2056
f 1757 2056 1802
f 1802 2056 1961
f 1802 1961 1926
f 1216 1206 1201
f 1201 1206 1169
f 1201 1169 1071
f 1071 1169 878
f 1071 878 917
f 917 878 715
f 917 715 904
f 904 715 863
f 1926 1795 1802
f 1802 1795 1583
f 1802 1583 1757
f 1757 1583 1507
f 1757 1507 1751
f 1751 1507 1520
f 1751 1520 1805
f 1805 1520 1853
f 1805 1853 1908
f 1147 1074 1088
f 1088 1074 897
f 1088 897 1212
f 1212 897 1176
f 1212 1176 1349
f 1349 1176 1363
f 1591 1582 1363
f 1363 1582 1520
f 1363 1520 1349
f 1349 1520 1507
f 1349 1507 1353
f 1353 1507 1583
f 1353 1583 1426
f 1426 1583 1641
f 1426 1641 1596
f 4736 4745 4757
f 4757 4745 4780
f 5111 5114 5108
f 4978 5037 5041
f 4896 4885 4843
f 4843 4885 4854
f 4843 4854 4780
f 4780 4854 4796
f 5041 4984 4978
f 4978 4984 4970
f 4978 4970 4896
f 4896 4970 4906
f 4896 4906 4885
f 5091 5085 5072
f 5072 5085 5074
f 5072 5074 5037
f 5037 5074 5057
f 5037 5057 5041
f 5108 5106 5111
f 5111 5106 5104
f 5111 5104 5100
f 5100 5104 5096
f 5100 5096 5091
f 5091 5096 5089
f 5091 5089 5085
f 5113 5114 5109
f 5109 5114 5111
f 5109 5111 5098
f 5098 5111 5100
f 5098 5100 5087
f 5087 5100 5091
f 5087 5091 5068
f 5068 5091 5072
f 5068 5072 5030
f 5030 5072 5037
f 5030 5037 4954
f 4954 5037 4978
f 4954 4978 4879
f 4879 4978 4896
f 4879 4896 4821
f 4821 4896 4843
f 4821 4843 4745
f 4745 4843 4780
f 4837 4796 4854
f 4798 4838 4855
f 4855 4838 4893
f 4855 4893 4887
f 4887 4893 4921
f 4887 4921 4907
f 5052 5075 5020
f 5020 5075 5058
f 5020 5058 5007
f 5007 5058 5042
f 5007 5042 4972
f 4972 5042 4985
f 4972 4985 4921
f 4921 4985 4973
f 4921 4973 4907
f 5065 5090 5052
f 5052 5090 5086
f 5052 5086 5075
f 5070 5107 5067
f 5067 5107 5105
f 5067 5105 5065
f 5065 5105 5097
f 5065 5097 5090
f 5066 5106 5070
f 5070 5106 5108
f 5070 5108 5107
f 5051 5089 5064
f 5064 5089 5096
f 5064 5096 5066
f 5066 5096 5104
f 5066 5104 5106
f 4968 5041 5006
f 5006 5041 5057
f 5006 5057 5019
f 5019 5057 5074
f 5019 5074 5051
f 5051 5074 5085
f 5051 5085 5089
f 4885 4906 4920
f 4920 4906 4970
f 4920 4970 4968
f 4968 4970 4984
f 4968 4984 5041
f 4885 4920 4854
f 4854 4920 4891
f 4854 4891 4837
f 5038 4979 4985
f 4781 4798 4844
f 4844 4798 4855
f 4844 4855 4898
f 5112 5107 5114
f 5114 5107 5108
f 5092 5090 5102
f 5102 5090 5097
f 5102 5097 5112
f 5112 5097 5105
f 5112 5105 5107
f 4985 5042 5038
f 5038 5042 5058
f 5038 5058 5073
f 5073 5058 5075
f 5073 5075 5092
f 5092 5075 5086
f 5092 5086 5090
f 4855 4887 4898
f 4898 4887 4907
f 4898 4907 4979
f 4979 4907 4973
f 4979 4973 4985
f 4746 4781 4822
f 4822 4781 4844
f 4822 4844 4880
f 4880 4844 4898
f 4880 4898 4955
f 4955 4898 4979
f 4955 4979 5031
f 5031 4979 5038
f 5031 5038 5069
f 5069 5038 5073
f 5069 5073 5088
f 5088 5073 5092
f 5088 5092 5099
f 5099 5092 5102
f 5099 5102 5110
f 5110 5102 5112
f 5110 5112 5113
f 5113 5112 5114
f 4781 4746 4758
f 4758 4746 4738
f 3897 4037 4108
f 3098 2665 3080
f 3854 3779 3895
f 4037 3897 4004
f 3960 4004 3855
f 3855 4004 3897
f 3855 3897 3780
f 3780 3897 3704
f 3846 3974 3692
f 3692 3974 3895
f 3692 3895 3703
f 3703 3895 3779
f 3562 3693 3416
f 3416 3693 3475
f 3416 3475 3080
f 3703 3561 3692
f 3692 3561 3531
f 3692 3531 3377
f 4261 4196 4230
f 4230 4196 4066
f 4230 4066 4226
f 3562 3704 3693
f 3693 3704 3897
f 3693 3897 3975
f 3975 3897 4108
f 3975 4108 4066
f 4066 4108 4197
f 4066 4197 4226
f 4192 4151 3974
f 3974 4151 4114
f 3974 4114 3895
f 3895 4114 4022
f 3895 4022 3854
f 3854 4022 3959
f 3531 3262 3377
f 3377 3262 3098
f 3377 3098 3221
f 3221 3098 3080
f 3221 3080 3377
f 3377 3080 3475
f 3377 3475 3692
f 3692 3475 3693
f 3692 3693 3846
f 3846 3693 3975
f 3846 3975 3974
f 3974 3975 4066
f 3974 4066 4192
f 4192 4066 4196
f 3185 3304 3330
f 2871 3080 2665
f 2808 2571 2626
f 3507 3608 3694
f 3694 3608 3771
f 3694 3771 3855
f 3528 3573 3385
f 3424 3462 3488
f 3488 3462 3530
f 3585 3470 3433
f 3855 3780 3694
f 3694 3780 3585
f 3694 3585 3507
f 3507 3585 3433
f 3507 3433 3409
f 2588 2571 2839
f 2839 2571 2808
f 2839 2808 3203
f 3470 3156 3433
f 3433 3156 3097
f 3433 3097 3409
f 2728 3025 2723
f 2723 3025 3043
f 2723 3043 2715
f 2715 3043 2689
f 2651 2689 3048
f 3048 2689 3043
f 3048 3043 3330
f 3330 3043 3025
f 3330 3025 3185
f 2626 2651 3052
f 3052 2651 3048
f 3052 3048 3356
f 3356 3048 3330
f 3356 3330 3488
f 3488 3330 3304
f 3488 3304 3424
f 3528 3686 3710
f 3097 3064 3409
f 3409 3064 3385
f 3409 3385 3507
f 3507 3385 3573
f 3507 3573 3608
f 3608 3573 3697
f 3608 3697 3771
f 3528 3710 3573
f 3573 3710 3744
f 3573 3744 3697
f 3697 3744 3849
f 3697 3849 3771
f 3771 3849 3960
f 3771 3960 3855
f 2665 2588 2871
f 2871 2588 2839
f 2871 2839 3080
f 3080 2839 3203
f 3080 3203 3416
f 3416 3203 3504
f 3416 3504 3562
f 3562 3504 3704
f 3592 3673 3530
f 3530 3673 3686
f 3530 3686 3488
f 3488 3686 3528
f 3488 3528 3356
f 3356 3528 3385
f 3356 3385 3052
f 3052 3385 3064
f 3052 3064 2626
f 2626 3064 3097
f 2626 3097 2808
f 2808 3097 3156
f 2808 3156 3203
f 3203 3156 3470
f 3203 3470 3504
f 3504 3470 3585
f 3504 3585 3704
f 3704 3585 3780
f 1890 1683 1981
f 2660 2676 2698
f 2434 2111 2523
f 2523 2111 2264
f 2523 2264 2593
f 2593 2264 2427
f 2593 2427 2660
f 2660 2427 2528
f 2660 2528 2676
f 2676 2528 2525
f 2300 2267 1609
f 1609 2267 2277
f 924 1182 1449
f 1449 1182 1683
f 1449 1683 1645
f 1645 1683 1890
f 1645 1890 1909
f 2383 2300 1721
f 1721 2300 1609
f 1721 1609 1458
f 1458 1609 1356
f 1458 1356 1280
f 1280 1356 1144
f 614 667 1144
f 1144 667 713
f 1144 713 1280
f 713 924 1280
f 1280 924 1449
f 1280 1449 1458
f 1458 1449 1645
f 1458 1645 1721
f 1721 1645 1909
f 1721 1909 2383
f 2409 2476 2283
f 2283 2476 2394
f 2283 2394 2019
f 2019 2394 2218
f 2019 2218 1758
f 1758 2218 1981
f 1758 1981 1553
f 1553 1981 1683
f 1553 1683 1483
f 1483 1683 1182
f 2665 2648 2588
f 2588 2648 2279
f 2626 2434 2651
f 2651 2434 2523
f 2651 2523 2689
f 2689 2523 2593
f 2689 2593 2715
f 2715 2593 2660
f 2715 2660 2723
f 2723 2660 2698
f 2723 2698 2728
f 2277 1992 1609
f 1609 1992 1562
f 1609 1562 1356
f 1356 1562 1423
f 1356 1423 1144
f 1144 1423 970
f 1144 970 614
f 2476 2525 2394
f 2394 2525 2528
f 2394 2528 2218
f 2218 2528 2427
f 2218 2427 1981
f 1981 2427 2264
f 1981 2264 1890
f 1890 2264 2111
f 1890 2111 1909
f 1909 2111 2434
f 1909 2434 2383
f 2383 2434 2626
f 2383 2626 2300
f 2300 2626 2571
f 2300 2571 2267
f 2267 2571 2588
f 2267 2588 2277
f 2277 2588 2279
f 2277 2279 1992
f 2414 2407 2225
f 1888 2110 2263
f 2635 2583 2526
f 2647 2579 2266
f 2276 1562 1992
f 2665 2647 2648
f 2648 2647 2276
f 2648 2276 2279
f 2279 2276 1992
f 2573 2623 2382
f 2727 2635 2658
f 2658 2635 2526
f 2658 2526 2592
f 2592 2526 2426
f 2592 2426 2522
f 2522 2426 2263
f 2522 2263 2433
f 2433 2263 2110
f 2470 2414 2390
f 2390 2414 2225
f 2390 2225 2216
f 2216 2225 2031
f 2216 2031 1978
f 1978 2031 1779
f 1978 1779 1680
f 1680 1779 1481
f 614 970 641
f 641 970 1141
f 2647 2266 2276
f 2276 2266 1608
f 2276 1608 1562
f 1562 1608 1355
f 1562 1355 1423
f 970 1423 1141
f 1141 1423 1355
f 1141 1355 1279
f 2573 2382 2299
f 2299 2382 1907
f 2299 1907 1720
f 1720 1907 1644
f 1720 1644 1457
f 1457 1644 1448
f 1457 1448 1279
f 1279 1355 1457
f 1457 1355 1608
f 1457 1608 1720
f 1720 1608 2266
f 1720 2266 2299
f 2299 2266 2579
f 2299 2579 2573
f 1481 1354 1448
f 1448 1354 1258
f 1448 1258 1279
f 1279 1258 907
f 1279 907 1141
f 1141 907 666
f 1141 666 641
f 2583 2470 2526
f 2526 2470 2390
f 2526 2390 2426
f 2426 2390 2216
f 2426 2216 2263
f 2263 2216 1978
f 2263 1978 1888
f 1888 1978 1680
f 1481 1448 1680
f 1680 1448 1644
f 1680 1644 1888
f 1888 1644 1907
f 1888 1907 2110
f 2110 1907 2382
f 2110 2382 2433
f 2433 2382 2623
f 2433 2623 2522
f 2522 2623 2668
f 2522 2668 2592
f 2592 2668 2686
f 2592 2686 2658
f 2658 2686 2710
f 2658 2710 2727
f 1240 1241 478
f 1193 1260 1249
f 533 601 1249
f 1249 601 852
f 1249 852 1193
f 1240 478 1249
f 1249 478 484
f 1249 484 533
f 1440 1365 1260
f 1660 1546 1388
f 1388 1546 1260
f 1260 1546 1490
f 1260 1490 1440
f 1365 1327 1260
f 1260 1327 1298
f 1260 1298 1249
f 2298 2302 2176
f 2302 2298 2315
f 2326 2327 2298
f 2298 2327 2325
f 2298 2325 2315
f 2291 2304 2298
f 2298 2304 2321
f 2298 2321 2326
f 1996 2052 2176
f 2176 2052 2203
f 2176 2203 2298
f 2298 2203 2274
f 2298 2274 2291
f 1388 1540 1660
f 1660 1540 1640
f 1660 1640 1810
f 1810 1640 1704
f 1810 1704 1936
f 1936 1704 1886
f 1936 1886 1998
f 1998 1886 1996
f 1998 1996 2066
f 2066 1996 2176
f 479 478 1195
f 1195 478 1241
f 1195 1241 1242
f 1596 1641 1597
f 1597 1641 1795
f 1597 1795 1679
f 1679 1795 1926
f 1679 1926 1844
f 1844 1926 1961
f 1844 1961 1948
f 1948 1961 2056
f 1948 2056 2089
f 2089 2056 2175
f 2175 2250 2242
f 2242 2268 2259
f 2259 2247 2242
f 2242 2247 2239
f 2242 2239 2175
f 2175 2239 2229
f 2175 2229 2089
f 2275 2268 2269
f 2269 2268 2242
f 2269 2242 2262
f 2262 2242 2250
f 1195 1242 1268
f 1179 1268 1338
f 1338 1411 1179
f 1179 1411 1509
f 1179 1509 1359
f 1359 1509 1596
f 1359 1596 1510
f 1510 1596 1597
f 1268 1179 1195
f 1195 1179 818
f 1195 818 598
f 598 531 1195
f 1195 531 480
f 1195 480 479
f 2806 3152 3092
f 2792 2727 2710
f 3503 3607 3571
f 3432 3467 3584
f 3531 3561 3502
f 3502 3561 3703
f 3467 3502 3584
f 3584 3502 3703
f 3584 3703 3691
f 3691 3703 3779
f 3691 3779 3769
f 3769 3779 3854
f 3769 3854 3883
f 3883 3854 3959
f 3022 2792 3042
f 3042 2792 2710
f 3042 2710 3047
f 3047 2710 2686
f 3047 2686 3051
f 3051 2686 2668
f 3051 2668 3063
f 3063 2668 2623
f 3098 3262 2870
f 2870 3262 3202
f 3152 2806 3202
f 3202 2806 2838
f 3202 2838 2870
f 3432 3092 3467
f 3467 3092 3152
f 3467 3152 3502
f 3502 3152 3202
f 3502 3202 3531
f 3531 3202 3262
f 3591 3460 3672
f 3672 3460 3487
f 3672 3487 3678
f 3678 3487 3527
f 3678 3527 3742
f 3742 3527 3571
f 3742 3571 3696
f 3696 3571 3607
f 3847 3797 3696
f 3696 3797 3761
f 3696 3761 3742
f 3883 3847 3769
f 3769 3847 3696
f 3769 3696 3691
f 3691 3696 3607
f 3691 3607 3584
f 3584 3607 3503
f 3584 3503 3432
f 3364 3022 3327
f 3327 3022 3042
f 3327 3042 3355
f 3355 3042 3047
f 3355 3047 3384
f 3384 3047 3051
f 3384 3051 3408
f 3408 3051 3063
f 2665 3098 2647
f 2647 3098 2870
f 2647 2870 2579
f 2579 2870 2838
f 2579 2838 2573
f 2573 2838 2806
f 2573 2806 2623
f 2623 2806 3092
f 2623 3092 3063
f 3063 3092 3432
f 3063 3432 3408
f 3408 3432 3503
f 3408 3503 3384
f 3384 3503 3571
f 3384 3571 3355
f 3355 3571 3527
f 3355 3527 3327
f 3327 3527 3487
f 3327 3487 3364
f 3364 3487 3460
f 3170 2785 3178
f 3178 2785 2887
f 3178 2887 3183
f 3183 2887 3031
f 3183 3031 3038
f 3038 3059 3183
f 3183 3059 3142
f 3183 3142 3184
f 3170 2789 2785
f 2785 2789 2540
f 2785 2540 2541
f 2541 2540 2400
f 2541 2400 2401
f 2401 2400 2358
f 2401 2358 2363
f 3509 3510 3489
f 3489 3510 3491
f 3491 3447 3489
f 3489 3447 3446
f 3489 3446 3445
f 2355 2351 2357
f 2363 2358 2356
f 2341 2340 2342
f 2342 2340 2343
f 2342 2343 2344
f 2344 2343 2345
f 2344 2345 2346
f 2346 2345 2347
f 2346 2347 2348
f 2348 2347 2349
f 2348 2349 2350
f 2350 2349 2352
f 2350 2352 2353
f 2353 2352 2354
f 2353 2354 2356
f 2356 2354 2355
f 2356 2355 2363
f 2363 2355 2357
f 3096 3086 3084
f 3096 3084 3110
f 3140 3127 3136
f 3136 3127 3122
f 3161 3151 3127
f 3127 3151 3144
f 3127 3144 3139
f 3083 3102 3084
f 3084 3102 3122
f 3084 3122 3110
f 3110 3122 3127
f 3110 3127 3131
f 3131 3127 3139
f 3140 3146 3127
f 3127 3146 3159
f 3127 3159 3160
f 3160 3165 3127
f 3127 3165 3163
f 3127 3163 3161
f 1244 1275 1103
f 1103 1275 974
f 1103 974 1005
f 710 741 974
f 974 741 861
f 974 861 1005
f 704 653 710
f 710 653 661
f 710 661 741
f 877 871 914
f 914 871 700
f 914 700 704
f 704 700 665
f 704 665 653
f 877 914 1164
f 1164 914 1263
f 1164 1263 1245
f 1313 1309 1030
f 1030 1309 1306
f 1030 1306 1285
f 1128 1324 1319
f 865 868 1108
f 1108 868 1115
f 870 847 865
f 865 847 848
f 865 848 868
f 1319 1131 1128
f 1128 1131 922
f 1128 922 870
f 870 922 874
f 870 874 847
f 1108 1086 865
f 865 1086 836
f 865 836 870
f 870 836 843
f 870 843 1128
f 1128 843 1102
f 1128 1102 1324
f 1324 1102 1333
f 1318 1333 1050
f 1050 1333 1102
f 1050 1102 760
f 760 1102 843
f 760 843 754
f 754 843 836
f 754 836 1030
f 1030 836 1086
f 1030 1086 1313
f 1313 1086 1108
f 1313 1108 1307
f 1307 1108 1115
f 1307 1115 1304
f 1285 1263 1030
f 1030 1263 914
f 1030 914 754
f 754 914 704
f 754 704 760
f 760 704 710
f 760 710 1050
f 1050 710 974
f 1050 974 1318
f 1318 974 1275
f 1304 1295 1302
f 1302 1295 1282
f 1302 1282 1284
f 1297 1313 1302
f 1302 1313 1307
f 1302 1307 1304
f 1263 1285 1266
f 1266 1285 1306
f 1266 1306 1297
f 1297 1306 1309
f 1297 1309 1313
f 1262 1219 1229
f 1284 1286 1302
f 1302 1286 1281
f 1302 1281 1297
f 1297 1281 1262
f 1297 1262 1266
f 1266 1262 1229
f 1266 1229 1263
f 1263 1229 1245
f 1284 1282 1068
f 1170 1093 1118
f 1254 1213 1170
f 1170 1118 1254
f 1254 1118 1134
f 1254 1134 899
f 899 1134 888
f 899 888 869
f 869 849 899
f 899 849 822
f 899 822 814
f 1090 1300 1075
f 1075 1300 1303
f 1075 1303 1308
f 1219 867 1168
f 1168 867 853
f 683 610 671
f 671 610 674
f 671 674 867
f 867 674 820
f 867 820 853
f 814 718 899
f 899 718 679
f 899 679 683
f 683 679 631
f 683 631 610
f 1090 1075 880
f 880 1075 815
f 880 815 829
f 829 815 765
f 765 815 762
f 765 762 770
f 1286 1284 1042
f 1042 1284 1068
f 1042 1068 762
f 762 1068 821
f 762 821 770
f 1308 1291 1075
f 1075 1291 1026
f 1075 1026 815
f 815 1026 744
f 815 744 762
f 762 744 730
f 762 730 1042
f 1042 730 991
f 1042 991 1286
f 1286 991 1281
f 1291 1287 1026
f 1026 1287 1018
f 1026 1018 744
f 744 1018 734
f 744 734 730
f 730 734 723
f 730 723 991
f 991 723 985
f 991 985 1281
f 1281 985 1262
f 1287 1254 1018
f 1018 1254 899
f 1018 899 734
f 734 899 683
f 734 683 723
f 723 683 671
f 723 671 985
f 985 671 867
f 985 867 1262
f 1262 867 1219
f 814 822 745
f 814 745 718
f 718 745 708
f 718 708 679
f 679 708 655
f 679 655 631
f 631 655 607
f 631 607 610
f 1287 1301 1264
f 1303 1300 1312
f 1303 1322 1308
f 1308 1322 1314
f 1308 1314 1291
f 1287 1264 1254
f 1254 1264 1220
f 1254 1220 1213
f 1235 1220 1244
f 1244 1220 1264
f 1244 1264 1275
f 1275 1264 1301
f 1275 1301 1318
f 1324 1333 1322
f 1322 1333 1318
f 1322 1318 1314
f 1314 1318 1301
f 1314 1301 1291
f 1291 1301 1287
f 1303 1312 1322
f 1322 1312 1319
f 1322 1319 1324
f 1235 1244 1180
f 1180 1244 1103
f 1057 1197 1198
f 1048 887 1012
f 712 662 640
f 640 662 567
f 640 567 570
f 565 567 663
f 663 567 662
f 663 662 887
f 887 662 712
f 887 712 1012
f 1157 1198 1265
f 1265 1198 1197
f 1265 1197 1340
f 1340 1197 1348
f 1048 1012 1157
f 1157 1012 1025
f 1157 1025 1198
f 1198 1025 1041
f 1198 1041 1057
f 1420 1418 1670
f 1792 1822 1851
f 1788 1815 1652
f 2178 2229 2239
f 844 817 676
f 817 844 1084
f 1084 844 1123
f 1084 1123 1367
f 736 605 611
f 1178 1092 980
f 980 1092 851
f 980 851 736
f 736 851 673
f 736 673 605
f 605 673 634
f 605 634 603
f 1420 1402 1418
f 1418 1402 1248
f 1418 1248 1178
f 1178 1248 1183
f 1178 1183 1092
f 1591 1669 1743
f 1743 1669 1825
f 1743 1825 1853
f 1853 1825 1929
f 2059 2041 2083
f 2083 2041 1953
f 2083 1953 1929
f 1929 1953 1908
f 1929 1908 1853
f 2059 2083 2163
f 2163 2083 2262
f 2163 2262 2250
f 2275 2269 2096
f 2096 2269 2095
f 2096 2095 1937
f 1946 1976 2016
f 2016 1976 2148
f 2016 2148 2043
f 2131 2178 2140
f 2140 2178 2239
f 2140 2239 2148
f 2148 2239 2247
f 2148 2247 2043
f 2043 2247 2259
f 2043 2259 2068
f 1345 1130 1126
f 1126 1110 1345
f 1345 1110 1358
f 1345 1358 1593
f 2268 2275 2087
f 2087 2275 2096
f 2087 2096 1935
f 1935 2096 1937
f 1935 1937 1830
f 1921 1815 1905
f 1905 1815 1788
f 1905 1788 1879
f 1358 1557 1593
f 1593 1557 1614
f 1593 1614 1722
f 1722 1614 1684
f 1722 1684 1755
f 1822 1946 1851
f 1851 1946 2016
f 1851 2016 1879
f 1879 2016 2043
f 1879 2043 1905
f 1905 2043 2068
f 1905 2068 1921
f 1722 1761 1593
f 1593 1761 1619
f 1593 1619 1345
f 1345 1619 1367
f 1345 1367 1130
f 1130 1367 1123
f 617 629 698
f 698 629 676
f 698 676 893
f 893 676 817
f 893 817 1151
f 1151 817 1084
f 1151 1084 1401
f 1401 1084 1367
f 1401 1367 1652
f 1652 1367 1619
f 1652 1619 1788
f 1788 1619 1761
f 1788 1761 1879
f 1879 1761 1722
f 1879 1722 1851
f 1851 1722 1755
f 1851 1755 1792
f 2269 2262 2095
f 2095 2262 2083
f 2095 2083 1937
f 1937 2083 1929
f 1937 1929 1830
f 1830 1929 1825
f 1830 1825 1670
f 1670 1825 1669
f 1670 1669 1420
f 1420 1669 1591
f 1420 1591 1402
f 2259 2268 2068
f 2068 2268 2087
f 2068 2087 1921
f 1921 2087 1935
f 1921 1935 1815
f 1815 1935 1830
f 1815 1830 1652
f 1652 1830 1670
f 1652 1670 1401
f 1401 1670 1418
f 1401 1418 1151
f 1151 1418 1178
f 1151 1178 893
f 893 1178 980
f 893 980 698
f 698 980 736
f 698 736 617
f 617 736 611
f 868 1053 1115
f 1131 1205 918
f 1300 1205 1312
f 1312 1205 1131
f 1312 1131 1319
f 847 874 918
f 918 874 922
f 918 922 1131
f 1053 1282 1115
f 1115 1282 1295
f 1115 1295 1304
f 1300 1090 1205
f 1205 1090 880
f 1205 880 918
f 918 880 829
f 918 829 847
f 847 829 765
f 847 765 848
f 848 765 770
f 848 770 868
f 868 770 821
f 868 821 1053
f 1053 821 1068
f 1053 1068 1282
f 4182 4183 4052
f 3161 3164 3176
f 3108 3105 3133
f 3128 3115 3113
f 3108 3133 3113
f 3113 3133 3132
f 3113 3132 3128
f 3090 3095 3085
f 3085 3095 3106
f 3085 3106 3091
f 3091 3106 3116
f 3091 3116 3117
f 3105 3094 3133
f 3133 3094 3091
f 3133 3091 3126
f 3126 3091 3117
f 3085 3075 3090
f 3090 3075 3072
f 3090 3072 3088
f 3088 3072 3074
f 3088 3074 3111
f 3111 3074 3086
f 3111 3086 3089
f 3089 3104 3111
f 3111 3104 3123
f 3111 3123 3157
f 3157 3123 3135
f 3157 3135 3211
f 3135 3139 3211
f 3211 3139 3148
f 3211 3148 3158
f 3161 3176 3158
f 3158 3176 3211
f 3211 3176 3222
f 3211 3222 3285
f 3285 3222 3308
f 3285 3308 3345
f 3345 3308 3404
f 3345 3404 3434
f 3437 3440 3404
f 3404 3440 3442
f 3404 3442 3434
f 3434 3442 3508
f 3434 3508 3554
f 3554 3508 3577
f 3554 3577 3709
f 3709 3577 3657
f 3709 3657 3763
f 3763 3657 3792
f 3946 3875 3792
f 3792 3875 3844
f 3792 3844 3763
f 4056 4181 4182
f 4056 4182 4024
f 4024 4182 4052
f 4024 4052 3946
f 3946 4052 3951
f 3946 3951 3875
f 1702 1732 1745
f 1762 1826 1836
f 2763 2764 2581
f 2028 2022 2029
f 2029 2022 1990
f 2029 1990 1860
f 1860 1990 1849
f 1860 1849 1732
f 1732 1849 1747
f 1732 1747 1745
f 2028 2029 2126
f 2126 2029 2297
f 2126 2297 2285
f 2568 2587 2451
f 2568 2451 2297
f 2297 2451 2412
f 2297 2412 2285
f 2587 2568 2646
f 2646 2568 2804
f 2646 2804 2811
f 2763 2581 2767
f 2673 2975 2867
f 2088 2141 2039
f 2039 2141 2240
f 2039 2240 2180
f 2180 2240 2462
f 2180 2462 2415
f 2415 2462 2673
f 2415 2673 2649
f 2649 2673 2867
f 2649 2867 2835
f 1866 1920 1931
f 1931 1920 1994
f 2088 2039 2048
f 2048 2039 1931
f 2048 1931 2030
f 2030 1931 1994
f 2030 1994 2026
f 1702 1753 1732
f 1732 1753 1752
f 1732 1752 1860
f 1860 1752 1881
f 1860 1881 2029
f 2029 1881 2057
f 2029 2057 2297
f 2297 2057 2317
f 2297 2317 2568
f 2568 2317 2581
f 2568 2581 2804
f 2804 2581 2764
f 1753 1762 1752
f 1752 1762 1836
f 1752 1836 1881
f 1881 1836 1954
f 1881 1954 2057
f 2057 1954 2120
f 2057 2120 2317
f 2317 2120 2376
f 2317 2376 2581
f 2581 2376 2625
f 2581 2625 2767
f 2767 2625 2790
f 1826 1866 1836
f 1836 1866 1931
f 1836 1931 1954
f 1954 1931 2039
f 1954 2039 2120
f 2120 2039 2180
f 2120 2180 2376
f 2376 2180 2415
f 2376 2415 2625
f 2625 2415 2649
f 2625 2649 2790
f 2790 2649 2835
f 3129 3130 2995
f 2770 3124 2771
f 2771 3124 3129
f 2771 3129 2791
f 2791 3129 2995
f 2791 2995 2848
f 2770 2809 3124
f 3124 2809 2819
f 3124 2819 3118
f 3118 2819 2847
f 3118 2847 2906
f 2906 3035 3118
f 3118 3035 3044
f 3118 3044 3100
f 2975 3133 3126
f 3095 2999 3106
f 3106 2999 2880
f 3106 2880 3116
f 3116 2880 2878
f 3116 2878 3117
f 3117 2878 2811
f 3117 2811 3126
f 3126 2811 2804
f 2975 3126 2867
f 2767 3126 2763
f 2763 3126 2804
f 2763 2804 2764
f 2767 2790 3126
f 3126 2790 2835
f 3126 2835 2867
f 4808 4810 4753
f 4502 4381 4501
f 4501 4381 4244
f 4501 4244 4121
f 4614 4627 4751
f 4656 4630 4753
f 4753 4630 4615
f 4753 4615 4614
f 4751 4627 4501
f 4501 4627 4557
f 4501 4557 4502
f 4614 4751 4753
f 4753 4751 4807
f 4753 4807 4808
f 3450 3150 2784
f 2784 3150 2717
f 2784 2717 2475
f 3848 3660 3450
f 3450 3660 3425
f 3450 3425 3150
f 4244 4091 4121
f 4121 4091 3971
f 4121 3971 3848
f 3848 3971 3825
f 3848 3825 3660
f 3604 3631 3639
f 3639 3631 3695
f 3639 3695 3733
f 3733 3695 3723
f 3733 3723 3751
f 3542 3550 3639
f 3639 3550 3587
f 3639 3587 3604
f 2805 2812 2574
f 2310 2208 2508
f 367 350 348
f 4806 4805 4797
f 4809 4806 4799
f 4799 4806 4797
f 4799 4797 4678
f 4678 4797 4677
f 4678 4677 4257
f 4257 4677 4256
f 4257 4256 3972
f 3972 4256 3969
f 3972 3969 3784
f 3784 3969 3619
f 3784 3619 3730
f 3730 3619 3700
f 3068 3171 3397
f 3397 3483 3068
f 3068 3483 3560
f 3068 3560 3619
f 3619 3560 3627
f 3619 3627 3700
f 2446 2780 3068
f 3068 2780 3079
f 3068 3079 3171
f 2446 1793 1796
f 1985 2301 1730
f 1730 2301 1796
f 1796 2301 2450
f 1796 2450 2446
f 2446 2450 2553
f 2446 2553 2780
f 1698 1618 1730
f 1730 1618 1734
f 1730 1734 1985
f 1330 1618 967
f 967 1618 1698
f 967 1698 1728
f 1728 1698 1765
f 1728 1765 2446
f 2446 1765 1787
f 2446 1787 1793
f 453 541 448
f 448 541 846
f 448 846 967
f 967 846 979
f 967 979 1330
f 453 448 393
f 393 448 368
f 393 368 372
f 350 346 348
f 348 346 349
f 348 349 368
f 368 349 369
f 368 369 372
f 529 395 576
f 576 395 574
f 576 574 761
f 529 441 395
f 395 441 398
f 395 398 348
f 348 398 391
f 348 391 367
f 574 1392 1435
f 761 574 1299
f 1299 574 1435
f 1299 1435 1436
f 1436 1435 1598
f 1598 1435 1824
f 1598 1824 1980
f 1980 1824 2208
f 2208 1824 2206
f 2208 2206 2508
f 2805 2574 2802
f 2310 2508 2574
f 2574 2508 2754
f 2574 2754 2802
f 913 895 912
f 1447 1550 1516
f 1516 1504 936
f 936 1504 1498
f 936 1498 1430
f 1430 1498 1503
f 1430 1503 1502
f 1029 1447 1002
f 1002 1447 1516
f 1002 1516 912
f 912 1516 936
f 912 936 913
f 1471 1468 1472
f 1472 1468 1470
f 1472 1470 1475
f 1470 1473 1475
f 1475 1473 1474
f 1475 1474 1487
f 1487 1474 1488
f 1487 1488 1508
f 1508 1488 1513
f 1508 1513 1554
f 1554 1513 1558
f 1554 1558 1613
f 1613 1558 1617
f 1613 1617 1655
f 1655 1617 1661
f 1655 1661 1691
f 1691 1661 1709
f 1691 1709 1729
f 1729 1709 1738
f 1729 1738 1739
f 1739 1738 1749
f 2157 2138 1999
f 2296 2421 2265
f 2421 2296 2422
f 3403 3340 3309
f 2098 1991 1858
f 1818 1828 1814
f 1814 1828 1960
f 1960 1828 1885
f 1960 1885 1991
f 1991 1885 1932
f 1991 1932 1933
f 1933 1939 1991
f 1991 1939 1940
f 1991 1940 1858
f 1858 1940 1897
f 1688 1695 1771
f 1702 1689 1701
f 1701 1689 1688
f 1701 1688 1700
f 1700 1688 1771
f 1695 1715 1771
f 1771 1715 1725
f 1771 1725 1814
f 1814 1725 1776
f 1814 1776 1818
f 1847 2075 1858
f 1858 2075 2135
f 2537 2511 2403
f 3099 3100 3044
f 3035 2752 3044
f 3044 2752 3082
f 3044 3082 3099
f 2819 2761 2847
f 2847 2761 2752
f 2847 2752 2906
f 2906 2752 3035
f 3081 3073 2752
f 2752 3073 3071
f 2752 3071 3082
f 3651 3613 3523
f 3523 3613 3541
f 3523 3541 3309
f 3309 3541 3428
f 3309 3428 3403
f 4062 4023 3949
f 3949 4023 3961
f 3949 3961 3737
f 3737 3961 3813
f 3737 3813 3523
f 3523 3813 3708
f 3523 3708 3651
f 3290 3338 3642
f 2912 3062 3288
f 2731 2552 2912
f 2912 2552 2766
f 2912 2766 3062
f 2506 2453 2547
f 2547 2453 2393
f 2547 2393 2316
f 2316 2393 2224
f 2316 2224 2054
f 2054 2224 2114
f 2054 2114 2010
f 2572 2488 2731
f 2731 2488 2517
f 2731 2517 2552
f 2552 2517 2519
f 2552 2519 2766
f 2766 2519 2506
f 2766 2506 2687
f 2687 2506 2547
f 1847 1846 2075
f 2075 1846 1863
f 2075 1863 2067
f 1917 1999 2092
f 2092 1999 2138
f 2092 2138 2265
f 2265 2138 2157
f 2265 2157 2296
f 2305 2537 2369
f 2369 2537 2403
f 2369 2403 2222
f 3081 2752 2753
f 2753 2752 2529
f 2753 2529 2774
f 2774 2529 2536
f 2774 2536 2840
f 2840 2536 2577
f 2840 2577 2913
f 2385 2428 2554
f 2554 2428 2572
f 2554 2572 2718
f 2718 2572 2731
f 2718 2731 3017
f 3017 2731 2912
f 3017 2912 3290
f 3290 2912 3288
f 3290 3288 3338
f 2067 1863 1930
f 1930 1863 1917
f 1930 1917 2067
f 2067 1917 2092
f 2067 2092 2385
f 2385 2092 2265
f 2385 2265 2428
f 2428 2265 2421
f 2428 2421 2572
f 2572 2421 2422
f 2572 2422 2488
f 2639 2690 2850
f 2850 2690 2901
f 2850 2901 3220
f 3220 2901 3292
f 3220 3292 3451
f 3451 3292 3476
f 3451 3476 3653
f 3653 3476 3872
f 3653 3872 3943
f 4179 4062 4152
f 4152 4062 3949
f 4152 3949 3802
f 3802 3949 3737
f 3802 3737 3609
f 3609 3737 3523
f 3609 3523 3389
f 3389 3523 3309
f 3389 3309 3125
f 3125 3309 3340
f 3125 3340 2913
f 2913 3340 3251
f 2913 3251 2840
f 2840 3251 3188
f 2840 3188 2774
f 2774 3188 3175
f 2774 3175 2753
f 2753 3175 3138
f 2753 3138 3081
f 2761 2511 2752
f 2752 2511 2537
f 2752 2537 2529
f 2529 2537 2305
f 2529 2305 2536
f 2536 2305 2338
f 2536 2338 2577
f 2577 2338 2639
f 2577 2639 2913
f 2913 2639 2850
f 2913 2850 3125
f 3125 2850 3220
f 3125 3220 3389
f 3389 3220 3451
f 3389 3451 3609
f 3609 3451 3653
f 3609 3653 3802
f 3802 3653 3943
f 3802 3943 4152
f 2098 1858 2222
f 2222 1858 2135
f 2222 2135 2369
f 2369 2135 2075
f 2369 2075 2305
f 2305 2075 2067
f 2305 2067 2338
f 2338 2067 2385
f 2338 2385 2639
f 2639 2385 2554
f 2639 2554 2690
f 2690 2554 2718
f 2690 2718 2901
f 2901 2718 3017
f 2901 3017 3292
f 3292 3017 3290
f 3292 3290 3476
f 3476 3290 3642
f 3476 3642 3872
f 1504 1500 1498
f 1498 1500 1499
f 1498 1499 1503
f 1503 1499 1502
f 1383 1413 1382
f 1382 1413 1375
f 1382 1375 1381
f 1391 1413 1385
f 1385 1413 1383
f 1385 1383 1424
f 1424 1383 1422
f 1424 1422 1455
f 1455 1422 1452
f 1455 1452 1464
f 1464 1452 1460
f 1464 1460 1469
f 1469 1460 1468
f 1469 1468 1471
f 1271 1226 1293
f 1293 1226 1224
f 1293 1224 1288
f 1288 1224 1223
f 1288 1223 1290
f 2295 2323 2139
f 2139 2323 2128
f 2139 2128 1942
f 1942 2128 1880
f 1942 1880 1748
f 1748 1880 1650
f 1748 1650 1600
f 1600 1650 1466
f 1600 1466 1482
f 1482 1466 1364
f 1482 1364 1413
f 1413 1364 1271
f 1413 1271 1375
f 1375 1271 1293
f 1375 1293 1381
f 1391 1433 1413
f 1413 1433 1453
f 1413 1453 1482
f 1482 1453 1522
f 1482 1522 1600
f 1600 1522 1666
f 1600 1666 1748
f 1748 1666 1873
f 1748 1873 1942
f 1942 1873 2086
f 1942 2086 2139
f 2139 2086 2257
f 2139 2257 2295
f 1690 1689 1702
f 3844 3875 3734
f 3519 3461 3339
f 2832 2787 2880
f 3088 3111 2941
f 2941 3111 3157
f 2941 3157 3211
f 2880 2999 2832
f 2832 2999 3095
f 2832 3095 2979
f 2979 3095 3090
f 2979 3090 2949
f 2949 3090 3088
f 2949 3088 2921
f 2921 3088 2941
f 3147 3120 3285
f 3285 3120 3041
f 3285 3041 3211
f 3211 3041 2987
f 3211 2987 2941
f 3285 3345 3147
f 3147 3345 3434
f 3147 3434 3235
f 3235 3434 3554
f 3235 3554 3339
f 3461 3519 3549
f 3549 3519 3734
f 3549 3734 3616
f 3616 3734 3711
f 3711 3734 3948
f 3711 3948 3842
f 3884 4042 3892
f 3892 4042 3901
f 3884 3842 4042
f 4042 3842 3948
f 4042 3948 4159
f 4159 3948 4052
f 4159 4052 4183
f 3734 3875 3948
f 3948 3875 3951
f 3948 3951 4052
f 3339 3554 3519
f 3519 3554 3709
f 3519 3709 3734
f 3734 3709 3763
f 3734 3763 3844
f 1990 2022 1956
f 1956 2022 2028
f 1956 2028 2133
f 2133 2028 2126
f 2133 2126 2244
f 2244 2126 2285
f 2244 2285 2292
f 2292 2285 2412
f 2292 2412 2474
f 2474 2412 2451
f 2474 2451 2575
f 2575 2451 2587
f 2575 2587 2636
f 2636 2587 2646
f 2636 2646 2696
f 2696 2646 2811
f 2696 2811 2787
f 2787 2811 2878
f 2787 2878 2880
f 1990 1956 1849
f 1849 1956 1809
f 1849 1809 1799
f 1690 1702 1707
f 1799 1773 1849
f 1849 1773 1746
f 1849 1746 1747
f 1747 1746 1707
f 1747 1707 1745
f 1745 1707 1702
f 1500 1504 1501
f 1501 1504 1516
f 1501 1516 1505
f 1550 1534 1516
f 1516 1534 1518
f 1516 1518 1505
f 912 895 901
f 1010 1029 1002
f 901 934 912
f 912 934 977
f 912 977 1002
f 1002 977 987
f 1002 987 1010
f 3789 3788 3796
f 3789 3796 3801
f 3801 3796 3806
f 3801 3806 3914
f 3914 3966 4077
f 4077 3966 3991
f 3914 4077 3801
f 3801 4077 4083
f 3801 4083 3821
f 3821 4083 4088
f 3821 4088 3857
f 3857 4088 4089
f 3857 4089 3888
f 3888 4089 4090
f 3888 4090 3918
f 4460 4695 4711
f 4073 4460 4476
f 4460 4711 4476
f 4476 4711 4721
f 4476 4721 4485
f 4485 4721 4727
f 4485 4727 4499
f 4737 4506 4734
f 4734 4506 4499
f 4734 4499 4731
f 4731 4499 4727
f 3991 4073 4077
f 4077 4073 4476
f 4077 4476 4083
f 4083 4476 4485
f 4083 4485 4088
f 4088 4485 4499
f 4088 4499 4089
f 4089 4499 4506
f 4737 4738 4506
f 4506 4738 4507
f 4506 4507 4089
f 4089 4507 4165
f 4089 4165 4090
f 3783 3784 3730
f 2450 2301 2429
f 2813 2596 2464
f 2596 2813 2869
f 2869 2813 3015
f 2869 3015 3021
f 995 1598 1315
f 1315 1598 1980
f 2812 2813 2574
f 2574 2813 2464
f 2574 2464 2310
f 2310 2464 2364
f 2310 2364 2208
f 2208 2364 2015
f 2208 2015 1980
f 1980 2015 1627
f 1980 1627 1315
f 722 1311 1330
f 722 1330 474
f 474 1330 979
f 474 979 387
f 387 979 846
f 387 846 271
f 271 846 541
f 271 541 126
f 126 541 453
f 126 453 41
f 41 453 393
f 41 393 20
f 20 393 372
f 20 372 369
f 349 346 14
f 346 350 14
f 14 350 367
f 14 367 22
f 367 391 22
f 22 391 398
f 22 398 149
f 149 398 441
f 149 441 306
f 441 529 306
f 306 529 576
f 306 576 400
f 400 576 761
f 400 761 530
f 530 761 1299
f 530 1299 995
f 995 1299 1436
f 995 1436 1598
f 2429 2301 2146
f 2146 2301 1985
f 2146 1985 1764
f 1764 1985 1389
f 1389 1985 1734
f 1389 1734 1311
f 1311 1734 1618
f 1311 1618 1330
f 3397 3171 2914
f 2914 3171 3079
f 2914 3079 2670
f 2670 3079 2780
f 2670 2780 2429
f 2429 2780 2553
f 2429 2553 2450
f 3665 3729 3730
f 3730 3700 3665
f 3665 3700 3627
f 3665 3627 3499
f 2914 3322 3397
f 3397 3322 3435
f 3397 3435 3483
f 3483 3435 3499
f 3483 3499 3560
f 3560 3499 3627
f 3765 3886 3885
f 3885 3886 3896
f 3885 3896 3916
f 3885 3851 3765
f 3765 3851 3817
f 3765 3817 3729
f 3729 3817 3798
f 3729 3798 3730
f 3730 3798 3786
f 3730 3786 3783
f 5 14 2
f 2 14 6
f 369 349 20
f 20 349 14
f 20 14 11
f 11 14 5
f 3021 3015 3254
f 3254 3015 3321
f 3254 3321 3436
f 3436 3321 3496
f 3436 3496 3463
f 3542 3728 3543
f 3543 3728 3618
f 3543 3618 3496
f 3496 3618 3484
f 3496 3484 3463
f 3751 3750 3733
f 3733 3750 3728
f 3733 3728 3639
f 3639 3728 3542
f 3750 3787 3728
f 3728 3787 3788
f 3728 3788 3789
f 3789 3801 3728
f 3728 3801 3821
f 3728 3821 3856
f 3856 3821 3857
f 3856 3857 3887
f 3887 3857 3888
f 3887 3888 3899
f 3899 3888 3918
f 1019 724 593
f 1190 1392 574
f 4765 4797 4805
f 4340 4179 4152
f 1728 2316 2054
f 2054 2010 1728
f 1728 2010 1934
f 1728 1934 967
f 2316 1728 2547
f 2547 1728 2446
f 2547 2446 2687
f 3068 3288 3062
f 3068 3062 2446
f 2446 3062 2766
f 2446 2766 2687
f 3969 3872 3619
f 3619 3872 3642
f 3619 3642 3068
f 3068 3642 3338
f 3068 3338 3288
f 4453 4340 4256
f 4256 4340 4152
f 4256 4152 3969
f 3969 4152 3943
f 3969 3943 3872
f 4797 4765 4677
f 4765 4708 4677
f 4677 4708 4688
f 4677 4688 4622
f 4622 4688 4680
f 4622 4680 4682
f 4682 4697 4622
f 4622 4697 4726
f 4622 4726 4747
f 4622 4585 4677
f 4677 4585 4539
f 4677 4539 4256
f 4256 4539 4520
f 4256 4520 4453
f 395 550 574
f 574 550 845
f 574 845 1190
f 1789 1662 1210
f 1210 1662 1431
f 1210 1431 823
f 823 1431 1361
f 823 1361 652
f 566 550 538
f 538 550 395
f 538 395 462
f 462 395 348
f 462 348 470
f 470 348 368
f 470 368 639
f 639 368 448
f 639 448 1210
f 1210 448 967
f 1210 967 1789
f 1789 967 1934
f 1032 581 1098
f 1098 581 652
f 1098 652 1250
f 1250 652 1361
f 886 827 824
f 1032 886 581
f 581 886 824
f 581 824 562
f 562 824 564
f 1202 1019 1023
f 1023 1019 593
f 1023 593 841
f 841 593 564
f 841 564 825
f 825 564 824
f 3762 3840 3848
f 3840 3901 4042
f 4766 4807 4751
f 2538 2645 2768
f 2784 2475 2538
f 4623 4501 4546
f 4546 4501 4437
f 4623 4681 4501
f 4501 4681 4693
f 4501 4693 4751
f 4751 4693 4709
f 4751 4709 4766
f 4748 4723 4700
f 4700 4723 4698
f 4700 4698 4623
f 4623 4698 4683
f 4623 4683 4681
f 4159 4183 4121
f 4121 4183 4225
f 4121 4225 4501
f 4501 4225 4287
f 4501 4287 4437
f 3848 3840 4121
f 4121 3840 4042
f 4121 4042 4159
f 3450 3526 3848
f 3848 3526 3669
f 3848 3669 3762
f 2538 2768 2784
f 2784 2768 3137
f 2784 3137 3450
f 3450 3137 3375
f 3450 3375 3526
f 1210 1211 639
f 639 1211 703
f 639 703 536
f 566 538 537
f 537 538 462
f 537 462 536
f 536 462 470
f 536 470 639
f 1211 1210 891
f 891 1210 823
f 891 823 696
f 696 823 652
f 696 652 615
f 615 652 581
f 615 581 578
f 578 581 562
f 578 562 575
f 575 562 564
f 575 564 600
f 600 564 593
f 600 593 724
f 3764 3794 3688
f 3764 3688 3749
f 3837 3838 3829
f 3829 3838 3688
f 3829 3688 3815
f 3815 3688 3794
f 3749 3688 3687
f 3687 3688 3510
f 3687 3510 3509
f 3509 3489 4231
f 3944 3749 4231
f 4231 3749 3687
f 4231 3687 3509
f 3351 3589 3349
f 3349 3589 3588
f 3349 3588 3348
f 3352 3350 3590
f 3590 3350 3347
f 3588 3590 3348
f 3348 3590 3347
f 3348 3347 2628
f 2628 3347 2642
f 2628 2642 2569
f 2569 2642 2589
f 2569 2589 2531
f 2531 2589 2546
f 2531 2546 2530
f 2530 2546 2545
f 2530 2545 2484
f 2484 2545 2496
f 2484 2496 2423
f 2423 2496 2432
f 2423 2432 2341
f 2341 2432 2340
f 4180 4200 3919
f 3352 3590 3478
f 3478 3590 3593
f 3478 3593 3548
f 3548 3593 3741
f 3548 3741 3621
f 3621 3741 3843
f 3621 3843 3793
f 3793 3843 3940
f 3793 3940 3919
f 3919 3940 4047
f 3919 4047 4180
f 3919 4200 3920
f 3920 4200 4203
f 3920 4203 3921
f 3921 4203 4212
f 4212 4228 3236
f 3236 3209 4212
f 4212 3209 3143
f 4212 3143 3921
f 3921 3143 3067
f 3921 3067 3065
f 4228 4263 3236
f 3236 4263 4280
f 3236 4280 3283
f 3283 4280 3359
f 4470 4231 3489
f 4280 4339 3359
f 3359 4339 4470
f 3359 4470 3445
f 3445 4470 3489
f 3057 3065 3067
f 3057 3067 3058
f 3219 3168 3058
f 3067 3143 3058
f 3058 3143 3209
f 3058 3209 3236
f 3219 3058 3237
f 3237 3058 3236
f 3237 3236 3296
f 3168 3077 3058
f 3058 3077 3061
f 3058 3061 3060
f 3359 3445 3446
f 3236 3283 3296
f 3296 3283 3359
f 3296 3359 3357
f 3357 3359 3446
f 3357 3446 3447
f 3037 3057 3058
f 3037 3058 3038
f 3038 3058 3060
f 3038 3060 3059
f 2785 2781 2887
f 2887 2781 2890
f 2887 2890 3031
f 3031 2890 3037
f 3031 3037 3038
f 2533 2726 2781
f 2405 2533 2357
f 2357 2533 2781
f 2357 2781 2363
f 2363 2781 2785
f 2363 2785 2401
f 2401 2785 2541
f 1902 1898 1900
f 2291 2274 2050
f 2327 2326 2151
f 2151 2326 2321
f 2151 2321 2137
f 2137 2321 2304
f 2137 2304 2112
f 2112 2304 2291
f 2112 2291 2082
f 2082 2291 2050
f 2082 2050 1887
f 2143 2125 2193
f 2151 2158 2327
f 2327 2158 2156
f 2327 2156 2325
f 2325 2156 2143
f 2325 2143 2315
f 2315 2143 2193
f 2315 2193 2302
f 2003 1997 2013
f 1997 2003 1984
f 1984 2003 2004
f 1984 2004 1943
f 1943 2004 1993
f 1943 1993 1902
f 1900 1898 1835
f 1671 1697 1832
f 1832 1697 1759
f 1832 1759 1857
f 1857 1759 1835
f 1857 1835 1878
f 1878 1835 1898
f 1902 1993 1898
f 1898 1993 1977
f 1898 1977 1878
f 1878 1977 1958
f 1878 1958 1857
f 1857 1958 1922
f 1857 1922 1832
f 1832 1922 1797
f 1832 1797 1671
f 2125 2143 2013
f 2013 2143 2156
f 2013 2156 2003
f 2003 2156 2158
f 2003 2158 2004
f 2004 2158 2151
f 2004 2151 1993
f 1993 2151 2137
f 1993 2137 1977
f 1977 2137 2112
f 1977 2112 1958
f 1958 2112 2082
f 1958 2082 1922
f 1922 2082 1887
f 1922 1887 1797
f 1673 1544 2050
f 2050 1544 1887
f 1236 1671 1360
f 1360 1671 1797
f 1360 1797 1427
f 1427 1797 1887
f 1427 1887 1443
f 1443 1887 1544
f 1673 2050 1821
f 1821 2050 2274
f 1821 2274 1896
f 1896 2274 2203
f 1896 2203 2052
f 1595 1914 1973
f 18 16 3
f 1076 768 471
f 1339 1228 1217
f 209 313 293
f 117 116 21
f 257 327 312
f 583 546 433
f 1443 1544 1539
f 2052 1966 1896
f 1886 1704 1800
f 1597 1679 1804
f 20 11 36
f 995 1315 694
f 995 694 530
f 530 694 461
f 530 461 400
f 400 461 365
f 400 365 306
f 306 365 214
f 306 214 149
f 6 14 15
f 1311 722 687
f 687 722 474
f 687 474 460
f 460 474 387
f 460 387 363
f 363 387 271
f 363 271 213
f 213 271 126
f 213 126 36
f 36 126 41
f 36 41 20
f 1727 1817 2040
f 2040 1817 1968
f 1804 1679 2145
f 2145 1679 1844
f 2145 1844 2040
f 2040 1844 1806
f 2040 1806 1727
f 1597 1804 1510
f 1510 1804 1441
f 1510 1441 1359
f 900 1179 1328
f 1328 1179 1359
f 1328 1359 1585
f 573 598 900
f 900 598 818
f 900 818 1179
f 924 713 531
f 531 713 480
f 484 478 479
f 1326 852 898
f 898 852 601
f 898 601 572
f 572 601 533
f 1584 1260 1326
f 1326 1260 1193
f 1326 1193 852
f 1704 1640 1800
f 1800 1640 1540
f 1800 1540 1439
f 1439 1540 1388
f 2034 2318 2052
f 2052 2318 2278
f 2052 2278 1966
f 1966 2278 2233
f 1966 2233 2160
f 1673 1821 1901
f 1901 1821 1896
f 1538 1360 1539
f 1539 1360 1427
f 1539 1427 1443
f 885 1135 1215
f 1215 1135 1196
f 1215 1196 1236
f 378 436 433
f 433 436 518
f 433 518 583
f 583 518 569
f 583 569 647
f 312 327 433
f 433 327 352
f 433 352 378
f 182 27 230
f 230 27 23
f 230 23 154
f 21 116 23
f 23 116 125
f 23 125 154
f 152 28 209
f 209 28 255
f 209 255 313
f 313 255 434
f 434 356 313
f 313 356 321
f 313 321 293
f 1045 695 585
f 585 695 527
f 585 527 547
f 442 403 434
f 434 403 390
f 434 390 356
f 1492 1417 1541
f 1541 1417 1395
f 1533 1868 1604
f 1604 1868 1904
f 1604 1904 1754
f 1817 1876 1968
f 1968 1876 1859
f 1968 1859 1904
f 1904 1859 1794
f 1904 1794 1754
f 1643 1272 1843
f 1843 1272 1590
f 1843 1590 1972
f 1545 1404 1076
f 1076 1404 1380
f 1076 1380 768
f 1643 1545 1272
f 1272 1545 1076
f 1272 1076 539
f 539 1076 471
f 539 471 380
f 2001 1972 1711
f 1711 1972 1590
f 1711 1590 1289
f 1289 1590 1272
f 1289 1272 677
f 677 1272 539
f 677 539 401
f 401 539 380
f 401 380 232
f 546 385 433
f 433 385 182
f 433 182 312
f 312 182 230
f 312 230 257
f 8 21 9
f 9 21 23
f 9 23 12
f 12 23 27
f 12 27 25
f 25 27 182
f 10 28 24
f 24 28 152
f 24 152 128
f 10 13 28
f 28 13 183
f 28 183 255
f 255 183 386
f 255 386 434
f 434 386 547
f 434 547 442
f 442 547 527
f 14 22 15
f 15 22 39
f 15 39 61
f 61 39 235
f 61 235 303
f 303 235 404
f 303 404 459
f 459 404 680
f 459 680 1296
f 1296 680 1595
f 1296 1595 1712
f 1712 1595 1973
f 1712 1973 2023
f 472 771 1079
f 1079 771 1384
f 1079 1384 1406
f 381 472 542
f 542 472 1079
f 542 1079 1273
f 1273 1079 1406
f 1315 1384 694
f 694 1384 771
f 694 771 461
f 461 771 472
f 461 472 365
f 365 472 381
f 365 381 214
f 1406 1549 1273
f 1273 1549 1566
f 1273 1566 1611
f 22 149 39
f 39 149 214
f 39 214 235
f 235 214 381
f 235 381 404
f 404 381 542
f 404 542 680
f 680 542 1273
f 680 1273 1595
f 1595 1273 1611
f 1595 1611 1914
f 1585 1483 1328
f 1328 1483 1182
f 1328 1182 900
f 900 1182 924
f 900 924 573
f 573 924 531
f 573 531 598
f 2283 2019 1918
f 1918 2019 1758
f 1918 1758 1585
f 1585 1758 1553
f 1585 1553 1483
f 1359 1441 1585
f 1585 1441 1804
f 1585 1804 1918
f 1918 1804 2145
f 1918 2145 2283
f 2409 2283 2402
f 2402 2283 2145
f 2402 2145 2333
f 2333 2145 2040
f 13 26 183
f 183 26 345
f 183 345 386
f 386 345 516
f 386 516 547
f 547 516 1156
f 547 1156 585
f 585 1156 1203
f 585 1203 1045
f 1045 1203 1217
f 1045 1217 1207
f 1207 1217 1228
f 1395 1339 1541
f 1541 1339 1217
f 1541 1217 1517
f 1517 1217 1203
f 1517 1203 1486
f 1486 1203 1156
f 1486 1156 975
f 975 1156 516
f 975 516 450
f 450 516 345
f 450 345 193
f 193 345 26
f 193 26 19
f 19 26 13
f 19 13 7
f 7 13 10
f 7 10 8
f 8 10 24
f 8 24 21
f 21 24 128
f 21 128 117
f 2072 2080 1868
f 1868 2080 2121
f 1868 2121 1904
f 1904 2121 2169
f 1904 2169 1968
f 1968 2169 2236
f 1968 2236 2040
f 2040 2236 2286
f 2040 2286 2333
f 2410 2397 2142
f 2397 2396 2142
f 2142 2396 2395
f 2142 2395 2034
f 2034 2395 2328
f 2034 2328 2318
f 1584 2031 1913
f 1913 2031 2225
f 1913 2225 2142
f 2142 2225 2407
f 2142 2407 2410
f 2052 1996 2034
f 2034 1996 1886
f 2034 1886 2142
f 2142 1886 1800
f 2142 1800 1913
f 1913 1800 1439
f 1913 1439 1584
f 1584 1439 1388
f 1584 1388 1260
f 713 667 480
f 480 667 614
f 480 614 479
f 479 614 641
f 479 641 484
f 484 641 666
f 484 666 533
f 533 666 907
f 533 907 572
f 572 907 1258
f 572 1258 898
f 898 1258 1354
f 898 1354 1326
f 1326 1354 1481
f 1326 1481 1584
f 1584 1481 1779
f 1584 1779 2031
f 1896 1966 1901
f 1901 1966 2160
f 1901 2160 1865
f 1865 2160 2119
f 1865 2119 1850
f 2119 2069 1850
f 1850 2069 2051
f 1850 2051 1839
f 1839 2051 2001
f 1839 2001 1808
f 1808 2001 1711
f 1808 1711 1414
f 1414 1711 1289
f 1414 1289 672
f 672 1289 677
f 672 677 458
f 458 677 401
f 458 401 301
f 301 401 232
f 301 232 59
f 16 18 111
f 111 18 191
f 111 191 359
f 359 191 344
f 359 344 449
f 449 344 515
f 449 515 971
f 971 515 1154
f 971 1154 1485
f 1485 1154 1200
f 1485 1200 1515
f 1515 1200 1215
f 1515 1215 1538
f 1538 1215 1236
f 1538 1236 1360
f 1673 1901 1544
f 1544 1901 1865
f 1544 1865 1539
f 1539 1865 1850
f 1539 1850 1538
f 1538 1850 1839
f 1538 1839 1515
f 1515 1839 1808
f 1515 1808 1485
f 1485 1808 1414
f 1485 1414 971
f 971 1414 672
f 971 672 449
f 449 672 458
f 449 458 359
f 359 458 301
f 359 301 111
f 111 301 59
f 111 59 16
f 885 1215 647
f 647 1215 1200
f 647 1200 583
f 583 1200 1154
f 583 1154 546
f 546 1154 515
f 546 515 385
f 385 515 344
f 385 344 182
f 182 344 191
f 182 191 25
f 25 191 18
f 25 18 12
f 12 18 3
f 12 3 9
f 9 3 1
f 9 1 8
f 8 1 4
f 8 4 7
f 7 4 17
f 7 17 19
f 19 17 112
f 19 112 193
f 193 112 361
f 193 361 450
f 450 361 675
f 450 675 975
f 975 675 1416
f 975 1416 1486
f 1486 1416 1811
f 1486 1811 1517
f 1517 1811 1840
f 1517 1840 1541
f 1541 1840 1854
f 1541 1854 1492
f 1533 1492 1868
f 1868 1492 1854
f 1868 1854 2072
f 2072 1854 1840
f 2072 1840 2023
f 2023 1840 1811
f 2023 1811 1712
f 1712 1811 1416
f 1712 1416 1296
f 1296 1416 675
f 1296 675 459
f 459 675 361
f 459 361 303
f 303 361 112
f 303 112 61
f 61 112 17
f 61 17 15
f 15 17 4
f 15 4 6
f 6 4 1
f 6 1 2
f 2 1 3
f 2 3 5
f 5 3 16
f 5 16 11
f 11 16 59
f 11 59 36
f 36 59 232
f 36 232 213
f 213 232 380
f 213 380 363
f 363 380 471
f 363 471 460
f 460 471 768
f 460 768 687
f 687 768 1380
f 687 1380 1311
f 1807 1946 1822
f 1358 1110 1081
f 1081 1028 1039
f 1081 1039 1358
f 1358 1039 1257
f 1358 1257 1557
f 1807 1822 1686
f 1257 1425 1557
f 1557 1425 1480
f 1557 1480 1614
f 1614 1480 1561
f 1614 1561 1684
f 1684 1561 1665
f 1684 1665 1755
f 1755 1665 1686
f 1755 1686 1792
f 1792 1686 1822
f 2089 2229 1941
f 1941 2229 2178
f 1941 2178 2131
f 1941 1727 2089
f 2089 1727 1806
f 2089 1806 1948
f 1948 1806 1844
