v -0.08553031087 -2.945134111e-05 0.07751962543
v -0.08551223576 -0.0008282411145 0.07739334553
v -0.08550801873 0.000767013873 0.07738257945
v -0.08545526862 -0.001542122103 0.07701782882
v -0.08544711024 0.001475526951 0.07699730247
v -0.08539595455 -4.684431769e-05 0.07505445182
v -0.08536560833 -0.002094217343 0.07643362135
v -0.08535478264 0.002018939005 0.0764054209
v -0.08529637009 -1.569604683e-05 0.07960022986
v -0.08526339382 -0.001471409108 0.07937009633
v -0.08525571227 0.001435760874 0.0793504864
v -0.08525317907 -0.002424378647 0.0757041201
v -0.08524065465 0.002338483231 0.07567150891
v -0.08515960723 -0.002772354754 0.07868578285
v -0.08514475077 0.002726939274 0.07864835858
v -0.08513019979 -0.00249698991 0.07490804046
v -0.08511715382 0.002399410587 0.07487443089
v -0.0850096494 -0.002303857822 0.07413215935
v -0.08499773592 0.002195491921 0.07410113513
v -0.08499619365 -0.003778462298 0.07762113214
v -0.08497648686 0.00371723529 0.07756973058
v -0.0849050805 -0.001866422943 0.07345993817
v -0.08489556611 0.001748099574 0.07343518734
v -0.08482732624 -0.00123190356 0.07296483219
v -0.08482109755 0.001106459298 0.07294863462
v -0.08479133993 -0.004380156286 0.07629169524
v -0.08478520066 -0.0004688969639 0.07269991934
v -0.08478301018 0.0003397573892 0.07269438356
v -0.084768489 0.004299567081 0.07623226941
v -0.08456719667 -0.004512466956 0.07484094054
v -0.08454342186 0.004410597961 0.07477970421
v -0.08449386805 9.760075045e-06 0.08359499276
v -0.08443271369 -0.002689633518 0.0831682682
v -0.08441850543 0.002701297402 0.08313188702
v -0.08438712358 -1.540589878e-08 0.08581714332
v -0.08434749395 -0.00416051643 0.0734270215
v -0.08433952928 2.466119213e-06 0.08259736001
v -0.08432579786 0.004038985353 0.0733704567
v -0.08432105929 -0.002633880591 0.08542209864
v -0.08432105184 0.00263385335 0.08542207628
v -0.08428581059 -0.002368699526 0.08222252131
v -0.08427331597 0.002366710687 0.08219057322
v -0.08424025774 -0.005102047697 0.08189928532
v -0.08421272784 0.005095602944 0.08182989061
v -0.0841569677 -0.003363357857 0.07220195234
v -0.08415146917 -0.005135728978 0.0844078809
v -0.08415146917 0.005135702435 0.0844078809
v -0.0841396004 0.003223665059 0.07215685397
v -0.08411676437 -0.004487774801 0.08110784739
v -0.08411548287 1.022196921e-05 0.08385316283
v -0.08409257233 0.004469879437 0.08104689419
v -0.08405309916 -0.002753291279 0.08341705054
v -0.08403838426 0.002767320722 0.08337946236
v -0.08402992785 -1.49879007e-08 0.08368699253
v -0.08401525021 -0.002207010984 0.07129970193
v -0.08400391042 0.002054359764 0.07127018273
v -0.08397755027 -0.002088353736 0.08337377757
v -0.08397754282 0.002088326961 0.08337375522
v -0.08393848687 -0.0008165239706 0.07081693411
v -0.08393725008 -0.006967739668 0.07992504537
v -0.08393447101 0.0006571375416 0.07080683112
v -0.08390068263 0.006931961048 0.07982973754
v -0.08388549834 0.007329106331 0.0828172043
v -0.08388549089 -0.007329132874 0.08281721175
v -0.08385546505 -0.005223441869 0.08211795241
v -0.08385059983 -0.006126606371 0.07937366515
v -0.08384308219 -0.00407201983 0.08256962895
v -0.08384308219 0.004071992356 0.08256962895
v -0.08382792771 0.005218429491 0.08204636723
v -0.08381848037 0.0060829469 0.07928994298
v -0.08363219351 -0.005811125506 0.08130841702
v -0.08363219351 0.005811098032 0.08130840957
v -0.08355735987 -0.008083479479 0.07745979726
v -0.08354583383 -0.00713305315 0.08009728789
v -0.08352915198 0.008974159136 0.08068612963
v -0.08352913707 -0.008974187076 0.08068612218
v -0.08351688832 -0.007106679492 0.07720818371
v -0.08351499587 0.008011813276 0.07734960318
v -0.08350800723 0.007098479662 0.07999937236
v -0.08347968757 0.007031490095 0.07711138576
v -0.08334966004 0.007115427405 0.0796187222
v -0.08334965259 -0.007115456276 0.07961871475
v -0.08315706253 -0.008275134489 0.07757249475
v -0.08315180242 -0.007322215009 0.07484509051
v -0.08314172924 -0.008328848518 0.07476958632
v -0.08311601728 0.01003658678 0.07821545005
v -0.08311600983 -0.01003661472 0.0782154426
v -0.08311320096 0.008204041049 0.07745940983
v -0.0831130594 0.007212351542 0.07474534214
v -0.0830976218 0.00821771007 0.07465603948
v -0.08302209526 0.007957806811 0.0776597634
v -0.08302208781 -0.007957831956 0.07765975595
v -0.08279394358 -0.006748914719 0.07254196703
v -0.08275860548 0.006607044488 0.07244983315
v -0.08273430914 -0.007676187903 0.07214765251
v -0.0827306062 -0.008526613005 0.07481878251
v -0.0826940909 0.007528610528 0.07204275578
v -0.08268596977 0.008414271288 0.07470190525
v -0.0826523006 0.008283809759 0.07544828206
v -0.0826522857 -0.008283833973 0.07544826716
v -0.08264961839 0.01044774987 0.0754262656
v -0.08264960349 -0.01044777595 0.0754262507
v -0.08248357475 -0.005450436845 0.07054651529
v -0.08245529979 0.005278988741 0.07047303766
v -0.08238099515 -0.006197979208 0.06987597048
v -0.0823488012 0.006016714033 0.06979233027
v -0.08231431246 -0.007859240286 0.0721334517
v -0.08230567724 0.008051322773 0.07337529212
v -0.08230566233 -0.00805134885 0.07337528467
v -0.08227377385 0.007708188146 0.07202656567
v -0.08225275576 -0.003566901665 0.06907685101
v -0.08223427087 0.003374336753 0.06902876496
v -0.08221244812 0.01015453134 0.07281176746
v -0.08221243322 -0.01015456021 0.07281175256
v -0.08212770522 -0.001301989425 0.06829047948
v -0.08212611079 6.873814073e-06 0.08416152
v -0.08212120086 0.001098433975 0.0682740137
v -0.08211822063 -0.004053702112 0.0682028532
v -0.08209717274 0.003848407185 0.06814812124
v -0.08206254244 -0.002756183967 0.08372549713
v -0.08204811811 0.002763891593 0.0836872831
v -0.08198982477 0.007285576314 0.07148645073
v -0.08198981732 -0.007285603322 0.07148645073
v -0.08197586983 -0.00147525908 0.06730762869
v -0.08196844161 0.001257449971 0.06728889048
v -0.08195181191 -0.006345388945 0.06980748475
v -0.08191917837 0.006161404308 0.0697221607
v -0.08186610043 -0.005226777866 0.08242630959
v -0.08183758706 0.00521497149 0.08235476911
v -0.08181408793 0.009188754484 0.07042951137
v -0.08181408048 -0.009188781492 0.07042951137
v -0.08170948178 -0.005892643705 0.06980991364
v -0.08170948178 0.005892620422 0.06980991364
v -0.08168365806 -0.004150103312 0.06809394062
v -0.08166243881 0.00394092733 0.06803911924
v -0.08155557513 -0.007136484142 0.08040510118
v -0.08153750002 -0.001510086819 0.06717788428
v -0.08153021336 0.001288049505 0.06715857983
v -0.08151870221 0.007095165085 0.08030714095
v -0.08149011433 -0.004180710763 0.06849790365
v -0.08149011433 0.004180689342 0.06849790365
v -0.08146052063 -0.007431946229 0.06831501424
v -0.08146052063 0.007431923877 0.06831502169
v -0.08135959506 -0.002161771292 0.06771741807
v -0.08135959506 0.00216175057 0.06771741807
v -0.08120606095 -1.246623427e-08 0.06736175716
v -0.08118384331 -0.005272813607 0.066660285
v -0.08118384331 0.005272793584 0.066660285
v -0.08116679639 -0.008278559893 0.07788032293
v -0.08112389594 0.008200729266 0.07776717842
v -0.08101923764 -0.002726477105 0.06567591429
v -0.08101923764 0.002726456849 0.06567591429
v -0.0808255896 -1.222551038e-08 0.06522734463
v -0.08074130863 -0.008529924788 0.07512655109
v -0.08073747903 -1.840395392e-08 0.09489443153
v -0.08071184158 -0.004927170929 0.09414689988
v -0.08071184158 0.004927140661 0.09414689243
v -0.08069643378 0.008411523886 0.07500971854
v -0.0805715546 -0.009607359767 0.09223049879
v -0.0805715546 0.009607331827 0.09223049879
v -0.08032500744 -0.007862553932 0.07244122028
v -0.08028328419 0.007705324329 0.07233443856
v -0.08028139174 -0.01371054538 0.08922727406
v -0.08028139174 0.01371051744 0.08922728896
v -0.07996243984 -0.006348736119 0.07011584938
v -0.0799369812 -0.01678793505 0.08520222455
v -0.0799369812 0.01678790525 0.085202232
v -0.07992890477 0.006157980766 0.07002997398
v -0.07969332486 -0.004153564107 0.0684023425
v -0.07967216522 0.003937498201 0.06834693253
v -0.07954814285 -0.001513428404 0.06748624146
v -0.07953988761 0.001284592436 0.06746698916
v -0.07948436588 -0.01877540909 0.08053761721
v -0.07948436588 0.01877538115 0.08053763211
v -0.07900845259 -0.01954456791 0.07527042925
v -0.07900845259 0.01954454184 0.07527044415
v -0.07862955332 0.01899602264 0.07033079863
v -0.07862953842 -0.01899604872 0.07033078372
v -0.07841438055 -0.01718937233 0.06582531333
v -0.07841438055 0.01718934998 0.06582532078
v -0.0783059895 -0.01390287653 0.06182336807
v -0.0783059895 0.01390285511 0.06182337552
v -0.0781475082 -0.009863805026 0.05869416147
v -0.0781475082 0.009863786399 0.05869416147
v -0.07804952562 -0.005100390874 0.05683278665
v -0.07804952562 0.005100372247 0.05683279037
v -0.07761351019 -0.006906962954 0.1017829329
v -0.07761351019 0.006906929892 0.1017829329
v -0.0776052177 -2.099576868e-08 0.1028323099
v -0.07753729075 -1.244505121e-08 0.05536641553
v -0.07749931514 -0.01346670371 0.09908589721
v -0.07749931514 0.0134666739 0.09908589721
v -0.07719234377 -0.01921092905 0.0948561281
v -0.07719234377 0.01921089925 0.094856143
v -0.07712288946 -0.007220461033 0.1029920951
v -0.07712288946 0.007220427506 0.1029920951
v -0.07710810751 -2.14071072e-08 0.1040921062
v -0.07701190561 -0.01407899149 0.1001735106
v -0.07701190561 0.01407896075 0.1001735106
v -0.07700199634 -0.007063711528 0.1023888141
v -0.07700199634 0.007063678931 0.1023888141
v -0.07699046284 -2.119955234e-08 0.1034635007
v -0.07688940316 -0.01377284806 0.09963099658
v -0.07688940316 0.0137728164 0.09963099658
v -0.07686223835 -0.02351410687 0.08919337392
v -0.07686223835 0.02351408079 0.08919338882
v -0.07669755071 -0.02009195834 0.09575773776
v -0.07669755071 0.02009192854 0.09575775266
v -0.07657875121 -0.01965144277 0.09530822933
v -0.07657875121 0.01965141296 0.09530824423
v -0.07638266683 -0.0262808688 0.08263545483
v -0.07638266683 0.02628084272 0.08263546973
v -0.07636507601 -0.02460168116 0.08983871341
v -0.07636507601 0.02460165136 0.08983872831
v -0.07624746114 -0.02405789495 0.08951734006
v -0.07624746114 0.02405786514 0.08951735497
v -0.07590582967 -0.02733931504 0.07524006814
v -0.07590582967 0.02733928896 0.07524008304
v -0.07587298006 -0.02751420252 0.08298018575
v -0.07587298006 0.02751417644 0.08298020065
v -0.07576161623 -0.02689753659 0.08280912042
v -0.07576161623 0.02689751051 0.08280913532
v -0.07562673837 -0.01943440549 0.05637703836
v -0.07562673837 0.01943438686 0.05637704581
v -0.07558187097 -0.02655955963 0.06831141561
v -0.07558187097 0.02655953355 0.06831142306
v -0.07557163388 -0.01378473733 0.05199351534
v -0.07557163388 0.01378472056 0.05199351534
v -0.07553236187 0.007126354612 0.04938850179
v -0.07553235441 -0.007126371842 0.04938849062
v -0.07552496344 -0.02402986214 0.06199167296
v -0.07552496344 0.02402984165 0.06199168414
v -0.07538755983 -0.02864135802 0.07523500174
v -0.07538755983 0.02864133194 0.07523500919
v -0.07532165945 -1.259735072e-08 0.04813671857
v -0.07528050244 -0.02799033746 0.07523882389
v -0.07528049499 0.02799031138 0.07523883134
v -0.07517173141 -0.02037380636 0.05545210466
v -0.07517173141 0.02037378773 0.05545211211
v -0.07513143867 -0.01445479505 0.05084842443
v -0.07513143867 0.01445477922 0.05084842443
v -0.07510007173 -0.007474304177 0.04811004549
v -0.07510007173 0.007474287413 0.04811005294
v -0.07510007173 0.007474288344 0.04811004922
v -0.07508327812 -1.261373672e-08 0.04735888168
v -0.07506691664 -0.02783753537 0.06797020882
v -0.07506691664 0.02783751301 0.06797021627
v -0.07503493875 -0.02518996224 0.06134151667
v -0.07503493875 0.02518994361 0.06134152412
v -0.07503303885 -0.01990410686 0.05591586605
v -0.07503303885 0.01990408823 0.0559158735
v -0.07498534024 -0.01411976758 0.0514222607
v -0.07498534024 0.01411974896 0.0514222607
v -0.07495819777 -0.0271985475 0.06814210117
v -0.07495819777 0.02719852328 0.06814210862
v -0.07495001704 0.007300321478 0.04875056818
v -0.07495000958 -0.007300337311 0.04875056073
v -0.07491375506 -0.02460991219 0.06166788563
v -0.07491375506 0.02460989356 0.06166789681
v -0.07483626157 -1.260365945e-08 0.04774909094
v -0.07426925749 -1.266969107e-08 0.04470271617
v -0.07343044877 -0.01229692344 0.0443350859
v -0.07343044877 0.01229690947 0.04433508962
v -0.07186094671 -0.03147580847 0.05732318014
v -0.07186094671 0.03147578984 0.05732318759
v -0.07174336165 -0.03556348756 0.08418166637
v -0.07174336165 0.03556346148 0.08418168128
v -0.07136052102 -0.02389014699 0.04441258311
v -0.07136052102 0.02389013208 0.04441259056
v -0.07041934133 -0.0328249298 0.09940651059
v -0.07041934133 0.03282489628 0.09940652549
v -0.07030849904 -1.081150725e-08 0.03357099742
v -0.06984443963 -0.03935621679 0.07769162208
v -0.06984443963 0.03935619071 0.07769163698
v -0.06963895261 -0.0126931034 0.03347403184
v -0.06963895261 0.01269309316 0.03347403556
v -0.06895120442 -0.03855523095 0.09173439443
v -0.06895120442 0.03855519742 0.09173440933
v -0.06796832383 -0.009222351015 0.1194013208
v -0.06796832383 0.00922231283 0.1194013208
v -0.06796235591 -2.325736759e-08 0.1202292517
v -0.06763695925 -0.0183888115 0.1170246974
v -0.06763695925 0.01838877425 0.1170246974
v -0.06734967232 -0.02589468472 0.03347186372
v -0.06734967232 0.02589467354 0.03347187489
v -0.06727275252 -0.0423980318 0.06838243455
v -0.06727275252 0.04239801317 0.06838244945
v -0.06702056527 -0.03615694493 0.04510262609
v -0.06702056527 0.03615693375 0.04510263726
v -0.06662996858 -0.02776157297 0.1135014817
v -0.06662996858 0.02776153572 0.1135014966
v -0.06590094417 -8.968715548e-09 0.02249688655
v -0.06590094417 4.554265853e-10 0.02249689214
v -0.06545718759 -0.01183992065 0.02240071073
v -0.06545718759 -0.01183991693 0.02240071073
v -0.06545718759 0.01183991414 0.02240071446
v -0.06545718759 0.01183991786 0.02240071446
v -0.06375490874 -0.04554731771 0.05745802447
v -0.06375490874 0.04554729909 0.05745803937
v -0.06361871213 -0.0381552428 0.1088674217
v -0.06361871213 0.03815520927 0.1088674366
v -0.0629755035 1.290476614e-09 0.01737139188
v -0.06295317411 -0.02679070272 0.02242926508
v -0.06295317411 -0.02679069899 0.02242926508
v -0.06295317411 0.02679069526 0.0224292744
v -0.06295317411 0.02679069899 0.0224292744
v -0.0627855882 -0.01086487342 0.01745487191
v -0.0627855882 0.01086487621 0.01745487563
v -0.06265883148 -0.03859946504 0.03367875516
v -0.06265883148 0.03859945387 0.03367877007
v -0.06255590916 -0.04849459603 0.08232370019
v -0.06255590916 0.04849456996 0.08232371509
v -0.06069748849 1.696965457e-09 0.01487638056
v -0.06062439829 -0.02639932185 0.01741236076
v -0.06062439829 0.02639932558 0.01741236821
v -0.06039296836 -0.01060048956 0.01503632031
v -0.06039296836 0.01060049236 0.01503632404
v -0.060144566 -2.062825466e-10 0.01054026932
v -0.060144566 2.403407695e-09 0.01054026932
v -0.06005121022 2.104473262e-09 0.01237511635
v -0.05987461656 -0.01029531378 0.0106775295
v -0.05987461656 -0.01029531006 0.0106775295
v -0.05987461656 0.01029531378 0.01067753322
v -0.05987461656 0.01029531471 0.01067753322
v -0.05968620628 -0.01019753888 0.01245058514
v -0.05968620628 0.01019754354 0.01245058887
v -0.05949132144 -0.04821822792 0.04573269933
v -0.05949132144 0.04821821675 0.04573271424
v -0.05920985341 -0.04825386405 0.1015170738
v -0.05920985341 0.04825383052 0.1015170887
v -0.05886561424 5.549840587e-10 0.00586764887
v -0.05886561424 3.1646743e-09 0.00586764887
v -0.05845791847 -0.01259415504 0.005764899775
v -0.05845791847 -0.01259415131 0.005764899775
v -0.05845791847 0.01259415783 0.005764903501
v -0.05841170251 0.01259017643 0.005764922127
v -0.05834209919 -0.03928028047 0.02248966321
v -0.05834209919 -0.03928027675 0.02248966321
v -0.05834209919 0.03928027675 0.02248967439
v -0.05834209919 0.03928028047 0.02248967439
v -0.05827683955 -0.02534177527 0.01495994255
v -0.05827683955 0.02534177899 0.01495995
v -0.05796958506 3.451496866e-09 0.00410714373
v -0.05788225681 -0.02490881085 0.01044628769
v -0.05788225681 -0.02490880713 0.01044628769
v -0.05788225681 0.02490881085 0.01044629514
v -0.05774214864 0.02487610281 0.01041051745
v -0.05763173848 -0.02501283213 0.01224660873
v -0.05763173848 0.02501283586 0.01224661618
v -0.05753828585 -0.01108273398 0.003933278844
v -0.05753828585 0.0110827405 0.003933282569
v -0.05737002939 -0.05378843471 0.07048566639
v -0.05737002939 0.05378840864 0.0704856813
v -0.05711901188 -2.505311514e-10 0.001537751406
v -0.05711901188 3.870104237e-09 0.001537751406
v -0.05670958012 -0.01103737578 0.001466143876
v -0.05670958012 -0.01103737205 0.001466143876
v -0.05670958012 0.01103737671 0.001466143876
v -0.05670958012 0.01103738043 0.001466143876
v -0.05653303117 -0.0252073165 0.005639573559
v -0.05653303117 -0.02520731278 0.005639573559
v -0.05653303117 0.02520732023 0.00563958101
v -0.05642208457 0.02518205345 0.005639305338
v -0.05625136942 -0.03859833255 0.01745525934
v -0.05625136942 0.03859833628 0.01745527051
v -0.05571881682 -0.02417371236 0.003792401403
v -0.05571881682 0.02417371981 0.003792408854
v -0.05561868846 1.096256863e-09 -0.006728485227
v -0.05517301708 -0.01085869968 -0.006886437535
v -0.05517301708 0.01085870247 -0.006886437535
v -0.05497991294 -0.02375359461 0.001221146435
v -0.05497991294 -0.02375359088 0.001221146435
v -0.05497991294 0.02375359461 0.001221153885
v -0.05497991294 0.02375359833 0.001221153885
v -0.05486720055 -0.05048717186 0.03392371163
v -0.05486720055 0.05048716068 0.03392372653
v -0.05468739569 2.155850609e-09 -0.01323222369
v -0.05421295762 -0.01082284562 -0.01343454793
v -0.05421295762 0.01082285028 -0.01343454793
v -0.05399941653 -2.45847005e-08 0.1345393658
v -0.05395013839 -0.01046722662 0.1335860491
v -0.05395013839 0.01046718471 0.1335860491
v -0.05394830555 3.117545333e-09 -0.01913366839
v -0.05393973738 -0.03774223104 0.01503869891
v -0.05393973738 0.03774223477 0.01503871009
v -0.05382376909 -0.05614915118 0.05880889297
v -0.05382376909 0.05614913255 0.05880891532
v -0.05374221504 -0.0208289586 0.131304279
v -0.05374221504 0.02082891762 0.131304279
v -0.05360947549 -0.02257430553 -0.00736983493
v -0.05360947549 0.02257430926 -0.007369827479
v -0.05357853323 -0.03750437126 0.01020361669
v -0.05357853323 -0.03750436753 0.01020361669
v -0.05357853323 0.03750437126 0.01020362787
v -0.05348499119 -0.01073975395 -0.01944927499
v -0.05348499119 0.01073976047 -0.01944927499
v -0.0533695817 -5.74781152e-05 -0.02518507838
v -0.0533695817 5.748631884e-05 -0.02518507838
v -0.05334196985 0.03739517927 0.0102422554
v -0.0533374548 -0.03146141395 0.1276006252
v -0.0533374548 0.03146137297 0.1276006401
v -0.05323769897 -0.03756286576 0.01203339361
v -0.05323769897 0.03756286949 0.01203340478
v -0.05294355005 -0.01061991137 -0.02562354133
v -0.05294355005 0.01061992161 -0.02562354133
v -0.05274192244 -0.02196229436 -0.01406656578
v -0.05274192244 0.02196229808 -0.01406655833
v -0.05266424268 -0.03691977262 0.005401231349
v -0.05266424268 -0.0369197689 0.005401231349
v -0.05266424268 0.03691977262 0.005401242524
v -0.05262556672 -0.0001076511107 -0.03229715675
v -0.05262556672 0.000107661639 -0.03229715675
v -0.05250097066 0.03685202077 0.005393989384
v -0.05218412727 -0.01053046063 -0.03255835176
v -0.05218412727 0.01053047273 -0.03255835176
v -0.05202783644 -0.03610561788 0.003541074693
v -0.05202783644 0.03610562161 0.003541085869
v -0.05199540406 -0.02164613456 -0.02000113577
v -0.05199540406 0.02164614201 -0.02000112832
v -0.05169272423 -0.04238174856 0.1221228763
v -0.05169272423 0.04238170758 0.1221228912
v -0.05143287033 -0.03558953851 0.000750027597
v -0.05143287033 -0.03558953479 0.000750027597
v -0.05143287033 0.03558953479 0.0007500424981
v -0.05143287033 0.03558953851 0.0007500424981
v -0.05130450428 -0.02128376067 -0.02640536055
v -0.05130450428 0.02128376812 -0.0264053531
v -0.0506239906 -0.05102769285 0.02255408838
v -0.0506239906 -0.05102768913 0.02255408838
v -0.0506239906 0.05102768913 0.02255410329
v -0.0506239906 0.05102769285 0.02255410329
v -0.05045934021 -0.02094239742 -0.03322599083
v -0.05045934021 0.02094240859 -0.03322599083
v -0.0504559204 -0.05881600454 0.08911500871
v -0.0504559204 0.05881597847 0.08911502361
v -0.05006008595 -0.03398282081 -0.008741542697
v -0.05006008595 0.03398282453 -0.008741535246
v -0.05003514141 -0.05775805563 0.04701216891
v -0.05003514141 0.057758037 0.04701218754
v -0.04960728437 -0.0001510875736 -0.03972144425
v -0.04960728437 0.0001511005248 -0.03972144425
v -0.04922202229 -0.03322003409 -0.01507401839
v -0.04922202229 0.03322003782 -0.01507401094
v -0.04864183813 -0.05034996942 0.01757257059
v -0.04864183813 0.05034997314 0.01757258549
v -0.04860389978 -0.05313235894 0.1135890633
v -0.04860389978 0.05313232541 0.1135890782
v -0.0485939011 -0.01016735379 -0.03969272226
v -0.0485939011 0.01016736776 -0.03969272226
v -0.04859165102 -0.03244537488 -0.02096880972
v -0.04859165102 0.0324453786 -0.02096880227
v -0.04783880338 -0.03151471168 -0.02747736499
v -0.04783880338 0.03151472285 -0.02747735754
v -0.04700344056 -0.02007812262 -0.04006371647
v -0.04700344056 0.02007813752 -0.04006371647
v -0.04697953165 -0.03061776608 -0.03416284174
v -0.04697953165 0.03061777726 -0.03416282684
v -0.04658933729 -0.04937632382 0.01494999789
v -0.04658933729 0.04937632754 0.01495001279
v -0.04636500031 -0.04947086424 0.009876258671
v -0.04636500031 -0.04947086051 0.009876258671
v -0.04636500031 0.04947086424 0.009876273572
v -0.04605771229 0.04922601953 0.00982917659
v -0.04594717547 -0.05924668163 0.03530271724
v -0.04594717547 0.05924667045 0.03530273959
v -0.04589752108 -0.04942435399 0.01170752756
v -0.04589752108 0.04942435771 0.01170754246
v -0.04582404718 -0.04889255017 0.005004703999
v -0.04582404718 -0.04889254645 0.005004703999
v -0.04582404718 0.04889255017 0.0050047189
v -0.04558192566 0.04869979247 0.004817651585
v -0.04548542202 -0.04795525596 0.003192257136
v -0.04548542202 0.04795525968 0.003192272037
v -0.04505933076 -0.04706411436 -0.0003464967012
v -0.04505933076 -0.04706411064 -0.0003464967012
v -0.04505933076 0.04706411809 -0.0003464818001
v -0.04505933076 0.04706412181 -0.0003464818001
v -0.04420194775 -0.04504386708 -0.00950325653
v -0.04420194775 0.04504387081 -0.009503241628
v -0.04402321577 -0.02902675979 -0.04086939245
v -0.04402321577 0.02902677469 -0.04086937755
v -0.04351905361 -0.04350335896 -0.01610029116
v -0.04351905361 0.04350336269 -0.01610027626
v -0.04322392866 -0.0001277063566 -0.04553104937
v -0.04322392866 0.0001277211995 -0.04553104937
v -0.04302489385 -0.06137559563 0.1034886539
v -0.04302489385 0.0613755621 0.1034886688
v -0.04298017919 -0.04222240299 -0.02230226249
v -0.04298017919 0.04222240672 -0.02230224758
v -0.04270802438 -0.009890725836 -0.04536089301
v -0.04270802438 0.009890741669 -0.04536089301
v -0.04241364449 -0.06404937804 0.07254421711
v -0.04241364449 0.06404934824 0.07254423201
v -0.04236397892 -0.04068800062 -0.02864059061
v -0.04236397892 0.0406880118 -0.02864057571
v -0.04174384102 -0.0389983803 -0.03516618162
v -0.04174384102 0.03899839148 -0.03516616672
v -0.04169649631 -0.06414805353 0.06048822403
v -0.04169649631 0.06414802372 0.06048824638
v -0.04139880091 -0.06365966797 0.07241044939
v -0.04139880091 0.06365963817 0.07241047919
v -0.04114643857 -0.01942802779 -0.04531241208
v -0.04114643857 0.01942804269 -0.04531241208
v -0.04087236151 -0.06033878028 0.02247398347
v -0.04087236151 -0.06033877656 0.02247398347
v -0.04087236151 0.06033877656 0.02247400582
v -0.04087236151 0.06033878028 0.02247400582
v -0.04070071131 -0.06377118826 0.06054993346
v -0.04070071131 0.06377115846 0.06054995582
v -0.0406162031 -0.06495434791 0.07238315791
v -0.0406162031 0.06495431811 0.07238318026
v -0.04001407325 -0.06505103409 0.08435481787
v -0.04001407325 0.06505100429 0.08435483277
v -0.03993716836 -0.065078713 0.06071810797
v -0.03993716836 0.0650786832 0.06071813032
v -0.03964298218 -0.06461603194 0.04891199246
v -0.03964298218 0.06461601704 0.04891201109
v -0.03954106569 -0.03599369898 -0.04115501046
v -0.03954106569 0.03599371016 -0.04115499556
v -0.03919591382 -0.02762479708 -0.04523395747
v -0.03919591382 0.02762481198 -0.04523394257
v -0.0390528217 -0.06462827325 0.08393580467
v -0.0390528217 0.06462824345 0.08393582702
v -0.03890871257 -0.0596289821 0.01748820953
v -0.03890871257 0.05962898582 0.01748822816
v -0.03867314756 -0.06425303966 0.04906597733
v -0.03867314756 0.06425302476 0.04906599969
v -0.03832381591 -0.06588990241 0.08362326026
v -0.03832381591 0.06588987261 0.08362329006
v -0.03793555871 -0.06557445228 0.04932643473
v -0.03793555871 0.06557443738 0.04932645336
v -0.0372129716 -0.03323652223 0.1385378689
v -0.0372129716 0.0332364738 0.1385378838
v -0.03720382228 -0.03319004923 -0.0444490239
v -0.03720382228 0.03319006041 -0.044449009
v -0.03709917888 -0.04471775144 0.1325968504
v -0.03709917888 0.04471771047 0.1325968653
v -0.03709626198 -0.05888905376 0.01495549642
v -0.03709626198 0.05888905749 0.01495551504
v -0.03701276332 -0.06521076709 0.0385613516
v -0.03701276332 0.06521075219 0.03856137395
v -0.0369752422 -0.058902964 0.009350264445
v -0.0369752422 -0.05890296027 0.009350264445
v -0.0369752422 0.058902964 0.009350283071
v -0.03691591322 -0.05814892054 0.004619469866
v -0.03691591322 -0.05814891681 0.004619469866
v -0.03691591322 0.05814892054 0.004619488493
v -0.03686884046 -0.02205982991 0.1421854496
v -0.03686884046 0.0220597852 0.1421854496
v -0.03676050156 -0.05720669031 0.00259071216
v -0.03676050156 0.05720669404 0.002590734512
v -0.03668303788 0.05851859227 0.009296519682
v -0.03666326031 -0.01103790756 0.1443507075
v -0.03666326031 0.01103786193 0.1443507075
v -0.03665498272 0.05779552832 0.004580300301
v -0.03655376285 -0.05634560809 -0.001475065947
v -0.03655376285 -0.05634560436 -0.001475065947
v -0.03655376285 0.05634561181 -0.001475051045
v -0.03655376285 0.05634561554 -0.001475051045
v -0.03642069548 -0.05875160545 0.01107636839
v -0.03642069548 0.05875160918 0.01107638702
v -0.03626293316 -0.05385497212 -0.01049280912
v -0.03626293316 0.05385497585 -0.01049279422
v -0.03607780486 -0.06485762447 0.03881685063
v -0.03607780486 0.06485760957 0.03881687298
v -0.03594094142 -2.520338782e-08 0.1454823613
v -0.03585143387 -0.05583118275 0.1237831265
v -0.03585143387 0.05583114177 0.1237831414
v -0.0357125625 -0.0001003645084 -0.05011894554
v -0.0357125625 0.0001003808429 -0.05011894554
v -0.03564277664 -0.05191830546 -0.0174824819
v -0.03564277664 0.05191830918 -0.017482467
v -0.03537509218 -0.06618888676 0.03917881846
v -0.03537509218 0.06618887186 0.03917884082
v -0.03520932421 -0.05028284714 -0.02406657487
v -0.03520932421 0.05028285831 -0.02406655997
v -0.03514571115 -0.009909943677 -0.04989907891
v -0.03514571115 0.009909961373 -0.04989907891
v -0.03509178758 -0.06670318544 0.09326387942
v -0.03509178758 0.06670315564 0.09326390922
v -0.03483146057 -0.0482872501 -0.03064294904
v -0.03483146057 0.04828726128 -0.03064293414
v -0.03473544866 -0.06580258161 0.03296785429
v -0.03473544866 0.06580256671 0.03296787664
v -0.03466926515 -0.04594476894 -0.03700958192
v -0.03466926515 0.04594478011 -0.03700956702
v -0.0342714265 -0.06624750048 0.09260101616
v -0.0342714265 0.06624747068 0.09260103852
v -0.03393093124 -0.06542477757 0.0335316807
v -0.03393093124 0.06542476267 0.03353169933
v -0.03386189044 -0.0195352044 -0.04950024933
v -0.03386189044 0.0195352193 -0.04950024933
v -0.03368330747 -0.06747621298 0.09204462171
v -0.03368330747 0.06747618318 0.09204463661
v -0.03335865587 -0.06673137844 0.03420197219
v -0.03335865587 0.06673136353 0.03420199081
v -0.03319104761 -0.04111932591 -0.04298935086
v -0.03319104761 0.04111933708 -0.04298933595
v -0.03275711462 -0.06357719749 0.1136947498
v -0.03275711462 0.06357715279 0.1136947647
v -0.03267103434 -0.02815124579 -0.04865266383
v -0.03267103434 0.02815126069 -0.04865264893
v -0.03215714544 -0.0691864416 0.06120027602
v -0.03215714544 0.0691864118 0.06120029837
v -0.03206862509 -0.03537598252 -0.04657894373
v -0.03206862509 0.03537600115 -0.04657892883
v -0.03178551421 -0.06938074529 0.0729046613
v -0.03178551421 0.06938071549 0.0729046911
v -0.03165674955 -0.0690209344 0.04970888048
v -0.03165674955 0.0690209195 0.04970890284
v -0.03123980388 -0.06723039597 0.03004514799
v -0.03123980388 0.06723038107 0.03004517034
v -0.03119404614 -0.06861822307 0.03925728798
v -0.03119404614 0.06861820817 0.03925731033
v -0.03072207049 -0.06670439243 0.03086392209
v -0.03072207049 0.06670437753 0.03086394444
v -0.03043657914 -0.06786278635 0.03178916126
v -0.03043657914 0.06786277145 0.03178918362
v -0.02990943938 -0.06979744136 0.08344975114
v -0.02990943938 0.06979741156 0.08344977349
v -0.02962617204 -0.06728453189 0.0224721022
v -0.02962617204 -0.06728452444 0.0224721022
v -0.02962617204 0.06728451699 0.02247212455
v -0.02962617204 0.06728452444 0.02247212455
v -0.027766563 -0.06667362154 0.01756267622
v -0.027766563 0.06667362154 0.01756269857
v -0.0275561437 -0.06858707964 0.1008476019
v -0.0275561437 0.06858704984 0.1008476168
v -0.02747039869 -0.06420393288 0.004072424024
v -0.02747039869 -0.06420392543 0.004072424024
v -0.02747039869 0.06420394033 0.004072446376
v -0.02745325863 -0.06204070523 -0.003090199083
v -0.02745325863 -0.06204070151 -0.003090199083
v -0.02745325863 0.06204070896 -0.003090176731
v -0.02745325863 0.06204071268 -0.003090176731
v -0.02727234736 -0.07023328543 0.09160948545
v -0.02727234736 0.07023325562 0.0916095078
v -0.02724947035 -0.06333240867 0.002210732549
v -0.02724947035 0.06333242357 0.002210754901
v -0.02724427357 0.06376549602 0.004034623504
v -0.02692255005 -0.06810066104 0.1000052765
v -0.02692255005 0.06810063124 0.1000052914
v -0.02687419578 -0.06029671058 -0.01192113012
v -0.02687419578 0.06029671431 -0.01192110777
v -0.02674311772 -7.164454291e-05 -0.05395111442
v -0.02674311772 7.16621289e-05 -0.05395111442
v -0.02652119845 -0.06929863244 0.09926941246
v -0.02652119845 0.06929860264 0.09926944226
v -0.02648305893 -0.06914231926 0.02806801535
v -0.02648305893 0.06914230436 0.0280680377
v -0.02623616159 -0.05843203142 -0.01908544824
v -0.02623616159 0.05843203515 -0.01908542588
v -0.02622584999 -0.06845913082 0.02900855243
v -0.02622584999 0.06845911592 0.02900857478
v -0.02621781081 -0.01019009296 -0.05361764878
v -0.02621781081 0.01019011065 -0.05361764878
v -0.02620088309 -0.06946034729 0.03005555645
v -0.02620088309 0.06946033239 0.0300555788
v -0.02618662268 -0.06592090428 0.01496086456
v -0.02618662268 0.06592090428 0.01496088691
v -0.02602146566 -0.06568548083 0.008806526661
v -0.02602146566 -0.06568547338 0.008806526661
v -0.02602146566 0.06568548083 0.008806549013
v -0.02602146566 0.06568548828 0.008806549013
v -0.02583221719 -0.05664089695 -0.02592615038
v -0.02583221719 0.05664090812 -0.02592613548
v -0.02571817487 -0.06542328 0.01049943827
v -0.02571817487 0.0654232949 0.01049946062
v -0.02566686645 -0.05148862675 -0.03958740085
v -0.02566686645 0.05148863792 -0.03958738595
v -0.02563133463 -0.05446444824 -0.03286508471
v -0.02563133463 0.05446445942 -0.03286506981
v -0.02524025366 -0.02017670125 -0.05290137976
v -0.02524025366 0.02017671987 -0.05290137976
v -0.02457578853 -0.04511151463 -0.04513755441
v -0.02457578853 0.0451115258 -0.04513753951
v -0.0244108513 -0.02948861569 -0.05157670379
v -0.0244108513 0.02948863432 -0.05157668889
v -0.02439599484 -0.07055643946 0.09718058258
v -0.02439599484 0.07055640966 0.09718061239
v -0.02421154082 -0.07129236311 0.03907741234
v -0.02421154082 0.07129234821 0.03907743469
v -0.0238804929 -0.03763527796 -0.04866082966
v -0.0238804929 0.03763529658 -0.04866081476
v -0.0231205374 -0.07206594199 0.050077077
v -0.0231205374 0.07206592709 0.05007709935
v -0.0224063769 -0.07246808708 0.06130286306
v -0.0224063769 0.07246805727 0.06130288541
v -0.02135153115 -0.07270477712 0.07223746181
v -0.02135153115 0.07270474732 0.07223748416
v -0.02114417404 -0.05718998238 0.1307053119
v -0.02114417404 0.05718994141 0.1307053268
v -0.0210852772 -0.0462840572 0.1395696551
v -0.0210852772 0.04628400877 0.13956967
v -0.02024895325 -0.03462283313 0.1456112862
v -0.02024895325 0.0346227847 0.1456112862
v -0.02009187639 -0.06556402892 0.1196403205
v -0.02009187639 0.06556398422 0.1196403354
v -0.01976055279 -0.07279586047 0.08228586614
v -0.01976055279 0.07279583067 0.08228588104
v -0.01942402869 -0.02295657806 0.1491547525
v -0.01942402869 0.02295652963 0.1491547525
v -0.01869284734 -0.01137772016 0.1507609487
v -0.01869284734 0.01137767266 0.1507609487
v -0.01863379776 -0.07177220285 0.02251270786
v -0.01863379776 -0.0717721954 0.02251270786
v -0.01863379776 0.07177218795 0.02251273394
v -0.01863379776 0.0717721954 0.02251273394
v -0.01850106195 -0.0725768432 0.02996398322
v -0.01850106195 0.0725768283 0.02996400557
v -0.0184870027 -0.07243804634 0.02796876617
v -0.0184870027 0.07243803144 0.02796879038
v -0.0183779113 -0.07166524976 0.0289131403
v -0.0183779113 0.07166523486 0.02891316451
v -0.01835524291 -2.511072594e-08 0.1513222456
v -0.01828228682 -0.06885261834 0.00829924643
v -0.01828228682 -0.06885261089 0.00829924643
v -0.01828228682 0.06885262579 0.008299268782
v -0.01814590022 -0.07260931283 0.09102937579
v -0.01814590022 0.07260928303 0.09102940559
v -0.01811978221 0.06836790591 0.008176345378
v -0.01794245094 -0.0702451095 0.1060748026
v -0.01794245094 0.0702450648 0.1060748324
v -0.01793660596 -0.06860723346 0.009994480759
v -0.01793660596 0.06860724837 0.009994503111
v -0.01779142395 -0.07073435187 0.01749394834
v -0.01779142395 0.07073435187 0.01749397069
v -0.01756775007 -0.06971225142 0.01509692892
v -0.01756775007 0.06971225142 0.01509695128
v -0.01749582216 -0.06970003992 0.1051206812
v -0.01749582216 0.06969999522 0.105120711
v -0.01730936766 -0.07209096849 0.09867363423
v -0.01730936766 0.07209093869 0.09867366403
v -0.01728143543 -0.07083937526 0.1042730361
v -0.01728143543 0.07083933055 0.1042730659
v -0.01685118675 -0.06848975271 0.003571026027
v -0.01685118675 -0.06848974526 0.003571026027
v -0.01685118675 0.06848976016 0.003571048379
v -0.01669314504 0.06798163801 0.003515781835
v -0.01668711752 -0.06761012226 0.001538794488
v -0.01668711752 0.06761013716 0.001538816839
v -0.01667113602 -0.06612685323 -0.004816811532
v -0.01667113602 -0.06612684578 -0.004816811532
v -0.01667113602 0.06612685323 -0.00481678918
v -0.01667113602 0.06612686068 -0.00481678918
v -0.01653956994 9.384645061e-09 -0.05760643631
v -0.01625959575 -0.01053210348 -0.05714412779
v -0.01625959575 0.01053212304 -0.05714412779
v -0.01587866247 -0.06457666308 -0.01361269876
v -0.01587866247 0.06457666308 -0.01361267641
v -0.01550803706 -0.02100340649 -0.05613137037
v -0.01550803706 0.02100342512 -0.05613137037
v -0.01542855799 -0.07380496711 0.03898766637
v -0.01542855799 0.0738049522 0.03898768872
v -0.01524886489 -0.06283921748 -0.02097082511
v -0.01524886489 0.06283921748 -0.02097080275
v -0.01493270136 -0.05535206944 -0.04279310256
v -0.01493270136 0.05535208061 -0.04279308766
v -0.01487184875 -0.05885741115 -0.03562667221
v -0.01487184875 0.05885742232 -0.03562665731
v -0.01486794651 -0.06098001823 -0.02824179083
v -0.01486794651 0.0609800294 -0.02824177593
v -0.01459218375 -0.03073196858 -0.05468063802
v -0.01459218375 0.03073198721 -0.05468062311
v -0.01435304433 -0.0479060933 -0.04825419188
v -0.01435304433 0.04790611193 -0.04825417697
v -0.01408778131 -0.03975286707 -0.05177374184
v -0.01408778131 0.0397528857 -0.05177372694
v -0.0136043299 -0.07447621226 0.05013062805
v -0.0136043299 0.07447619736 0.0501306504
v -0.01203890145 -0.0747102946 0.06120217964
v -0.01203890145 0.0747102648 0.06120220572
v -0.01060369238 -0.074850142 0.07198701799
v -0.01060369238 0.0748501122 0.07198704779
v -0.009104574099 -0.07471644133 0.08211635053
v -0.009104574099 0.07471641153 0.08211638033
v -0.007717261091 -0.07432813942 0.09133917093
v -0.007717261091 0.07432810962 0.09133919328
v -0.007554449141 -0.07136052102 0.1091478616
v -0.007554449141 0.07136047632 0.1091478914
v -0.007288346067 -0.07348559797 0.1002355888
v -0.007288346067 0.07348556817 0.1002356187
v -0.007251758128 -0.07076901197 0.1081424728
v -0.007251758128 0.07076896727 0.1081425026
v -0.007181307301 -0.07186190039 0.1072435528
v -0.007181307301 0.07186185569 0.1072435826
v -0.006999053061 -0.07198753953 0.007613252848
v -0.006999053061 -0.07198753208 0.007613252848
v -0.006999053061 0.07198754698 0.0076132752
v -0.006940390915 -0.07476278394 0.02243729681
v -0.006940390915 -0.07476277649 0.02243729681
v -0.006940390915 0.07476276904 0.02243731916
v -0.006940390915 0.07476277649 0.02243731916
v -0.006893558428 0.07144066691 0.007568195462
v -0.006729211658 -0.06671451032 0.1229690686
v -0.006729211658 0.06671446562 0.1229690835
v -0.006700782105 -0.07482171059 0.02978116833
v -0.006700782105 0.07482169569 0.02978119254
v -0.006697017699 -0.071781151 0.009272143245
v -0.006697017699 0.0717811659 0.009272165596
v -0.006683977321 -0.07468754798 0.02778562531
v -0.006683977321 0.07468753308 0.02778564952
v -0.006576258689 -0.07391243428 0.02873016149
v -0.006576258689 0.07391241938 0.02873018757
v -0.006490428001 -0.07367321849 0.01752505079
v -0.006490428001 0.07367321849 0.01752507314
v -0.006478432566 -0.07295376062 0.01501938701
v -0.006478432566 0.07295376062 0.01501940936
v -0.005854232237 -0.05840158463 0.134529531
v -0.005854232237 0.05840154365 0.1345295459
v -0.005367577076 1.000093786e-08 -0.06138921529
v -0.00513612479 -0.01059638429 -0.06094840914
v -0.00513612479 0.01059640571 -0.06094840914
v -0.004503421485 -0.02130783908 -0.05992723256
v -0.004503421485 0.02130785771 -0.05992723256
v -0.004496347159 -0.04691755399 0.1433986872
v -0.004496347159 0.04691750556 0.1433987021
v -0.004458339885 -0.07583242655 0.03879720345
v -0.004458339885 0.07583241165 0.03879722953
v -0.004140350968 -0.07154751569 0.002689376473
v -0.004140350968 -0.07154750824 0.002689376473
v -0.004140350968 0.07154752314 0.002689398825
v -0.004121230915 -0.06867326796 -0.00684093684
v -0.004121230915 -0.06867326051 -0.00684093684
v -0.004121230915 0.06867326796 -0.006840914488
v -0.004121230915 0.06867327541 -0.006840914488
v -0.004065319896 0.07101470232 0.002651270479
v -0.004034891725 -0.07063412666 0.0008331350982
v -0.004034891725 0.07063414156 0.00083315745
v -0.003656519577 -0.06723348796 -0.01554246619
v -0.003656519577 0.06723348796 -0.01554244384
v -0.00355883874 -0.03154272586 -0.05828926712
v -0.00355883874 0.03154274449 -0.05828925222
v -0.003236522898 -0.06547046453 -0.0231349133
v -0.003236522898 0.06547046453 -0.02313489094
v -0.003104098141 -0.05750204623 -0.04595215619
v -0.003104098141 0.05750206485 -0.04595214128
v -0.002992369235 -0.04980336502 -0.05178783834
v -0.002992369235 0.04980338365 -0.05178782344
v -0.002971768379 -0.03541213274 0.1493045986
v -0.002971768379 0.03541208431 0.1493046135
v -0.002934932709 -0.06138146669 -0.03846324235
v -0.002934932709 0.06138147786 -0.03846322745
v -0.00291508995 -0.04107183963 -0.05527025461
v -0.00291508995 0.04107185826 -0.05527023971
v -0.002901857719 -0.06353835016 -0.03069253266
v -0.002901857719 0.06353835016 -0.03069251776
v -0.002577951178 -0.07616391778 0.04987920076
v -0.002577951178 0.07616390288 0.04987922683
v -0.001693302765 -0.02348461375 0.1523470879
v -0.001693302765 0.02348456532 0.1523470879
v -0.0007720235735 -0.01160751004 0.1537825763
v -0.0007720235735 0.01160746068 0.1537825763
v -0.0006945468485 -0.07622669637 0.06084948778
v -0.0006945468485 0.07622666657 0.06084951386
v -0.0003520464525 -2.455843529e-08 0.1541623175
v 0.001040427946 -0.07622189075 0.07162676752
v 0.001040427946 0.07622186095 0.07162679732
v 0.001834442839 -0.07242419571 0.002350404859
v 0.001834442839 -0.07242418826 0.002350404859
v 0.001834442839 0.07242420316 0.00235042721
v 0.001910055988 0.07186883688 0.002349000424
v 0.002113800496 -0.07152240723 0.0006704963744
v 0.002113800496 0.07152242213 0.0006705187261
v 0.002458740026 -0.07347152382 0.006988110021
v 0.002458740026 -0.07347151637 0.006988110021
v 0.002458740026 0.07347153127 0.006988132372
v 0.002486848272 0.07290092111 0.006958607584
v 0.002666344866 -0.07585166395 0.08197081834
v 0.002666344866 0.07585163414 0.08197084069
v 0.003178233281 -0.07324565202 0.008480105549
v 0.003178233281 0.07324566692 0.008480127901
v 0.003381144255 -0.07273186743 0.002879820764
v 0.003381144255 -0.07273185998 0.002879820764
v 0.003381144255 0.07273186743 0.002879843116
v 0.003381144255 0.07273187488 0.002879843116
v 0.003609582782 -0.07335285842 0.005909735337
v 0.003609582782 -0.07335285097 0.005909735337
v 0.003609582782 0.07335286587 0.005909757689
v 0.003669002093 0.07284446061 0.00601653941
v 0.003937289119 -0.07306037843 0.004334270954
v 0.003937289119 -0.07306037098 0.004334270954
v 0.003937289119 0.07306037843 0.004334293306
v 0.003937289119 0.07306038588 0.004334293306
v 0.004247207195 -0.07533235848 0.09159478545
v 0.004247207195 0.07533232868 0.09159480035
v 0.004943676293 -0.07206753641 0.001818004996
v 0.004943676293 0.07206755131 0.001818027347
v 0.005188686773 -0.07315633446 0.006989115849
v 0.005188686773 0.07315634936 0.006989138201
v 0.005313651636 -0.07437238842 0.1011291817
v 0.005313651636 0.07437235862 0.1011292115
v 0.005807142705 -0.07480247319 0.01461472921
v 0.005807142705 0.07480247319 0.01461475529
v 0.005860894918 -0.07208850235 0.1110499725
v 0.005860894918 0.07208845764 0.1110500023
v 0.005938384682 -0.07268323749 0.00431202352
v 0.005938384682 0.07268325239 0.004312045872
v 0.005953295156 -0.07661149651 0.02239464596
v 0.005953295156 -0.07661148906 0.02239464596
v 0.005953295156 0.07661148161 0.02239466831
v 0.005953295156 0.07661148906 0.02239466831
v 0.006010787562 -0.07255487144 0.1091083661
v 0.006010787562 0.07255482674 0.1091083959
v 0.006051962264 -0.07147949189 0.1100259349
v 0.006051962264 0.07147944719 0.1100259647
v 0.006084360182 -0.07549718022 0.01751214638
v 0.006084360182 0.07549718022 0.01751217246
v 0.006262588315 -0.07649505883 0.02992050909
v 0.006262588315 0.07649504393 0.0299205333
v 0.006299685687 -0.07637120038 0.02792468108
v 0.006299685687 0.07637118548 0.0279247053
v 0.00639725849 -0.07559093088 0.02886936069
v 0.00639725849 0.07559091598 0.02886938676
v 0.006855002604 1.064591348e-08 -0.06534804404
v 0.007384382188 -0.07348483056 0.007831417024
v 0.007384382188 0.07348484546 0.007831439376
v 0.007453670725 -0.01044330467 -0.06507793069
v 0.007453670725 0.01044332609 -0.06507793069
v 0.00768603757 -0.07711847126 0.03857873753
v 0.00768603757 0.07711845636 0.0385787636
v 0.007693625521 -0.06765528023 0.1243302822
v 0.007693625521 0.06765523553 0.1243302971
v 0.007941595279 -0.02109874785 -0.0641174987
v 0.007941595279 0.0210987702 -0.0641174987
v 0.008210010827 -0.07258557528 0.003050472587
v 0.008210010827 0.07258559018 0.003050494939
v 0.008283835836 -0.06989841908 -0.008775793016
v 0.008283835836 -0.06989841163 -0.008775793016
v 0.008283835836 0.06989841908 -0.008775770664
v 0.008283835836 0.06989842653 -0.008775770664
v 0.008528551087 -0.03165611997 -0.06262972206
v 0.008528551087 0.0316561386 -0.06262970716
v 0.008765816689 -0.07166820019 -0.001927074045
v 0.008765816689 0.0716682151 -0.001927051693
v 0.008944360539 -0.06841112673 -0.01762033254
v 0.008944360539 0.06841112673 -0.01762031019
v 0.00924765598 -0.04156581685 -0.059371382
v 0.00924765598 0.04156583548 -0.0593713671
v 0.009319179691 -0.05079276487 -0.05563007295
v 0.009319179691 0.0507927835 -0.05563005805
v 0.009324187413 -0.07718618214 0.04943451285
v 0.009324187413 0.07718616724 0.04943453893
v 0.009336424991 -0.06663443893 -0.02556200698
v 0.009336424991 0.06663443893 -0.02556198463
v 0.009474722669 -0.05832677707 -0.04922628403
v 0.009474722669 0.0583267957 -0.04922626913
v 0.009642792866 -0.06468851119 -0.03336273134
v 0.009642792866 0.06468851119 -0.03336271644
v 0.0096606398 -0.06240066141 -0.04131577164
v 0.0096606398 0.06240067258 -0.04131575674
v 0.009898893535 -0.0598077029 0.1354878396
v 0.009898893535 0.05980766192 0.1354878545
v 0.01142656896 -0.07699798793 0.0603132695
v 0.01142656896 0.07699795812 0.0603132993
v 0.01183374785 -0.04840557277 0.1444161832
v 0.01183374785 0.04840552434 0.1444161981
v 0.0134641286 -0.07680922002 0.07113407552
v 0.0134641286 0.07680919021 0.07113410532
v 0.01411229838 -0.0363647379 0.1502597183
v 0.01411229838 0.03636468947 0.1502597332
v 0.01552394591 -0.07643575221 0.08146083355
v 0.01552394591 0.07643572241 0.0814608559
v 0.01591868699 -0.0239868369 0.1533952951
v 0.01591868699 0.02398678847 0.1533953249
v 0.0171225369 -0.0117480522 0.1545616537
v 0.0171225369 0.01174800284 0.1545616537
v 0.01743618585 -0.07580953836 0.09134584665
v 0.01743618585 0.07580950856 0.09134586155
v 0.01747301966 -2.370584795e-08 0.154868871
v 0.01917266659 -0.0748232156 0.1011065096
v 0.01917266659 0.0748231858 0.1011065394
v 0.01977796294 -0.07725173235 0.03011921234
v 0.01977796294 0.07725171745 0.03011923842
v 0.01981362514 -0.07714486867 0.02812235989
v 0.01981362514 0.07714485377 0.02812238596
v 0.01982631907 -0.07751836628 0.02251299843
v 0.01982631907 -0.07751835883 0.02251299843
v 0.01982631907 0.07751835138 0.02251302451
v 0.01982631907 0.07751835883 0.02251302451
v 0.01984110847 -0.07637465 0.01747932285
v 0.01984110847 0.07637465 0.01747934893
v 0.01988048106 -0.07500410825 0.007777979597
v 0.01988048106 0.07500412315 0.007778005674
v 0.01988258958 -0.07610052824 0.01485586353
v 0.01988258958 0.07610052824 0.0148558896
v 0.01991191506 -0.07635610551 0.02906755358
v 0.01991191506 0.07635609061 0.02906757779
v 0.02013706416 -0.07405781001 0.002137754112
v 0.02013706416 0.07405782491 0.002137776464
v 0.02014180645 -0.07772999257 0.03822244704
v 0.02014180645 0.07772997767 0.03822246939
v 0.0203779079 -0.07287950069 0.1095653102
v 0.0203779079 0.07287945598 0.10956534
v 0.02045597881 -0.07242753357 0.1115163341
v 0.02045597881 0.07242748886 0.1115163639
v 0.02053306438 -0.0718113184 0.1104875877
v 0.02053306438 0.07181127369 0.1104876176
v 0.02091908455 -0.07308345288 -0.003517206758
v 0.02091908455 0.07308346778 -0.003517184407
v 0.02096738294 1.135712058e-08 -0.06971339881
v 0.02101954445 -0.01010630932 -0.0693326965
v 0.02101954445 0.0101063326 -0.0693326965
v 0.02117270231 -0.02048998326 -0.06840984523
v 0.02117270231 0.02049000561 -0.06840984523
v 0.0214279294 -0.03124262206 -0.06668904424
v 0.0214279294 0.03124264441 -0.06668902934
v 0.0216369573 -0.07766237855 0.04875137284
v 0.0216369573 0.07766236365 0.04875139892
v 0.02211315185 -0.06674026698 -0.02778550237
v 0.02211315185 0.06674026698 -0.02778548002
v 0.02212950587 -0.06865035743 -0.01973387226
v 0.02212950587 0.06865035743 -0.01973384991
v 0.02233135328 -0.04177706316 -0.0635394603
v 0.02233135328 0.04177708179 -0.0635394454
v 0.022353746 -0.06471061707 -0.03581226617
v 0.022353746 0.06471063197 -0.03581225127
v 0.02251616493 -0.05124769732 -0.05963352323
v 0.02251616493 0.05124771595 -0.05963350832
v 0.02257788554 -0.06217549741 -0.04393082857
v 0.02257788554 0.06217550859 -0.04393081367
v 0.02266484872 -0.05825745314 -0.05230525881
v 0.02266484872 0.05825747177 -0.05230524391
v 0.0229047779 -0.07031740993 -0.01112283394
v 0.0229047779 -0.07031740248 -0.01112283394
v 0.0229047779 0.07031740993 -0.01112281159
v 0.0229047779 0.07031741738 -0.01112281159
v 0.02348014712 -0.06867707521 0.123851724
v 0.02348014712 0.0686770305 0.1238517538
v 0.02394114435 -0.07744771242 0.05953067541
v 0.02394114435 0.07744768262 0.05953069776
v 0.02644226886 -0.06102388352 0.1348147392
v 0.02644226886 0.06102384254 0.1348147392
v 0.02646896802 -0.07719835639 0.07031178474
v 0.02646896802 0.07719832659 0.0703118071
v 0.02882608771 -0.05005559325 0.14362818
v 0.02882608771 0.05005554482 0.1436282098
v 0.02903700434 -0.07662656903 0.08061420172
v 0.02903700434 0.07662653923 0.08061422408
v 0.03111318499 -0.07790894061 0.00102853775
v 0.03111318499 0.07790895551 0.001028560102
v 0.03145737201 -0.03731635585 0.1493966877
v 0.03145737201 0.03731630743 0.1493966877
v 0.0315679796 -0.07606722414 0.09032518417
v 0.0315679796 0.07606719434 0.09032520652
v 0.03187951446 -0.07628872246 -0.004975132644
v 0.03187951446 0.07628873736 -0.004975110292
v 0.03187997639 -0.07861728221 0.006968291476
v 0.03187997639 0.07861729711 0.006968317553
v 0.03283904493 -0.07799646258 0.03795076534
v 0.03283904493 0.07799644768 0.03795079142
v 0.03348639607 -0.07772023976 0.03033958934
v 0.03348639607 0.07772022486 0.03033961542
v 0.03351802379 -0.07763088495 0.02834182046
v 0.03351802379 0.07763087004 0.02834184654
v 0.03352278098 -0.02441355586 0.1523221731
v 0.03352278098 0.02441350743 0.1523221731
v 0.03361833096 -0.0768333599 0.02928747237
v 0.03361833096 0.076833345 0.02928749658
v 0.03395345807 -0.07789093256 0.04796586186
v 0.03395345807 0.07789091766 0.04796588421
v 0.03419531137 -0.0750521943 0.09982698411
v 0.03419531137 0.07505216449 0.09982701391
v 0.03433581814 -0.08005759865 0.00089963153
v 0.03433581814 0.08005761355 0.0008996613324
v 0.03450669721 -0.07786619663 0.02250451222
v 0.03450669721 -0.07786618918 0.02250451222
v 0.03450669721 0.07786618173 0.0225045383
v 0.03450669721 0.07786618918 0.0225045383
v 0.03453541547 -0.06826840341 -0.02164820582
v 0.03453541547 0.06826840341 -0.02164818347
v 0.03455376625 -0.06626348197 -0.02972003818
v 0.03455376625 0.06626348197 -0.02972002327
v 0.03466671333 -0.0777361542 0.01466196403
v 0.03466671333 0.0777361542 0.01466199011
v 0.03486084566 -0.07675331831 0.01756667905
v 0.03486084566 0.07675331831 0.01756670512
v 0.03491420671 -0.01183983777 0.1534896195
v 0.03491420671 0.01183978841 0.1534896195
v 0.03495126218 -0.06413352489 -0.03776069731
v 0.03495126218 0.0641335398 -0.0377606824
v 0.03517144546 -0.07019480318 -0.01311556995
v 0.03517144546 -0.07019479573 -0.01311556995
v 0.03517144546 0.07019480318 -0.0131155476
v 0.03517144546 0.07019481063 -0.0131155476
v 0.03537028655 -2.259405818e-08 0.1538058519
v 0.03554510325 -0.0614987798 -0.04592796415
v 0.03554510325 0.06149879843 -0.04592794925
v 0.03566479683 1.203693767e-08 -0.07388608903
v 0.03568591177 -0.009662302211 -0.07356487215
v 0.03568591177 0.009662327357 -0.07356487215
v 0.0358222127 -0.01972324587 -0.07287229598
v 0.0358222127 0.01972326823 -0.07287229598
v 0.03597619012 -0.03029727191 -0.07171521336
v 0.03597619012 0.03029729426 -0.07171519846
v 0.0360080041 -0.08086296171 0.007347451523
v 0.0360080041 0.08086297661 0.0073474776
v 0.03607703 -0.07866703719 -0.005148280412
v 0.03607703 0.07866705209 -0.00514825806
v 0.03625216335 -0.07764680684 0.05842055008
v 0.03625216335 0.07764677703 0.05842057616
v 0.03634938598 -0.05790029094 -0.05469720066
v 0.03634938598 0.05790030956 -0.05469718575
v 0.03660157323 -0.04118606448 -0.06836635619
v 0.03660157323 0.04118609056 -0.06836634129
v 0.03670217097 -0.07320233434 0.1078955382
v 0.03670217097 0.07320228964 0.107895568
v 0.03697657958 -0.0721379742 0.108805947
v 0.03697657958 0.0721379295 0.1088059768
v 0.03701874614 -0.07275801152 0.109822832
v 0.03701874614 0.07275796682 0.1098228619
v 0.03719636798 -0.05159475654 -0.06326358765
v 0.03719636798 0.05159477517 -0.06326357275
v 0.03818225861 -0.07800189406 0.0006094537675
v 0.03818226606 0.07800192386 0.0006094835699
v 0.03833585978 -0.0784310177 0.003370430321
v 0.03833586723 0.07843104005 0.003370465711
v 0.03854322061 -0.08000272512 0.001267757267
v 0.03854322061 0.08000274003 0.001267779619
v 0.03858770058 -0.07994697988 0.0002849809825
v 0.03858770803 0.07994700968 0.0002850145102
v 0.03874070197 -0.08037597686 0.003045976162
v 0.03874070942 0.08037600666 0.00304601714
v 0.03886370361 -0.080310978 0.0002459771931
v 0.03886371106 0.0803110078 0.0002460181713
v 0.03892517835 -0.07740794122 -0.002021484077
v 0.0389251858 0.07740797102 -0.002021454275
v 0.0390136987 -0.0807299763 0.002942979336
v 0.03901370615 0.0807300061 0.002943020314
v 0.03926150501 -0.07734547555 0.06903593242
v 0.03926150501 0.07734544575 0.06903594732
v 0.03933069855 -0.07935398072 -0.002346020192
v 0.039330706 0.07935401052 -0.002345986664
v 0.03936986253 -0.07864801586 0.00596143119
v 0.03936986998 0.07864803821 0.005961466581
v 0.03944355249 -0.08082892746 0.01131358184
v 0.03944355249 0.08082894236 0.01131360792
v 0.03958869725 -0.0797309801 -0.002324018627
v 0.03958870471 0.0797310099 -0.0023239851
v 0.03961778805 -0.0790098384 -0.002929080278
v 0.03961778805 0.0790098533 -0.002929057926
v 0.03967991471 -0.08047648519 0.005333235487
v 0.03967991471 0.08047650009 0.005333261564
v 0.039774701 -0.08059298247 0.005636980757
v 0.03977470845 0.08059300482 0.005637016147
v 0.03984660655 -0.08012998849 0.0003877654672
v 0.039846614 0.08013001829 0.0003878064454
v 0.03997836262 -0.08049803972 0.00275682658
v 0.03997837007 0.08049806952 0.002756867558
v 0.0400236994 -0.08094198257 0.00547298044
v 0.04002370685 0.08094200492 0.00547301583
v 0.04039759189 -0.06928367913 0.1217842624
v 0.04039759189 0.06928363442 0.1217842922
v 0.04048344493 -0.07962051779 -0.001869723201
v 0.04048345238 0.07962054759 -0.001869689673
v 0.04048477858 -0.07671304047 -0.004238501191
v 0.04048478603 0.07671307027 -0.004238471389
v 0.04070950672 -0.0770476535 -0.009424377233
v 0.04070950672 0.0770476684 -0.009424354881
v 0.04086555168 -0.08068427444 0.004979187623
v 0.04086555913 0.08068429679 0.004979223013
v 0.04088970274 -0.07865897566 -0.00456301868
v 0.04088971019 0.07865900546 -0.004562985152
v 0.04111269861 -0.07905297726 -0.004489019513
v 0.04111270607 0.07905300707 -0.004488985986
v 0.04117176682 -0.07862898707 0.008102085441
v 0.04117177427 0.07862900943 0.008102120832
v 0.04157669842 -0.08057498187 0.00777698122
v 0.04157670587 0.08057500422 0.00777701661
v 0.0417836979 -0.08092398196 0.007563982159
v 0.04178370535 0.08092400432 0.007564017549
v 0.04182213545 -0.07902496308 -0.003771476448
v 0.0418221429 0.07902499288 -0.00377144292
v 0.04213440418 -0.08044055104 0.008358471096
v 0.04213440418 0.08044056594 0.008358497173
v 0.04241154343 -0.0806684494 0.006815930828
v 0.04241155088 0.08066847175 0.006815966219
v 0.0425879322 -0.07795888186 -0.005713671446
v 0.0425879322 0.07795889676 -0.005713649094
v 0.04263037443 -0.07677271217 0.07949873805
v 0.04263037443 0.07677268237 0.07949875295
v 0.04269177839 -0.07599303871 -0.005800500512
v 0.04269178584 0.07599306852 -0.00580047071
v 0.04287037253 -0.0809815675 0.0005568675697
v 0.04287037998 0.0809815973 0.0005569085479
v 0.04295125604 -0.08120750636 0.002011287957
v 0.04295126349 0.08120753616 0.002011328936
v 0.04309669882 -0.07793898135 -0.006125014275
v 0.04309670627 0.07793901116 -0.006124984473
v 0.04326133803 -0.08066877723 -0.0008290447295
v 0.04326134548 0.08066880703 -0.0008290037513
v 0.0432676971 -0.07834897935 -0.006015017629
v 0.04326770455 0.07834900916 -0.006014984101
v 0.04342574626 -0.07810838521 0.03752321377
v 0.04342574626 0.0781083703 0.03752323985
v 0.04349591956 -0.08132185042 0.003375640139
v 0.04349592701 0.08132187277 0.003375675529
v 0.04354677722 -0.07837804407 0.0095594991
v 0.04354678467 0.07837806642 0.00955953449
v 0.04371509328 -0.07840656489 -0.005111917853
v 0.04371510074 0.07840659469 -0.005111884326
v 0.04395169765 -0.08032398671 0.009234981611
v 0.0439517051 0.08032400906 0.009235017002
v 0.04395423457 -0.06203658134 0.1326677501
v 0.04395423457 0.06203654036 0.1326677799
v 0.04408318549 -0.08030315489 -0.001996573061
v 0.04408319294 0.08030318469 -0.001996532083
v 0.04410370439 -0.08067898452 0.008987981826
v 0.04410371184 0.08067900687 0.008988017216
v 0.04444503412 -0.08131212741 0.00450325571
v 0.04444504157 0.08131214976 0.0045032911
v 0.04444944486 -0.08045323938 0.008066780865
v 0.04444945231 0.08045326173 0.008066816255
v 0.04448706657 -0.07782043517 0.03048877977
v 0.04448706657 0.07782042027 0.03048880398
v 0.04452084005 -0.07798041403 0.04684766382
v 0.04452084005 0.07798039913 0.04684768617
v 0.04470157996 -0.07772251219 0.02849391289
v 0.04470157996 0.07772249728 0.0284939371
v 0.04471044615 -0.07692927867 0.02943811193
v 0.04471044615 0.07692926377 0.02943813801
v 0.04494799674 -0.08115006983 0.0007520802319
v 0.04494800419 0.08115009964 0.0007521212101
v 0.04499237984 -0.0812740624 0.001550167799
v 0.04499238729 0.0812740922 0.001550208777
v 0.04516253248 -0.08097843826 -8.419156075e-06
v 0.04516253993 0.08097846806 -8.378177881e-06
v 0.0452453196 -0.079923518 -0.002819497138
v 0.04524532706 0.0799235478 -0.002819463611
v 0.04529125243 -0.08133678883 0.002298835665
v 0.04529125988 0.08133681864 0.002298876643
v 0.04530676827 -0.07532498986 -0.006538912654
v 0.04530677572 0.07532501966 -0.006538882852
v 0.04561350867 -0.08077780902 -0.000649087131
v 0.04561351612 0.08077783883 -0.0006490461528
v 0.04569614679 -0.08118000627 0.005271181464
v 0.04569615424 0.08118002862 0.005271216854
v 0.0457117036 -0.0772709772 -0.006864015013
v 0.04571171105 0.077271007 -0.006863985211
v 0.0457303077 -0.07613246888 0.088928774
v 0.0457303077 0.07613243908 0.0889288038
v 0.04581206664 -0.08133145422 0.002917598933
v 0.0458120741 0.08133148402 0.002917639911
v 0.04582170397 -0.07769697905 -0.006736014038
v 0.04582171142 0.07769700885 -0.006735984236
v 0.04595854133 -0.07783385366 -0.005745243281
v 0.04595854878 0.07783388346 -0.005745213479
v 0.0462378487 -0.0779209584 0.01017701998
v 0.04623785615 0.07792098075 0.01017705537
v 0.04625120759 -0.08056947589 -0.001100648195
v 0.04625121504 0.08056950569 -0.001100607216
v 0.04630933702 -0.06764130294 -0.02339662611
v 0.04630933702 0.06764130294 -0.02339660376
v 0.04642923549 -0.07685433328 0.01734817214
v 0.04642923549 0.07685433328 0.01734819822
v 0.04649859667 -0.08125897497 0.00333898142
v 0.04649860412 0.08125899732 0.00333901681
v 0.04652116448 -0.0654508099 -0.03134308755
v 0.04652116448 0.0654508099 -0.03134307265
v 0.04662261158 -0.0795718953 -0.003208305687
v 0.04662261903 0.0795719251 -0.003208272159
v 0.04664269835 -0.07986598462 0.009851980954
v 0.0466427058 0.07986600697 0.009852016345
v 0.04667614773 -0.07553502172 -0.01103750989
v 0.04667614773 0.07553503662 -0.01103748754
v 0.04669150338 -0.07975656539 0.009929830208
v 0.04669150338 0.07975658029 0.009929856285
v 0.04669483751 -0.07949993014 0.01429801621
v 0.04669483751 0.07949993014 0.01429804228
v 0.04669761658 -0.05111676455 0.1412751526
v 0.04669761658 0.05111671612 0.1412751675
v 0.04673069715 -0.08023198694 0.009590981528
v 0.04673070461 0.08023200929 0.009591016918
v 0.04673889279 -0.07688463479 -0.006772134453
v 0.04673889279 0.07688464969 -0.006772112101
v 0.0467569977 -0.08006060869 0.008596457541
v 0.04675700516 0.08006063104 0.008596492931
v 0.0467591323 -0.07796294987 0.0224248711
v 0.0467591323 -0.07796294242 0.0224248711
v 0.0467591323 0.07796293497 0.02242489718
v 0.0467591323 0.07796294242 0.02242489718
v 0.04679359868 -0.06976122409 -0.01487353072
v 0.04679359868 -0.06976121664 -0.01487353072
v 0.04679359868 0.06976122409 -0.01487350836
v 0.04679359868 0.06976123154 -0.01487350836
v 0.04700697958 -0.08037655056 -0.001314003021
v 0.04700698704 0.08037658036 -0.001313962042
v 0.04711280018 -0.08093897253 0.005596358329
v 0.04711280763 0.08093899488 0.005596393719
v 0.04718610272 -0.06324382871 -0.03914612532
v 0.04718610272 0.06324384362 -0.03914611042
v 0.04725004733 -0.07773128897 0.05682931095
v 0.04725004733 0.07773127407 0.05682933331
v 0.04727596045 -0.08112668991 0.003517424688
v 0.0472759679 0.08112671226 0.003517460078
v 0.04738909751 -0.08094546944 0.00105778873
v 0.04738910496 0.08094549924 0.001057829708
v 0.04779884964 -0.08021970838 -0.00126606971
v 0.04779885709 0.08021973819 -0.001266028732
v 0.04804684967 -0.07478296012 -0.006372977048
v 0.04804685712 0.07478298992 -0.006372947246
v 0.0480607301 -0.0809494555 0.003433380276
v 0.04806073755 0.08094947785 0.003433415666
v 0.04806569219 -0.07928609103 -0.003120947629
v 0.04806569964 0.07928612083 -0.003120914102
v 0.04822425917 -0.06068453193 -0.04709464312
v 0.04822425917 0.06068455055 -0.04709462821
v 0.04830914736 -0.07736828178 -0.005602940917
v 0.04830915481 0.07736831158 -0.005602911115
v 0.04845169932 -0.07672797889 -0.006698016077
v 0.04845170677 0.07672800869 -0.006697986275
v 0.0484976992 -0.07716697454 -0.006574016064
v 0.04849770665 0.07716700435 -0.006573986262
v 0.04854100943 -0.08011583984 -0.0009618662298
v 0.04854101688 0.08011586964 -0.0009618252516
v 0.04854295403 -0.08061594516 0.005443202332
v 0.04854296148 0.08061596751 0.005443237722
v 0.04876708984 -0.08074613661 0.003096330911
v 0.04876709729 0.08074616641 0.003096371889
v 0.04895216227 -0.07730688155 0.009887102991
v 0.04895216972 0.0773069039 0.009887138382
v 0.04908653349 -0.07953444123 0.008346987888
v 0.04908654094 0.07953446358 0.008347023278
v 0.04915296286 -0.08007647842 -0.0004348382354
v 0.04915297031 0.08007650822 -0.0004347972572
v 0.04920688272 -0.07512991875 0.0976845324
v 0.04920688272 0.07512988895 0.09768456221
v 0.0492587164 -0.03794372454 0.1469794363
v 0.0492587164 0.03794367611 0.1469794512
v 0.0493189767 -0.08053870499 0.002542667091
v 0.04931898415 0.08053873479 0.002542708069
v 0.04935769737 -0.0792529881 0.009561982006
v 0.04935770482 0.07925301045 0.009562017396
v 0.04938270152 -0.07963298261 0.00930698216
v 0.04938270897 0.07963300496 0.00930701755
v 0.04941818863 -0.07909680158 -0.002566572279
v 0.04941819608 0.07909683138 -0.002566538751
v 0.04956843704 -0.08010549098 0.0002584941685
v 0.04956844449 0.08010552078 0.0002585351467
v 0.04965631664 -0.08034989983 0.001832474023
v 0.04965632409 0.08034992963 0.001832515001
v 0.04974272847 -0.08020017296 0.001042377204
v 0.04974273592 0.08020020276 0.001042418182
v 0.04983019829 -0.08024546504 0.00482897833
v 0.04983020574 0.08024548739 0.00482901372
v 0.05002609268 -0.07778751105 0.03161561489
v 0.05002609268 0.07778749615 0.03161564097
v 0.05013914779 -0.05723151192 -0.05602006614
v 0.05013914779 0.05723153055 -0.05602005124
v 0.05051217973 -0.07705996186 -0.004699934274
v 0.05051218718 0.07705999166 -0.004699904472
v 0.05053340644 -0.07902509719 -0.001606144011
v 0.05053341389 0.07902512699 -0.001606110483
v 0.05053433776 -0.07686620951 0.03062452376
v 0.05053433776 0.07686619461 0.03062454984
v 0.05061476678 -0.07442298532 -0.00532091409
v 0.05061477423 0.07442301512 -0.005320884287
v 0.05081033707 -0.07762930542 0.02973990142
v 0.05081033707 0.07762929052 0.0297399275
v 0.05083592981 -0.07986742258 0.003820003942
v 0.05083593726 0.07986744493 0.003820039332
v 0.05086748302 -0.07622541487 -0.005667138845
v 0.05086748302 0.07622542977 -0.005667116493
v 0.05091314018 -0.07740617543 0.06736706942
v 0.05091314018 0.07740614563 0.06736709177
v 0.05100569874 -0.07681597769 -0.005546014756
v 0.05100570619 0.07681600749 -0.005545984954
v 0.05101969838 -0.07636898011 -0.005646016449
v 0.05101970583 0.07636900991 -0.005645986646
v 0.05114222318 -0.07865311205 0.008742067963
v 0.05114222318 0.07865312696 0.00874209404
v 0.05118329078 -0.07893098146 0.007346486673
v 0.05118329823 0.07893100381 0.007346522063
v 0.05121031031 -0.07815079391 0.03684471548
v 0.05121031031 0.07815077901 0.03684474155
v 0.05129054189 -0.07907793671 -0.0003426223993
v 0.05129054934 0.07907796651 -0.0003425888717
v 0.05139684677 -0.07660396397 0.008721020073
v 0.05139685422 0.07660398632 0.008721055463
v 0.05142724514 -0.02875204198 -0.07575305551
v 0.05142724514 0.02875206806 -0.07575304061
v 0.05143508315 -0.02454525419 0.1496572196
v 0.05143508315 0.02454520576 0.1496572345
v 0.05145070702 -0.07952336967 0.002525754273
v 0.05145071447 0.07952339947 0.002525787801
v 0.05147302151 -0.01865941659 -0.07675857842
v 0.05147302151 0.01865944266 -0.07675857842
v 0.05159565061 -0.00919761695 -0.07740367949
v 0.05159565061 0.009197643958 -0.07740367949
v 0.05160816014 -0.07925049961 0.001085896045
v 0.05160816759 0.07925052941 0.001085929573
v 0.0516211614 -5.695129948e-05 -0.07792250067
v 0.0516211614 5.697668894e-05 -0.07792250067
v 0.05176970363 -0.07894598693 0.008167982101
v 0.05176971108 0.07894600928 0.008168017492
v 0.05180170387 -0.07854898274 0.008395981044
v 0.05180171132 0.07854900509 0.008396016434
v 0.05190507695 -0.03973233327 -0.07301219553
v 0.05190507695 0.03973235935 -0.07301218063
v 0.05232872069 -0.0769431442 -0.003135506064
v 0.05232872814 0.076943174 -0.003135476261
v 0.05236327648 -0.07497896999 -0.009602993727
v 0.05236327648 0.07497898489 -0.009602971375
v 0.05273184925 -0.07428695261 -0.003496974707
v 0.0527318567 0.07428698242 -0.003496944904
v 0.05280775577 -0.07780176401 0.03348560259
v 0.05280775577 0.07780174911 0.03348562866
v 0.05282150954 -0.07831522077 0.005702992901
v 0.05282151699 0.07831524312 0.005703028291
v 0.0529466942 -0.0116709359 0.1506652683
v 0.0529466942 0.0116708884 0.1506652683
v 0.05307370424 -0.07668297738 -0.003765016794
v 0.05307371169 0.07668300718 -0.003764986992
v 0.0531366989 -0.07623197883 -0.003822013736
v 0.05313670635 0.07623200864 -0.003821983933
v 0.05327576026 -0.07348825783 0.1042701229
v 0.05327576026 0.07348821312 0.1042701527
v 0.05330578238 -0.07588605583 0.00680549629
v 0.05330578983 0.07588607818 0.006805531681
v 0.05336711556 -2.119407583e-08 0.150806427
v 0.05338481814 -0.07803716511 0.04509288818
v 0.05338481814 0.0780371502 0.04509291425
v 0.05356200784 -0.07702923566 -0.001077398658
v 0.0535620153 0.07702926546 -0.001077368855
v 0.053564962 -0.07686201483 0.0326641798
v 0.053564962 0.07686199993 0.03266420588
v 0.05363470316 -0.07824498415 0.006296981126
v 0.05363471061 0.0782450065 0.006297016516
v 0.05363940448 -0.07242650539 0.1051612645
v 0.05363940448 0.07242646068 0.1051612943
v 0.05369192362 -0.07822686434 0.01248554327
v 0.05369192362 0.07822686434 0.01248556934
v 0.05371069908 -0.07783198357 0.006480980664
v 0.05371070653 0.07783200592 0.006481016055
v 0.05377080664 -0.07304915041 0.1061588749
v 0.05377080664 0.0730491057 0.1061589047
v 0.05381140858 -0.07609055191 -0.0027189143
v 0.05381140858 0.07609056681 -0.002718891948
v 0.05382288992 -0.0777547881 0.003594826907
v 0.05382289737 0.07775481045 0.003594862297
v 0.05407938361 -0.07731030881 0.001249484718
v 0.05407939106 0.07731033862 0.00124951452
v 0.05408992618 -0.07760665566 0.03194922581
v 0.05408992618 0.07760664076 0.03194925189
v 0.05416985601 -0.07438801229 -0.001098562032
v 0.05416986346 0.07438804209 -0.00109853223
v 0.05421652272 -0.07746803761 0.00560140796
v 0.05421652272 0.07746805251 0.005601434037
v 0.05433337018 -0.0505980216 -0.06645914912
v 0.05433337018 0.05059804022 -0.06645913422
v 0.05447277427 -0.07523304969 0.004347497597
v 0.05447278172 0.07523307204 0.004347532988
v 0.0544776991 -0.07678097486 -0.001422014087
v 0.05447770655 0.07678100467 -0.001421984285
v 0.05450015143 -0.07797773182 0.02284590527
v 0.05450015143 -0.07797772437 0.02284590527
v 0.05450015143 0.07797771692 0.02284593135
v 0.05450015143 0.07797772437 0.02284593135
v 0.05457469821 -0.0763329789 -0.001423016191
v 0.05457470566 0.07633300871 -0.001422986388
v 0.05469051749 -0.07687941939 0.07754123211
v 0.05469051749 0.07687938958 0.07754125446
v 0.05477185547 -0.07471501082 0.001614436507
v 0.05477186292 0.07471504062 0.00161446631
v 0.0547747016 -0.07760698348 0.003896981478
v 0.05477470905 0.07760700583 0.003897016868
v 0.05487769842 -0.07717898488 0.004022981972
v 0.05487770587 0.07717900723 0.004023017362
v 0.0550609082 -0.07662914693 0.001633375883
v 0.0550609082 0.07662916183 0.001633398235
v 0.0550666973 -0.0771009773 0.001226983964
v 0.05506670475 0.0771010071 0.001227013767
v 0.05517669767 -0.07665997744 0.001289986074
v 0.05517670512 0.07666000724 0.001290015876
v 0.05535213649 -0.07681009173 0.01796598174
v 0.05535213649 0.07681009173 0.01796600781
v 0.05548784137 -0.07778365165 0.03624010831
v 0.05548784137 0.07778363675 0.03624013439
v 0.0557910949 -0.07730194926 0.01457482018
v 0.0557910949 0.07730194926 0.01457484625
v 0.05640991777 -0.07685629278 0.03558625281
v 0.05640991777 0.07685627788 0.03558627889
v 0.05690190941 -0.07779693604 0.05483789369
v 0.05690190941 0.07779692113 0.05483791977
v 0.05709229037 -0.06697291881 -0.02484992892
v 0.05709229037 0.06697291881 -0.02484990656
v 0.05709975213 -0.07761333138 0.03503886238
v 0.05709975213 0.07761331648 0.03503888845
v 0.0573493503 -0.06906183064 -0.0168576017
v 0.0573493503 -0.06906182319 -0.0168576017
v 0.0573493503 0.06906183064 -0.01685757935
v 0.0573493503 0.06906183809 -0.01685757935
v 0.05768506601 -0.07398362458 -0.005723897368
v 0.05768506601 0.07398363948 -0.005723875016
v 0.05776317045 -0.07668113708 0.00742874667
v 0.05776317045 0.07668115199 0.007428772748
v 0.05781446397 -0.0646802783 -0.03234276175
v 0.05781446397 0.0646802783 -0.03234274685
v 0.05790320411 -0.07209072262 -0.01210223883
v 0.05790320411 0.07209073752 -0.01210221648
v 0.05823875219 -0.07615453005 0.08658827841
v 0.05823875219 0.07615450025 0.08658830822
v 0.05835811794 -0.0697510317 0.1180846319
v 0.05835811794 0.06975098699 0.1180846617
v 0.05888906494 -0.06237163395 -0.03978133202
v 0.05888906494 0.06237164512 -0.03978131711
v 0.05900386348 -0.07535041869 0.001400548965
v 0.05900386348 0.07535043359 0.001400571316
v 0.05910754204 -0.07765486836 0.04274496064
v 0.05910754204 0.07765485346 0.04274498671
v 0.06007083505 -0.06000255793 -0.0470321402
v 0.06007083505 0.06000257656 -0.04703212529
v 0.06011418253 -0.07674830407 0.04223961011
v 0.06011418253 0.07674828917 0.04223963618
v 0.06058242917 -0.07796536386 0.02478796244
v 0.06058242917 -0.07796535641 0.02478796244
v 0.06058242917 0.07796534896 0.02478798851
v 0.06058242917 0.07796535641 0.02478798851
v 0.06088857725 -0.07752612978 0.04184072837
v 0.06088857725 0.07752611488 0.04184075445
v 0.06112339348 -0.07744487375 0.06539880484
v 0.06112339348 0.07744484395 0.0653988272
v 0.06117374822 -0.07478285581 0.008993677795
v 0.06117374822 0.07478287071 0.008993703872
v 0.06183306128 -0.05712877959 -0.05469226837
v 0.06183306128 0.05712879822 -0.05469225347
v 0.06196998805 -0.07519361377 0.09454263747
v 0.06196998805 0.07519358397 0.09454265237
v 0.06234871224 -0.06269791722 0.128932327
v 0.06234871224 0.06269787252 0.128932327
v 0.06248068064 -0.07678496838 0.02014249563
v 0.06248068064 0.07678496838 0.02014252171
v 0.06310389191 -0.07294809818 0.002358600497
v 0.06310389191 0.07294811308 0.002358622849
v 0.06334683299 -0.06759938598 -0.0201362893
v 0.06334683299 -0.06759937853 -0.0201362893
v 0.06334683299 0.06759938598 -0.02013626695
v 0.06334683299 0.06759939343 -0.02013626695
v 0.06368289888 -0.07126546651 -0.004534315318
v 0.06368289888 0.07126548141 -0.004534292966
v 0.06385573 -0.07737893611 0.0531202592
v 0.06385573 0.07737892121 0.05312028527
v 0.06396666169 -0.07418713719 0.0164317321
v 0.06396666169 0.07418713719 0.01643175445
v 0.06404842436 -0.06995715201 -0.009935125709
v 0.06404842436 0.06995716691 -0.009935103357
v 0.06488445401 -0.07648261636 0.05266156793
v 0.06488445401 0.07648260146 0.05266159028
v 0.06495110691 -0.053380128 -0.06270286441
v 0.06495110691 0.05338014662 -0.06270284951
v 0.06525573134 -0.07687719166 0.07540161908
v 0.06525573134 0.07687716186 0.07540164888
v 0.06568093598 -0.07727069408 0.05230934173
v 0.06568093598 0.07727067918 0.05230937153
v 0.06571596861 -0.0515961796 0.1374289691
v 0.06571596861 0.05159613863 0.1374289989
v 0.06614173949 -0.07794415206 0.02973867953
v 0.06614173949 -0.07794414461 0.02973867953
v 0.06614173949 0.07794413716 0.02973870561
v 0.06614173949 0.07794414461 0.02973870561
v 0.06625228375 -0.06746142358 -0.01725109294
v 0.06625228375 0.06746143848 -0.01725107059
v 0.06652720273 -0.07372009009 0.1003194377
v 0.06652720273 0.07372006029 0.1003194675
v 0.06698717177 -0.07265903056 0.1011816338
v 0.06698717177 0.07265900075 0.1011816636
v 0.06721490622 -0.07328237593 0.1021502912
v 0.06721490622 0.07328234613 0.102150321
v 0.06745570153 -0.06538848579 -0.02586432546
v 0.06745570153 -0.06538847834 -0.02586432546
v 0.06745570153 0.06538848579 -0.02586430311
v 0.06745570153 0.06538849324 -0.02586430311
v 0.06809231639 -0.03839090094 0.1425988376
v 0.06809231639 0.03839085251 0.1425988674
v 0.06823223829 -0.07149681449 0.0116754137
v 0.06823223829 0.07149682939 0.01167543605
v 0.06850653887 -0.03601752222 -0.07748962939
v 0.06850653887 0.03601754829 -0.07748961449
v 0.06857738644 -0.02646712959 -0.07915250212
v 0.06857738644 0.02646715567 -0.07915248722
v 0.06874129921 -0.07703762501 0.06454139948
v 0.06874129921 0.07703759521 0.06454142183
v 0.06877245754 -0.01754918881 -0.08039547503
v 0.06877245754 0.01754921488 -0.08039547503
v 0.06903851032 -0.008804658428 -0.08094017953
v 0.06903851032 0.008804685436 -0.08094017953
v 0.0690716058 1.325078092e-08 -0.08133102953
v 0.06912449002 -0.06327670813 -0.03261813521
v 0.06912449002 -0.06327670068 -0.03261813521
v 0.06912449002 0.06327670813 -0.03261812031
v 0.06912449002 0.06327671558 -0.03261812031
v 0.06950119138 -0.06976874173 0.003796087578
v 0.06950119138 0.06976875663 0.00379610993
v 0.06952088326 -0.07608653605 0.08464922011
v 0.06952088326 0.07608650625 0.08464923501
v 0.06974874437 -0.02493280545 0.1450181454
v 0.06974874437 0.02493275702 0.1450181603
v 0.06976886839 -0.07615061104 0.06407883018
v 0.06976886839 0.07615058124 0.06407885253
v 0.06986352801 -0.07658596337 0.02630674839
v 0.06986352801 0.07658596337 0.02630677447
v 0.06991006434 -0.05028709769 -0.0677947253
v 0.06991006434 0.05028711632 -0.0677947104
v 0.07018336654 -0.04562823847 -0.07353439182
v 0.07018336654 0.04562826455 -0.07353437692
v 0.07024718821 -0.06801051646 -0.004571773112
v 0.07024718821 0.06801053137 -0.00457175076
v 0.07034261525 -0.06410422176 -0.02427423745
v 0.07034261525 0.06410423666 -0.0242742151
v 0.07056419551 -0.07694800198 0.06372272968
v 0.07056419551 0.07694797218 0.06372275949
v 0.07064759731 -0.01213827729 0.1459151059
v 0.07064759731 0.01213823166 0.1459151059
v 0.07066565752 -0.07783991098 0.03798629344
v 0.07066565752 -0.07783990353 0.03798629344
v 0.07066565752 0.07783989608 0.03798631579
v 0.07066565752 0.07783990353 0.03798631579
v 0.0706736967 -0.06631368399 -0.01303028688
v 0.0706736967 0.06631369889 -0.01303026453
v 0.07068236172 -0.06118458509 -0.03975410759
v 0.07068236172 -0.06118458137 -0.03975410759
v 0.07068236172 0.06118459627 -0.03975409269
v 0.07068236172 0.0611846 -0.03975409269
v 0.07100833952 -1.956245299e-08 0.1460725665
v 0.07181943953 -0.05917916819 -0.04607357085
v 0.07181943953 -0.05917916447 -0.04607357085
v 0.07181943953 0.05917918682 -0.04607355595
v 0.07181943953 0.05917919055 -0.04607355595
v 0.07195911556 -0.07028387487 0.02320575342
v 0.07195911556 0.07028387487 0.02320577577
v 0.07246080786 -0.06118606403 -0.03204676509
v 0.07246080786 0.06118608266 -0.03204675019
v 0.0730202049 -0.07520128042 0.09157660604
v 0.0730202049 0.07520125061 0.09157663584
v 0.07317340374 -0.05676974729 -0.05293800682
v 0.07317340374 -0.05676974356 -0.05293800682
v 0.07317340374 0.05676976591 -0.05293799192
v 0.07317340374 0.05676976964 -0.05293799192
v 0.07338435948 -0.07640504837 0.07449811697
v 0.07338435948 0.07640501857 0.07449814677
v 0.07398594171 -0.05918902531 -0.03854940832
v 0.07398594171 0.05918904394 -0.03854939342
v 0.07439619303 -0.07553471625 0.07400047779
v 0.07439619303 0.07553468645 0.07400049269
v 0.0747294575 -0.05352821201 -0.06084236503
v 0.0747294575 -0.05352820829 -0.06084236503
v 0.0747294575 0.05352823064 -0.06084235013
v 0.0747294575 0.05352823436 -0.06084235013
v 0.07489084452 -0.07021025568 0.1130337417
v 0.07489084452 0.07021021098 0.1130337715
v 0.0751189515 -0.07756081223 0.04782691598
v 0.0751189515 -0.07756080478 0.04782691598
v 0.0751189515 0.07756079733 0.04782694206
v 0.0751189515 0.07756080478 0.04782694206
v 0.07516014576 -0.07668548822 0.03568876162
v 0.07516014576 0.07668548822 0.03568878397
v 0.07517579198 -0.07634878159 0.07360929251
v 0.07517579198 0.07634875178 0.07360931486
v 0.07562800497 -0.06276926398 -0.02143454179
v 0.07562800497 0.06276927888 -0.02143451944
v 0.07573635876 -0.05758034065 -0.04495197535
v 0.07573635876 0.05758035928 -0.04495196044
v 0.07617091388 -0.0505088307 -0.0667257607
v 0.07617091388 -0.05050882697 -0.0667257607
v 0.07617091388 0.05050884932 -0.0667257458
v 0.07617091388 0.05050885305 -0.0667257458
v 0.07620103657 -0.07393030077 0.09599111974
v 0.07620103657 0.07393027097 0.09599114954
v 0.07689004391 -0.0639135763 -0.01217527315
v 0.07689004391 0.06391359121 -0.0121752508
v 0.07697914541 -0.07290066779 0.09671698511
v 0.07697914541 0.07290063798 0.09671700001
v 0.07702240348 -0.05535215884 -0.05140705407
v 0.07702240348 0.05535218492 -0.05140703917
v 0.07747194916 -0.06494885683 -0.004527203739
v 0.07747194916 0.06494887173 -0.004527181387
v 0.07752500474 -0.07355542481 0.09754930437
v 0.07752500474 0.07355539501 0.09754933417
v 0.07758507878 -0.04734571278 -0.07165057212
v 0.07758507878 -0.04734570906 -0.07165057212
v 0.07758507878 0.04734573886 -0.07165055722
v 0.07758507878 0.04734574258 -0.07165055722
v 0.07804875821 -0.06623710692 0.00551308319
v 0.07804875821 0.06623712182 0.005513105541
v 0.07813120633 -0.06851867586 0.03367352113
v 0.07813120633 0.06851867586 0.03367354348
v 0.07832416892 -0.07480376959 0.0930365324
v 0.07832416892 0.07480373979 0.0930365473
v 0.07838906348 -0.067755647 0.01741211861
v 0.07838906348 0.067755647 0.01741214097
v 0.07841508836 -0.06015386432 -0.02962490171
v 0.07841508836 0.06015388295 -0.02962488681
v 0.0787602067 -0.0758420825 0.08478178084
v 0.0787602067 0.0758420527 0.08478181064
v 0.07883943617 -0.04396310821 -0.0755828917
v 0.07883943617 -0.04396310449 -0.0755828917
v 0.07883943617 0.04396313429 -0.0755828768
v 0.07883943617 0.04396313801 -0.0755828768
v 0.07892588526 -0.05249905959 -0.05857256055
v 0.07892588526 0.05249908566 -0.05857254565
v 0.0793473348 -0.07385564595 0.09341685474
v 0.0793473348 0.07385561615 0.09341686964
v 0.07949855179 -0.07523843646 0.08936476707
v 0.07949855179 0.07523840666 0.08936479688
v 0.07955723256 -0.06283073127 0.1243043467
v 0.07955723256 0.06283068657 0.1243043616
v 0.07983718812 -0.07498444617 0.08440802991
v 0.07983718812 0.07498441637 0.08440805227
v 0.0799639374 -0.0577522181 -0.0369291082
v 0.0799639374 0.05775223672 -0.0369290933
v 0.07999042422 -0.07637393475 0.04579527676
v 0.07999042422 0.07637393475 0.04579529911
v 0.08013825864 -0.07459191978 0.09390364587
v 0.08013825864 0.07459188998 0.09390366077
v 0.08050497621 -0.07714361697 0.05918213725
v 0.08050497621 -0.07714360952 0.05918213725
v 0.08050497621 0.07714358717 0.0591821596
v 0.08050497621 0.07714359462 0.0591821596
v 0.0806388706 -0.07434798032 0.08938261122
v 0.0806388706 0.07434795052 0.08938263357
v 0.08065024763 -0.04956008494 -0.06489039958
v 0.08065024763 0.04956011102 -0.06489038467
v 0.08068192005 -0.07581120729 0.08414074779
v 0.08068192005 0.07581117749 0.08414076269
v 0.08072698116 -0.03989517316 -0.07891622931
v 0.08072698116 -0.03989516944 -0.07891622931
v 0.08072698116 0.03989519924 -0.07891621441
v 0.08072698116 0.03989520296 -0.07891621441
v 0.08132345974 -0.05548511446 -0.04368201643
v 0.08132345974 0.05548513308 -0.04368200153
v 0.08154693991 -0.07514192164 0.08950692415
v 0.08154693991 0.07514189184 0.08950693905
v 0.08265326917 -0.05284067616 -0.05018314719
v 0.08265326917 0.05284070224 -0.05018313229
v 0.08270718157 -0.04641967639 -0.06928929687
v 0.08270718157 0.04641970992 -0.06928928196
v 0.08284842968 -0.05157755688 0.132608369
v 0.08284842968 0.0515775159 0.1326083839
v 0.08287904412 -0.0676939413 0.04392403737
v 0.08287904412 0.0676939413 0.04392405972
v 0.08296268433 -0.06046639383 -0.01880156621
v 0.08296268433 0.06046642363 -0.01880152151
v 0.08296269178 -0.06046640128 -0.01880156249
v 0.08296269178 0.06046641245 -0.01880154014
v 0.08409099281 -0.05013668537 -0.05644829571
v 0.08409099281 0.05013671145 -0.05644828081
v 0.08415205777 -0.03236178309 -0.08192412555
v 0.08415205777 -0.03236177936 -0.08192412555
v 0.08415205777 0.03236180916 -0.08192411065
v 0.08415205777 0.03236181289 -0.08192411065
v 0.08449801803 -0.03866856918 0.1372618377
v 0.08449801803 0.0386685282 0.1372618526
v 0.08453638107 -0.04298844188 -0.07311692834
v 0.08453638107 0.04298847541 -0.07311691344
v 0.08460634947 -0.05773547664 -0.02775843441
v 0.08460634947 0.05773549527 -0.02775841206
v 0.08490454406 -0.06160695851 -0.006922602654
v 0.08490454406 0.06160698831 -0.00692255795
v 0.08490455151 -0.06160696596 -0.006922598928
v 0.08490455151 0.06160697713 -0.006922576576
v 0.0849115029 -0.06645388156 0.03056645393
v 0.0849115029 0.06645388156 0.03056647629
v 0.0850925073 -0.07596220076 0.05675683171
v 0.0850925073 0.07596220076 0.05675685406
v 0.08536490053 -0.04728749022 -0.06155598909
v 0.08536490053 0.0472875163 -0.06155597419
v 0.0854608193 -0.07654488087 0.06955057383
v 0.0854608193 -0.07654487342 0.06955057383
v 0.0854608193 0.07654485106 0.06955059618
v 0.0854608193 0.07654485852 0.06955059618
v 0.08550792933 -0.05530770868 -0.03541586548
v 0.08550792933 0.05530772731 -0.03541585058
v 0.08552121371 -0.02528768964 0.1396071315
v 0.08552121371 0.02528764494 0.1396071464
v 0.08605290204 -0.03873118386 -0.07648052275
v 0.08605290204 0.03873121738 -0.07648050785
v 0.08607446402 -0.01231065486 0.1404955685
v 0.08607446402 0.01231060922 0.1404955685
v 0.0863552168 -0.02378286421 -0.0835249424
v 0.0863552168 -0.02378286049 -0.0835249424
v 0.0863552168 0.02378289029 -0.0835249275
v 0.0863552168 0.02378289402 -0.0835249275
v 0.08636630327 -1.796197679e-08 0.1407092959
v 0.08654678613 -0.05271380022 -0.04217979312
v 0.08654678613 0.05271381885 -0.04217977822
v 0.08668228239 -0.07491039485 0.08873093873
v 0.08668228239 0.07491036505 0.08873096108
v 0.08677142859 -0.0443498157 -0.06535752863
v 0.08677142859 0.04434984177 -0.06535751373
v 0.08691830188 -0.06250210106 0.005302160978
v 0.08691830188 0.06250213087 0.005302198231
v 0.08691830933 -0.06250210851 0.005302162841
v 0.08691830933 0.06250212342 0.005302181467
v 0.087227799 -0.01612556726 -0.0842038393
v 0.087227799 -0.01612556353 -0.0842038393
v 0.087227799 0.01612559333 -0.0842038393
v 0.087227799 0.01612559706 -0.0842038393
v 0.08755585551 1.380767234e-08 -0.08475087583
v 0.08755585551 1.792830773e-08 -0.08475087583
v 0.08759741485 -0.008533551358 -0.08456021547
v 0.08759741485 -0.008533547632 -0.08456021547
v 0.08759741485 0.008533580229 -0.08456021547
v 0.08759741485 0.008533583954 -0.08456021547
v 0.08782111853 -0.04985741898 -0.04880438
v 0.08782111853 0.04985744506 -0.0488043651
v 0.08793427795 -0.07077290863 0.106969364
v 0.08793427795 0.07077286392 0.1069693938
v 0.08801052719 -0.06638790667 0.05488893762
v 0.08801052719 0.06638790667 0.05488895997
v 0.08837737143 -0.04092249647 -0.06855647266
v 0.08837737143 0.04092253 -0.06855645776
v 0.08859463036 -0.0472609587 -0.0545431003
v 0.08859463036 0.04726098478 -0.0545430854
v 0.08859848976 -0.06313702464 0.01624321938
v 0.08859848976 0.06313702464 0.01624326408
v 0.08859849721 -0.06313702464 0.0162432231
v 0.08859849721 0.06313702464 0.01624324545
v 0.08862286061 -0.03248269483 -0.07883559912
v 0.08862286061 0.03248272836 -0.07883558422
v 0.08884132653 -0.0735290274 0.09588433802
v 0.08884132653 0.0735289976 0.09588436782
v 0.08947011828 -0.04464437813 -0.05886443704
v 0.08947011828 0.0446444042 -0.05886442214
v 0.09001136571 -0.07533776015 0.06739608943
v 0.09001136571 0.07533774525 0.06739611924
v 0.09013779461 -0.03665072471 -0.07122582197
v 0.09013779461 0.03665075824 -0.07122580707
v 0.09021104872 -0.06346747279 0.02842259221
v 0.09021104872 0.06346747279 0.02842263319
v 0.09021105617 -0.06346747279 0.02842259407
v 0.09021105617 0.06346747279 0.02842261642
v 0.09030475467 -0.04239809141 -0.06154558063
v 0.09030475467 0.04239811748 -0.06154556572
v 0.09034903347 -0.05227138475 -0.03445843607
v 0.09034903347 0.05227140337 -0.03445842117
v 0.09065470845 -0.07541489601 0.08059649169
v 0.09065470845 -0.07541488856 0.08059649169
v 0.09065470845 0.07541486621 0.0805965215
v 0.09065470845 0.07541487366 0.0805965215
v 0.09067164361 -0.05390535295 -0.02696968615
v 0.09067164361 0.05390537158 -0.02696967125
v 0.09094820172 -0.02418407425 -0.08027151227
v 0.09094820172 0.02418410778 -0.08027149737
v 0.09114599228 -0.05570983142 -0.0189027451
v 0.09114599228 0.05570986122 -0.0189027153
v 0.09114599973 -0.05570983887 -0.0189027451
v 0.09114599973 0.05570985004 -0.0189027302
v 0.09164346009 -0.03931699693 -0.06416077912
v 0.09164346009 0.03931702301 -0.06416076422
v 0.09169641882 -0.06348347664 0.04284714162
v 0.09169641882 0.06348347664 0.04284717888
v 0.09169642627 -0.06348347664 0.04284714162
v 0.09169642627 0.06348347664 0.04284716398
v 0.09184600413 -0.04929008707 -0.04039418697
v 0.09184600413 0.0492901057 -0.04039417207
v 0.09192661196 -0.06337749958 0.06327435374
v 0.09192661196 0.06337748468 0.06327438354
v 0.09199656546 -0.01624017395 -0.08112303168
v 0.09199656546 0.01624020748 -0.08112303168
v 0.09213392437 -0.04367701709 -0.05341178179
v 0.09213392437 0.0436770767 -0.05341175199
v 0.09213393182 -0.04367703199 -0.05341178179
v 0.09213393182 0.04367705807 -0.05341176689
v 0.09213551879 -0.03096835501 -0.0732018128
v 0.09213551879 0.03096838482 -0.0732017979
v 0.09242169559 -0.06320297718 0.05388199165
v 0.09242169559 0.06320297718 0.05388203636
v 0.09242170304 -0.06320297718 0.05388199538
v 0.09242170304 0.06320297718 0.05388201773
v 0.09248175472 -0.008335331455 -0.08146967739
v 0.09248175472 0.008335365914 -0.08146967739
v 0.09261779487 -0.04548250511 -0.04769250005
v 0.09261779487 0.04548256472 -0.04769247025
v 0.09261780232 -0.04548252001 -0.04769250005
v 0.09261780232 0.04548254609 -0.04769248515
v 0.09269757569 1.741308964e-08 -0.0815884918
v 0.09286916256 -0.0409530215 -0.05733683705
v 0.09286916256 0.0409530811 -0.05733680725
v 0.09286917001 -0.0409530364 -0.05733683705
v 0.09286917001 0.04095306247 -0.05733682215
v 0.09311213344 0.05596685037 -0.006875239313
v 0.0931346491 -0.03540563956 -0.06624034047
v 0.0931346491 0.03540566564 -0.06624032557
v 0.09344590455 -0.05629813299 -0.006937649101
v 0.09394647181 -0.03805582225 -0.05980855227
v 0.09394647181 0.03805588186 -0.05980852246
v 0.09394647926 -0.03805583715 -0.05980855227
v 0.09394647926 0.03805586323 -0.05980853736
v 0.09396699071 -0.02385851927 -0.07455498725
v 0.09396699071 0.0238585528 -0.07455497235
v 0.09444310516 -0.04571622983 -0.04186192155
v 0.09444310516 0.04571627453 -0.04186189175
v 0.09444311261 -0.045716241 -0.04186192155
v 0.09444311261 0.04571625963 -0.04186190665
v 0.09479963779 -0.06043044105 0.060024295
v 0.09479963779 0.06043042988 0.06002431363
v 0.09484680742 -0.03037413582 -0.06776677817
v 0.09484680742 0.03037416562 -0.06776676327
v 0.09490001202 -0.01610905491 -0.07528495044
v 0.09490001202 0.01610908844 -0.07528495044
v 0.09500899911 -0.06255722791 0.1192295551
v 0.09500899911 0.06255718321 0.11922957
v 0.09503388405 -0.04811542481 -0.03427313268
v 0.09503388405 0.04811544344 -0.03427311778
v 0.09521457553 -0.07408117503 0.0784303546
v 0.09521457553 0.07408116013 0.07843037695
v 0.09526495636 -0.03485922515 -0.06151071191
v 0.09526496381 -0.03485924006 -0.06151071191
v 0.09526496381 0.03485926613 -0.06151069701
v 0.09526497126 0.03485926986 -0.06151069701
v 0.09526842088 0.05618509278 0.005196716636
v 0.09546677768 -0.00808819849 -0.07569793612
v 0.09546677768 0.008088231087 -0.07569793612
v 0.09558675438 -0.05823739991 0.07117778063
v 0.09558675438 0.05823738128 0.07117779553
v 0.09559467435 -0.05647308752 0.005146620795
v 0.09564844519 1.647133985e-08 -0.07580807805
v 0.09617198259 -0.07333952188 0.09235097468
v 0.09617198259 -0.07333951443 0.09235097468
v 0.09617198259 0.07333949208 0.09235098958
v 0.09617198259 0.07333949953 0.09235098958
v 0.09655273706 -0.04879237339 -0.02683814615
v 0.09655273706 0.04879239202 -0.02683813125
v 0.09657816589 0.05656292662 0.01688709669
v 0.09660150111 -0.02360569872 -0.06884694844
v 0.09660150111 0.02360572852 -0.06884693354
v 0.09690839052 -0.05678734183 0.0168525409
v 0.09702048451 0.04442586377 -0.03712653369
v 0.09702049196 -0.04442584142 -0.03712654859
v 0.09702049196 0.04442586005 -0.03712653369
v 0.09706377983 -0.02996814065 -0.06253287196
v 0.09706377983 0.02996819653 -0.06253284216
v 0.09706378728 -0.02996815369 -0.06253287196
v 0.09706378728 0.02996817976 -0.06253285706
v 0.09711676091 0.03473686427 -0.05662917346
v 0.09731435776 -0.05014222115 -0.01877820119
v 0.09731435776 0.05014225096 -0.01877817139
v 0.09731436521 -0.0501422286 -0.01877820119
v 0.09731436521 0.05014223978 -0.01877818629
v 0.09734020382 -0.03482523933 -0.05670702457
v 0.09760706872 0.05656365678 0.029077705
v 0.09768451005 -0.0156322401 -0.06915672123
v 0.09768451005 0.0156322699 -0.06915672123
v 0.09787165374 -0.0567794852 0.02907045931
v 0.0979071036 -0.05211465061 0.07606483996
v 0.0979071036 0.05211463198 0.07606485486
v 0.09814553708 0.05645345524 0.04191857949
v 0.09824498743 -0.00787573494 -0.06977198273
v 0.09824498743 0.007875765674 -0.06977198273
v 0.09836383164 -0.05664729699 0.04191623256
v 0.09837063402 -0.05096653476 0.1271167547
v 0.09837063402 0.05096649379 0.1271167696
v 0.09845523536 1.550859352e-08 -0.06989877671
v 0.09863010049 -0.05607675761 0.05398616195
v 0.09863010049 0.05607674271 0.0539861992
v 0.09863010794 -0.05607675388 0.05398616567
v 0.09863010794 0.05607674271 0.0539861843
v 0.09886924922 -0.0544366464 0.06315712631
v 0.09886924922 0.05443663523 0.06315714121
v 0.0989343822 -0.02354339138 -0.06313170493
v 0.09893438965 -0.02354340628 -0.06313170493
v 0.09893438965 0.02354343608 -0.06313169003
v 0.0989343971 0.02354343235 -0.06313169003
v 0.09898612648 0.03563182801 -0.04969548434
v 0.09921967983 -0.03574189916 -0.04976733774
v 0.09925239533 -0.04410902783 -0.03143545985
v 0.09925239533 0.04410904646 -0.03143544495
v 0.0993468985 -0.06162925065 0.08223949373
v 0.0993468985 0.06162923202 0.08223952353
v 0.09965327382 -0.04229477793 -0.03343349695
v 0.09965327382 0.04229482263 -0.03343346715
v 0.09965328127 -0.04229478911 -0.03343349695
v 0.09965328127 0.04229480773 -0.03343348205
v 0.09973479807 -0.03862690181 0.131172508
v 0.09973479807 0.03862686083 0.1311725229
v 0.09981746227 -1.63536491e-08 0.1345888376
v 0.09982378036 -0.04478147626 0.0801757127
v 0.09982378036 0.04478145763 0.08017572761
v 0.0998416394 0.04927714542 -0.006740644574
v 0.09997808933 -0.01192673389 0.134347856
v 0.09997808933 0.01192669198 0.134347856
v 0.1000822783 -0.02503887378 0.1333479285
v 0.1000822783 0.02503882907 0.1333479285
v 0.1001027599 -0.0494678542 -0.006783116609
v 0.100292474 -0.01547441445 -0.06349986792
v 0.100292474 0.01547447406 -0.06349986792
v 0.1002924815 -0.01547442842 -0.06349987537
v 0.1002924815 0.01547445729 -0.06349987537
v 0.1003880128 -0.07207811624 0.08973182738
v 0.1003880128 0.07207810134 0.08973184228
v 0.1007283255 -0.04879198968 0.0695194006
v 0.1007283255 0.04879197106 0.0695194155
v 0.1008280888 0.02509929612 -0.05686149001
v 0.1008720919 0.03569832817 -0.04360294342
v 0.1009276509 -0.007943887264 -0.063692756
v 0.1009276509 0.007943946868 -0.063692756
v 0.1009276584 -0.007943901233 -0.06369276345
v 0.1009276584 0.007943930104 -0.06369276345
v 0.1009820551 -0.02515175194 -0.05690028518
v 0.101055719 -0.03717017919 0.08281114697
v 0.101055719 0.03717016056 0.08281116188
v 0.1010770798 1.311610731e-08 -0.06392030418
v 0.1010770872 1.453457532e-08 -0.06392030418
v 0.1011060774 -0.03581054509 -0.04367492348
v 0.1016639173 -0.06905190647 0.1047478393
v 0.1016639173 -0.06905189902 0.1047478393
v 0.1016639173 0.06905186176 0.1047478691
v 0.1016639173 0.06905186921 0.1047478691
v 0.1016706675 0.04902411997 0.005324849859
v 0.1018211693 -0.04828193784 0.09140151739
v 0.1018211693 0.04828190804 0.09140153229
v 0.1018211767 -0.04828193039 0.09140151739
v 0.1018211767 0.04828191176 0.09140153229
v 0.1018387303 -0.01822680235 0.0912149027
v 0.1018387303 -0.01822680049 0.09121489525
v 0.1018387303 0.01822677627 0.09121491015
v 0.1018387303 0.01822677813 0.0912149027
v 0.101884082 0.03803803027 0.09113641083
v 0.101884298 -0.02855510823 0.09115618467
v 0.1018843055 -0.02855510823 0.09115618467
v 0.1018843055 0.02855508588 0.09115619957
v 0.1018843129 0.02855508588 0.09115620703
v 0.1018850803 -0.03803805634 0.09113696963
v 0.1018850878 -0.03803804889 0.09113696963
v 0.1018850878 0.03803803027 0.09113698453
v 0.1019122601 -0.04920003191 0.00528549403
v 0.1019253209 -0.008269978687 0.09110365063
v 0.1019253209 -0.008269978687 0.09110365808
v 0.1019253209 0.008269957267 0.09110365808
v 0.1019253284 0.008269956335 0.09110365808
v 0.1019475013 -1.039745712e-08 0.09107275307
v 0.1019475088 -1.071699796e-08 0.09107273817
v 0.1019786373 -0.02815881371 0.08479192853
v 0.1019786373 0.02815879509 0.08479194343
v 0.1020706594 -0.04146654159 -0.02694081143
v 0.1020706594 0.04146656021 -0.02694079652
v 0.1021505445 -0.03958607465 -0.03052800894
v 0.1021505445 0.03958611935 -0.03052797914
v 0.102150552 -0.03958608583 -0.03052800894
v 0.102150552 0.03958610445 -0.03052799404
v 0.1023345515 -0.05267308652 0.0924193114
v 0.102334559 -0.05267307535 0.0924193114
v 0.102334559 0.05267304927 0.09241932631
v 0.1023345664 0.052673053 0.09241932631
v 0.1024276316 -0.04247656465 0.07293777168
v 0.1024276316 0.04247654602 0.07293778658
v 0.1024569348 -0.01799167693 0.08579684049
v 0.1024569348 0.0179916583 0.08579684794
v 0.1025657877 -0.04746488482 0.0610575527
v 0.1025657877 0.04746487364 0.0610575676
v 0.1026259288 0.0163352266 -0.0570614785
v 0.102654539 0.04907753691 0.01725480892
v 0.1026584879 -0.008160696365 0.08623732626
v 0.1026584879 0.008160676807 0.08623732626
v 0.1026609987 -0.04572694376 0.06586822867
v 0.1026609987 0.04572693259 0.06586824358
v 0.102670528 -0.01635389589 -0.05707326531
v 0.1027294472 -9.956732328e-09 0.08640626073
v 0.1028573439 -0.04782316089 0.08874304593
v 0.1028573439 0.04782314226 0.08874306083
v 0.1028630584 0.03481477499 -0.03810105473
v 0.1028792784 0.02570781857 -0.05028408021
v 0.10290315 -0.04924431443 0.01722438633
v 0.1029195189 -0.04862827808 0.05412432179
v 0.1029195189 0.04862826318 0.05412435159
v 0.1029195264 -0.04862827435 0.05412432179
v 0.1029195264 0.04862826318 0.05412433669
v 0.1030177101 -0.02576367185 -0.0503237918
v 0.1030601338 -0.05324810743 0.09012934566
v 0.1030601338 0.05324808881 0.09012936056
v 0.1030958593 -0.03492304683 -0.03816469014
v 0.1031251028 -0.03754732013 0.08850427717
v 0.1031251028 0.0375473015 0.08850429207
v 0.1031888649 0.04900753871 0.02939102985
v 0.1031951085 0.04886038601 0.04180499911
v 0.1032875404 -0.01265831292 0.09452719241
v 0.1032884866 0.01264895499 0.09452904761
v 0.1032930464 -0.02527496964 0.09453934431
v 0.1032963619 0.0252525229 0.09454593062
v 0.1033039764 -0.02821680717 0.08844433725
v 0.1033039764 0.02821678482 0.08844435215
v 0.1033201888 -3.321677241e-06 0.09459703416
v 0.1033292562 -0.05571803451 0.09463617206
v 0.1033292636 -0.05571802333 0.09463617206
v 0.1033292636 0.05571799725 0.09463618696
v 0.1033346131 -0.03677522764 0.09462877363
v 0.1033448651 -0.04705151916 0.09464965761
v 0.1033450514 0.03671902046 0.09465038031
v 0.1033747569 -0.01800714247 0.08856135607
v 0.1033747569 0.01800712012 0.08856135607
v 0.1033768728 0.04693347961 0.09471835196
v 0.1034057513 0.008079354651 -0.05706770718
v 0.1034087688 -0.0490059033 0.04180897027
v 0.1034205854 -0.008081604727 -0.05707254261
v 0.1034246162 -0.008062832989 0.08851659298
v 0.1034246162 0.008062813431 0.08851659298
v 0.1034348235 -0.04917623103 0.02938501164
v 0.1034467295 -1.029327379e-08 0.08847194165
v 0.1036046594 -0.04170192406 -0.01885931566
v 0.1036046594 0.04170195386 -0.01885928586
v 0.1036046669 -0.04170193151 -0.01885931566
v 0.1036046669 0.04170194268 -0.01885930076
v 0.1036710963 4.96013854e-06 -0.05707322806
v 0.1039149538 -0.05718890205 0.09313422441
v 0.1039149538 0.05718887597 0.09313423932
v 0.1039306521 -0.03528173268 0.07514045388
v 0.1039306521 0.03528171405 0.07514046878
v 0.1043130755 -0.04076564312 0.0670119077
v 0.1043130755 0.04076563194 0.0670119226
v 0.1045848951 -0.05760027468 0.09762459248
v 0.1045849025 -0.05760026351 0.09762459248
v 0.1045849025 0.0576002337 0.09762460738
v 0.1045849025 0.05760023743 0.09762460738
v 0.1047475785 0.02579349093 -0.04415754974
v 0.1047970504 0.01667372324 -0.05053324252
v 0.1048244089 -0.04715577513 0.09782315791
v 0.1048464105 0.04695915058 0.09787073731
v 0.1048551053 -0.01669763029 -0.05054973811
v 0.1048740447 -0.03633930907 0.09793076664
v 0.1048776656 0.03344671056 -0.03273421526
v 0.104882732 0.03624174371 0.0979487747
v 0.1048853621 -0.02585041337 -0.0441974327
v 0.1049044877 -0.02479587123 0.09799578786
v 0.1049075946 0.02475607023 0.09800194949
v 0.1049103364 -5.662181138e-06 0.098007828
v 0.1049134731 -0.01249848213 0.09801474214
v 0.1049144119 0.0124820238 0.09801656753
v 0.1050683036 -0.0335207209 -0.03278152645
v 0.1051033065 -0.05941008404 0.09676925838
v 0.1051033065 0.05941005796 0.09676928818
v 0.1051741093 -0.02687897533 0.07679674029
v 0.1051741093 0.02687895671 0.07679675519
v 0.105339922 -0.04066373408 0.06097946316
v 0.105339922 0.0406637229 0.06097947806
v 0.1053842232 0.04114762321 -0.006580870599
v 0.1055707335 0.008255360648 -0.05064410716
v 0.1056034192 -0.04127600417 -0.006613139063
v 0.105603911 -0.008260486647 -0.05065397918
v 0.1058387607 5.901018085e-06 -0.05070717633
v 0.106043987 -0.06759820879 0.1021761522
v 0.106043987 0.06759819388 0.1021761671
v 0.1060616449 -0.03393209353 0.0681835562
v 0.1060616449 0.03393208236 0.0681835711
v 0.1060711071 -0.01777109876 0.07776197046
v 0.1060711071 0.01777108014 0.07776197791
v 0.1060775965 -0.05827852339 0.100937143
v 0.106077604 -0.05827851221 0.100937143
v 0.106077604 0.05827848613 0.1009371579
v 0.1062543988 -0.04091463238 0.05419247597
v 0.1062543988 0.04091461748 0.05419250578
v 0.1062544063 -0.04091462865 0.05419247597
v 0.1062544063 0.04091461748 0.05419249088
v 0.1063234806 0.04707603157 0.1010392457
v 0.1063240692 -0.0473100543 0.1010401919
v 0.1063699275 -0.0362345539 0.1011393666
v 0.1063701883 0.03612210974 0.1011394486
v 0.1064078659 -0.02457132563 0.1012204438
v 0.1064081639 0.02452578023 0.1012207195
v 0.106421411 0.02533098869 -0.03831724077
v 0.1064219624 -6.186112842e-06 0.1012501866
v 0.1064255387 -0.01235876046 0.1012580395
v 0.106425643 0.01234059408 0.1012580991
v 0.1064412892 -0.008586155251 0.07817214727
v 0.1064412892 0.008586137556 0.07817214727
v 0.1065607741 -0.02538414113 -0.03835399449
v 0.1065835878 -0.06010235474 0.1008371934
v 0.1065835878 0.06010232866 0.1008372083
v 0.1066096798 0.04114386812 0.005484919995
v 0.1066268012 -8.643732841e-09 0.07834713161
v 0.1066399887 -0.06106427684 0.1153417453
v 0.1066399887 -0.06106427312 0.1153417453
v 0.1066399887 0.06106423587 0.1153417602
v 0.1066399887 0.06106423959 0.1153417602
v 0.1066963598 0.01672300696 -0.04433505237
v 0.1067546755 -0.01674724184 -0.04435209185
v 0.1068222597 -0.04126960039 0.005452429876
v 0.1070301533 0.0410188213 0.04188489914
v 0.1070636064 -0.03204344958 -0.02659538761
v 0.1070636064 0.03204349428 -0.02659537271
v 0.1070636138 -0.03204346076 -0.02659539133
v 0.1070636138 0.03204347938 -0.02659538388
v 0.1072384939 -0.04112486914 0.04188573733
v 0.1072437763 0.04120162874 0.01753433608
v 0.1073937193 0.04116529226 0.02966368198
v 0.1074523181 -0.04132159054 0.01750749722
v 0.1075046882 0.008254334331 -0.04435649514
v 0.1075368673 -0.008260540664 -0.04436581582
v 0.1075995788 -0.04128016904 0.02964952774
v 0.1076029986 -0.03339823335 0.06134171784
v 0.1076029986 0.03339822218 0.06134172529
v 0.107644923 -0.02599908598 0.06918238103
v 0.107644923 0.02599907108 0.06918239594
v 0.1076495945 -0.05747301877 0.1046133637
v 0.1076495945 0.05747297779 0.1046133786
v 0.107649602 -0.05747300759 0.1046133637
v 0.107649602 0.05747298151 0.1046133786
v 0.1077410057 3.081994919e-06 -0.0444727689
v 0.1078129783 0.04698048532 0.104234457
v 0.1078287736 0.03609780967 0.1042681932
v 0.1078355759 -0.04718817025 0.1042826772
v 0.1078362763 -0.03619214892 0.1042846069
v 0.1078573167 0.02433257177 0.1043292284
v 0.1078595296 -0.0243691951 0.104334183
v 0.1078761145 0.01214996725 0.1043693423
v 0.1078767776 -0.01216431148 0.1043708771
v 0.1078787223 -4.913969406e-06 0.1043748632
v 0.1081408635 0.02436714061 -0.03238213062
v 0.1081435084 -0.03277230263 -0.01885936782
v 0.1081435084 0.03277233243 -0.01885935292
v 0.1081435159 -0.03277231008 -0.01885937154
v 0.1081435159 0.03277232125 -0.01885936409
v 0.1081513837 -0.05919127539 0.1047825962
v 0.1081513837 0.05919124931 0.1047826111
v 0.1082772911 -0.02439924143 -0.03241086006
v 0.1083014086 0.01650847122 -0.03833884746
v 0.1083612442 -0.01653081179 -0.03835452348
v 0.1086429954 -0.01736176573 0.06981244683
v 0.1086429954 0.01736175083 0.06981246173
v 0.1088246107 -0.03341195732 0.05428360403
v 0.1088246107 0.03341194242 0.05428362638
v 0.1088246182 -0.0334119536 0.0542836003
v 0.1088246182 0.03341194242 0.05428361148
v 0.1090921238 -0.0554009676 0.107574366
v 0.1090921313 -0.05540095642 0.107574366
v 0.1090921313 0.05540093035 0.1075743735
v 0.1090921313 0.05540093035 0.1075743809
v 0.1091142669 0.008171132766 -0.0382989496
v 0.1091403589 -0.05102032796 0.1216008216
v 0.1091403589 -0.05102032423 0.1216008216
v 0.1091403589 0.05102028698 0.1216008365
v 0.1091403589 0.0510202907 0.1216008365
v 0.1091481149 -0.008177383803 -0.03830783814
v 0.1092359424 0.04708731174 0.1072868258
v 0.1092489734 -0.008569318801 0.07012361288
v 0.1092489734 0.008569304831 0.07012361288
v 0.1092609987 -0.04720983654 0.1073404774
v 0.1092768461 0.03619689494 0.107374385
v 0.1092843041 -0.03624745831 0.1073905602
v 0.1093057394 0.02413235046 0.1074361578
v 0.1093079075 -0.02414841577 0.1074408814
v 0.109317489 0.01178470161 0.1074611619
v 0.1093182564 -0.01179242507 0.1074627563
v 0.1093210876 -2.518413112e-06 0.107468687
v 0.1093903482 2.827936896e-06 -0.03833290935
v 0.1094713509 -0.02552210353 0.06175592542
v 0.1094713509 0.02552209236 0.06175593287
v 0.1095221266 -7.322249029e-09 0.07023592293
v 0.109543331 0.03259734064 -0.006523076445
v 0.1097262949 -0.03267763183 -0.006545126438
v 0.1097699925 -0.05670828745 0.1086061969
v 0.1097699925 0.05670826137 0.1086062118
v 0.1097969934 0.01597120054 -0.03221940994
v 0.1098529994 -0.01598455198 -0.03223221749
v 0.1100185737 0.03316345066 0.04205571115
v 0.1100289077 -0.02265531383 -0.02590355277
v 0.1100289077 0.02265534736 -0.02590353787
v 0.1100289151 -0.02265532129 -0.0259035565
v 0.1100289151 0.02265533619 -0.02590354905
v 0.110054262 -0.05275307596 0.1095058769
v 0.1100542694 -0.05275306478 0.1095058769
v 0.1100542694 0.0527530387 0.1095058918
v 0.1100542769 0.0527530387 0.1095058918
v 0.1101766378 -0.03322635591 0.04205346107
v 0.1104672998 0.03283569589 0.005624182522
v 0.1105697155 0.007969436236 -0.03215660155
v 0.1105908528 -0.007973119617 -0.03216184676
v 0.1106054112 -0.0488402769 0.1104553267
v 0.1106054187 -0.04884026572 0.1104553267
v 0.1106054187 0.04884023964 0.1104553416
v 0.1106124371 0.04883824661 0.1104391441
v 0.1106431186 -0.03291783109 0.005601482466
v 0.1106752381 -0.0170467291 0.06204167008
v 0.1106752381 0.01704671793 0.06204167753
v 0.1107146293 0.0331014134 0.02988216281
v 0.1107285917 0.03675447032 0.1105982363
v 0.1107294783 -0.03675453737 0.110595338
v 0.1107294858 -0.0367545262 0.110595338
v 0.1107294858 0.03675450012 0.1105953529
v 0.1107543632 -0.0532797128 0.1107089669
v 0.1107543632 0.05327968672 0.1107089818
v 0.1107922345 -0.01079881005 0.1105736867
v 0.110792242 -0.01079879608 0.1105736792
v 0.110792242 0.01079876907 0.1105736792
v 0.110793069 -2.627367479e-08 0.1105626747
v 0.1107930765 -1.389230952e-08 0.1105626673
v 0.1107933074 0.01079371572 0.1105722785
v 0.1107933298 -0.05977737531 0.1119871587
v 0.1107933298 0.05977734923 0.1119871736
v 0.1108134389 -0.02391173132 0.1106017232
v 0.1108134463 -0.02391171642 0.1106017232
v 0.1108134463 0.02391168661 0.1106017381
v 0.1108137667 0.02392304875 0.110601455
v 0.1108433977 3.726735713e-06 -0.03216940165
v 0.1108496636 0.03301259503 0.01774574816
v 0.1108788997 -0.03317487612 0.02987006307
v 0.1108872741 -0.02541404031 0.054288093
v 0.1108872741 0.02541402169 0.0542881079
v 0.1108872816 -0.02541403472 0.05428808928
v 0.1108872816 0.02541402355 0.05428809673
v 0.1110196114 -0.03309265152 0.01772596315
v 0.1110390648 -0.03900707886 0.125086844
v 0.1110390648 -0.03900707513 0.125086844
v 0.1110390648 0.03900703788 0.125086844
v 0.1110390648 0.0390070416 0.125086844
v 0.1111759543 -0.02311168052 -0.01883027703
v 0.1111759543 0.02311171405 -0.01883026212
v 0.1111759618 -0.02311168797 -0.01883028075
v 0.1111759618 0.02311170287 -0.0188302733
v 0.111347571 -0.01502461359 -0.02578218654
v 0.111347571 0.01502465084 -0.02578217164
v 0.1113475785 -0.01502462197 -0.02578219026
v 0.1113475785 0.01502463967 -0.02578218281
v 0.1113479659 -0.008397474885 0.06217455864
v 0.1113479659 0.008397462778 0.06217455864
v 0.1113513336 -0.04913077876 0.1118136942
v 0.1113513336 0.04913075268 0.1118137091
v 0.1117003486 -0.03695879504 0.1118226945
v 0.1117003486 0.03695876896 0.1118227094
v 0.1117165312 -6.021888765e-09 0.06225436926
v 0.1118773893 -0.02388527803 0.1118563116
v 0.1118773893 0.02388524823 0.1118563265
v 0.111889042 -0.02508081309 0.1268189251
v 0.111889042 -0.02508080937 0.1268189251
v 0.111889042 0.02508077212 0.12681894
v 0.111889042 0.02508077584 0.12681894
v 0.1119153127 -0.01072042994 0.1117886379
v 0.1119153127 0.01072040107 0.1117886379
v 0.1119415089 -1.409926664e-08 0.1118329614
v 0.1119740903 -0.007725161035 -0.02579922229
v 0.1119740903 0.007725197356 -0.02579922229
v 0.1119740978 -0.007725169417 -0.02579922974
v 0.1119740978 0.00772518618 -0.02579922974
v 0.112159133 1.81733455e-08 -0.02584425732
v 0.1121591404 8.331200618e-09 -0.02584426478
v 0.1121894196 -0.01108166948 0.1274814904
v 0.1121894196 -0.01108166575 0.1274814904
v 0.1121894196 0.01108162943 0.1274814904
v 0.1121894196 0.01108163316 0.1274814904
v 0.1122638583 0.02391832694 -0.006462533027
v 0.1122705117 -1.466837229e-08 0.1275750697
v 0.1122705191 -1.666398219e-08 0.1275750697
v 0.1123169661 0.02498707175 0.04217205942
v 0.1123374254 -0.01684052311 0.05432253703
v 0.1123374254 0.01684050448 0.05432254449
v 0.1123374328 -0.01684051752 0.05432253331
v 0.1123374328 0.01684050635 0.05432253331
v 0.1124102548 -0.0239620544 -0.00647328794
v 0.1124247536 -0.02501871251 0.04217191786
v 0.112490207 -0.01553929411 -0.01882182807
v 0.112490207 0.01553932391 -0.01882181317
v 0.1124902144 -0.01553930063 -0.01882183179
v 0.1124902144 0.0155393146 -0.01882182434
v 0.1131057665 0.02439234965 0.005747230724
v 0.113131091 -0.008155237883 -0.01882224157
v 0.113131091 0.008155267686 -0.01882224157
v 0.1131310984 -0.008155244403 -0.01882224903
v 0.1131310984 0.008155258372 -0.01882224903
v 0.1131611764 -0.007999151945 0.05426520109
v 0.1131611764 0.007999137044 0.05426520854
v 0.1131611839 -0.007999147289 0.05426519737
v 0.1131611839 0.007999138907 0.05426520109
v 0.1131871417 0.02477913536 0.03005729616
v 0.1132141948 -0.02443227544 0.005735917017
v 0.1132628098 -0.05054173619 0.1177631244
v 0.1132628098 0.05054170266 0.1177631393
v 0.1133101359 -0.02481969818 0.03005292453
v 0.1133760065 -7.931964419e-09 0.05427236855
v 0.1133760139 -4.721454339e-09 0.0542723611
v 0.1133914143 1.586828269e-08 -0.01877006888
v 0.1133914217 7.178669215e-09 -0.01877007633
v 0.1134173572 0.02458947897 0.01794140227
v 0.1135214418 -0.02462791465 0.01793168858
v 0.1138451099 0.01651299931 0.04226004332
v 0.113852419 0.01585135795 -0.006392449141
v 0.113912642 -0.01652439684 0.04226291925
v 0.1139155552 -0.01586293243 -0.006397094578
v 0.1146898717 0.007982992567 -0.006310917437
v 0.1147096381 0.008137284778 0.042415075
v 0.1147126257 -0.007972485386 -0.006312411278
v 0.1147344336 -0.008129252121 0.04241646826
v 0.1147543639 0.01613471657 0.005866574124
v 0.1147749573 0.01633185148 0.03020485491
v 0.1148173511 -0.01614513062 0.005861725658
v 0.114837952 -0.03892628849 0.120999828
v 0.114837952 0.03892625496 0.1209998429
v 0.1148401275 -0.01634299196 0.03020478971
v 0.1149824113 1.823112871e-05 -0.006302621216
v 0.1149934083 1.49903135e-05 0.0425769724
v 0.1150671691 0.01624491066 0.01811869629
v 0.1151288971 -0.01625361294 0.01811551303
v 0.1156276911 0.00805203896 0.00595430471
v 0.1156545505 -0.008033752441 0.005952680483
v 0.1156560853 0.008102917112 0.03039333783
v 0.115681231 -0.008087498136 0.03039368056
v 0.1156875417 -0.02503685281 0.1227109134
v 0.1156875417 0.02503681928 0.1227109283
v 0.1159220561 3.072934123e-05 0.00598716177
v 0.1159541756 0.008088552393 0.0182436835
v 0.1159693748 2.486199992e-05 0.03050578572
v 0.1159780473 -0.00806748122 0.01824278943
v 0.1160154119 -0.01142192073 0.1231028214
v 0.1160154119 0.01142189 0.1231028214
v 0.1160486266 -1.594528598e-08 0.1231637523
v 0.1162516922 2.948797737e-05 0.01828630269
f 1569 1535 1489
f 1569 1489 1485
f 1252 1485 1489
f 1252 1489 1282
f 1070 1252 1282
f 1070 1282 1082
f 1012 1070 1082
f 1012 1082 1024
f 936 1012 1024
f 936 1024 928
f 830 936 928
f 830 928 823
f 749 830 823
f 749 823 742
f 643 749 742
f 643 742 632
f 562 643 632
f 562 632 556
f 478 562 556
f 478 556 474
f 436 478 474
f 436 474 422
f 390 436 422
f 390 422 371
f 369 390 371
f 369 371 356
f 368 369 356
f 368 356 354
f 1588 1569 1485
f 1588 1485 1497
f 1663 1645 1549
f 1663 1549 1602
f 1258 1252 1070
f 1258 1070 1072
f 1620 1588 1497
f 1620 1497 1505
f 1497 1485 1252
f 1497 1252 1258
f 1072 1070 1012
f 1072 1012 1010
f 1010 1012 936
f 1010 936 944
f 944 936 830
f 944 830 834
f 834 830 749
f 834 749 755
f 1625 1620 1505
f 1625 1505 1511
f 1635 1625 1511
f 1635 1511 1525
f 1525 1549 1645
f 1525 1645 1635
f 1505 1497 1258
f 1505 1258 1290
f 1511 1505 1290
f 1511 1290 1306
f 1348 1449 1549
f 1348 1549 1525
f 1525 1511 1306
f 1525 1306 1348
f 1087 1102 1348
f 1087 1348 1306
f 1290 1258 1072
f 1290 1072 1080
f 1080 1087 1306
f 1080 1306 1290
f 1080 1072 1010
f 1080 1010 1016
f 1020 1022 1102
f 1020 1102 1087
f 1087 1080 1016
f 1087 1016 1020
f 948 944 834
f 948 834 846
f 1020 1016 948
f 1020 948 950
f 1016 1010 944
f 1016 944 948
f 950 946 1022
f 950 1022 1020
f 842 836 946
f 842 946 950
f 950 948 846
f 950 846 842
f 846 834 755
f 846 755 761
f 755 749 643
f 755 643 651
f 842 846 761
f 842 761 759
f 836 842 759
f 836 759 757
f 669 757 759
f 669 759 671
f 761 755 651
f 761 651 665
f 671 759 761
f 671 761 665
f 571 651 643
f 571 643 562
f 482 571 562
f 482 562 478
f 442 482 478
f 442 478 436
f 406 442 436
f 406 436 390
f 378 406 390
f 378 390 369
f 395 418 406
f 395 406 378
f 369 368 377
f 369 377 378
f 378 377 383
f 378 383 395
f 404 398 412
f 404 412 414
f 414 432 426
f 414 426 404
f 404 426 418
f 404 418 395
f 395 383 398
f 395 398 404
f 450 418 426
f 450 426 452
f 452 426 432
f 452 432 456
f 442 406 418
f 442 418 450
f 494 452 456
f 494 456 496
f 488 450 452
f 488 452 494
f 482 442 450
f 482 450 488
f 581 671 665
f 581 665 575
f 585 669 671
f 585 671 581
f 581 494 496
f 581 496 585
f 575 488 494
f 575 494 581
f 571 482 488
f 571 488 575
f 575 665 651
f 575 651 571
f 1695 1679 1604
f 1679 1663 1602
f 1679 1602 1604
f 1604 1725 1695
f 1577 1747 1725
f 1577 1725 1604
f 1449 1604 1602
f 1449 1602 1549
f 1398 1577 1604
f 1398 1604 1449
f 1112 1449 1348
f 1112 1348 1102
f 1104 1398 1449
f 1104 1449 1112
f 1018 1112 1102
f 1018 1102 1022
f 1014 1104 1112
f 1014 1112 1018
f 655 646 746
f 655 746 747
f 751 747 812
f 751 812 814
f 763 751 814
f 763 814 832
f 811 812 747
f 811 747 746
f 812 811 915
f 812 915 918
f 814 812 918
f 814 918 924
f 832 814 924
f 832 924 932
f 1004 1006 932
f 1004 932 924
f 1002 1004 924
f 1002 924 918
f 1001 1002 918
f 1001 918 915
f 1002 1001 1089
f 1002 1089 1090
f 1004 1002 1090
f 1004 1090 1092
f 1006 1004 1092
f 1006 1092 1094
f 1094 1104 1014
f 1094 1014 1006
f 1779 1747 1577
f 1779 1577 1579
f 1579 1577 1398
f 1579 1398 1380
f 1380 1398 1104
f 1380 1104 1094
f 1583 1579 1380
f 1583 1380 1386
f 1386 1380 1094
f 1386 1094 1092
f 1585 1583 1386
f 1585 1386 1388
f 1388 1393 1587
f 1388 1587 1585
f 1388 1386 1092
f 1388 1092 1090
f 1090 1089 1393
f 1090 1393 1388
f 1794 1779 1579
f 1794 1579 1583
f 1583 1585 1800
f 1583 1800 1794
f 1585 1587 1798
f 1585 1798 1800
f 577 570 646
f 577 646 655
f 673 655 747
f 673 747 751
f 577 655 673
f 577 673 591
f 677 673 751
f 677 751 763
f 414 412 441
f 414 441 448
f 448 441 485
f 448 485 490
f 490 485 570
f 490 570 577
f 432 414 448
f 432 448 454
f 454 448 490
f 454 490 502
f 502 490 577
f 502 577 591
f 940 1018 1022
f 940 1022 946
f 938 1014 1018
f 938 1018 940
f 932 1006 1014
f 932 1014 938
f 838 940 946
f 838 946 836
f 844 938 940
f 844 940 838
f 832 932 938
f 832 938 844
f 765 838 836
f 765 836 757
f 767 844 838
f 767 838 765
f 763 832 844
f 763 844 767
f 675 765 757
f 675 757 669
f 683 767 765
f 683 765 675
f 677 763 767
f 677 767 683
f 597 675 669
f 597 669 585
f 456 432 454
f 456 454 480
f 518 597 585
f 518 585 496
f 496 456 480
f 496 480 518
f 601 677 683
f 601 683 605
f 605 683 675
f 605 675 597
f 534 520 601
f 534 601 605
f 605 597 518
f 605 518 534
f 520 502 591
f 520 591 601
f 480 454 502
f 480 502 520
f 520 534 518
f 520 518 480
f 591 673 677
f 591 677 601
f 1571 1486 1491
f 1571 1491 1537
f 1253 1284 1491
f 1253 1491 1486
f 1071 1084 1284
f 1071 1284 1253
f 1013 1026 1084
f 1013 1084 1071
f 937 930 1026
f 937 1026 1013
f 831 825 930
f 831 930 937
f 750 744 825
f 750 825 831
f 644 634 744
f 644 744 750
f 563 558 634
f 563 634 644
f 479 476 558
f 479 558 563
f 437 424 476
f 437 476 479
f 391 373 424
f 391 424 437
f 370 358 373
f 370 373 391
f 368 354 358
f 368 358 370
f 1590 1498 1486
f 1590 1486 1571
f 1665 1603 1550
f 1665 1550 1647
f 1259 1073 1071
f 1259 1071 1253
f 1622 1506 1498
f 1622 1498 1590
f 1498 1259 1253
f 1498 1253 1486
f 1073 1011 1013
f 1073 1013 1071
f 1011 945 937
f 1011 937 1013
f 945 835 831
f 945 831 937
f 835 756 750
f 835 750 831
f 1627 1512 1506
f 1627 1506 1622
f 1637 1526 1512
f 1637 1512 1627
f 1526 1637 1647
f 1526 1647 1550
f 1506 1291 1259
f 1506 1259 1498
f 1512 1307 1291
f 1512 1291 1506
f 1349 1526 1550
f 1349 1550 1450
f 1526 1349 1307
f 1526 1307 1512
f 1088 1307 1349
f 1088 1349 1103
f 1291 1081 1073
f 1291 1073 1259
f 1081 1291 1307
f 1081 1307 1088
f 1081 1017 1011
f 1081 1011 1073
f 1021 1088 1103
f 1021 1103 1023
f 1088 1021 1017
f 1088 1017 1081
f 949 847 835
f 949 835 945
f 1021 951 949
f 1021 949 1017
f 1017 949 945
f 1017 945 1011
f 951 1021 1023
f 951 1023 947
f 843 951 947
f 843 947 837
f 951 843 847
f 951 847 949
f 847 762 756
f 847 756 835
f 756 652 644
f 756 644 750
f 843 760 762
f 843 762 847
f 837 758 760
f 837 760 843
f 670 672 760
f 670 760 758
f 762 666 652
f 762 652 756
f 672 666 762
f 672 762 760
f 572 563 644
f 572 644 652
f 483 479 563
f 483 563 572
f 443 437 479
f 443 479 483
f 407 391 437
f 407 437 443
f 379 370 391
f 379 391 407
f 396 379 407
f 396 407 419
f 370 379 377
f 370 377 368
f 379 396 383
f 379 383 377
f 405 415 411
f 405 411 397
f 415 405 427
f 415 427 433
f 405 396 419
f 405 419 427
f 396 405 397
f 396 397 383
f 451 453 427
f 451 427 419
f 453 457 433
f 453 433 427
f 443 451 419
f 443 419 407
f 495 497 457
f 495 457 453
f 489 495 453
f 489 453 451
f 483 489 451
f 483 451 443
f 582 576 666
f 582 666 672
f 586 582 672
f 586 672 670
f 582 586 497
f 582 497 495
f 576 582 495
f 576 495 489
f 572 576 489
f 572 489 483
f 576 572 652
f 576 652 666
f 1697 1605 1681
f 1681 1605 1603
f 1681 1603 1665
f 1605 1697 1727
f 1578 1605 1727
f 1578 1727 1749
f 1450 1550 1603
f 1450 1603 1605
f 1399 1450 1605
f 1399 1605 1578
f 1113 1103 1349
f 1113 1349 1450
f 1105 1113 1450
f 1105 1450 1399
f 1019 1023 1103
f 1019 1103 1113
f 1015 1019 1113
f 1015 1113 1105
f 656 748 746
f 656 746 645
f 752 815 813
f 752 813 748
f 764 833 815
f 764 815 752
f 811 746 748
f 811 748 813
f 813 919 915
f 813 915 811
f 815 925 919
f 815 919 813
f 833 933 925
f 833 925 815
f 1005 925 933
f 1005 933 1007
f 1003 919 925
f 1003 925 1005
f 1001 915 919
f 1001 919 1003
f 1003 1091 1089
f 1003 1089 1001
f 1005 1093 1091
f 1005 1091 1003
f 1007 1095 1093
f 1007 1093 1005
f 1095 1007 1015
f 1095 1015 1105
f 1781 1580 1578
f 1781 1578 1749
f 1580 1381 1399
f 1580 1399 1578
f 1381 1095 1105
f 1381 1105 1399
f 1584 1387 1381
f 1584 1381 1580
f 1387 1093 1095
f 1387 1095 1381
f 1586 1389 1387
f 1586 1387 1584
f 1389 1586 1587
f 1389 1587 1392
f 1389 1091 1093
f 1389 1093 1387
f 1091 1389 1392
f 1091 1392 1089
f 1796 1584 1580
f 1796 1580 1781
f 1584 1796 1802
f 1584 1802 1586
f 1586 1802 1798
f 1586 1798 1587
f 578 656 645
f 578 645 569
f 674 752 748
f 674 748 656
f 578 592 674
f 578 674 656
f 678 764 752
f 678 752 674
f 415 449 440
f 415 440 411
f 449 491 484
f 449 484 440
f 491 578 569
f 491 569 484
f 433 455 449
f 433 449 415
f 455 503 491
f 455 491 449
f 503 592 578
f 503 578 491
f 941 947 1023
f 941 1023 1019
f 939 941 1019
f 939 1019 1015
f 933 939 1015
f 933 1015 1007
f 839 837 947
f 839 947 941
f 845 839 941
f 845 941 939
f 833 845 939
f 833 939 933
f 766 758 837
f 766 837 839
f 768 766 839
f 768 839 845
f 764 768 845
f 764 845 833
f 676 670 758
f 676 758 766
f 684 676 766
f 684 766 768
f 678 684 768
f 678 768 764
f 598 586 670
f 598 670 676
f 457 481 455
f 457 455 433
f 519 497 586
f 519 586 598
f 497 519 481
f 497 481 457
f 602 606 684
f 602 684 678
f 606 598 676
f 606 676 684
f 535 606 602
f 535 602 521
f 606 535 519
f 606 519 598
f 521 602 592
f 521 592 503
f 481 521 503
f 481 503 455
f 521 481 519
f 521 519 535
f 592 602 678
f 592 678 674
f 1358 1455 1515
f 1358 1515 1443
f 1443 1515 1557
f 1443 1557 1487
f 1218 1278 1455
f 1218 1455 1358
f 1054 1066 1278
f 1054 1278 1218
f 975 977 1066
f 975 1066 1054
f 911 899 977
f 911 977 975
f 801 790 899
f 801 899 911
f 711 705 790
f 711 790 801
f 611 583 504
f 649 621 705
f 649 705 711
f 611 621 649
f 1346 1406 1477
f 1346 1477 1374
f 1610 1715 1767
f 1610 1767 1657
f 1553 1651 1715
f 1553 1715 1610
f 1487 1557 1614
f 1487 1614 1519
f 1519 1614 1651
f 1519 1651 1553
f 920 909 973
f 920 973 991
f 991 973 1052
f 991 1052 1050
f 1050 1052 1214
f 1050 1214 1194
f 1194 1214 1346
f 1194 1346 1374
f 1421 1374 1477
f 1421 1477 1509
f 1216 1194 1374
f 1216 1374 1421
f 1594 1633 1527
f 1594 1527 1501
f 1639 1693 1594
f 1639 1594 1551
f 1551 1594 1501
f 1551 1501 1461
f 1581 1639 1551
f 1581 1551 1521
f 1521 1551 1461
f 1521 1461 1364
f 1483 1421 1509
f 1483 1509 1541
f 1292 1216 1421
f 1292 1421 1483
f 1541 1581 1521
f 1541 1521 1483
f 1483 1521 1364
f 1483 1364 1292
f 1060 1050 1194
f 1060 1194 1216
f 1100 1060 1216
f 1100 1216 1292
f 1130 1100 1292
f 1130 1292 1364
f 1180 1130 1364
f 1180 1364 1461
f 1240 1180 1461
f 1240 1461 1501
f 1326 1240 1501
f 1326 1501 1527
f 1240 1326 1062
f 1240 1062 1044
f 1180 1240 1044
f 1180 1044 1038
f 1130 1180 1038
f 1130 1038 1034
f 1100 1130 1034
f 1100 1034 1030
f 1008 991 1050
f 1008 1050 1060
f 1060 1100 1030
f 1060 1030 1008
f 818 797 909
f 818 909 920
f 753 709 797
f 753 797 818
f 681 657 709
f 681 709 753
f 613 617 657
f 613 657 681
f 1044 1062 971
f 1044 971 968
f 1038 1044 968
f 1038 968 962
f 1034 1038 962
f 1034 962 958
f 1030 1034 958
f 1030 958 954
f 942 920 991
f 942 991 1008
f 1008 1030 954
f 1008 954 942
f 848 818 920
f 848 920 942
f 769 753 818
f 769 818 848
f 685 681 753
f 685 753 769
f 609 613 681
f 609 681 685
f 603 609 685
f 603 685 687
f 854 848 942
f 854 942 954
f 771 769 848
f 771 848 854
f 687 685 769
f 687 769 771
f 857 854 954
f 857 954 958
f 773 771 854
f 773 854 857
f 689 687 771
f 689 771 773
f 607 603 687
f 607 687 689
f 619 607 689
f 619 689 699
f 869 857 958
f 869 958 962
f 775 773 857
f 775 857 869
f 699 689 773
f 699 773 775
f 885 869 962
f 885 962 968
f 968 971 891
f 968 891 885
f 777 775 869
f 777 869 885
f 885 891 781
f 885 781 777
f 777 781 732
f 777 732 719
f 719 699 775
f 719 775 777
f 636 619 699
f 636 699 719
f 679 636 719
f 679 719 732
f 1633 1594 1693
f 1633 1693 1703
f 1723 1657 1767
f 1723 1767 1836
f 1786 1731 1723
f 1786 1723 1836
f 1713 1731 1786
f 1713 1786 1820
f 1786 1836 1918
f 1786 1918 1820
f 1633 1703 1687
f 1633 1687 1667
f 1527 1633 1667
f 1527 1667 1563
f 1677 1713 1820
f 1677 1820 1806
f 1974 1951 2228
f 1974 2228 2301
f 1982 1974 2301
f 1982 2301 2322
f 1980 1982 2322
f 1980 2322 2335
f 1976 1980 2335
f 1976 2335 2340
f 573 595 617
f 573 617 613
f 504 621 611
f 504 583 540
f 504 540 464
f 1416 1326 1527
f 1416 1527 1563
f 1106 1062 1326
f 1106 1326 1416
f 993 971 1062
f 993 1062 1106
f 1028 995 1110
f 1028 1110 1152
f 1612 1624 1420
f 1612 1420 1410
f 1980 1976 1783
f 1980 1783 1777
f 1777 1783 1624
f 1777 1624 1612
f 1982 1980 1777
f 1982 1777 1773
f 1773 1777 1612
f 1773 1612 1596
f 1596 1612 1410
f 1596 1410 1382
f 1974 1982 1773
f 1974 1773 1751
f 1751 1773 1596
f 1751 1596 1573
f 1573 1596 1382
f 1573 1382 1328
f 1951 1974 1751
f 1951 1751 1737
f 1737 1751 1573
f 1737 1573 1555
f 1555 1573 1328
f 1555 1328 1270
f 1901 1951 1737
f 1901 1737 1705
f 1705 1737 1555
f 1705 1555 1529
f 1529 1555 1270
f 1529 1270 1204
f 1649 1567 1677
f 1649 1677 1806
f 1503 1435 1567
f 1503 1567 1649
f 1806 1901 1705
f 1806 1705 1649
f 1649 1705 1529
f 1649 1529 1503
f 1152 1110 1435
f 1152 1435 1503
f 1503 1529 1204
f 1503 1204 1152
f 1806 1820 1918
f 1806 1918 2005
f 2005 2170 1901
f 2005 1901 1806
f 2170 2228 1951
f 2170 1951 1901
f 891 971 993
f 891 993 903
f 530 573 613
f 530 613 609
f 375 428 504
f 375 504 464
f 337 428 375
f 337 375 309
f 303 337 309
f 303 309 284
f 294 303 284
f 294 284 275
f 292 294 275
f 292 275 272
f 781 891 903
f 781 903 785
f 647 593 636
f 647 636 679
f 732 781 785
f 732 785 734
f 734 647 679
f 734 679 732
f 1032 1028 1152
f 1032 1152 1204
f 1204 1270 1036
f 1204 1036 1032
f 1042 1036 1270
f 1042 1270 1328
f 1056 1042 1328
f 1056 1328 1382
f 1078 1056 1382
f 1078 1382 1410
f 1410 1420 1086
f 1410 1086 1078
f 1078 1086 970
f 1078 970 966
f 1056 1078 966
f 1056 966 964
f 1042 1056 964
f 1042 964 960
f 1036 1042 960
f 1036 960 956
f 1032 1036 956
f 1032 956 952
f 1028 1032 952
f 1028 952 922
f 922 895 995
f 922 995 1028
f 795 779 895
f 795 895 922
f 966 970 856
f 966 856 852
f 809 795 922
f 809 922 952
f 816 809 952
f 816 952 956
f 840 816 956
f 840 956 960
f 964 966 852
f 964 852 850
f 850 840 960
f 850 960 964
f 852 856 715
f 852 715 703
f 703 715 566
f 703 566 553
f 599 627 722
f 599 722 697
f 697 722 779
f 697 779 795
f 567 599 697
f 567 697 691
f 691 697 795
f 691 795 809
f 536 567 691
f 536 691 693
f 693 691 809
f 693 809 816
f 532 536 693
f 532 693 695
f 695 693 816
f 695 816 840
f 548 532 695
f 548 695 701
f 701 703 553
f 701 553 548
f 850 852 703
f 850 703 701
f 701 695 840
f 701 840 850
f 619 636 593
f 619 593 528
f 486 579 627
f 486 627 599
f 446 486 599
f 446 599 567
f 420 446 567
f 420 567 536
f 553 566 380
f 553 380 381
f 548 553 381
f 548 381 388
f 532 548 388
f 532 388 400
f 400 420 536
f 400 536 532
f 279 281 197
f 279 197 195
f 381 380 281
f 381 281 279
f 282 279 195
f 282 195 198
f 388 381 279
f 388 279 282
f 400 388 282
f 400 282 290
f 290 282 198
f 290 198 207
f 420 400 290
f 420 290 300
f 607 619 528
f 607 528 510
f 434 512 579
f 434 579 486
f 300 290 207
f 300 207 270
f 464 540 516
f 464 516 438
f 446 420 300
f 446 300 329
f 486 446 329
f 486 329 434
f 492 512 434
f 514 530 609
f 514 609 603
f 603 607 510
f 603 510 514
f 262 261 272
f 262 272 275
f 242 261 262
f 262 240 242
f 375 464 438
f 375 438 327
f 329 300 270
f 329 270 277
f 277 270 207
f 277 207 213
f 266 277 213
f 266 213 219
f 434 329 277
f 434 277 311
f 492 434 311
f 492 311 352
f 498 492 352
f 498 352 386
f 386 438 516
f 386 516 498
f 273 266 219
f 273 219 233
f 311 277 266
f 311 266 273
f 309 375 327
f 309 327 288
f 298 327 438
f 298 438 386
f 268 262 275
f 268 275 284
f 284 309 288
f 284 288 268
f 238 240 262
f 238 262 268
f 286 298 386
f 286 386 352
f 352 311 273
f 352 273 286
f 286 273 233
f 286 233 246
f 264 288 327
f 264 327 298
f 264 246 248
f 248 238 264
f 238 268 288
f 238 288 264
f 264 298 286
f 264 286 246
f 1358 1443 1425
f 1358 1425 1354
f 1443 1487 1481
f 1443 1481 1425
f 1487 1519 1513
f 1487 1513 1481
f 1519 1553 1547
f 1519 1547 1513
f 1553 1610 1598
f 1553 1598 1547
f 1610 1657 1643
f 1610 1643 1598
f 1657 1723 1707
f 1657 1707 1643
f 1723 1731 1719
f 1723 1719 1707
f 1731 1713 1701
f 1731 1701 1719
f 1713 1677 1671
f 1713 1671 1701
f 1677 1567 1565
f 1677 1565 1671
f 1567 1435 1429
f 1567 1429 1565
f 1435 1110 1108
f 1435 1108 1429
f 1110 995 997
f 1110 997 1108
f 995 895 905
f 995 905 997
f 895 779 783
f 895 783 905
f 779 722 730
f 779 730 783
f 722 627 641
f 722 641 730
f 627 579 587
f 627 587 641
f 579 512 522
f 579 522 587
f 512 492 500
f 512 500 522
f 492 498 508
f 492 508 500
f 498 516 526
f 498 526 508
f 516 540 564
f 516 564 526
f 540 583 589
f 540 589 564
f 583 611 615
f 583 615 589
f 611 649 653
f 611 653 615
f 649 711 713
f 649 713 653
f 711 801 803
f 711 803 713
f 801 911 913
f 801 913 803
f 911 975 987
f 911 987 913
f 975 1054 1058
f 975 1058 987
f 1054 1218 1220
f 1054 1220 1058
f 1218 1358 1354
f 1218 1354 1220
f 1406 1346 1354
f 1406 1354 1425
f 1346 1214 1220
f 1346 1220 1354
f 1214 1052 1058
f 1214 1058 1220
f 1052 973 987
f 1052 987 1058
f 973 909 913
f 973 913 987
f 909 797 803
f 909 803 913
f 797 709 713
f 797 713 803
f 709 657 653
f 709 653 713
f 657 617 615
f 657 615 653
f 617 595 589
f 617 589 615
f 595 573 564
f 595 564 589
f 573 530 526
f 573 526 564
f 530 514 508
f 530 508 526
f 514 510 500
f 514 500 508
f 510 528 522
f 510 522 500
f 528 593 587
f 528 587 522
f 593 647 641
f 593 641 587
f 647 734 730
f 647 730 641
f 734 785 783
f 734 783 730
f 785 903 905
f 785 905 783
f 903 993 997
f 903 997 905
f 993 1106 1108
f 993 1108 997
f 1106 1416 1429
f 1106 1429 1108
f 1416 1563 1565
f 1416 1565 1429
f 1563 1667 1671
f 1563 1671 1565
f 1667 1687 1701
f 1667 1701 1671
f 1687 1703 1719
f 1687 1719 1701
f 1703 1693 1707
f 1703 1707 1719
f 1693 1639 1643
f 1693 1643 1707
f 1639 1581 1598
f 1639 1598 1643
f 1581 1541 1547
f 1581 1547 1598
f 1541 1509 1513
f 1541 1513 1547
f 1509 1477 1481
f 1509 1481 1513
f 1477 1406 1425
f 1477 1425 1481
f 1359 1444 1517
f 1359 1517 1457
f 1444 1488 1559
f 1444 1559 1517
f 1219 1359 1457
f 1219 1457 1280
f 1055 1219 1280
f 1055 1280 1068
f 976 1055 1068
f 976 1068 979
f 912 976 979
f 912 979 901
f 802 912 901
f 802 901 792
f 712 802 792
f 712 792 707
f 612 506 584
f 650 712 707
f 650 707 623
f 612 650 623
f 1347 1375 1478
f 1347 1478 1407
f 1611 1658 1769
f 1611 1769 1717
f 1554 1611 1717
f 1554 1717 1653
f 1488 1520 1616
f 1488 1616 1559
f 1520 1554 1653
f 1520 1653 1616
f 921 992 974
f 921 974 910
f 992 1051 1053
f 992 1053 974
f 1051 1195 1215
f 1051 1215 1053
f 1195 1375 1347
f 1195 1347 1215
f 1422 1510 1478
f 1422 1478 1375
f 1217 1422 1375
f 1217 1375 1195
f 1595 1502 1528
f 1595 1528 1634
f 1640 1552 1595
f 1640 1595 1694
f 1552 1462 1502
f 1552 1502 1595
f 1582 1522 1552
f 1582 1552 1640
f 1522 1365 1462
f 1522 1462 1552
f 1484 1542 1510
f 1484 1510 1422
f 1293 1484 1422
f 1293 1422 1217
f 1542 1484 1522
f 1542 1522 1582
f 1484 1293 1365
f 1484 1365 1522
f 1061 1217 1195
f 1061 1195 1051
f 1101 1293 1217
f 1101 1217 1061
f 1131 1365 1293
f 1131 1293 1101
f 1181 1462 1365
f 1181 1365 1131
f 1241 1502 1462
f 1241 1462 1181
f 1327 1528 1502
f 1327 1502 1241
f 1241 1045 1063
f 1241 1063 1327
f 1181 1039 1045
f 1181 1045 1241
f 1131 1035 1039
f 1131 1039 1181
f 1101 1031 1035
f 1101 1035 1131
f 1009 1061 1051
f 1009 1051 992
f 1061 1009 1031
f 1061 1031 1101
f 819 921 910
f 819 910 798
f 754 819 798
f 754 798 710
f 682 754 710
f 682 710 658
f 614 682 658
f 614 658 618
f 1045 969 972
f 1045 972 1063
f 1039 963 969
f 1039 969 1045
f 1035 959 963
f 1035 963 1039
f 1031 955 959
f 1031 959 1035
f 943 1009 992
f 943 992 921
f 1009 943 955
f 1009 955 1031
f 849 943 921
f 849 921 819
f 770 849 819
f 770 819 754
f 686 770 754
f 686 754 682
f 610 686 682
f 610 682 614
f 604 688 686
f 604 686 610
f 855 955 943
f 855 943 849
f 772 855 849
f 772 849 770
f 688 772 770
f 688 770 686
f 858 959 955
f 858 955 855
f 774 858 855
f 774 855 772
f 690 774 772
f 690 772 688
f 608 690 688
f 608 688 604
f 620 700 690
f 620 690 608
f 870 963 959
f 870 959 858
f 776 870 858
f 776 858 774
f 700 776 774
f 700 774 690
f 886 969 963
f 886 963 870
f 969 886 892
f 969 892 972
f 778 886 870
f 778 870 776
f 886 778 782
f 886 782 892
f 778 720 733
f 778 733 782
f 720 778 776
f 720 776 700
f 637 720 700
f 637 700 620
f 680 733 720
f 680 720 637
f 1634 1704 1694
f 1634 1694 1595
f 1724 1838 1769
f 1724 1769 1658
f 1787 1838 1724
f 1787 1724 1732
f 1714 1821 1787
f 1714 1787 1732
f 1787 1821 1920
f 1787 1920 1838
f 1634 1668 1688
f 1634 1688 1704
f 1528 1564 1668
f 1528 1668 1634
f 1678 1807 1821
f 1678 1821 1714
f 1975 2303 2230
f 1975 2230 1952
f 1983 2324 2303
f 1983 2303 1975
f 1981 2337 2324
f 1981 2324 1983
f 1976 2340 2337
f 1976 2337 1981
f 574 614 618
f 574 618 596
f 506 612 623
f 506 465 541
f 506 541 584
f 1417 1564 1528
f 1417 1528 1327
f 1107 1417 1327
f 1107 1327 1063
f 994 1107 1063
f 994 1063 972
f 1029 1153 1111
f 1029 1111 996
f 1613 1411 1420
f 1613 1420 1624
f 1981 1778 1783
f 1981 1783 1976
f 1778 1613 1624
f 1778 1624 1783
f 1983 1774 1778
f 1983 1778 1981
f 1774 1597 1613
f 1774 1613 1778
f 1597 1383 1411
f 1597 1411 1613
f 1975 1752 1774
f 1975 1774 1983
f 1752 1574 1597
f 1752 1597 1774
f 1574 1329 1383
f 1574 1383 1597
f 1952 1738 1752
f 1952 1752 1975
f 1738 1556 1574
f 1738 1574 1752
f 1556 1271 1329
f 1556 1329 1574
f 1902 1706 1738
f 1902 1738 1952
f 1706 1530 1556
f 1706 1556 1738
f 1530 1205 1271
f 1530 1271 1556
f 1650 1807 1678
f 1650 1678 1568
f 1504 1650 1568
f 1504 1568 1436
f 1807 1650 1706
f 1807 1706 1902
f 1650 1504 1530
f 1650 1530 1706
f 1153 1504 1436
f 1153 1436 1111
f 1504 1153 1205
f 1504 1205 1530
f 1807 2007 1920
f 1807 1920 1821
f 2007 1807 1902
f 2007 1902 2172
f 2172 1902 1952
f 2172 1952 2230
f 892 904 994
f 892 994 972
f 531 610 614
f 531 614 574
f 376 465 506
f 376 506 430
f 339 310 376
f 339 376 430
f 305 285 310
f 305 310 339
f 296 276 285
f 296 285 305
f 292 272 276
f 292 276 296
f 782 786 904
f 782 904 892
f 648 680 637
f 648 637 594
f 733 735 786
f 733 786 782
f 735 733 680
f 735 680 648
f 1033 1205 1153
f 1033 1153 1029
f 1205 1033 1037
f 1205 1037 1271
f 1043 1329 1271
f 1043 1271 1037
f 1057 1383 1329
f 1057 1329 1043
f 1079 1411 1383
f 1079 1383 1057
f 1411 1079 1086
f 1411 1086 1420
f 1079 967 970
f 1079 970 1086
f 1057 965 967
f 1057 967 1079
f 1043 961 965
f 1043 965 1057
f 1037 957 961
f 1037 961 1043
f 1033 953 957
f 1033 957 1037
f 1029 923 953
f 1029 953 1033
f 923 1029 996
f 923 996 896
f 796 923 896
f 796 896 780
f 967 853 856
f 967 856 970
f 810 953 923
f 810 923 796
f 817 957 953
f 817 953 810
f 841 961 957
f 841 957 817
f 965 851 853
f 965 853 967
f 851 965 961
f 851 961 841
f 853 704 715
f 853 715 856
f 704 554 566
f 704 566 715
f 600 698 723
f 600 723 628
f 698 796 780
f 698 780 723
f 568 692 698
f 568 698 600
f 692 810 796
f 692 796 698
f 537 694 692
f 537 692 568
f 694 817 810
f 694 810 692
f 533 696 694
f 533 694 537
f 696 841 817
f 696 817 694
f 549 702 696
f 549 696 533
f 702 549 554
f 702 554 704
f 851 702 704
f 851 704 853
f 702 851 841
f 702 841 696
f 620 529 594
f 620 594 637
f 487 600 628
f 487 628 580
f 447 568 600
f 447 600 487
f 421 537 568
f 421 568 447
f 554 382 380
f 554 380 566
f 549 389 382
f 549 382 554
f 533 401 389
f 533 389 549
f 401 533 537
f 401 537 421
f 280 196 197
f 280 197 281
f 382 280 281
f 382 281 380
f 283 199 196
f 283 196 280
f 389 283 280
f 389 280 382
f 401 291 283
f 401 283 389
f 291 208 199
f 291 199 283
f 421 301 291
f 421 291 401
f 608 511 529
f 608 529 620
f 435 487 580
f 435 580 513
f 301 271 208
f 301 208 291
f 465 439 517
f 465 517 541
f 447 330 301
f 447 301 421
f 487 435 330
f 487 330 447
f 493 435 513
f 515 604 610
f 515 610 531
f 604 515 511
f 604 511 608
f 263 276 272
f 263 272 261
f 244 263 261
f 263 244 241
f 376 328 439
f 376 439 465
f 330 278 271
f 330 271 301
f 278 214 208
f 278 208 271
f 267 220 214
f 267 214 278
f 435 312 278
f 435 278 330
f 493 353 312
f 493 312 435
f 499 387 353
f 499 353 493
f 387 499 517
f 387 517 439
f 274 234 220
f 274 220 267
f 312 274 267
f 312 267 278
f 310 289 328
f 310 328 376
f 299 387 439
f 299 439 328
f 269 285 276
f 269 276 263
f 285 269 289
f 285 289 310
f 239 269 263
f 239 263 241
f 287 353 387
f 287 387 299
f 353 287 274
f 353 274 312
f 287 247 234
f 287 234 274
f 265 299 328
f 265 328 289
f 265 249 247
f 249 265 239
f 239 265 289
f 239 289 269
f 265 247 287
f 265 287 299
f 1359 1355 1426
f 1359 1426 1444
f 1444 1426 1482
f 1444 1482 1488
f 1488 1482 1514
f 1488 1514 1520
f 1520 1514 1548
f 1520 1548 1554
f 1554 1548 1599
f 1554 1599 1611
f 1611 1599 1644
f 1611 1644 1658
f 1658 1644 1708
f 1658 1708 1724
f 1724 1708 1720
f 1724 1720 1732
f 1732 1720 1702
f 1732 1702 1714
f 1714 1702 1672
f 1714 1672 1678
f 1678 1672 1566
f 1678 1566 1568
f 1568 1566 1430
f 1568 1430 1436
f 1436 1430 1109
f 1436 1109 1111
f 1111 1109 998
f 1111 998 996
f 996 998 906
f 996 906 896
f 896 906 784
f 896 784 780
f 780 784 731
f 780 731 723
f 723 731 642
f 723 642 628
f 628 642 588
f 628 588 580
f 580 588 523
f 580 523 513
f 513 523 501
f 513 501 493
f 493 501 509
f 493 509 499
f 499 509 527
f 499 527 517
f 517 527 565
f 517 565 541
f 541 565 590
f 541 590 584
f 584 590 616
f 584 616 612
f 612 616 654
f 612 654 650
f 650 654 714
f 650 714 712
f 712 714 804
f 712 804 802
f 802 804 914
f 802 914 912
f 912 914 988
f 912 988 976
f 976 988 1059
f 976 1059 1055
f 1055 1059 1221
f 1055 1221 1219
f 1219 1221 1355
f 1219 1355 1359
f 1407 1426 1355
f 1407 1355 1347
f 1347 1355 1221
f 1347 1221 1215
f 1215 1221 1059
f 1215 1059 1053
f 1053 1059 988
f 1053 988 974
f 974 988 914
f 974 914 910
f 910 914 804
f 910 804 798
f 798 804 714
f 798 714 710
f 710 714 654
f 710 654 658
f 658 654 616
f 658 616 618
f 618 616 590
f 618 590 596
f 596 590 565
f 596 565 574
f 574 565 527
f 574 527 531
f 531 527 509
f 531 509 515
f 515 509 501
f 515 501 511
f 511 501 523
f 511 523 529
f 529 523 588
f 529 588 594
f 594 588 642
f 594 642 648
f 648 642 731
f 648 731 735
f 735 731 784
f 735 784 786
f 786 784 906
f 786 906 904
f 904 906 998
f 904 998 994
f 994 998 1109
f 994 1109 1107
f 1107 1109 1430
f 1107 1430 1417
f 1417 1430 1566
f 1417 1566 1564
f 1564 1566 1672
f 1564 1672 1668
f 1668 1672 1702
f 1668 1702 1688
f 1688 1702 1720
f 1688 1720 1704
f 1704 1720 1708
f 1704 1708 1694
f 1694 1708 1644
f 1694 1644 1640
f 1640 1644 1599
f 1640 1599 1582
f 1582 1599 1548
f 1582 1548 1542
f 1542 1548 1514
f 1542 1514 1510
f 1510 1514 1482
f 1510 1482 1478
f 1478 1482 1426
f 1478 1426 1407
f 197 202 200
f 197 200 195
f 195 200 203
f 195 203 198
f 198 203 209
f 198 209 207
f 261 242 245
f 240 252 257
f 240 257 242
f 207 209 215
f 207 215 213
f 213 215 221
f 213 221 219
f 219 221 236
f 219 236 233
f 238 250 252
f 238 252 240
f 233 236 254
f 233 254 246
f 246 254 258
f 246 258 248
f 238 248 258
f 238 258 250
f 196 201 202
f 196 202 197
f 199 204 201
f 199 201 196
f 208 210 204
f 208 204 199
f 244 261 245
f 244 245 243
f 253 241 244
f 253 244 243
f 253 243 256
f 214 216 210
f 214 210 208
f 220 222 216
f 220 216 214
f 220 234 237
f 220 237 222
f 241 253 251
f 241 251 239
f 234 247 255
f 234 255 237
f 249 259 255
f 249 255 247
f 239 251 259
f 239 259 249
f 35 39 156
f 35 156 155
f 156 39 46
f 156 46 159
f 159 46 64
f 159 64 163
f 185 151 153
f 185 153 190
f 147 151 185
f 147 185 183
f 163 64 76
f 163 76 166
f 166 76 87
f 166 87 173
f 173 87 102
f 173 102 175
f 181 142 147
f 181 147 183
f 175 102 114
f 175 114 178
f 178 114 131
f 178 131 179
f 131 142 181
f 131 181 179
f 157 40 35
f 157 35 155
f 47 40 157
f 47 157 160
f 63 47 160
f 63 160 164
f 153 152 186
f 153 186 190
f 186 152 148
f 186 148 184
f 75 63 164
f 75 164 167
f 86 75 167
f 86 167 174
f 101 86 174
f 101 174 176
f 148 143 182
f 148 182 184
f 113 101 176
f 113 176 177
f 130 113 177
f 130 177 180
f 182 143 130
f 182 130 180
f 257 260 245
f 257 245 242
f 245 260 256
f 245 256 243
f 155 156 187
f 155 187 189
f 156 159 191
f 156 191 187
f 191 159 163
f 191 163 193
f 183 185 230
f 183 230 227
f 193 163 166
f 193 166 205
f 205 166 173
f 205 173 211
f 211 173 175
f 211 175 217
f 223 181 183
f 223 183 227
f 217 175 178
f 217 178 225
f 225 178 179
f 225 179 231
f 179 181 223
f 179 223 231
f 188 157 155
f 188 155 189
f 160 157 188
f 160 188 192
f 164 160 192
f 164 192 194
f 229 186 184
f 229 184 228
f 167 164 194
f 167 194 206
f 174 167 206
f 174 206 212
f 176 174 212
f 176 212 218
f 184 182 224
f 184 224 228
f 177 176 218
f 177 218 226
f 180 177 226
f 180 226 232
f 224 182 180
f 224 180 232
f 230 185 190
f 230 190 235
f 190 186 229
f 190 229 235
f 189 187 200
f 189 200 202
f 187 191 203
f 187 203 200
f 191 193 209
f 191 209 203
f 227 230 257
f 227 257 252
f 193 205 215
f 193 215 209
f 205 211 221
f 205 221 215
f 221 211 217
f 221 217 236
f 223 227 252
f 223 252 250
f 236 217 225
f 236 225 254
f 225 231 258
f 225 258 254
f 231 223 250
f 231 250 258
f 188 189 202
f 188 202 201
f 192 188 201
f 192 201 204
f 194 192 204
f 194 204 210
f 229 228 253
f 229 253 256
f 206 194 210
f 206 210 216
f 212 206 216
f 212 216 222
f 218 212 222
f 218 222 237
f 228 224 251
f 228 251 253
f 226 218 237
f 226 237 255
f 232 226 255
f 232 255 259
f 251 224 232
f 251 232 259
f 230 235 260
f 230 260 257
f 235 229 256
f 235 256 260
f 39 35 54
f 39 54 57
f 46 39 57
f 46 57 67
f 64 46 67
f 64 67 71
f 153 151 144
f 153 144 146
f 151 147 140
f 151 140 144
f 76 64 71
f 76 71 82
f 87 76 82
f 87 82 92
f 102 87 92
f 102 92 100
f 147 142 132
f 147 132 140
f 114 102 100
f 114 100 109
f 131 114 109
f 131 109 123
f 142 131 123
f 142 123 132
f 35 40 58
f 35 58 54
f 40 47 68
f 40 68 58
f 47 63 72
f 47 72 68
f 152 153 146
f 152 146 145
f 148 152 145
f 148 145 141
f 63 75 81
f 63 81 72
f 75 86 91
f 75 91 81
f 86 101 99
f 86 99 91
f 143 148 141
f 143 141 133
f 101 113 108
f 101 108 99
f 113 130 122
f 113 122 108
f 130 143 133
f 130 133 122
f 331 333 321
f 331 321 318
f 820 859 865
f 820 865 787
f 820 787 716
f 820 716 736
f 629 736 716
f 629 716 661
f 545 629 661
f 545 661 542
f 323 336 331
f 323 331 318
f 333 360 344
f 333 344 321
f 360 408 392
f 360 392 344
f 408 468 460
f 408 460 392
f 468 545 542
f 468 542 460
f 347 363 336
f 347 336 323
f 347 399 413
f 347 413 363
f 463 471 413
f 463 413 399
f 463 552 555
f 463 555 471
f 663 640 555
f 663 555 552
f 663 721 739
f 663 739 640
f 721 794 827
f 721 827 739
f 868 862 827
f 868 827 794
f 880 875 862
f 880 862 868
f 880 883 875
f 859 873 877
f 859 877 865
f 873 881 877
f 1950 1954 1866
f 1950 1866 1850
f 1851 1867 1955
f 1851 1955 1947
f 2380 2388 2367
f 2380 2367 2358
f 2359 2367 2388
f 2359 2388 2378
f 2375 2380 2358
f 2375 2358 2343
f 2344 2359 2378
f 2344 2378 2373
f 2348 2375 2343
f 2348 2343 2296
f 2297 2344 2373
f 2297 2373 2342
f 2263 2348 2296
f 2263 2296 2219
f 2220 2297 2342
f 2220 2342 2254
f 2182 2263 2219
f 2182 2219 2149
f 2150 2220 2254
f 2150 2254 2177
f 2064 1954 1950
f 2064 1950 2093
f 2093 2182 2149
f 2093 2149 2064
f 2075 1947 1955
f 2075 1955 2065
f 2065 2150 2177
f 2065 2177 2075
f 1950 1850 1828
f 1950 1828 1944
f 1941 1829 1851
f 1941 1851 1947
f 2093 1950 1944
f 2093 1944 2097
f 2074 1941 1947
f 2074 1947 2075
f 2182 2093 2097
f 2182 2097 2188
f 2184 2074 2075
f 2184 2075 2177
f 2263 2182 2188
f 2263 2188 2295
f 2274 2184 2177
f 2274 2177 2254
f 2348 2263 2295
f 2348 2295 2366
f 2362 2274 2254
f 2362 2254 2342
f 2375 2348 2366
f 2375 2366 2386
f 2382 2362 2342
f 2382 2342 2373
f 2380 2375 2386
f 2380 2386 2394
f 2394 2399 2388
f 2394 2388 2380
f 2393 2382 2373
f 2393 2373 2378
f 2378 2388 2399
f 2378 2399 2393
f 2400 2404 2399
f 2400 2399 2394
f 2393 2399 2404
f 2393 2404 2398
f 2390 2400 2394
f 2390 2394 2386
f 2382 2393 2398
f 2382 2398 2389
f 2372 2390 2386
f 2372 2386 2366
f 2362 2382 2389
f 2362 2389 2371
f 2300 2372 2366
f 2300 2366 2295
f 2274 2362 2371
f 2274 2371 2294
f 2185 2300 2295
f 2185 2295 2188
f 2184 2274 2294
f 2184 2294 2183
f 2063 2185 2188
f 2063 2188 2097
f 2074 2184 2183
f 2074 2183 2052
f 1927 2063 2097
f 1927 2097 1944
f 1944 1828 1814
f 1944 1814 1927
f 1941 2074 2052
f 1941 2052 1924
f 1911 1791 1815
f 1911 1815 1924
f 1924 1815 1829
f 1924 1829 1941
f 1927 1814 1790
f 1927 1790 1916
f 2063 1927 1916
f 2063 1916 2026
f 2009 1911 1924
f 2009 1924 2052
f 2185 2063 2026
f 2185 2026 2176
f 2168 2009 2052
f 2168 2052 2183
f 2300 2185 2176
f 2300 2176 2271
f 2264 2168 2183
f 2264 2183 2294
f 2372 2300 2271
f 2372 2271 2363
f 2353 2264 2294
f 2353 2294 2371
f 2390 2372 2363
f 2390 2363 2383
f 2381 2353 2371
f 2381 2371 2389
f 2400 2390 2383
f 2400 2383 2392
f 2392 2397 2404
f 2392 2404 2400
f 2391 2381 2389
f 2391 2389 2398
f 2398 2404 2397
f 2398 2397 2391
f 2391 2397 2387
f 2391 2387 2377
f 2349 2354 2379
f 2349 2379 2376
f 2376 2379 2392
f 2376 2392 2383
f 2374 2377 2355
f 2374 2355 2350
f 2381 2391 2377
f 2381 2377 2374
f 2305 2349 2376
f 2305 2376 2347
f 2347 2376 2383
f 2347 2383 2363
f 2339 2374 2350
f 2339 2350 2306
f 2353 2381 2374
f 2353 2374 2339
f 2208 2305 2347
f 2208 2347 2249
f 2249 2347 2363
f 2249 2363 2271
f 2248 2339 2306
f 2248 2306 2209
f 2264 2353 2339
f 2264 2339 2248
f 2099 2208 2249
f 2099 2249 2137
f 2137 2249 2271
f 2137 2271 2176
f 2135 2248 2209
f 2135 2209 2100
f 2168 2264 2248
f 2168 2248 2135
f 1936 2099 2137
f 1936 2137 1984
f 1984 2137 2176
f 1984 2176 2026
f 1979 2135 2100
f 1979 2100 1937
f 2009 2168 2135
f 2009 2135 1979
f 1844 1936 1984
f 1844 1984 1884
f 1844 1884 1757
f 1844 1757 1741
f 1884 1984 2026
f 1884 2026 1916
f 1916 1790 1757
f 1916 1757 1884
f 1845 1742 1758
f 1845 1758 1881
f 1881 1979 1937
f 1881 1937 1845
f 1911 2009 1979
f 1911 1979 1881
f 1881 1758 1791
f 1881 1791 1911
f 2387 2379 2354
f 2387 2354 2369
f 2369 2355 2377
f 2369 2377 2387
f 2387 2397 2392
f 2387 2392 2379
f 2178 2037 1970
f 2178 1970 2128
f 2120 1971 2038
f 2120 2038 2179
f 2071 2128 1970
f 2071 1970 1929
f 1928 1971 2120
f 1928 2120 2061
f 2256 2310 2330
f 2266 2293 2333
f 2266 2333 2329
f 2330 2333 2293
f 2330 2293 2265
f 2253 2266 2329
f 2253 2329 2309
f 2310 2330 2265
f 2310 2265 2252
f 2255 2178 2128
f 2255 2128 2214
f 2214 2253 2309
f 2214 2309 2255
f 2207 2120 2179
f 2207 2179 2256
f 2256 2310 2252
f 2256 2252 2207
f 2214 2128 2071
f 2214 2071 2165
f 2159 2061 2120
f 2159 2120 2207
f 2253 2214 2165
f 2253 2165 2216
f 2215 2159 2207
f 2215 2207 2252
f 2232 2244 2293
f 2232 2293 2266
f 2266 2253 2216
f 2266 2216 2232
f 2265 2293 2244
f 2265 2244 2227
f 2227 2215 2252
f 2227 2252 2265
f 1994 1892 1928
f 1994 1928 2061
f 2071 1929 1891
f 2071 1891 2004
f 2061 2159 2114
f 2061 2114 1994
f 2165 2071 2004
f 2165 2004 2122
f 2216 2165 2122
f 2216 2122 2175
f 2174 2114 2159
f 2174 2159 2215
f 2232 2216 2175
f 2232 2175 2187
f 2186 2174 2215
f 2186 2215 2227
f 2244 2232 2187
f 2244 2187 2197
f 2197 2186 2227
f 2197 2227 2244
f 1965 2004 1891
f 1965 1891 1872
f 1873 1892 1994
f 1873 1994 1964
f 2068 2122 2004
f 2068 2004 1965
f 1964 1994 2114
f 1964 2114 2062
f 1999 1940 1931
f 1999 1931 1960
f 1963 1932 1935
f 1963 1935 1993
f 2118 2175 2122
f 2118 2122 2068
f 2062 2114 2174
f 2062 2174 2115
f 2057 2118 2068
f 2057 2068 1999
f 2057 1999 1960
f 2057 1960 1985
f 1993 2062 2115
f 1993 2115 2051
f 1986 1963 1993
f 1986 1993 2051
f 2138 2187 2175
f 2138 2175 2118
f 2115 2174 2186
f 2115 2186 2136
f 2139 2197 2187
f 2139 2187 2138
f 2094 2138 2118
f 2094 2118 2057
f 2094 2057 1985
f 2094 1985 1995
f 2051 2115 2136
f 2051 2136 2092
f 1996 1986 2051
f 1996 2051 2092
f 2136 2186 2197
f 2136 2197 2139
f 2103 2139 2138
f 2103 2138 2094
f 2092 2136 2139
f 2092 2139 2103
f 2103 2094 1995
f 2103 1995 2002
f 2002 1996 2092
f 2002 2092 2103
f 1885 1907 1931
f 1885 1931 1940
f 1940 1860 1877
f 1940 1877 1885
f 1940 1965 1872
f 1940 1872 1860
f 1999 2068 1965
f 1999 1965 1940
f 1935 1932 1910
f 1935 1910 1886
f 1886 1878 1861
f 1886 1861 1935
f 1861 1873 1964
f 1861 1964 1935
f 1935 1964 2062
f 1935 2062 1993
f 2148 2194 2198
f 2148 2198 2153
f 2083 2041 2010
f 2083 2010 2087
f 2091 2011 2044
f 2091 2044 2085
f 2116 2154 2146
f 2116 2146 2110
f 2110 2083 2087
f 2110 2087 2116
f 2112 2148 2153
f 2112 2153 2117
f 2117 2091 2085
f 2117 2085 2112
f 2193 2146 2154
f 2193 2154 2200
f 2236 2267 2259
f 2236 2259 2223
f 2236 2223 2193
f 2236 2193 2200
f 2225 2262 2270
f 2225 2270 2233
f 2198 2194 2225
f 2198 2225 2233
f 2289 2276 2238
f 2289 2238 2240
f 2284 2281 2242
f 2284 2242 2243
f 2023 2019 2078
f 2023 2078 2086
f 2018 2011 2091
f 2018 2091 2088
f 2086 2087 2010
f 2086 2010 2023
f 2022 2018 2088
f 2022 2088 2079
f 2030 2016 2077
f 2127 2125 2082
f 2127 2082 2077
f 2077 2082 2031
f 2077 2031 2030
f 2076 2014 2027
f 2076 2082 2125
f 2076 2125 2126
f 2027 2031 2082
f 2027 2082 2076
f 2124 2127 2077
f 2124 2077 2079
f 2078 2076 2126
f 2078 2126 2123
f 2088 2091 2117
f 2088 2117 2121
f 2121 2124 2079
f 2121 2079 2088
f 2119 2116 2087
f 2119 2087 2086
f 2086 2078 2123
f 2086 2123 2119
f 2121 2117 2153
f 2121 2153 2156
f 2155 2154 2116
f 2155 2116 2119
f 2124 2121 2156
f 2124 2156 2158
f 2157 2155 2119
f 2157 2119 2123
f 2127 2124 2158
f 2127 2158 2162
f 2204 2206 2160
f 2204 2160 2162
f 2162 2160 2125
f 2162 2125 2127
f 2161 2157 2123
f 2161 2123 2126
f 2161 2160 2206
f 2161 2206 2205
f 2126 2125 2160
f 2126 2160 2161
f 2204 2202 2239
f 2204 2239 2241
f 2162 2158 2202
f 2162 2202 2204
f 2241 2243 2206
f 2241 2206 2204
f 2286 2284 2243
f 2286 2243 2241
f 2241 2239 2292
f 2241 2292 2286
f 2242 2240 2203
f 2242 2203 2205
f 2205 2203 2157
f 2205 2157 2161
f 2205 2206 2243
f 2205 2243 2242
f 2281 2289 2240
f 2281 2240 2242
f 2199 2198 2233
f 2199 2233 2237
f 2156 2153 2198
f 2156 2198 2199
f 2237 2239 2202
f 2237 2202 2199
f 2199 2202 2158
f 2199 2158 2156
f 2275 2292 2239
f 2275 2239 2237
f 2237 2233 2270
f 2237 2270 2275
f 2238 2236 2200
f 2238 2200 2201
f 2201 2200 2154
f 2201 2154 2155
f 2201 2203 2240
f 2201 2240 2238
f 2155 2157 2203
f 2155 2203 2201
f 2276 2267 2236
f 2276 2236 2238
f 1121 1123 1129
f 1121 1129 1125
f 1123 1145 1151
f 1123 1151 1129
f 1145 1169 1171
f 1145 1171 1151
f 1169 1203 1209
f 1169 1209 1171
f 1203 1263 1273
f 1203 1273 1209
f 1263 1333 1335
f 1263 1335 1273
f 1333 1397 1395
f 1333 1395 1335
f 1397 1434 1428
f 1397 1428 1395
f 1434 1468 1466
f 1434 1466 1428
f 1468 1474 1472
f 1468 1472 1466
f 1115 1117 1123
f 1115 1123 1121
f 1117 1135 1145
f 1117 1145 1123
f 1135 1167 1169
f 1135 1169 1145
f 1167 1199 1203
f 1167 1203 1169
f 1199 1249 1263
f 1199 1263 1203
f 1249 1321 1333
f 1249 1333 1263
f 1321 1379 1397
f 1321 1397 1333
f 1379 1419 1434
f 1379 1434 1397
f 1419 1452 1468
f 1419 1468 1434
f 1452 1464 1474
f 1452 1474 1468
f 1464 1446 1460
f 1464 1460 1474
f 1446 1405 1415
f 1446 1415 1460
f 1405 1357 1369
f 1405 1369 1415
f 1357 1301 1311
f 1357 1311 1369
f 1301 1233 1239
f 1301 1239 1311
f 1233 1183 1189
f 1233 1189 1239
f 1183 1157 1163
f 1183 1163 1189
f 1157 1127 1133
f 1157 1133 1163
f 1127 1115 1121
f 1127 1121 1133
f 1474 1460 1454
f 1474 1454 1472
f 1460 1415 1413
f 1460 1413 1454
f 1415 1369 1367
f 1415 1367 1413
f 1369 1311 1313
f 1369 1313 1367
f 1311 1239 1245
f 1311 1245 1313
f 1239 1189 1193
f 1239 1193 1245
f 1189 1163 1165
f 1189 1165 1193
f 1163 1133 1139
f 1163 1139 1165
f 1133 1121 1125
f 1133 1125 1139
f 1151 1161 1149
f 1151 1149 1129
f 1171 1177 1161
f 1171 1161 1151
f 1209 1213 1177
f 1209 1177 1171
f 1273 1277 1213
f 1273 1213 1209
f 1335 1323 1277
f 1335 1277 1273
f 1395 1373 1323
f 1395 1323 1335
f 1428 1409 1373
f 1428 1373 1395
f 1466 1440 1409
f 1466 1409 1428
f 1472 1442 1440
f 1472 1440 1466
f 1454 1424 1442
f 1454 1442 1472
f 1413 1401 1424
f 1413 1424 1454
f 1367 1351 1401
f 1367 1401 1413
f 1313 1309 1351
f 1313 1351 1367
f 1245 1247 1309
f 1245 1309 1313
f 1193 1201 1247
f 1193 1247 1245
f 1165 1173 1201
f 1165 1201 1193
f 1139 1155 1173
f 1139 1173 1165
f 1125 1147 1155
f 1125 1155 1139
f 1129 1149 1147
f 1129 1147 1125
f 1161 1197 1187
f 1161 1187 1149
f 1177 1211 1197
f 1177 1197 1161
f 1213 1237 1211
f 1213 1211 1177
f 1277 1289 1237
f 1277 1237 1213
f 1323 1317 1289
f 1323 1289 1277
f 1373 1345 1317
f 1373 1317 1323
f 1409 1361 1345
f 1409 1345 1373
f 1440 1385 1361
f 1440 1361 1409
f 1442 1391 1385
f 1442 1385 1440
f 1424 1377 1391
f 1424 1391 1442
f 1401 1353 1377
f 1401 1377 1424
f 1351 1337 1353
f 1351 1353 1401
f 1309 1305 1337
f 1309 1337 1351
f 1247 1261 1305
f 1247 1305 1309
f 1201 1229 1261
f 1201 1261 1247
f 1173 1207 1229
f 1173 1229 1201
f 1155 1191 1207
f 1155 1207 1173
f 1147 1185 1191
f 1147 1191 1155
f 1149 1187 1185
f 1149 1185 1147
f 1197 1231 1225
f 1197 1225 1187
f 1211 1243 1231
f 1211 1231 1197
f 1237 1257 1243
f 1237 1243 1211
f 1289 1295 1257
f 1289 1257 1237
f 1317 1303 1295
f 1317 1295 1289
f 1345 1319 1303
f 1345 1303 1317
f 1361 1331 1319
f 1361 1319 1345
f 1385 1341 1331
f 1385 1331 1361
f 1391 1343 1341
f 1391 1341 1385
f 1377 1339 1343
f 1377 1343 1391
f 1353 1325 1339
f 1353 1339 1377
f 1337 1315 1325
f 1337 1325 1353
f 1305 1299 1315
f 1305 1315 1337
f 1261 1287 1299
f 1261 1299 1305
f 1229 1251 1287
f 1229 1287 1261
f 1207 1235 1251
f 1207 1251 1229
f 1191 1227 1235
f 1191 1235 1207
f 1185 1223 1227
f 1185 1227 1191
f 1187 1225 1223
f 1187 1223 1185
f 1231 1297 1225
f 1243 1297 1231
f 1257 1297 1243
f 1295 1297 1257
f 1303 1297 1295
f 1319 1297 1303
f 1331 1297 1319
f 1341 1297 1331
f 1343 1297 1341
f 1339 1297 1343
f 1325 1297 1339
f 1315 1297 1325
f 1299 1297 1315
f 1287 1297 1299
f 1251 1297 1287
f 1235 1297 1251
f 1227 1297 1235
f 1223 1297 1227
f 1225 1297 1223
f 1120 1124 1128
f 1120 1128 1122
f 1150 1144 1122
f 1150 1122 1128
f 1170 1168 1144
f 1170 1144 1150
f 1208 1202 1168
f 1208 1168 1170
f 1272 1262 1202
f 1272 1202 1208
f 1334 1332 1262
f 1334 1262 1272
f 1394 1396 1332
f 1394 1332 1334
f 1427 1433 1396
f 1427 1396 1394
f 1465 1467 1433
f 1465 1433 1427
f 1471 1473 1467
f 1471 1467 1465
f 1114 1120 1122
f 1114 1122 1116
f 1116 1122 1144
f 1116 1144 1134
f 1134 1144 1168
f 1134 1168 1166
f 1166 1168 1202
f 1166 1202 1198
f 1198 1202 1262
f 1198 1262 1248
f 1248 1262 1332
f 1248 1332 1320
f 1320 1332 1396
f 1320 1396 1378
f 1378 1396 1433
f 1378 1433 1418
f 1418 1433 1467
f 1418 1467 1451
f 1451 1467 1473
f 1451 1473 1463
f 1463 1473 1459
f 1463 1459 1445
f 1445 1459 1414
f 1445 1414 1404
f 1404 1414 1368
f 1404 1368 1356
f 1356 1368 1310
f 1356 1310 1300
f 1300 1310 1238
f 1300 1238 1232
f 1232 1238 1188
f 1232 1188 1182
f 1182 1188 1162
f 1182 1162 1156
f 1156 1162 1132
f 1156 1132 1126
f 1126 1132 1120
f 1126 1120 1114
f 1473 1471 1453
f 1473 1453 1459
f 1412 1414 1459
f 1412 1459 1453
f 1366 1368 1414
f 1366 1414 1412
f 1312 1310 1368
f 1312 1368 1366
f 1244 1238 1310
f 1244 1310 1312
f 1192 1188 1238
f 1192 1238 1244
f 1164 1162 1188
f 1164 1188 1192
f 1138 1132 1162
f 1138 1162 1164
f 1124 1120 1132
f 1124 1132 1138
f 1150 1128 1148
f 1150 1148 1160
f 1170 1150 1160
f 1170 1160 1176
f 1208 1170 1176
f 1208 1176 1212
f 1272 1208 1212
f 1272 1212 1276
f 1334 1272 1276
f 1334 1276 1322
f 1394 1334 1322
f 1394 1322 1372
f 1427 1394 1372
f 1427 1372 1408
f 1465 1427 1408
f 1465 1408 1439
f 1471 1465 1439
f 1471 1439 1441
f 1453 1471 1441
f 1453 1441 1423
f 1412 1453 1423
f 1412 1423 1400
f 1366 1412 1400
f 1366 1400 1350
f 1312 1366 1350
f 1312 1350 1308
f 1244 1312 1308
f 1244 1308 1246
f 1192 1244 1246
f 1192 1246 1200
f 1164 1192 1200
f 1164 1200 1172
f 1138 1164 1172
f 1138 1172 1154
f 1124 1138 1154
f 1124 1154 1146
f 1128 1124 1146
f 1128 1146 1148
f 1160 1148 1186
f 1160 1186 1196
f 1176 1160 1196
f 1176 1196 1210
f 1212 1176 1210
f 1212 1210 1236
f 1276 1212 1236
f 1276 1236 1288
f 1322 1276 1288
f 1322 1288 1316
f 1372 1322 1316
f 1372 1316 1344
f 1408 1372 1344
f 1408 1344 1360
f 1439 1408 1360
f 1439 1360 1384
f 1441 1439 1384
f 1441 1384 1390
f 1423 1441 1390
f 1423 1390 1376
f 1400 1423 1376
f 1400 1376 1352
f 1350 1400 1352
f 1350 1352 1336
f 1308 1350 1336
f 1308 1336 1304
f 1246 1308 1304
f 1246 1304 1260
f 1200 1246 1260
f 1200 1260 1228
f 1172 1200 1228
f 1172 1228 1206
f 1154 1172 1206
f 1154 1206 1190
f 1146 1154 1190
f 1146 1190 1184
f 1148 1146 1184
f 1148 1184 1186
f 1196 1186 1224
f 1196 1224 1230
f 1210 1196 1230
f 1210 1230 1242
f 1236 1210 1242
f 1236 1242 1256
f 1288 1236 1256
f 1288 1256 1294
f 1316 1288 1294
f 1316 1294 1302
f 1344 1316 1302
f 1344 1302 1318
f 1360 1344 1318
f 1360 1318 1330
f 1384 1360 1330
f 1384 1330 1340
f 1390 1384 1340
f 1390 1340 1342
f 1376 1390 1342
f 1376 1342 1338
f 1352 1376 1338
f 1352 1338 1324
f 1336 1352 1324
f 1336 1324 1314
f 1304 1336 1314
f 1304 1314 1298
f 1260 1304 1298
f 1260 1298 1286
f 1228 1260 1286
f 1228 1286 1250
f 1206 1228 1250
f 1206 1250 1234
f 1190 1206 1234
f 1190 1234 1226
f 1184 1190 1226
f 1184 1226 1222
f 1186 1184 1222
f 1186 1222 1224
f 1230 1224 1296
f 1242 1230 1296
f 1256 1242 1296
f 1294 1256 1296
f 1302 1294 1296
f 1318 1302 1296
f 1330 1318 1296
f 1340 1330 1296
f 1342 1340 1296
f 1338 1342 1296
f 1324 1338 1296
f 1314 1324 1296
f 1298 1314 1296
f 1286 1298 1296
f 1250 1286 1296
f 1234 1250 1296
f 1226 1234 1296
f 1222 1226 1296
f 1224 1222 1296
f 98 90 78
f 98 78 88
f 62 79 88
f 62 88 78
f 44 69 79
f 44 79 62
f 34 53 69
f 34 69 44
f 32 50 53
f 32 53 34
f 33 52 50
f 33 50 32
f 43 65 52
f 43 52 33
f 60 74 65
f 60 65 43
f 73 83 74
f 73 74 60
f 85 96 83
f 85 83 73
f 158 98 88
f 158 88 150
f 150 88 79
f 150 79 139
f 139 79 69
f 139 69 129
f 129 69 53
f 129 53 121
f 121 53 50
f 121 50 116
f 116 50 52
f 116 52 120
f 120 52 65
f 120 65 128
f 128 65 74
f 128 74 136
f 136 74 83
f 136 83 149
f 149 83 96
f 149 96 154
f 154 96 107
f 154 107 161
f 161 107 126
f 161 126 165
f 165 126 134
f 165 134 169
f 169 134 137
f 169 137 171
f 171 137 138
f 171 138 172
f 172 138 135
f 172 135 170
f 170 135 127
f 170 127 168
f 168 127 110
f 168 110 162
f 162 110 98
f 162 98 158
f 96 85 95
f 96 95 107
f 105 126 107
f 105 107 95
f 118 134 126
f 118 126 105
f 124 137 134
f 124 134 118
f 125 138 137
f 125 137 124
f 119 135 138
f 119 138 125
f 106 127 135
f 106 135 119
f 97 110 127
f 97 127 106
f 90 98 110
f 90 110 97
f 62 78 80
f 62 80 70
f 44 62 70
f 44 70 51
f 34 44 51
f 34 51 42
f 32 34 42
f 32 42 37
f 33 32 37
f 33 37 41
f 43 33 41
f 43 41 49
f 60 43 49
f 60 49 66
f 73 60 66
f 73 66 77
f 85 73 77
f 85 77 84
f 95 85 84
f 95 84 93
f 105 95 93
f 105 93 103
f 118 105 103
f 118 103 111
f 124 118 111
f 124 111 115
f 125 124 115
f 125 115 117
f 119 125 117
f 119 117 112
f 106 119 112
f 106 112 104
f 97 106 104
f 97 104 94
f 90 97 94
f 90 94 89
f 78 90 89
f 78 89 80
f 70 80 29
f 70 29 21
f 51 70 21
f 51 21 15
f 42 51 15
f 42 15 11
f 37 42 11
f 37 11 9
f 41 37 9
f 41 9 10
f 49 41 10
f 49 10 14
f 66 49 14
f 66 14 20
f 77 66 20
f 77 20 26
f 84 77 26
f 84 26 30
f 93 84 30
f 93 30 36
f 103 93 36
f 103 36 45
f 111 103 45
f 111 45 55
f 115 111 55
f 115 55 59
f 117 115 59
f 117 59 61
f 112 117 61
f 112 61 56
f 104 112 56
f 104 56 48
f 94 104 48
f 94 48 38
f 89 94 38
f 89 38 31
f 80 89 31
f 80 31 29
f 21 29 13
f 21 13 8
f 15 21 8
f 15 8 5
f 11 15 5
f 11 5 3
f 9 11 3
f 9 3 1
f 10 9 1
f 10 1 2
f 14 10 2
f 14 2 4
f 20 14 4
f 20 4 7
f 26 20 7
f 26 7 12
f 30 26 12
f 30 12 16
f 36 30 16
f 36 16 18
f 45 36 18
f 45 18 22
f 55 45 22
f 55 22 24
f 59 55 24
f 59 24 27
f 61 59 27
f 61 27 28
f 56 61 28
f 56 28 25
f 48 56 25
f 48 25 23
f 38 48 23
f 38 23 19
f 31 38 19
f 31 19 17
f 29 31 17
f 29 17 13
f 8 13 6
f 5 8 6
f 3 5 6
f 1 3 6
f 2 1 6
f 4 2 6
f 7 4 6
f 12 7 6
f 16 12 6
f 18 16 6
f 22 18 6
f 24 22 6
f 27 24 6
f 28 27 6
f 25 28 6
f 23 25 6
f 19 23 6
f 17 19 6
f 13 17 6
f 2078 2019 2014
f 2078 2014 2076
f 2016 2022 2079
f 2016 2079 2077
f 444 524 505
f 444 505 429
f 364 444 429
f 364 429 338
f 314 364 338
f 314 338 304
f 295 293 302
f 295 302 307
f 307 314 304
f 307 304 295
f 307 302 313
f 307 313 316
f 314 307 316
f 314 316 341
f 364 314 341
f 364 341 384
f 444 364 384
f 444 384 458
f 524 444 458
f 524 458 538
f 316 313 320
f 316 320 325
f 325 320 319
f 325 319 322
f 341 316 325
f 341 325 348
f 348 325 322
f 348 322 345
f 384 341 348
f 384 348 402
f 402 348 345
f 402 345 393
f 458 384 402
f 458 402 466
f 466 402 393
f 466 393 461
f 538 458 466
f 538 466 560
f 560 466 461
f 560 461 543
f 622 505 524
f 622 524 625
f 625 524 538
f 625 538 659
f 981 1076 1067
f 981 1067 978
f 907 981 978
f 907 978 900
f 805 907 900
f 805 900 791
f 706 622 625
f 706 625 726
f 726 805 791
f 726 791 706
f 659 538 560
f 659 560 667
f 667 560 543
f 667 543 662
f 350 343 355
f 350 355 357
f 334 332 343
f 334 343 350
f 366 350 357
f 366 357 372
f 361 334 350
f 361 350 366
f 416 366 372
f 416 372 423
f 409 361 366
f 409 366 416
f 472 416 423
f 472 423 475
f 469 409 416
f 469 416 472
f 550 472 475
f 550 475 557
f 546 469 472
f 546 472 550
f 638 550 557
f 638 557 633
f 630 546 550
f 630 550 638
f 740 638 633
f 740 633 743
f 737 630 638
f 737 638 740
f 828 740 743
f 828 743 824
f 821 737 740
f 821 740 828
f 726 625 659
f 726 659 728
f 728 659 667
f 728 667 724
f 724 667 662
f 724 662 717
f 805 726 728
f 805 728 807
f 807 728 724
f 807 724 799
f 799 724 717
f 799 717 788
f 907 805 807
f 907 807 893
f 893 807 799
f 893 799 871
f 871 799 788
f 871 788 866
f 863 828 824
f 863 824 929
f 860 821 828
f 860 828 863
f 887 897 882
f 887 882 874
f 874 860 863
f 874 863 887
f 889 871 866
f 889 866 878
f 878 882 897
f 878 897 889
f 916 893 871
f 916 871 889
f 981 907 893
f 981 893 985
f 887 863 929
f 887 929 934
f 999 934 929
f 999 929 1025
f 926 916 889
f 926 889 897
f 897 887 934
f 897 934 926
f 926 934 999
f 926 999 989
f 985 893 916
f 985 916 983
f 983 916 926
f 983 926 989
f 1040 989 999
f 1040 999 1046
f 1098 1064 1040
f 1098 1040 1046
f 1140 1118 1064
f 1140 1064 1098
f 983 989 1040
f 983 1040 1048
f 1048 1040 1064
f 1048 1064 1096
f 1096 1064 1118
f 1096 1118 1142
f 1076 981 985
f 1076 985 1074
f 1074 985 983
f 1074 983 1048
f 1074 1048 1096
f 1074 1096 1136
f 1136 1096 1142
f 1136 1142 1174
f 1178 1140 1098
f 1178 1098 1158
f 1046 999 1025
f 1046 1025 1083
f 1158 1098 1046
f 1158 1046 1083
f 1158 1083 1283
f 1158 1283 1264
f 1264 1274 1178
f 1264 1178 1158
f 1362 1274 1264
f 1362 1264 1402
f 1447 1469 1507
f 1447 1507 1495
f 1279 1067 1076
f 1279 1076 1254
f 1475 1456 1279
f 1475 1279 1254
f 1136 1174 1266
f 1136 1266 1268
f 1431 1370 1447
f 1431 1447 1495
f 1254 1076 1074
f 1254 1074 1268
f 1268 1074 1136
f 1268 1266 1370
f 1268 1370 1431
f 1479 1475 1254
f 1479 1254 1268
f 1268 1431 1479
f 1531 1516 1456
f 1531 1456 1475
f 1402 1264 1499
f 1479 1431 1495
f 1479 1495 1523
f 1531 1475 1479
f 1531 1479 1543
f 1493 1507 1469
f 1493 1469 1437
f 1437 1362 1402
f 1437 1402 1493
f 1499 1264 1283
f 1499 1283 1490
f 1499 1493 1402
f 1561 1499 1490
f 1561 1490 1536
f 1600 1558 1516
f 1600 1516 1531
f 1655 1615 1558
f 1655 1558 1600
f 1711 1652 1615
f 1711 1615 1655
f 1739 1711 1655
f 1739 1655 1685
f 1600 1531 1543
f 1600 1543 1629
f 1685 1655 1600
f 1685 1600 1629
f 1852 1739 1685
f 1852 1685 1761
f 1852 1761 1830
f 1523 1495 1507
f 1523 1507 1533
f 1689 1761 1685
f 1689 1685 1629
f 1816 1830 1761
f 1816 1761 1689
f 1543 1479 1523
f 1543 1523 1575
f 1689 1629 1543
f 1689 1543 1575
f 1539 1533 1507
f 1539 1507 1493
f 1539 1493 1499
f 1539 1499 1545
f 1575 1523 1533
f 1575 1533 1592
f 1689 1575 1592
f 1689 1592 1683
f 1816 1689 1683
f 1816 1683 1792
f 1675 1759 1792
f 1675 1792 1683
f 1618 1545 1499
f 1618 1499 1561
f 1606 1539 1545
f 1606 1545 1618
f 1618 1669 1675
f 1618 1675 1606
f 1592 1533 1539
f 1592 1539 1606
f 1606 1675 1683
f 1606 1683 1592
f 1763 1716 1652
f 1763 1652 1711
f 1808 1763 1711
f 1808 1711 1739
f 2323 2302 2384
f 2323 2384 2395
f 2336 2323 2395
f 2336 2395 2401
f 2341 2336 2401
f 2341 2401 2403
f 1824 1768 1716
f 1824 1716 1763
f 1837 1768 1824
f 1837 1824 1905
f 2384 2302 2229
f 2384 2229 2364
f 2364 2229 2171
f 2364 2171 2287
f 2287 2171 2006
f 2287 2006 2140
f 1919 1837 1905
f 1919 1905 1989
f 2140 2006 1919
f 2140 1919 1989
f 1968 1989 1905
f 1968 1905 1914
f 1868 1808 1739
f 1868 1739 1852
f 1824 1763 1808
f 1824 1808 1856
f 1856 1808 1868
f 1856 1868 1895
f 1905 1824 1856
f 1905 1856 1914
f 1914 1856 1895
f 1914 1895 1958
f 1958 1895 1868
f 1958 1868 1956
f 1945 1914 1958
f 1945 1958 1991
f 2049 1958 1956
f 2049 1956 2066
f 2055 1991 1958
f 2055 1958 2049
f 1977 1945 1991
f 1977 1991 2045
f 2000 1977 2045
f 2000 2045 2106
f 2033 2000 2106
f 2033 2106 2131
f 2047 2033 2131
f 2047 2131 2144
f 2053 2047 2144
f 2053 2144 2163
f 2217 2234 2163
f 2217 2163 2144
f 2191 2217 2144
f 2191 2144 2131
f 2142 2191 2131
f 2142 2131 2106
f 2108 2142 2106
f 2108 2106 2045
f 2045 1991 2055
f 2045 2055 2108
f 2133 2049 2066
f 2133 2066 2151
f 2108 2055 2049
f 2108 2049 2133
f 2189 2133 2151
f 2189 2151 2221
f 2142 2108 2133
f 2142 2133 2189
f 2245 2189 2221
f 2245 2221 2298
f 2191 2142 2189
f 2191 2189 2245
f 2272 2245 2298
f 2272 2298 2345
f 2217 2191 2245
f 2217 2245 2272
f 2313 2272 2345
f 2313 2345 2360
f 2234 2217 2272
f 2234 2272 2313
f 2319 2313 2360
f 2319 2360 2368
f 2058 2053 2163
f 2058 2163 2169
f 2169 2163 2234
f 2169 2234 2247
f 2234 2313 2319
f 2234 2319 2247
f 2053 2058 2098
f 2053 2098 2095
f 2095 2098 2032
f 2095 2032 2028
f 2047 2053 2095
f 2047 2095 2089
f 2089 2095 2028
f 2089 2028 2015
f 2033 2047 2089
f 2033 2089 2080
f 2080 2089 2015
f 2080 2015 2020
f 2000 2033 2080
f 2000 2080 2072
f 2072 2080 2020
f 2072 2020 2024
f 2059 1977 2000
f 2059 2000 2072
f 2059 2072 2024
f 2059 2024 2012
f 1945 1977 2059
f 1945 2059 2069
f 2069 2059 2012
f 2069 2012 2042
f 1968 1914 1945
f 1968 1945 2069
f 1989 1968 2069
f 1989 2069 2104
f 2104 2069 2042
f 2104 2042 2084
f 1989 2104 2129
f 2129 2104 2084
f 2129 2084 2111
f 2140 1989 2129
f 2166 2140 2129
f 2166 2129 2111
f 2166 2111 2147
f 2140 2166 2212
f 2212 2166 2147
f 2212 2147 2195
f 2212 2287 2140
f 2250 2287 2212
f 2250 2212 2195
f 2250 2195 2224
f 2287 2250 2279
f 2279 2250 2224
f 2279 2224 2260
f 2279 2364 2287
f 2315 2364 2279
f 2315 2279 2260
f 2315 2260 2268
f 2317 2384 2364
f 2317 2364 2315
f 2317 2315 2268
f 2317 2268 2277
f 2320 2395 2384
f 2320 2384 2317
f 2320 2317 2277
f 2320 2277 2290
f 2326 2401 2395
f 2326 2395 2320
f 2328 2403 2401
f 2328 2401 2326
f 2282 2285 2328
f 2282 2328 2326
f 2326 2320 2290
f 2326 2290 2282
f 1608 1561 1536
f 1608 1536 1570
f 2334 2370 2356
f 2334 2356 2331
f 1743 1759 1675
f 1743 1675 1669
f 1631 1608 1570
f 1631 1570 1589
f 1618 1561 1608
f 1618 1608 1659
f 1659 1743 1669
f 1659 1669 1618
f 2311 2331 2356
f 2311 2356 2351
f 2257 2311 2351
f 2257 2351 2307
f 1659 1608 1631
f 1659 1631 1691
f 1801 1799 1876
f 1801 1876 1870
f 1795 1801 1870
f 1795 1870 1858
f 1780 1795 1858
f 1780 1858 1842
f 1748 1780 1842
f 1748 1842 1818
f 1726 1748 1818
f 1726 1818 1775
f 1696 1726 1775
f 1696 1775 1753
f 1753 1735 1680
f 1753 1680 1696
f 1664 1680 1735
f 1664 1735 1721
f 1646 1664 1721
f 1646 1721 1699
f 1636 1646 1699
f 1636 1699 1673
f 1626 1636 1673
f 1626 1673 1661
f 1621 1626 1661
f 1621 1661 1641
f 1641 1631 1589
f 1641 1589 1621
f 1755 1743 1659
f 1755 1659 1691
f 1870 1876 1917
f 1870 1917 1912
f 1858 1870 1912
f 1858 1912 1899
f 1842 1858 1899
f 1842 1899 1889
f 1818 1842 1889
f 1818 1889 1864
f 1775 1818 1864
f 1775 1864 1826
f 1810 1788 1735
f 1810 1735 1753
f 1753 1775 1826
f 1753 1826 1810
f 1721 1735 1788
f 1721 1788 1765
f 1699 1721 1765
f 1699 1765 1745
f 1673 1699 1745
f 1673 1745 1733
f 1661 1673 1733
f 1661 1733 1729
f 1709 1691 1631
f 1709 1631 1641
f 1641 1661 1729
f 1641 1729 1709
f 1912 1917 1953
f 1912 1953 1948
f 1997 1948 1953
f 1997 1953 2003
f 1899 1912 1948
f 1899 1948 1942
f 1942 1948 1997
f 1942 1997 1987
f 1925 1897 1864
f 1925 1864 1889
f 1889 1899 1942
f 1889 1942 1925
f 1925 1942 1987
f 1925 1987 1961
f 1826 1864 1897
f 1826 1897 1882
f 1933 1897 1925
f 1933 1925 1961
f 1810 1826 1882
f 1810 1882 1848
f 1908 1882 1897
f 1908 1897 1933
f 2180 2257 2307
f 2180 2307 2210
f 1887 1848 1882
f 1887 1882 1908
f 1832 1788 1810
f 1832 1810 1848
f 1765 1788 1832
f 1765 1832 1822
f 1822 1832 1879
f 1832 1848 1887
f 1832 1887 1879
f 1745 1765 1822
f 1745 1822 1812
f 1812 1822 1879
f 1812 1879 1862
f 1733 1745 1812
f 1733 1812 1804
f 1846 1743 1755
f 1846 1755 1840
f 1729 1733 1804
f 1729 1804 1784
f 1771 1755 1691
f 1771 1691 1709
f 1709 1729 1784
f 1709 1784 1771
f 1938 1846 1840
f 1938 1840 1922
f 1834 1840 1755
f 1834 1755 1771
f 1903 1922 1840
f 1903 1840 1834
f 1874 1893 1854
f 1804 1812 1862
f 1804 1862 1874
f 1854 1784 1804
f 1854 1804 1874
f 1854 1834 1771
f 1854 1771 1784
f 2035 2180 2210
f 2035 2210 2101
f 2101 1938 1922
f 2101 1922 2035
f 2039 2180 2035
f 1966 2035 1922
f 1966 1922 1903
f 1903 1834 1854
f 1854 1893 1929
f 1854 1929 1903
f 1903 1929 1972
f 1903 1972 1966
f 1966 1972 2039
f 1966 2039 2035
f 445 431 507
f 445 507 525
f 365 340 431
f 365 431 445
f 315 306 340
f 315 340 365
f 297 308 302
f 297 302 293
f 308 297 306
f 308 306 315
f 308 317 313
f 308 313 302
f 315 342 317
f 315 317 308
f 365 385 342
f 365 342 315
f 445 459 385
f 445 385 365
f 525 539 459
f 525 459 445
f 317 326 320
f 317 320 313
f 326 324 319
f 326 319 320
f 342 349 326
f 342 326 317
f 349 346 324
f 349 324 326
f 385 403 349
f 385 349 342
f 403 394 346
f 403 346 349
f 459 467 403
f 459 403 385
f 467 462 394
f 467 394 403
f 539 561 467
f 539 467 459
f 561 544 462
f 561 462 467
f 624 626 525
f 624 525 507
f 626 660 539
f 626 539 525
f 982 980 1069
f 982 1069 1077
f 908 902 980
f 908 980 982
f 806 793 902
f 806 902 908
f 708 727 626
f 708 626 624
f 727 708 793
f 727 793 806
f 660 668 561
f 660 561 539
f 668 664 544
f 668 544 561
f 351 359 355
f 351 355 343
f 335 351 343
f 335 343 332
f 367 374 359
f 367 359 351
f 362 367 351
f 362 351 335
f 417 425 374
f 417 374 367
f 410 417 367
f 410 367 362
f 473 477 425
f 473 425 417
f 470 473 417
f 470 417 410
f 551 559 477
f 551 477 473
f 547 551 473
f 547 473 470
f 639 635 559
f 639 559 551
f 631 639 551
f 631 551 547
f 741 745 635
f 741 635 639
f 738 741 639
f 738 639 631
f 829 826 745
f 829 745 741
f 822 829 741
f 822 741 738
f 727 729 660
f 727 660 626
f 729 725 668
f 729 668 660
f 725 718 664
f 725 664 668
f 806 808 729
f 806 729 727
f 808 800 725
f 808 725 729
f 800 789 718
f 800 718 725
f 908 894 808
f 908 808 806
f 894 872 800
f 894 800 808
f 872 867 789
f 872 789 800
f 864 931 826
f 864 826 829
f 861 864 829
f 861 829 822
f 888 876 884
f 888 884 898
f 876 888 864
f 876 864 861
f 890 879 867
f 890 867 872
f 879 890 898
f 879 898 884
f 917 890 872
f 917 872 894
f 982 986 894
f 982 894 908
f 888 935 931
f 888 931 864
f 1000 1027 931
f 1000 931 935
f 927 898 890
f 927 890 917
f 898 927 935
f 898 935 888
f 927 990 1000
f 927 1000 935
f 986 984 917
f 986 917 894
f 984 990 927
f 984 927 917
f 1041 1047 1000
f 1041 1000 990
f 1099 1047 1041
f 1099 1041 1065
f 1141 1099 1065
f 1141 1065 1119
f 984 1049 1041
f 984 1041 990
f 1049 1097 1065
f 1049 1065 1041
f 1097 1143 1119
f 1097 1119 1065
f 1077 1075 986
f 1077 986 982
f 1075 1049 984
f 1075 984 986
f 1075 1137 1097
f 1075 1097 1049
f 1137 1175 1143
f 1137 1143 1097
f 1179 1159 1099
f 1179 1099 1141
f 1047 1085 1027
f 1047 1027 1000
f 1159 1085 1047
f 1159 1047 1099
f 1159 1265 1285
f 1159 1285 1085
f 1265 1159 1179
f 1265 1179 1275
f 1363 1403 1265
f 1363 1265 1275
f 1448 1496 1508
f 1448 1508 1470
f 1281 1255 1077
f 1281 1077 1069
f 1476 1255 1281
f 1476 1281 1458
f 1137 1269 1267
f 1137 1267 1175
f 1432 1496 1448
f 1432 1448 1371
f 1255 1269 1075
f 1255 1075 1077
f 1269 1137 1075
f 1269 1432 1371
f 1269 1371 1267
f 1480 1269 1255
f 1480 1255 1476
f 1269 1480 1432
f 1532 1476 1458
f 1532 1458 1518
f 1403 1500 1265
f 1480 1524 1496
f 1480 1496 1432
f 1532 1544 1480
f 1532 1480 1476
f 1494 1438 1470
f 1494 1470 1508
f 1438 1494 1403
f 1438 1403 1363
f 1500 1492 1285
f 1500 1285 1265
f 1500 1403 1494
f 1562 1538 1492
f 1562 1492 1500
f 1601 1532 1518
f 1601 1518 1560
f 1656 1601 1560
f 1656 1560 1617
f 1712 1656 1617
f 1712 1617 1654
f 1740 1686 1656
f 1740 1656 1712
f 1601 1630 1544
f 1601 1544 1532
f 1686 1630 1601
f 1686 1601 1656
f 1853 1762 1686
f 1853 1686 1740
f 1853 1831 1762
f 1524 1534 1508
f 1524 1508 1496
f 1690 1630 1686
f 1690 1686 1762
f 1817 1690 1762
f 1817 1762 1831
f 1544 1576 1524
f 1544 1524 1480
f 1690 1576 1544
f 1690 1544 1630
f 1540 1494 1508
f 1540 1508 1534
f 1540 1546 1500
f 1540 1500 1494
f 1576 1593 1534
f 1576 1534 1524
f 1690 1684 1593
f 1690 1593 1576
f 1817 1793 1684
f 1817 1684 1690
f 1676 1684 1793
f 1676 1793 1760
f 1619 1562 1500
f 1619 1500 1546
f 1607 1619 1546
f 1607 1546 1540
f 1619 1607 1676
f 1619 1676 1670
f 1593 1607 1540
f 1593 1540 1534
f 1607 1593 1684
f 1607 1684 1676
f 1764 1712 1654
f 1764 1654 1718
f 1809 1740 1712
f 1809 1712 1764
f 2325 2396 2385
f 2325 2385 2304
f 2338 2402 2396
f 2338 2396 2325
f 2341 2403 2402
f 2341 2402 2338
f 1825 1764 1718
f 1825 1718 1770
f 1839 1906 1825
f 1839 1825 1770
f 2385 2365 2231
f 2385 2231 2304
f 2365 2288 2173
f 2365 2173 2231
f 2288 2141 2008
f 2288 2008 2173
f 1921 1990 1906
f 1921 1906 1839
f 2141 1990 1921
f 2141 1921 2008
f 1969 1915 1906
f 1969 1906 1990
f 1869 1853 1740
f 1869 1740 1809
f 1825 1857 1809
f 1825 1809 1764
f 1857 1896 1869
f 1857 1869 1809
f 1906 1915 1857
f 1906 1857 1825
f 1915 1959 1896
f 1915 1896 1857
f 1959 1957 1869
f 1959 1869 1896
f 1946 1992 1959
f 1946 1959 1915
f 2050 2067 1957
f 2050 1957 1959
f 2056 2050 1959
f 2056 1959 1992
f 1978 2046 1992
f 1978 1992 1946
f 2001 2107 2046
f 2001 2046 1978
f 2034 2132 2107
f 2034 2107 2001
f 2048 2145 2132
f 2048 2132 2034
f 2054 2164 2145
f 2054 2145 2048
f 2218 2145 2164
f 2218 2164 2235
f 2192 2132 2145
f 2192 2145 2218
f 2143 2107 2132
f 2143 2132 2192
f 2109 2046 2107
f 2109 2107 2143
f 2046 2109 2056
f 2046 2056 1992
f 2134 2152 2067
f 2134 2067 2050
f 2109 2134 2050
f 2109 2050 2056
f 2190 2222 2152
f 2190 2152 2134
f 2143 2190 2134
f 2143 2134 2109
f 2246 2299 2222
f 2246 2222 2190
f 2192 2246 2190
f 2192 2190 2143
f 2273 2346 2299
f 2273 2299 2246
f 2218 2273 2246
f 2218 2246 2192
f 2314 2361 2346
f 2314 2346 2273
f 2235 2314 2273
f 2235 2273 2218
f 2319 2368 2361
f 2319 2361 2314
f 2058 2169 2164
f 2058 2164 2054
f 2169 2247 2235
f 2169 2235 2164
f 2235 2247 2319
f 2235 2319 2314
f 2054 2096 2098
f 2054 2098 2058
f 2096 2029 2032
f 2096 2032 2098
f 2048 2090 2096
f 2048 2096 2054
f 2090 2017 2029
f 2090 2029 2096
f 2034 2081 2090
f 2034 2090 2048
f 2081 2021 2017
f 2081 2017 2090
f 2001 2073 2081
f 2001 2081 2034
f 2073 2025 2021
f 2073 2021 2081
f 2060 2073 2001
f 2060 2001 1978
f 2060 2013 2025
f 2060 2025 2073
f 1946 2070 2060
f 1946 2060 1978
f 2070 2043 2013
f 2070 2013 2060
f 1969 2070 1946
f 1969 1946 1915
f 1990 2105 2070
f 1990 2070 1969
f 2105 2085 2043
f 2105 2043 2070
f 1990 2130 2105
f 2130 2113 2085
f 2130 2085 2105
f 2141 2130 1990
f 2167 2130 2141
f 2167 2148 2113
f 2167 2113 2130
f 2141 2213 2167
f 2213 2196 2148
f 2213 2148 2167
f 2213 2141 2288
f 2251 2213 2288
f 2251 2226 2196
f 2251 2196 2213
f 2288 2280 2251
f 2280 2261 2226
f 2280 2226 2251
f 2280 2288 2365
f 2316 2280 2365
f 2316 2269 2261
f 2316 2261 2280
f 2318 2316 2365
f 2318 2365 2385
f 2318 2278 2269
f 2318 2269 2316
f 2321 2318 2385
f 2321 2385 2396
f 2321 2291 2278
f 2321 2278 2318
f 2327 2321 2396
f 2327 2396 2402
f 2328 2327 2402
f 2328 2402 2403
f 2283 2327 2328
f 2283 2328 2285
f 2327 2283 2291
f 2327 2291 2321
f 1609 1572 1538
f 1609 1538 1562
f 2334 2332 2357
f 2334 2357 2370
f 1744 1670 1676
f 1744 1676 1760
f 1632 1591 1572
f 1632 1572 1609
f 1619 1660 1609
f 1619 1609 1562
f 1660 1619 1670
f 1660 1670 1744
f 2312 2352 2357
f 2312 2357 2332
f 2258 2308 2352
f 2258 2352 2312
f 1660 1692 1632
f 1660 1632 1609
f 1803 1871 1876
f 1803 1876 1799
f 1797 1859 1871
f 1797 1871 1803
f 1782 1843 1859
f 1782 1859 1797
f 1750 1819 1843
f 1750 1843 1782
f 1728 1776 1819
f 1728 1819 1750
f 1698 1754 1776
f 1698 1776 1728
f 1754 1698 1682
f 1754 1682 1736
f 1666 1722 1736
f 1666 1736 1682
f 1648 1700 1722
f 1648 1722 1666
f 1638 1674 1700
f 1638 1700 1648
f 1628 1662 1674
f 1628 1674 1638
f 1623 1642 1662
f 1623 1662 1628
f 1642 1623 1591
f 1642 1591 1632
f 1756 1692 1660
f 1756 1660 1744
f 1871 1913 1917
f 1871 1917 1876
f 1859 1900 1913
f 1859 1913 1871
f 1843 1890 1900
f 1843 1900 1859
f 1819 1865 1890
f 1819 1890 1843
f 1776 1827 1865
f 1776 1865 1819
f 1811 1754 1736
f 1811 1736 1789
f 1754 1811 1827
f 1754 1827 1776
f 1722 1766 1789
f 1722 1789 1736
f 1700 1746 1766
f 1700 1766 1722
f 1674 1734 1746
f 1674 1746 1700
f 1662 1730 1734
f 1662 1734 1674
f 1710 1642 1632
f 1710 1632 1692
f 1642 1710 1730
f 1642 1730 1662
f 1913 1949 1953
f 1913 1953 1917
f 1998 2003 1953
f 1998 1953 1949
f 1900 1943 1949
f 1900 1949 1913
f 1943 1988 1998
f 1943 1998 1949
f 1926 1890 1865
f 1926 1865 1898
f 1890 1926 1943
f 1890 1943 1900
f 1926 1962 1988
f 1926 1988 1943
f 1827 1883 1898
f 1827 1898 1865
f 1934 1962 1926
f 1934 1926 1898
f 1811 1849 1883
f 1811 1883 1827
f 1909 1934 1898
f 1909 1898 1883
f 2181 2211 2308
f 2181 2308 2258
f 1888 1909 1883
f 1888 1883 1849
f 1833 1849 1811
f 1833 1811 1789
f 1766 1823 1833
f 1766 1833 1789
f 1823 1880 1833
f 1833 1880 1888
f 1833 1888 1849
f 1746 1813 1823
f 1746 1823 1766
f 1813 1863 1880
f 1813 1880 1823
f 1734 1805 1813
f 1734 1813 1746
f 1847 1841 1756
f 1847 1756 1744
f 1730 1785 1805
f 1730 1805 1734
f 1772 1710 1692
f 1772 1692 1756
f 1710 1772 1785
f 1710 1785 1730
f 1939 1923 1841
f 1939 1841 1847
f 1835 1772 1756
f 1835 1756 1841
f 1904 1835 1841
f 1904 1841 1923
f 1875 1855 1894
f 1805 1875 1863
f 1805 1863 1813
f 1855 1875 1805
f 1855 1805 1785
f 1855 1785 1772
f 1855 1772 1835
f 2036 2102 2211
f 2036 2211 2181
f 2102 2036 1923
f 2102 1923 1939
f 2040 2036 2181
f 1967 1904 1923
f 1967 1923 2036
f 1904 1855 1835
f 1855 1904 1930
f 1855 1930 1894
f 1904 1967 1973
f 1904 1973 1930
f 1967 2036 2040
f 1967 2040 1973
