Importing module 'gym_38' (/home/wangjiarui/artgym-runtime/opt/isaacgym/python/isaacgym/_bindings/linux-x86_64/gym_38.so)
[Warning] [carb] unknown type for the object '/home/wangjiarui/artgym-runtime/opt/isaacgym/python/isaacgym/_bindings/linux-x86_64//libboost_python36.so' {d_type = 0x00000000}
[Warning] [carb] unknown type for the object '/home/wangjiarui/artgym-runtime/opt/isaacgym/python/isaacgym/_bindings/linux-x86_64//libboost_regex.so' {d_type = 0x00000000}
[Warning] [carb] unknown type for the object '/home/wangjiarui/artgym-runtime/opt/isaacgym/python/isaacgym/_bindings/linux-x86_64//libpython3.6m.so' {d_type = 0x00000000}
[Warning] [carb] unknown type for the object '/home/wangjiarui/artgym-runtime/opt/isaacgym/python/isaacgym/_bindings/linux-x86_64//libGLEW.so' {d_type = 0x00000000}
[Warning] [carb] unknown type for the object '/home/wangjiarui/artgym-runtime/opt/isaacgym/python/isaacgym/_bindings/linux-x86_64//libboost_atomic.so' {d_type = 0x00000000}
[Warning] [carb] unknown type for the object '/home/wangjiarui/artgym-runtime/opt/isaacgym/python/isaacgym/_bindings/linux-x86_64//libembree.so' {d_type = 0x00000000}
[Warning] [carb] unknown type for the object '/home/wangjiarui/artgym-runtime/opt/isaacgym/python/isaacgym/_bindings/linux-x86_64//libembree.so.2' {d_type = 0x00000000}
[Warning] [carb] unknown type for the object '/home/wangjiarui/artgym-runtime/opt/isaacgym/python/isaacgym/_bindings/linux-x86_64//libjemalloc.so' {d_type = 0x00000000}
[Warning] [carb] unknown type for the object '/home/wangjiarui/artgym-runtime/opt/isaacgym/python/isaacgym/_bindings/linux-x86_64//libboost_python27.so' {d_type = 0x00000000}
[Warning] [carb] unknown type for the object '/home/wangjiarui/artgym-runtime/opt/isaacgym/python/isaacgym/_bindings/linux-x86_64//libGLEW.so.2.0' {d_type = 0x00000000}
[Warning] [carb] unknown type for the object '/home/wangjiarui/artgym-runtime/opt/isaacgym/python/isaacgym/_bindings/linux-x86_64//libosdCPU.so' {d_type = 0x00000000}
[Warning] [carb] unknown type for the object '/home/wangjiarui/artgym-runtime/opt/isaacgym/python/isaacgym/_bindings/linux-x86_64//libboost_program_options.so' {d_type = 0x00000000}
[Warning] [carb] unknown type for the object '/home/wangjiarui/artgym-runtime/opt/isaacgym/python/isaacgym/_bindings/linux-x86_64//libosdGPU.so' {d_type = 0x00000000}
[Warning] [carb] unknown type for the object '/home/wangjiarui/artgym-runtime/opt/isaacgym/python/isaacgym/_bindings/linux-x86_64//libboost_thread.so' {d_type = 0x00000000}
[Warning] [carb] unknown type for the object '/home/wangjiarui/artgym-runtime/opt/isaacgym/python/isaacgym/_bindings/linux-x86_64//libboost_filesystem.so' {d_type = 0x00000000}
[Warning] [carb] unknown type for the object '/home/wangjiarui/artgym-runtime/opt/isaacgym/python/isaacgym/_bindings/linux-x86_64//libboost_date_time.so' {d_type = 0x00000000}
[Warning] [carb] unknown type for the object '/home/wangjiarui/artgym-runtime/opt/isaacgym/python/isaacgym/_bindings/linux-x86_64//libboost_system.so' {d_type = 0x00000000}
[Warning] [carb] unknown type for the object '/home/wangjiarui/artgym-runtime/opt/isaacgym/python/isaacgym/_bindings/linux-x86_64//libboost_python36.so' {d_type = 0x00000000}
[Warning] [carb] unknown type for the object '/home/wangjiarui/artgym-runtime/opt/isaacgym/python/isaacgym/_bindings/linux-x86_64//libboost_regex.so' {d_type = 0x00000000}
[Warning] [carb] unknown type for the object '/home/wangjiarui/artgym-runtime/opt/isaacgym/python/isaacgym/_bindings/linux-x86_64//libpython3.6m.so' {d_type = 0x00000000}
[Warning] [carb] unknown type for the object '/home/wangjiarui/artgym-runtime/opt/isaacgym/python/isaacgym/_bindings/linux-x86_64//libGLEW.so' {d_type = 0x00000000}
[Warning] [carb] unknown type for the object '/home/wangjiarui/artgym-runtime/opt/isaacgym/python/isaacgym/_bindings/linux-x86_64//libboost_atomic.so' {d_type = 0x00000000}
[Warning] [carb] unknown type for the object '/home/wangjiarui/artgym-runtime/opt/isaacgym/python/isaacgym/_bindings/linux-x86_64//libembree.so' {d_type = 0x00000000}
[Warning] [carb] unknown type for the object '/home/wangjiarui/artgym-runtime/opt/isaacgym/python/isaacgym/_bindings/linux-x86_64//libembree.so.2' {d_type = 0x00000000}
[Warning] [carb] unknown type for the object '/home/wangjiarui/artgym-runtime/opt/isaacgym/python/isaacgym/_bindings/linux-x86_64//libjemalloc.so' {d_type = 0x00000000}
[Warning] [carb] unknown type for the object '/home/wangjiarui/artgym-runtime/opt/isaacgym/python/isaacgym/_bindings/linux-x86_64//libboost_python27.so' {d_type = 0x00000000}
[Warning] [carb] unknown type for the object '/home/wangjiarui/artgym-runtime/opt/isaacgym/python/isaacgym/_bindings/linux-x86_64//libGLEW.so.2.0' {d_type = 0x00000000}
[Warning] [carb] unknown type for the object '/home/wangjiarui/artgym-runtime/opt/isaacgym/python/isaacgym/_bindings/linux-x86_64//libosdCPU.so' {d_type = 0x00000000}
[Warning] [carb] unknown type for the object '/home/wangjiarui/artgym-runtime/opt/isaacgym/python/isaacgym/_bindings/linux-x86_64//libboost_program_options.so' {d_type = 0x00000000}
[Warning] [carb] unknown type for the object '/home/wangjiarui/artgym-runtime/opt/isaacgym/python/isaacgym/_bindings/linux-x86_64//libosdGPU.so' {d_type = 0x00000000}
[Warning] [carb] unknown type for the object '/home/wangjiarui/artgym-runtime/opt/isaacgym/python/isaacgym/_bindings/linux-x86_64//libboost_thread.so' {d_type = 0x00000000}
[Warning] [carb] unknown type for the object '/home/wangjiarui/artgym-runtime/opt/isaacgym/python/isaacgym/_bindings/linux-x86_64//libboost_filesystem.so' {d_type = 0x00000000}
[Warning] [carb] unknown type for the object '/home/wangjiarui/artgym-runtime/opt/isaacgym/python/isaacgym/_bindings/linux-x86_64//libboost_date_time.so' {d_type = 0x00000000}
[Warning] [carb] unknown type for the object '/home/wangjiarui/artgym-runtime/opt/isaacgym/python/isaacgym/_bindings/linux-x86_64//libboost_system.so' {d_type = 0x00000000}
[Warning] [carb] unknown type for the object '/home/wangjiarui/artgym-runtime/opt/isaacgym/python/isaacgym/_bindings/linux-x86_64//libboost_python36.so' {d_type = 0x00000000}
[Warning] [carb] unknown type for the object '/home/wangjiarui/artgym-runtime/opt/isaacgym/python/isaacgym/_bindings/linux-x86_64//libboost_regex.so' {d_type = 0x00000000}
[Warning] [carb] unknown type for the object '/home/wangjiarui/artgym-runtime/opt/isaacgym/python/isaacgym/_bindings/linux-x86_64//libpython3.6m.so' {d_type = 0x00000000}
[Warning] [carb] unknown type for the object '/home/wangjiarui/artgym-runtime/opt/isaacgym/python/isaacgym/_bindings/linux-x86_64//libGLEW.so' {d_type = 0x00000000}
[Warning] [carb] unknown type for the object '/home/wangjiarui/artgym-runtime/opt/isaacgym/python/isaacgym/_bindings/linux-x86_64//libboost_atomic.so' {d_type = 0x00000000}
[Warning] [carb] unknown type for the object '/home/wangjiarui/artgym-runtime/opt/isaacgym/python/isaacgym/_bindings/linux-x86_64//libembree.so' {d_type = 0x00000000}
[Warning] [carb] unknown type for the object '/home/wangjiarui/artgym-runtime/opt/isaacgym/python/isaacgym/_bindings/linux-x86_64//libembree.so.2' {d_type = 0x00000000}
[Warning] [carb] unknown type for the object '/home/wangjiarui/artgym-runtime/opt/isaacgym/python/isaacgym/_bindings/linux-x86_64//libjemalloc.so' {d_type = 0x00000000}
[Warning] [carb] unknown type for the object '/home/wangjiarui/artgym-runtime/opt/isaacgym/python/isaacgym/_bindings/linux-x86_64//libboost_python27.so' {d_type = 0x00000000}
[Warning] [carb] unknown type for the object '/home/wangjiarui/artgym-runtime/opt/isaacgym/python/isaacgym/_bindings/linux-x86_64//libGLEW.so.2.0' {d_type = 0x00000000}
[Warning] [carb] unknown type for the object '/home/wangjiarui/artgym-runtime/opt/isaacgym/python/isaacgym/_bindings/linux-x86_64//libosdCPU.so' {d_type = 0x00000000}
[Warning] [carb] unknown type for the object '/home/wangjiarui/artgym-runtime/opt/isaacgym/python/isaacgym/_bindings/linux-x86_64//libboost_program_options.so' {d_type = 0x00000000}
[Warning] [carb] unknown type for the object '/home/wangjiarui/artgym-runtime/opt/isaacgym/python/isaacgym/_bindings/linux-x86_64//libosdGPU.so' {d_type = 0x00000000}
[Warning] [carb] unknown type for the object '/home/wangjiarui/artgym-runtime/opt/isaacgym/python/isaacgym/_bindings/linux-x86_64//libboost_thread.so' {d_type = 0x00000000}
[Warning] [carb] unknown type for the object '/home/wangjiarui/artgym-runtime/opt/isaacgym/python/isaacgym/_bindings/linux-x86_64//libboost_filesystem.so' {d_type = 0x00000000}
[Warning] [carb] unknown type for the object '/home/wangjiarui/artgym-runtime/opt/isaacgym/python/isaacgym/_bindings/linux-x86_64//libboost_date_time.so' {d_type = 0x00000000}
[Warning] [carb] unknown type for the object '/home/wangjiarui/artgym-runtime/opt/isaacgym/python/isaacgym/_bindings/linux-x86_64//libboost_system.so' {d_type = 0x00000000}
[Warning] [carb] unknown type for the object '/home/wangjiarui/artgym-runtime/opt/isaacgym/python/isaacgym/_bindings/linux-x86_64//libboost_python36.so' {d_type = 0x00000000}
[Warning] [carb] unknown type for the object '/home/wangjiarui/artgym-runtime/opt/isaacgym/python/isaacgym/_bindings/linux-x86_64//libboost_regex.so' {d_type = 0x00000000}
[Warning] [carb] unknown type for the object '/home/wangjiarui/artgym-runtime/opt/isaacgym/python/isaacgym/_bindings/linux-x86_64//libpython3.6m.so' {d_type = 0x00000000}
[Warning] [carb] unknown type for the object '/home/wangjiarui/artgym-runtime/opt/isaacgym/python/isaacgym/_bindings/linux-x86_64//libGLEW.so' {d_type = 0x00000000}
[Warning] [carb] unknown type for the object '/home/wangjiarui/artgym-runtime/opt/isaacgym/python/isaacgym/_bindings/linux-x86_64//libboost_atomic.so' {d_type = 0x00000000}
[Warning] [carb] unknown type for the object '/home/wangjiarui/artgym-runtime/opt/isaacgym/python/isaacgym/_bindings/linux-x86_64//libembree.so' {d_type = 0x00000000}
[Warning] [carb] unknown type for the object '/home/wangjiarui/artgym-runtime/opt/isaacgym/python/isaacgym/_bindings/linux-x86_64//libembree.so.2' {d_type = 0x00000000}
[Warning] [carb] unknown type for the object '/home/wangjiarui/artgym-runtime/opt/isaacgym/python/isaacgym/_bindings/linux-x86_64//libjemalloc.so' {d_type = 0x00000000}
[Warning] [carb] unknown type for the object '/home/wangjiarui/artgym-runtime/opt/isaacgym/python/isaacgym/_bindings/linux-x86_64//libboost_python27.so' {d_type = 0x00000000}
[Warning] [carb] unknown type for the object '/home/wangjiarui/artgym-runtime/opt/isaacgym/python/isaacgym/_bindings/linux-x86_64//libGLEW.so.2.0' {d_type = 0x00000000}
[Warning] [carb] unknown type for the object '/home/wangjiarui/artgym-runtime/opt/isaacgym/python/isaacgym/_bindings/linux-x86_64//libosdCPU.so' {d_type = 0x00000000}
[Warning] [carb] unknown type for the object '/home/wangjiarui/artgym-runtime/opt/isaacgym/python/isaacgym/_bindings/linux-x86_64//libboost_program_options.so' {d_type = 0x00000000}
[Warning] [carb] unknown type for the object '/home/wangjiarui/artgym-runtime/opt/isaacgym/python/isaacgym/_bindings/linux-x86_64//libosdGPU.so' {d_type = 0x00000000}
[Warning] [carb] unknown type for the object '/home/wangjiarui/artgym-runtime/opt/isaacgym/python/isaacgym/_bindings/linux-x86_64//libboost_thread.so' {d_type = 0x00000000}
[Warning] [carb] unknown type for the object '/home/wangjiarui/artgym-runtime/opt/isaacgym/python/isaacgym/_bindings/linux-x86_64//libboost_filesystem.so' {d_type = 0x00000000}
[Warning] [carb] unknown type for the object '/home/wangjiarui/artgym-runtime/opt/isaacgym/python/isaacgym/_bindings/linux-x86_64//libboost_date_time.so' {d_type = 0x00000000}
[Warning] [carb] unknown type for the object '/home/wangjiarui/artgym-runtime/opt/isaacgym/python/isaacgym/_bindings/linux-x86_64//libboost_system.so' {d_type = 0x00000000}
[Warning] [carb] unknown type for the object '/home/wangjiarui/artgym-runtime/opt/isaacgym/python/isaacgym/_bindings/linux-x86_64//libboost_python36.so' {d_type = 0x00000000}
[Warning] [carb] unknown type for the object '/home/wangjiarui/artgym-runtime/opt/isaacgym/python/isaacgym/_bindings/linux-x86_64//libboost_regex.so' {d_type = 0x00000000}
[Warning] [carb] unknown type for the object '/home/wangjiarui/artgym-runtime/opt/isaacgym/python/isaacgym/_bindings/linux-x86_64//libpython3.6m.so' {d_type = 0x00000000}
[Warning] [carb] unknown type for the object '/home/wangjiarui/artgym-runtime/opt/isaacgym/python/isaacgym/_bindings/linux-x86_64//libGLEW.so' {d_type = 0x00000000}
[Warning] [carb] unknown type for the object '/home/wangjiarui/artgym-runtime/opt/isaacgym/python/isaacgym/_bindings/linux-x86_64//libboost_atomic.so' {d_type = 0x00000000}
[Warning] [carb] unknown type for the object '/home/wangjiarui/artgym-runtime/opt/isaacgym/python/isaacgym/_bindings/linux-x86_64//libembree.so' {d_type = 0x00000000}
[Warning] [carb] unknown type for the object '/home/wangjiarui/artgym-runtime/opt/isaacgym/python/isaacgym/_bindings/linux-x86_64//libembree.so.2' {d_type = 0x00000000}
[Warning] [carb] unknown type for the object '/home/wangjiarui/artgym-runtime/opt/isaacgym/python/isaacgym/_bindings/linux-x86_64//libjemalloc.so' {d_type = 0x00000000}
[Warning] [carb] unknown type for the object '/home/wangjiarui/artgym-runtime/opt/isaacgym/python/isaacgym/_bindings/linux-x86_64//libboost_python27.so' {d_type = 0x00000000}
[Warning] [carb] unknown type for the object '/home/wangjiarui/artgym-runtime/opt/isaacgym/python/isaacgym/_bindings/linux-x86_64//libGLEW.so.2.0' {d_type = 0x00000000}
[Warning] [carb] unknown type for the object '/home/wangjiarui/artgym-runtime/opt/isaacgym/python/isaacgym/_bindings/linux-x86_64//libosdCPU.so' {d_type = 0x00000000}
[Warning] [carb] unknown type for the object '/home/wangjiarui/artgym-runtime/opt/isaacgym/python/isaacgym/_bindings/linux-x86_64//libboost_program_options.so' {d_type = 0x00000000}
[Warning] [carb] unknown type for the object '/home/wangjiarui/artgym-runtime/opt/isaacgym/python/isaacgym/_bindings/linux-x86_64//libosdGPU.so' {d_type = 0x00000000}
[Warning] [carb] unknown type for the object '/home/wangjiarui/artgym-runtime/opt/isaacgym/python/isaacgym/_bindings/linux-x86_64//libboost_thread.so' {d_type = 0x00000000}
[Warning] [carb] unknown type for the object '/home/wangjiarui/artgym-runtime/opt/isaacgym/python/isaacgym/_bindings/linux-x86_64//libboost_filesystem.so' {d_type = 0x00000000}
[Warning] [carb] unknown type for the object '/home/wangjiarui/artgym-runtime/opt/isaacgym/python/isaacgym/_bindings/linux-x86_64//libboost_date_time.so' {d_type = 0x00000000}
[Warning] [carb] unknown type for the object '/home/wangjiarui/artgym-runtime/opt/isaacgym/python/isaacgym/_bindings/linux-x86_64//libboost_system.so' {d_type = 0x00000000}
Setting GYM_USD_PLUG_INFO_PATH to /home/wangjiarui/artgym-runtime/opt/isaacgym/python/isaacgym/_bindings/linux-x86_64/usd/plugInfo.json
Gym has been unmaintained since 2022 and does not support NumPy 2.0 amongst other critical functionality.
Please upgrade to Gymnasium, the maintained drop-in replacement of Gym, or contact the authors of your software and request that they upgrade.
Users of this version of Gym should be able to simply replace 'import gym' with 'import gymnasium as gym' in the vast majority of cases.
See the migration guide at https://gymnasium.farama.org/introduction/migration_guide/ for additional information.
/home/wangjiarui/artgym-multigrasp-20260928/isaacgymenvs/train.py:81: Hydra14MigrationWarning: 
version_base="1.1" selects Hydra 1.1 compatibility behavior.
Hydra 1.4 will remove this compatibility behavior.
Before upgrading to Hydra 1.4, set version_base="1.3" and test your application.
See https://hydra.cc/docs/upgrades/1.3_to_1.4/prepare_for_1_4/ for preparation instructions.
  @hydra.main(version_base="1.1", config_name="config", config_path="./cfg")
/home/wangjiarui/artgym-runtime/lib/python3.8/site-packages/hydra/_internal/hydra.py:119: UserWarning: Future Hydra versions will no longer change working directory at job runtime by default.
See https://hydra.cc/docs/1.2/upgrades/1.1_to_1.2/changes_to_job_working_dir/ for more information.
  ret = run_job(
PyTorch version 2.1.0+cu121
Device count 1
/home/wangjiarui/artgym-runtime/opt/isaacgym/python/isaacgym/_bindings/src/gymtorch
Using /home/wangjiarui/.cache/torch_extensions/py38_cu121 as PyTorch extensions root...
Emitting ninja build file /home/wangjiarui/.cache/torch_extensions/py38_cu121/gymtorch/build.ninja...
Building extension module gymtorch...
Using envvar MAX_JOBS (2) as the number of workers...
ninja: no work to do.
Loading extension module gymtorch...
task: 
    name: wuji_multigrasp
    physics_engine: physx
    env: 
        numEnvs: 5120
        envSpacing: 0.75
        episodeLength: 600
        enableDebugVis: False
        aggregateMode: 0
        successHoldDurationSec: 0.3
        successHoldDurationRangeSec: [0.3, 0.3]
        maxConsecutiveSuccesses: 0
        goalSwitchTimeoutSec: 0.0
        jointNoise: 0.0
        dofSpeedScale: 1.0
        useRelativeControl: False
        graspSplit: train
        rewardWeightCurriculum: 
            ObjPosDeviation: -0.5
            ObjRotDeviation: -0.02
            StableContact: 0.0
        rewardWeightCurriculumSchedule: 
            warmupSteps: 200
            totalSteps: 2000
        binaryTactileThreshold: 0.05
        actionsMovingAverage: 1.0
        controlFrequencyInv: 4
        forceScale: 0.0
        forceProbRange: [0.001, 0.1]
        forceDecay: 0.99
        forceDecayInterval: 0.08
        policyObsDim: 111
        privilegedObsDim: 21
        studentInitObsDim: 55
        proprioHistoryLen: 50
        enableCameraSensors: False
        camera: 
            height: 1080
            width: 1920
            horizontal_fov: 75
            use_collision_geometry: True
            cam_pos: [0.0, 0.2, 1.0]
            cam_target: [0.0, -0.15, 0.5]
        rewardProtocol: corrected
        supportActionSpan: 0.04
        thumbActionStep: 0.025
        aliveReward: 0.1
        initialPoseNoise: 
            position_m: 0.0005
            joint_rad: 0.01
            rotation_vector_rad: 0.008726646259971648
            ramp_epochs: 0
        absolutePoseObjective: 
            coefficient: 1.0
            position_scale_m: 0.01
            rotation_scale_rad: 0.25
            ramp_epochs: 0
        commandPeriodSec: 2.0
        evaluationGoalTimeoutSec: 10.0
        trainingCommandDurationsSec: [2.0, 5.0]
        endpointHoldReward: 0.0
        trainingStates: research/multigrasp-20260928/data/expert-3.npy
    task: 
        randomize: False
        randomization_params: 
    sim: 
        dt: 0.008333333333333333
        substeps: 4
        up_axis: z
        use_gpu_pipeline: True
        gravity: [0.0, 0.0, -9.81]
        physx: 
            num_threads: 4
            solver_type: 1
            use_gpu: True
            num_position_iterations: 16
            num_velocity_iterations: 4
            max_gpu_contact_pairs: 1048576
            num_subscenes: 0
            contact_offset: 0.002
            rest_offset: 0.0
            bounce_threshold_velocity: 0.2
            max_depenetration_velocity: 100.0
            default_buffer_size_multiplier: 2.0
            contact_collection: 2
object: 
    task: 
        success_threshold: 0.002
        rot_devia_threshold: 1.57
        pos_devia_threshold: 0.05
        goals: [0.04, 0.0]
        contact_num: 5
    asset: 
        type: knife
        asset_root: assets/objects/knife_wuji_bridge3_20260922
        instance_id_list: ['000']
        asset_file: mobility.urdf
        initDof: lower
        disgravity_part: []
        disfriction_part: []
        disrbforce_part: []
        dissimulate_part: []
    default_props: 
        mass: [0.029, 0.006]
        friction: 3.0
        dof_stiffness: 0.0
        dof_damping: 0.3
    randomization: 
        randomize: False
        dof_properties: 
            damping: 
                range: [0.7, 1.3]
                operation: scaling
                distribution: uniform
        rigid_body_properties: 
            by_body: 
                link_0: 
                    mass: 
                        range: [1.0, 5.0]
                        operation: scaling
                        distribution: uniform
                link_1: 
                    mass: 
                        range: [1.0, 2.0]
                        operation: scaling
                        distribution: uniform
        rigid_shape_properties: 
            friction: 
                num_buckets: 250
                range: [-1.0, 1.0]
                operation: additive
                distribution: uniform
    reward: 
        ObjPosDeviation: -0.5
        ObjRotDeviation: -0.02
        StableContact: 0.0
        HandQposDeviation: -0.001
        GoalDistance1: 1000.0
        GoalDistance2: 0.1
        Smooth: -1.0
        Drop: -25.0
        Success: 50.0
hand: 
    type: wuji
    asset: assets/hands/wuji_artbot/right.urdf
    self_collisions: True
    force_links: ['hand_r_thumb_pad_link', 'hand_r_index_pad_link', 'hand_r_middle_pad_link', 'hand_r_ring_pad_link', 'hand_r_pinky_pad_link']
    track_links: ['hand_r_thumb_pad_link', 'hand_r_index_pad_link', 'hand_r_middle_pad_link', 'hand_r_ring_pad_link', 'hand_r_pinky_pad_link']
    dof_names: ['hand_r_index_joint1', 'hand_r_index_joint2', 'hand_r_index_joint3', 'hand_r_index_joint4', 'hand_r_middle_joint1', 'hand_r_middle_joint2', 'hand_r_middle_joint3', 'hand_r_middle_joint4', 'hand_r_pinky_joint1', 'hand_r_pinky_joint2', 'hand_r_pinky_joint3', 'hand_r_pinky_joint4', 'hand_r_ring_joint1', 'hand_r_ring_joint2', 'hand_r_ring_joint3', 'hand_r_ring_joint4', 'hand_r_thumb_joint1', 'hand_r_thumb_joint2', 'hand_r_thumb_joint3', 'hand_r_thumb_joint4']
    dof_props: 
        stiffness: [0.37352218155860073, 0.45592448909027794, 0.24368366649522863, 0.18026971340925335, 0.3687093483646485, 0.4164253443634641, 0.22218607502059182, 0.19427606072023446, 0.3655325975433942, 0.41393113081120425, 0.22729367621965954, 0.1964723550341816, 0.35718151495111794, 0.42977315313086895, 0.24930151196247122, 0.2285032688178066, 0.40844710645048043, 0.6858601063643346, 0.2391112196099482, 0.20736128319711747]
        damping: [0.01882274330029718, 0.019798167597016643, 0.010477031953162727, 0.008240212147903584, 0.01848622487024593, 0.018032947229953678, 0.009592200014076666, 0.009152994605972402, 0.018616960278988272, 0.018732177029667153, 0.00951005441616486, 0.009017295241756363, 0.018376606800780005, 0.01867700966212433, 0.01059512121009555, 0.009917602877441107, 0.020882010257063675, 0.030610939996373314, 0.010181475050560962, 0.00909698844675045]
        friction: [0.0, 0.0, 0.0, 0.0, 0.0, 0.0, 0.0, 0.0, 0.0, 0.0, 0.0, 0.0, 0.0, 0.0, 0.0, 0.0, 0.0, 0.0, 0.0, 0.0]
        armature: [0.0005, 0.0002, 0.0002, 0.0002, 0.0005, 0.0002, 0.0002, 0.0002, 0.0005, 0.0002, 0.0002, 0.0002, 0.0005, 0.0002, 0.0002, 0.0002, 0.0005, 0.0005, 0.0002, 0.0002]
    task: 
        numActions: 20
        propDim: 40
        policyObsDim: 111
        studentInitObsDim: 55
    randomization: 
        randomize: False
    self_collision_mode: digit_filtered
train: 
    params: 
        seed: 2026092810
        algo: 
            name: a2c_continuous
        model: 
            name: continuous_a2c_logstd
        network: 
            name: actor_critic_sapg_priv
            separate: True
            space: 
                continuous: 
                    mu_activation: None
                    sigma_activation: None
                    mu_init: 
                        name: const_initializer
                        val: 0.0
                    sigma_init: 
                        name: const_initializer
                        val: -1.0
                    fixed_sigma: coef_cond
            mlp: 
                units: [512, 256, 128]
                activation: elu
                d2rl: False
                initializer: 
                    name: default
                regularizer: 
                    name: None
            rnn: 
                name: lstm
                units: 512
                layers: 1
                before_mlp: True
                layer_norm: True
            sapg_priv: 
                policy_obs_dim: 111
                privileged_obs_dim: 21
                critic_policy_contact_dim: 5
                expl_embedding_dim: 32
                encoder: 
                    units: [256, 128, 16]
                    activation: elu
                    initializer: 
                        name: default
                student_encoder: 
                    type: auto
                    init_dim: 55
                    proprio_encoder: 
                        units: [128, 64]
                        activation: elu
                        initializer: 
                            name: default
                    init_encoder: 
                        units: [128, 64]
                        activation: elu
                        initializer: 
                            name: default
                    temporal: 
                        type: tconv
                        hidden_size: 192
                        num_layers: 5
                        kernel_size: 3
                        dilation_growth: 2
                        activation: elu
                        dropout: 0.05
                    latent_head: 
                        units: [128]
                        activation: elu
                        initializer: 
                            name: default
        load_checkpoint: False
        load_path: 
        config: 
            name: expert_row3_seed2810
            full_experiment_name: expert_row3_seed2810
            env_name: rlgpu
            multi_gpu: False
            ppo: True
            mixed_precision: False
            normalize_input: True
            normalize_value: True
            value_bootstrap: False
            num_actors: 5120
            reward_shaper: 
                scale_value: 1.0
            normalize_advantage: True
            gamma: 0.998
            tau: 0.95
            learning_rate: 0.0002
            lr_schedule: adaptive
            schedule_type: standard
            kl_threshold: 0.016
            score_to_win: 100000
            max_epochs: 1000
            save_best_after: 50
            save_frequency: 250
            print_stats: True
            grad_norm: 1.0
            entropy_coef: 0
            truncate_grads: True
            e_clip: 0.2
            horizon_length: 32
            minibatch_size: 32768
            mini_epochs: 4
            critic_coef: 4
            clip_value: True
            seq_length: 32
            bounds_loss_coef: 0.0001
            defer_summaries_sec: 5
            summaries_interval_sec_min: 5
            summaries_interval_sec_max: 100
            expl_type: mixed_expl_learn_param
            player: 
                deterministic: True
                use_vecenv: True
                games_num: 1000000
                print_stats: False
            use_others_experience: lf
            off_policy_ratio: 1.0
            expl_reward_type: entropy
            expl_reward_coef_scale: 0.005
            expl_coef_block_size: 1024
            managed_checkpoints: True
            checkpoint_first_epoch: 10
            checkpoint_keep_recent: 10
            checkpoint_milestone_frequency: 500
            evaluation_frequency: 100000
pbt: 
    enabled: False
task_name: wuji_multigrasp
experiment: expert_row3_seed2810
num_envs: 5120
seed: 2026092810
torch_deterministic: False
max_iterations: 1000
physics_engine: physx
pipeline: gpu
sim_device: cuda:0
rl_device: cuda:0
graphics_device_id: -1
num_threads: 4
solver_type: 1
num_subscenes: 0
test: False
checkpoint: 
sigma: 
multi_gpu: False
asset_dir: 
capture_video: False
capture_video_freq: 1500
capture_video_len: 100
force_render: False
headless: True
Setting seed: 2026092810
self.seed = 2026092810
Started to train
Exact experiment name requested from command line: expert_row3_seed2810
/home/wangjiarui/artgym-runtime/lib/python3.8/site-packages/gym/spaces/box.py:127: UserWarning: [33mWARN: Box bound precision lowered by casting to float32[0m
  logger.warn(f"Box bound precision lowered by casting to {self.dtype}")
Not connected to PVD
+++ Using GPU PhysX
Physics Engine: PhysX
Physics Device: cuda:0
GPU Pipeline: enabled
Box(-1.0, 1.0, (20,), float32) Box(-inf, inf, (137,), float32)
seq_length: 32
current training device: cuda:0
num_minibatches: 5
build mlp: 21
build mlp: 21
build mlp: 512
build mlp: 512
RunningMeanStd:  (1,)
RunningMeanStd:  (137,)
/home/wangjiarui/artgym-multigrasp-20260928/rl_games/rl_games/algos_torch/torch_ext.py:347: UserWarning: To copy construct from a tensor, it is recommended to use sourceTensor.clone().detach() or sourceTensor.clone().detach().requires_grad_(True), rather than torch.tensor(sourceTensor).
  self.current_size = torch.tensor(size_sum, dtype = torch.int32)

Timing:
  Play time               : 10.328 s
  Update time             : 1.371 s
  Time to train epoch     : 11.699 s


Statistics:
  fps step                    : 16,382
  fps step + policy inference : 15,864
  fps total                   : 14,005
  epoch                       : 1 / 1,000
  frames                      : 163,840


Policy 0: 
Timing:
  Play time               : 9.837 s
  Update time             : 1.319 s
  Time to train epoch     : 11.156 s


Statistics:
  fps step                    : 16,957
  fps step + policy inference : 16,656
  fps total                   : 14,686
  epoch                       : 2 / 1,000
  frames                      : 327,680


Policy 0: 
Timing:
  Play time               : 9.784 s
  Update time             : 1.029 s
  Time to train epoch     : 10.814 s


Statistics:
  fps step                    : 17,033
  fps step + policy inference : 16,745
  fps total                   : 15,151
  epoch                       : 3 / 1,000
  frames                      : 491,520


Policy 0: 
Timing:
  Play time               : 9.767 s
  Update time             : 0.974 s
  Time to train epoch     : 10.741 s


Statistics:
  fps step                    : 17,051
  fps step + policy inference : 16,775
  fps total                   : 15,254
  epoch                       : 4 / 1,000
  frames                      : 655,360


Policy 0: 
Timing:
  Play time               : 9.866 s
  Update time             : 0.990 s
  Time to train epoch     : 10.856 s


Statistics:
  fps step                    : 16,884
  fps step + policy inference : 16,606
  fps total                   : 15,093
  epoch                       : 5 / 1,000
  frames                      : 819,200


Policy 0: 
Timing:
  Play time               : 9.965 s
  Update time             : 1.060 s
  Time to train epoch     : 11.025 s


Statistics:
  fps step                    : 16,717
  fps step + policy inference : 16,441
  fps total                   : 14,861
  epoch                       : 6 / 1,000
  frames                      : 983,040


Policy 0: 
Timing:
  Play time               : 10.010 s
  Update time             : 1.090 s
  Time to train epoch     : 11.100 s


Statistics:
  fps step                    : 16,650
  fps step + policy inference : 16,368
  fps total                   : 14,760
  epoch                       : 7 / 1,000
  frames                      : 1,146,880


Policy 0: 
Timing:
  Play time               : 10.116 s
  Update time             : 0.992 s
  Time to train epoch     : 11.109 s


Statistics:
  fps step                    : 16,476
  fps step + policy inference : 16,196
  fps total                   : 14,749
  epoch                       : 8 / 1,000
  frames                      : 1,310,720


Policy 0: 
Timing:
  Play time               : 10.163 s
  Update time             : 1.083 s
  Time to train epoch     : 11.247 s


Statistics:
  fps step                    : 16,409
  fps step + policy inference : 16,121
  fps total                   : 14,568
  epoch                       : 9 / 1,000
  frames                      : 1,474,560


Policy 0: 
Timing:
  Play time               : 10.345 s
  Update time             : 1.093 s
  Time to train epoch     : 11.439 s


Statistics:
  fps step                    : 16,113
  fps step + policy inference : 15,837
  fps total                   : 14,323
  epoch                       : 10 / 1,000
  frames                      : 1,638,400


Policy 0: saving next best rewards:  [-102.35]
=> saving checkpoint 'runs/expert_row3_seed2810/nn/expert_row3_seed2810.pth'
Saved recovery checkpoint runs/expert_row3_seed2810/checkpoints/epoch_000010.pth; evaluation_due=True

Timing:
  Play time               : 10.333 s
  Update time             : 1.067 s
  Time to train epoch     : 11.400 s


Statistics:
  fps step                    : 16,121
  fps step + policy inference : 15,856
  fps total                   : 14,372
  epoch                       : 11 / 1,000
  frames                      : 1,802,240


Policy 0: 
Timing:
  Play time               : 10.272 s
  Update time             : 1.075 s
  Time to train epoch     : 11.346 s


Statistics:
  fps step                    : 16,215
  fps step + policy inference : 15,951
  fps total                   : 14,440
  epoch                       : 12 / 1,000
  frames                      : 1,966,080


Policy 0: 
Timing:
  Play time               : 10.199 s
  Update time             : 1.047 s
  Time to train epoch     : 11.246 s


Statistics:
  fps step                    : 16,323
  fps step + policy inference : 16,064
  fps total                   : 14,569
  epoch                       : 13 / 1,000
  frames                      : 2,129,920


Policy 0: 
Timing:
  Play time               : 10.209 s
  Update time             : 0.964 s
  Time to train epoch     : 11.173 s


Statistics:
  fps step                    : 16,306
  fps step + policy inference : 16,049
  fps total                   : 14,663
  epoch                       : 14 / 1,000
  frames                      : 2,293,760


Policy 0: 
Timing:
  Play time               : 10.302 s
  Update time             : 1.005 s
  Time to train epoch     : 11.308 s


Statistics:
  fps step                    : 16,159
  fps step + policy inference : 15,903
  fps total                   : 14,489
  epoch                       : 15 / 1,000
  frames                      : 2,457,600


Policy 0: 
Timing:
  Play time               : 10.291 s
  Update time             : 1.094 s
  Time to train epoch     : 11.385 s


Statistics:
  fps step                    : 16,184
  fps step + policy inference : 15,921
  fps total                   : 14,391
  epoch                       : 16 / 1,000
  frames                      : 2,621,440


Policy 0: 
Timing:
  Play time               : 10.346 s
  Update time             : 0.961 s
  Time to train epoch     : 11.307 s


Statistics:
  fps step                    : 16,090
  fps step + policy inference : 15,835
  fps total                   : 14,490
  epoch                       : 17 / 1,000
  frames                      : 2,785,280


Policy 0: 
Timing:
  Play time               : 10.509 s
  Update time             : 1.029 s
  Time to train epoch     : 11.538 s


Statistics:
  fps step                    : 15,836
  fps step + policy inference : 15,591
  fps total                   : 14,200
  epoch                       : 18 / 1,000
  frames                      : 2,949,120


Policy 0: 
Timing:
  Play time               : 10.551 s
  Update time             : 1.010 s
  Time to train epoch     : 11.560 s


Statistics:
  fps step                    : 15,863
  fps step + policy inference : 15,529
  fps total                   : 14,173
  epoch                       : 19 / 1,000
  frames                      : 3,112,960


Policy 0: 
Timing:
  Play time               : 10.304 s
  Update time             : 1.016 s
  Time to train epoch     : 11.319 s


Statistics:
  fps step                    : 16,160
  fps step + policy inference : 15,901
  fps total                   : 14,474
  epoch                       : 20 / 1,000
  frames                      : 3,276,800


Policy 0: 
Timing:
  Play time               : 10.328 s
  Update time             : 0.973 s
  Time to train epoch     : 11.302 s


Statistics:
  fps step                    : 16,118
  fps step + policy inference : 15,863
  fps total                   : 14,497
  epoch                       : 21 / 1,000
  frames                      : 3,440,640


Policy 0: 
Timing:
  Play time               : 10.341 s
  Update time             : 0.983 s
  Time to train epoch     : 11.324 s


Statistics:
  fps step                    : 16,086
  fps step + policy inference : 15,843
  fps total                   : 14,468
  epoch                       : 22 / 1,000
  frames                      : 3,604,480


Policy 0: 
Timing:
  Play time               : 10.363 s
  Update time             : 0.960 s
  Time to train epoch     : 11.324 s


Statistics:
  fps step                    : 16,057
  fps step + policy inference : 15,809
  fps total                   : 14,469
  epoch                       : 23 / 1,000
  frames                      : 3,768,320


Policy 0: 
Timing:
  Play time               : 10.362 s
  Update time             : 0.877 s
  Time to train epoch     : 11.239 s


Statistics:
  fps step                    : 16,059
  fps step + policy inference : 15,812
  fps total                   : 14,578
  epoch                       : 24 / 1,000
  frames                      : 3,932,160


Policy 0: 
Timing:
  Play time               : 10.339 s
  Update time             : 0.913 s
  Time to train epoch     : 11.252 s


Statistics:
  fps step                    : 16,102
  fps step + policy inference : 15,847
  fps total                   : 14,561
  epoch                       : 25 / 1,000
  frames                      : 4,096,000


Policy 0: 
Timing:
  Play time               : 10.645 s
  Update time             : 0.894 s
  Time to train epoch     : 11.539 s


Statistics:
  fps step                    : 15,637
  fps step + policy inference : 15,391
  fps total                   : 14,199
  epoch                       : 26 / 1,000
  frames                      : 4,259,840


Policy 0: 
Timing:
  Play time               : 10.677 s
  Update time             : 1.073 s
  Time to train epoch     : 11.751 s


Statistics:
  fps step                    : 15,589
  fps step + policy inference : 15,345
  fps total                   : 13,943
  epoch                       : 27 / 1,000
  frames                      : 4,423,680


Policy 0: 
Timing:
  Play time               : 10.729 s
  Update time             : 1.073 s
  Time to train epoch     : 11.801 s


Statistics:
  fps step                    : 15,516
  fps step + policy inference : 15,271
  fps total                   : 13,883
  epoch                       : 28 / 1,000
  frames                      : 4,587,520


Policy 0: 
Timing:
  Play time               : 10.642 s
  Update time             : 0.904 s
  Time to train epoch     : 11.546 s


Statistics:
  fps step                    : 15,636
  fps step + policy inference : 15,396
  fps total                   : 14,191
  epoch                       : 29 / 1,000
  frames                      : 4,751,360


Policy 0: 
Timing:
  Play time               : 10.906 s
  Update time             : 1.028 s
  Time to train epoch     : 11.933 s


Statistics:
  fps step                    : 15,248
  fps step + policy inference : 15,023
  fps total                   : 13,729
  epoch                       : 30 / 1,000
  frames                      : 4,915,200


Policy 0: 
Timing:
  Play time               : 11.135 s
  Update time             : 1.062 s
  Time to train epoch     : 12.197 s


Statistics:
  fps step                    : 14,950
  fps step + policy inference : 14,714
  fps total                   : 13,433
  epoch                       : 31 / 1,000
  frames                      : 5,079,040


Policy 0: 
Timing:
  Play time               : 10.865 s
  Update time             : 0.916 s
  Time to train epoch     : 11.781 s


Statistics:
  fps step                    : 15,321
  fps step + policy inference : 15,080
  fps total                   : 13,907
  epoch                       : 32 / 1,000
  frames                      : 5,242,880


Policy 0: saving next best rewards:  [-101.47]
=> saving checkpoint 'runs/expert_row3_seed2810/nn/expert_row3_seed2810.pth'

Timing:
  Play time               : 10.716 s
  Update time             : 0.914 s
  Time to train epoch     : 11.630 s


Statistics:
  fps step                    : 15,540
  fps step + policy inference : 15,290
  fps total                   : 14,088
  epoch                       : 33 / 1,000
  frames                      : 5,406,720


Policy 0: saving next best rewards:  [-98.68]
=> saving checkpoint 'runs/expert_row3_seed2810/nn/expert_row3_seed2810.pth'

Timing:
  Play time               : 10.687 s
  Update time             : 0.994 s
  Time to train epoch     : 11.682 s


Statistics:
  fps step                    : 15,581
  fps step + policy inference : 15,330
  fps total                   : 14,026
  epoch                       : 34 / 1,000
  frames                      : 5,570,560


Policy 0: saving next best rewards:  [-95.4]
=> saving checkpoint 'runs/expert_row3_seed2810/nn/expert_row3_seed2810.pth'

Timing:
  Play time               : 10.670 s
  Update time             : 1.037 s
  Time to train epoch     : 11.707 s


Statistics:
  fps step                    : 15,588
  fps step + policy inference : 15,355
  fps total                   : 13,995
  epoch                       : 35 / 1,000
  frames                      : 5,734,400


Policy 0: saving next best rewards:  [-92.66]
=> saving checkpoint 'runs/expert_row3_seed2810/nn/expert_row3_seed2810.pth'

Timing:
  Play time               : 10.665 s
  Update time             : 0.969 s
  Time to train epoch     : 11.634 s


Statistics:
  fps step                    : 15,597
  fps step + policy inference : 15,362
  fps total                   : 14,083
  epoch                       : 36 / 1,000
  frames                      : 5,898,240


Policy 0: saving next best rewards:  [-89.16]
=> saving checkpoint 'runs/expert_row3_seed2810/nn/expert_row3_seed2810.pth'

Timing:
  Play time               : 10.652 s
  Update time             : 0.914 s
  Time to train epoch     : 11.566 s


Statistics:
  fps step                    : 15,616
  fps step + policy inference : 15,382
  fps total                   : 14,165
  epoch                       : 37 / 1,000
  frames                      : 6,062,080


Policy 0: saving next best rewards:  [-86.72]
=> saving checkpoint 'runs/expert_row3_seed2810/nn/expert_row3_seed2810.pth'

Timing:
  Play time               : 10.475 s
  Update time             : 0.906 s
  Time to train epoch     : 11.381 s


Statistics:
  fps step                    : 15,945
  fps step + policy inference : 15,641
  fps total                   : 14,396
  epoch                       : 38 / 1,000
  frames                      : 6,225,920


Policy 0: saving next best rewards:  [-80.96]
=> saving checkpoint 'runs/expert_row3_seed2810/nn/expert_row3_seed2810.pth'

Timing:
  Play time               : 10.242 s
  Update time             : 0.915 s
  Time to train epoch     : 11.157 s


Statistics:
  fps step                    : 16,254
  fps step + policy inference : 15,996
  fps total                   : 14,685
  epoch                       : 39 / 1,000
  frames                      : 6,389,760


Policy 0: saving next best rewards:  [-77.91]
=> saving checkpoint 'runs/expert_row3_seed2810/nn/expert_row3_seed2810.pth'

Timing:
  Play time               : 10.299 s
  Update time             : 0.927 s
  Time to train epoch     : 11.227 s


Statistics:
  fps step                    : 16,168
  fps step + policy inference : 15,908
  fps total                   : 14,594
  epoch                       : 40 / 1,000
  frames                      : 6,553,600


Policy 0: saving next best rewards:  [-75.18]
=> saving checkpoint 'runs/expert_row3_seed2810/nn/expert_row3_seed2810.pth'

Timing:
  Play time               : 10.310 s
  Update time             : 0.933 s
  Time to train epoch     : 11.243 s


Statistics:
  fps step                    : 16,142
  fps step + policy inference : 15,891
  fps total                   : 14,572
  epoch                       : 41 / 1,000
  frames                      : 6,717,440


Policy 0: saving next best rewards:  [-72.31]
=> saving checkpoint 'runs/expert_row3_seed2810/nn/expert_row3_seed2810.pth'

Timing:
  Play time               : 10.364 s
  Update time             : 0.943 s
  Time to train epoch     : 11.307 s


Statistics:
  fps step                    : 16,052
  fps step + policy inference : 15,809
  fps total                   : 14,490
  epoch                       : 42 / 1,000
  frames                      : 6,881,280


Policy 0: saving next best rewards:  [-69.78]
=> saving checkpoint 'runs/expert_row3_seed2810/nn/expert_row3_seed2810.pth'

Timing:
  Play time               : 10.435 s
  Update time             : 0.977 s
  Time to train epoch     : 11.412 s


Statistics:
  fps step                    : 15,951
  fps step + policy inference : 15,701
  fps total                   : 14,357
  epoch                       : 43 / 1,000
  frames                      : 7,045,120


Policy 0: saving next best rewards:  [-66.88]
=> saving checkpoint 'runs/expert_row3_seed2810/nn/expert_row3_seed2810.pth'

Timing:
  Play time               : 10.395 s
  Update time             : 0.988 s
  Time to train epoch     : 11.383 s


Statistics:
  fps step                    : 16,008
  fps step + policy inference : 15,762
  fps total                   : 14,393
  epoch                       : 44 / 1,000
  frames                      : 7,208,960


Policy 0: saving next best rewards:  [-64.05]
=> saving checkpoint 'runs/expert_row3_seed2810/nn/expert_row3_seed2810.pth'

Timing:
  Play time               : 10.365 s
  Update time             : 0.914 s
  Time to train epoch     : 11.280 s


Statistics:
  fps step                    : 16,054
  fps step + policy inference : 15,807
  fps total                   : 14,525
  epoch                       : 45 / 1,000
  frames                      : 7,372,800


Policy 0: saving next best rewards:  [-61.41]
=> saving checkpoint 'runs/expert_row3_seed2810/nn/expert_row3_seed2810.pth'

Timing:
  Play time               : 10.372 s
  Update time             : 0.899 s
  Time to train epoch     : 11.271 s


Statistics:
  fps step                    : 16,046
  fps step + policy inference : 15,796
  fps total                   : 14,536
  epoch                       : 46 / 1,000
  frames                      : 7,536,640


Policy 0: saving next best rewards:  [-59.9]
=> saving checkpoint 'runs/expert_row3_seed2810/nn/expert_row3_seed2810.pth'

Timing:
  Play time               : 10.390 s
  Update time             : 0.918 s
  Time to train epoch     : 11.308 s


Statistics:
  fps step                    : 16,018
  fps step + policy inference : 15,768
  fps total                   : 14,489
  epoch                       : 47 / 1,000
  frames                      : 7,700,480


Policy 0: saving next best rewards:  [-56.9]
=> saving checkpoint 'runs/expert_row3_seed2810/nn/expert_row3_seed2810.pth'

Timing:
  Play time               : 10.388 s
  Update time             : 0.879 s
  Time to train epoch     : 11.268 s


Statistics:
  fps step                    : 16,017
  fps step + policy inference : 15,771
  fps total                   : 14,541
  epoch                       : 48 / 1,000
  frames                      : 7,864,320


Policy 0: saving next best rewards:  [-54.3]
=> saving checkpoint 'runs/expert_row3_seed2810/nn/expert_row3_seed2810.pth'

Timing:
  Play time               : 10.341 s
  Update time             : 0.887 s
  Time to train epoch     : 11.228 s


Statistics:
  fps step                    : 16,093
  fps step + policy inference : 15,844
  fps total                   : 14,592
  epoch                       : 49 / 1,000
  frames                      : 8,028,160


Policy 0: saving next best rewards:  [-51.79]
=> saving checkpoint 'runs/expert_row3_seed2810/nn/expert_row3_seed2810.pth'

Timing:
  Play time               : 10.332 s
  Update time             : 0.903 s
  Time to train epoch     : 11.235 s


Statistics:
  fps step                    : 16,104
  fps step + policy inference : 15,858
  fps total                   : 14,583
  epoch                       : 50 / 1,000
  frames                      : 8,192,000


Policy 0: saving next best rewards:  [-48.69]
=> saving checkpoint 'runs/expert_row3_seed2810/nn/expert_row3_seed2810.pth'

Timing:
  Play time               : 10.310 s
  Update time             : 0.976 s
  Time to train epoch     : 11.287 s


Statistics:
  fps step                    : 16,139
  fps step + policy inference : 15,891
  fps total                   : 14,516
  epoch                       : 51 / 1,000
  frames                      : 8,355,840


Policy 0: saving next best rewards:  [-46.33]
=> saving checkpoint 'runs/expert_row3_seed2810/nn/expert_row3_seed2810.pth'

Timing:
  Play time               : 10.281 s
  Update time             : 0.968 s
  Time to train epoch     : 11.249 s


Statistics:
  fps step                    : 16,190
  fps step + policy inference : 15,936
  fps total                   : 14,565
  epoch                       : 52 / 1,000
  frames                      : 8,519,680


Policy 0: saving next best rewards:  [-43.44]
=> saving checkpoint 'runs/expert_row3_seed2810/nn/expert_row3_seed2810.pth'

Timing:
  Play time               : 10.310 s
  Update time             : 0.967 s
  Time to train epoch     : 11.277 s


Statistics:
  fps step                    : 16,140
  fps step + policy inference : 15,891
  fps total                   : 14,528
  epoch                       : 53 / 1,000
  frames                      : 8,683,520


Policy 0: saving next best rewards:  [-39.99]
=> saving checkpoint 'runs/expert_row3_seed2810/nn/expert_row3_seed2810.pth'

Timing:
  Play time               : 10.310 s
  Update time             : 0.966 s
  Time to train epoch     : 11.276 s


Statistics:
  fps step                    : 16,144
  fps step + policy inference : 15,892
  fps total                   : 14,530
  epoch                       : 54 / 1,000
  frames                      : 8,847,360


Policy 0: saving next best rewards:  [-38.33]
=> saving checkpoint 'runs/expert_row3_seed2810/nn/expert_row3_seed2810.pth'

Timing:
  Play time               : 10.320 s
  Update time             : 0.909 s
  Time to train epoch     : 11.229 s


Statistics:
  fps step                    : 16,141
  fps step + policy inference : 15,876
  fps total                   : 14,591
  epoch                       : 55 / 1,000
  frames                      : 9,011,200


Policy 0: saving next best rewards:  [-34.92]
=> saving checkpoint 'runs/expert_row3_seed2810/nn/expert_row3_seed2810.pth'

Timing:
  Play time               : 10.256 s
  Update time             : 0.894 s
  Time to train epoch     : 11.151 s


Statistics:
  fps step                    : 16,232
  fps step + policy inference : 15,974
  fps total                   : 14,693
  epoch                       : 56 / 1,000
  frames                      : 9,175,040


Policy 0: saving next best rewards:  [-31.2]
=> saving checkpoint 'runs/expert_row3_seed2810/nn/expert_row3_seed2810.pth'

Timing:
  Play time               : 10.166 s
  Update time             : 0.914 s
  Time to train epoch     : 11.080 s


Statistics:
  fps step                    : 16,432
  fps step + policy inference : 16,116
  fps total                   : 14,787
  epoch                       : 57 / 1,000
  frames                      : 9,338,880


Policy 0: saving next best rewards:  [-25.73]
=> saving checkpoint 'runs/expert_row3_seed2810/nn/expert_row3_seed2810.pth'

Timing:
  Play time               : 10.082 s
  Update time             : 0.923 s
  Time to train epoch     : 11.005 s


Statistics:
  fps step                    : 16,519
  fps step + policy inference : 16,251
  fps total                   : 14,887
  epoch                       : 58 / 1,000
  frames                      : 9,502,720


Policy 0: saving next best rewards:  [-23.44]
=> saving checkpoint 'runs/expert_row3_seed2810/nn/expert_row3_seed2810.pth'

Timing:
  Play time               : 10.219 s
  Update time             : 0.901 s
  Time to train epoch     : 11.120 s


Statistics:
  fps step                    : 16,290
  fps step + policy inference : 16,033
  fps total                   : 14,734
  epoch                       : 59 / 1,000
  frames                      : 9,666,560


Policy 0: saving next best rewards:  [-20.54]
=> saving checkpoint 'runs/expert_row3_seed2810/nn/expert_row3_seed2810.pth'

Timing:
  Play time               : 10.103 s
  Update time             : 0.935 s
  Time to train epoch     : 11.038 s


Statistics:
  fps step                    : 16,476
  fps step + policy inference : 16,218
  fps total                   : 14,843
  epoch                       : 60 / 1,000
  frames                      : 9,830,400


Policy 0: saving next best rewards:  [-17.55]
=> saving checkpoint 'runs/expert_row3_seed2810/nn/expert_row3_seed2810.pth'

Timing:
  Play time               : 10.115 s
  Update time             : 0.926 s
  Time to train epoch     : 11.041 s


Statistics:
  fps step                    : 16,458
  fps step + policy inference : 16,198
  fps total                   : 14,839
  epoch                       : 61 / 1,000
  frames                      : 9,994,240


Policy 0: saving next best rewards:  [-14.04]
=> saving checkpoint 'runs/expert_row3_seed2810/nn/expert_row3_seed2810.pth'

Timing:
  Play time               : 10.374 s
  Update time             : 0.944 s
  Time to train epoch     : 11.318 s


Statistics:
  fps step                    : 16,041
  fps step + policy inference : 15,794
  fps total                   : 14,476
  epoch                       : 62 / 1,000
  frames                      : 10,158,080


Policy 0: saving next best rewards:  [-11.05]
=> saving checkpoint 'runs/expert_row3_seed2810/nn/expert_row3_seed2810.pth'

Timing:
  Play time               : 10.321 s
  Update time             : 0.935 s
  Time to train epoch     : 11.257 s


Statistics:
  fps step                    : 16,122
  fps step + policy inference : 15,874
  fps total                   : 14,555
  epoch                       : 63 / 1,000
  frames                      : 10,321,920


Policy 0: saving next best rewards:  [-7.47]
=> saving checkpoint 'runs/expert_row3_seed2810/nn/expert_row3_seed2810.pth'

Timing:
  Play time               : 10.441 s
  Update time             : 0.925 s
  Time to train epoch     : 11.366 s


Statistics:
  fps step                    : 15,933
  fps step + policy inference : 15,692
  fps total                   : 14,414
  epoch                       : 64 / 1,000
  frames                      : 10,485,760


Policy 0: saving next best rewards:  [-4.95]
=> saving checkpoint 'runs/expert_row3_seed2810/nn/expert_row3_seed2810.pth'

Timing:
  Play time               : 10.634 s
  Update time             : 0.986 s
  Time to train epoch     : 11.620 s


Statistics:
  fps step                    : 15,646
  fps step + policy inference : 15,408
  fps total                   : 14,100
  epoch                       : 65 / 1,000
  frames                      : 10,649,600


Policy 0: saving next best rewards:  [-1.56]
=> saving checkpoint 'runs/expert_row3_seed2810/nn/expert_row3_seed2810.pth'

Timing:
  Play time               : 10.417 s
  Update time             : 0.927 s
  Time to train epoch     : 11.343 s


Statistics:
  fps step                    : 15,988
  fps step + policy inference : 15,729
  fps total                   : 14,444
  epoch                       : 66 / 1,000
  frames                      : 10,813,440


Policy 0: saving next best rewards:  [1.34]
=> saving checkpoint 'runs/expert_row3_seed2810/nn/expert_row3_seed2810.pth'

Timing:
  Play time               : 10.403 s
  Update time             : 0.887 s
  Time to train epoch     : 11.290 s


Statistics:
  fps step                    : 15,997
  fps step + policy inference : 15,749
  fps total                   : 14,512
  epoch                       : 67 / 1,000
  frames                      : 10,977,280


Policy 0: saving next best rewards:  [3.63]
=> saving checkpoint 'runs/expert_row3_seed2810/nn/expert_row3_seed2810.pth'

Timing:
  Play time               : 10.419 s
  Update time             : 0.914 s
  Time to train epoch     : 11.333 s


Statistics:
  fps step                    : 15,979
  fps step + policy inference : 15,726
  fps total                   : 14,457
  epoch                       : 68 / 1,000
  frames                      : 11,141,120


Policy 0: saving next best rewards:  [6.63]
=> saving checkpoint 'runs/expert_row3_seed2810/nn/expert_row3_seed2810.pth'

Timing:
  Play time               : 10.434 s
  Update time             : 0.885 s
  Time to train epoch     : 11.319 s


Statistics:
  fps step                    : 15,953
  fps step + policy inference : 15,702
  fps total                   : 14,475
  epoch                       : 69 / 1,000
  frames                      : 11,304,960


Policy 0: saving next best rewards:  [9.84]
=> saving checkpoint 'runs/expert_row3_seed2810/nn/expert_row3_seed2810.pth'

Timing:
  Play time               : 10.420 s
  Update time             : 0.873 s
  Time to train epoch     : 11.292 s


Statistics:
  fps step                    : 15,973
  fps step + policy inference : 15,724
  fps total                   : 14,509
  epoch                       : 70 / 1,000
  frames                      : 11,468,800


Policy 0: saving next best rewards:  [12.78]
=> saving checkpoint 'runs/expert_row3_seed2810/nn/expert_row3_seed2810.pth'

Timing:
  Play time               : 10.398 s
  Update time             : 0.885 s
  Time to train epoch     : 11.283 s


Statistics:
  fps step                    : 16,001
  fps step + policy inference : 15,756
  fps total                   : 14,521
  epoch                       : 71 / 1,000
  frames                      : 11,632,640


Policy 0: saving next best rewards:  [15.41]
=> saving checkpoint 'runs/expert_row3_seed2810/nn/expert_row3_seed2810.pth'

Timing:
  Play time               : 10.380 s
  Update time             : 0.885 s
  Time to train epoch     : 11.265 s


Statistics:
  fps step                    : 16,026
  fps step + policy inference : 15,784
  fps total                   : 14,544
  epoch                       : 72 / 1,000
  frames                      : 11,796,480


Policy 0: saving next best rewards:  [18.19]
=> saving checkpoint 'runs/expert_row3_seed2810/nn/expert_row3_seed2810.pth'

Timing:
  Play time               : 10.352 s
  Update time             : 0.895 s
  Time to train epoch     : 11.247 s


Statistics:
  fps step                    : 16,076
  fps step + policy inference : 15,827
  fps total                   : 14,568
  epoch                       : 73 / 1,000
  frames                      : 11,960,320


Policy 0: saving next best rewards:  [21.64]
=> saving checkpoint 'runs/expert_row3_seed2810/nn/expert_row3_seed2810.pth'

Timing:
  Play time               : 10.228 s
  Update time             : 0.895 s
  Time to train epoch     : 11.123 s


Statistics:
  fps step                    : 16,271
  fps step + policy inference : 16,018
  fps total                   : 14,730
  epoch                       : 74 / 1,000
  frames                      : 12,124,160


Policy 0: saving next best rewards:  [24.79]
=> saving checkpoint 'runs/expert_row3_seed2810/nn/expert_row3_seed2810.pth'

Timing:
  Play time               : 10.281 s
  Update time             : 0.936 s
  Time to train epoch     : 11.217 s


Statistics:
  fps step                    : 16,240
  fps step + policy inference : 15,936
  fps total                   : 14,606
  epoch                       : 75 / 1,000
  frames                      : 12,288,000


Policy 0: saving next best rewards:  [29.16]
=> saving checkpoint 'runs/expert_row3_seed2810/nn/expert_row3_seed2810.pth'

Timing:
  Play time               : 10.190 s
  Update time             : 0.989 s
  Time to train epoch     : 11.179 s


Statistics:
  fps step                    : 16,348
  fps step + policy inference : 16,078
  fps total                   : 14,657
  epoch                       : 76 / 1,000
  frames                      : 12,451,840


Policy 0: saving next best rewards:  [32.2]
=> saving checkpoint 'runs/expert_row3_seed2810/nn/expert_row3_seed2810.pth'

Timing:
  Play time               : 10.117 s
  Update time             : 1.006 s
  Time to train epoch     : 11.123 s


Statistics:
  fps step                    : 16,466
  fps step + policy inference : 16,195
  fps total                   : 14,730
  epoch                       : 77 / 1,000
  frames                      : 12,615,680


Policy 0: saving next best rewards:  [34.63]
=> saving checkpoint 'runs/expert_row3_seed2810/nn/expert_row3_seed2810.pth'

Timing:
  Play time               : 10.091 s
  Update time             : 0.938 s
  Time to train epoch     : 11.029 s


Statistics:
  fps step                    : 16,504
  fps step + policy inference : 16,236
  fps total                   : 14,855
  epoch                       : 78 / 1,000
  frames                      : 12,779,520


Policy 0: saving next best rewards:  [37.11]
=> saving checkpoint 'runs/expert_row3_seed2810/nn/expert_row3_seed2810.pth'

Timing:
  Play time               : 10.071 s
  Update time             : 0.899 s
  Time to train epoch     : 10.970 s


Statistics:
  fps step                    : 16,541
  fps step + policy inference : 16,269
  fps total                   : 14,936
  epoch                       : 79 / 1,000
  frames                      : 12,943,360


Policy 0: saving next best rewards:  [39.78]
=> saving checkpoint 'runs/expert_row3_seed2810/nn/expert_row3_seed2810.pth'

Timing:
  Play time               : 10.344 s
  Update time             : 0.992 s
  Time to train epoch     : 11.336 s


Statistics:
  fps step                    : 16,115
  fps step + policy inference : 15,839
  fps total                   : 14,453
  epoch                       : 80 / 1,000
  frames                      : 13,107,200


Policy 0: saving next best rewards:  [43.08]
=> saving checkpoint 'runs/expert_row3_seed2810/nn/expert_row3_seed2810.pth'

Timing:
  Play time               : 10.686 s
  Update time             : 1.569 s
  Time to train epoch     : 12.254 s


Statistics:
  fps step                    : 15,623
  fps step + policy inference : 15,333
  fps total                   : 13,370
  epoch                       : 81 / 1,000
  frames                      : 13,271,040


Policy 0: saving next best rewards:  [45.62]
=> saving checkpoint 'runs/expert_row3_seed2810/nn/expert_row3_seed2810.pth'

Timing:
  Play time               : 10.357 s
  Update time             : 1.710 s
  Time to train epoch     : 12.067 s


Statistics:
  fps step                    : 16,122
  fps step + policy inference : 15,820
  fps total                   : 13,578
  epoch                       : 82 / 1,000
  frames                      : 13,434,880


Policy 0: saving next best rewards:  [49.24]
=> saving checkpoint 'runs/expert_row3_seed2810/nn/expert_row3_seed2810.pth'

Timing:
  Play time               : 10.402 s
  Update time             : 1.322 s
  Time to train epoch     : 11.724 s


Statistics:
  fps step                    : 16,041
  fps step + policy inference : 15,751
  fps total                   : 13,975
  epoch                       : 83 / 1,000
  frames                      : 13,598,720


Policy 0: saving next best rewards:  [52.62]
=> saving checkpoint 'runs/expert_row3_seed2810/nn/expert_row3_seed2810.pth'

Timing:
  Play time               : 10.460 s
  Update time             : 1.115 s
  Time to train epoch     : 11.574 s


Statistics:
  fps step                    : 15,948
  fps step + policy inference : 15,664
  fps total                   : 14,155
  epoch                       : 84 / 1,000
  frames                      : 13,762,560


Policy 0: saving next best rewards:  [55.4]
=> saving checkpoint 'runs/expert_row3_seed2810/nn/expert_row3_seed2810.pth'

Timing:
  Play time               : 10.426 s
  Update time             : 1.197 s
  Time to train epoch     : 11.623 s


Statistics:
  fps step                    : 16,008
  fps step + policy inference : 15,714
  fps total                   : 14,096
  epoch                       : 85 / 1,000
  frames                      : 13,926,400


Policy 0: saving next best rewards:  [58.67]
=> saving checkpoint 'runs/expert_row3_seed2810/nn/expert_row3_seed2810.pth'

Timing:
  Play time               : 10.422 s
  Update time             : 1.117 s
  Time to train epoch     : 11.539 s


Statistics:
  fps step                    : 15,997
  fps step + policy inference : 15,721
  fps total                   : 14,199
  epoch                       : 86 / 1,000
  frames                      : 14,090,240


Policy 0: saving next best rewards:  [61.16]
=> saving checkpoint 'runs/expert_row3_seed2810/nn/expert_row3_seed2810.pth'

Timing:
  Play time               : 10.219 s
  Update time             : 1.193 s
  Time to train epoch     : 11.413 s


Statistics:
  fps step                    : 16,333
  fps step + policy inference : 16,032
  fps total                   : 14,356
  epoch                       : 87 / 1,000
  frames                      : 14,254,080


Policy 0: saving next best rewards:  [63.52]
=> saving checkpoint 'runs/expert_row3_seed2810/nn/expert_row3_seed2810.pth'

Timing:
  Play time               : 10.484 s
  Update time             : 1.048 s
  Time to train epoch     : 11.533 s


Statistics:
  fps step                    : 15,915
  fps step + policy inference : 15,627
  fps total                   : 14,206
  epoch                       : 88 / 1,000
  frames                      : 14,417,920


Policy 0: saving next best rewards:  [66.39]
=> saving checkpoint 'runs/expert_row3_seed2810/nn/expert_row3_seed2810.pth'

Timing:
  Play time               : 10.470 s
  Update time             : 1.092 s
  Time to train epoch     : 11.562 s


Statistics:
  fps step                    : 15,947
  fps step + policy inference : 15,648
  fps total                   : 14,171
  epoch                       : 89 / 1,000
  frames                      : 14,581,760


Policy 0: saving next best rewards:  [69.51]
=> saving checkpoint 'runs/expert_row3_seed2810/nn/expert_row3_seed2810.pth'

Timing:
  Play time               : 10.347 s
  Update time             : 1.129 s
  Time to train epoch     : 11.476 s


Statistics:
  fps step                    : 16,125
  fps step + policy inference : 15,834
  fps total                   : 14,276
  epoch                       : 90 / 1,000
  frames                      : 14,745,600


Policy 0: saving next best rewards:  [72.06]
=> saving checkpoint 'runs/expert_row3_seed2810/nn/expert_row3_seed2810.pth'

Timing:
  Play time               : 10.432 s
  Update time             : 1.166 s
  Time to train epoch     : 11.598 s


Statistics:
  fps step                    : 15,991
  fps step + policy inference : 15,706
  fps total                   : 14,126
  epoch                       : 91 / 1,000
  frames                      : 14,909,440


Policy 0: saving next best rewards:  [75.15]
=> saving checkpoint 'runs/expert_row3_seed2810/nn/expert_row3_seed2810.pth'

Timing:
  Play time               : 10.637 s
  Update time             : 1.130 s
  Time to train epoch     : 11.766 s


Statistics:
  fps step                    : 15,679
  fps step + policy inference : 15,404
  fps total                   : 13,925
  epoch                       : 92 / 1,000
  frames                      : 15,073,280


Policy 0: saving next best rewards:  [78.69]
=> saving checkpoint 'runs/expert_row3_seed2810/nn/expert_row3_seed2810.pth'

Timing:
  Play time               : 10.553 s
  Update time             : 1.096 s
  Time to train epoch     : 11.649 s


Statistics:
  fps step                    : 15,801
  fps step + policy inference : 15,526
  fps total                   : 14,065
  epoch                       : 93 / 1,000
  frames                      : 15,237,120


Policy 0: saving next best rewards:  [81.45]
=> saving checkpoint 'runs/expert_row3_seed2810/nn/expert_row3_seed2810.pth'

Timing:
  Play time               : 10.283 s
  Update time             : 1.108 s
  Time to train epoch     : 11.391 s


Statistics:
  fps step                    : 16,260
  fps step + policy inference : 15,934
  fps total                   : 14,383
  epoch                       : 94 / 1,000
  frames                      : 15,400,960


Policy 0: saving next best rewards:  [85.13]
=> saving checkpoint 'runs/expert_row3_seed2810/nn/expert_row3_seed2810.pth'

Timing:
  Play time               : 10.678 s
  Update time             : 1.173 s
  Time to train epoch     : 11.851 s


Statistics:
  fps step                    : 15,631
  fps step + policy inference : 15,343
  fps total                   : 13,825
  epoch                       : 95 / 1,000
  frames                      : 15,564,800


Policy 0: saving next best rewards:  [88.07]
=> saving checkpoint 'runs/expert_row3_seed2810/nn/expert_row3_seed2810.pth'

Timing:
  Play time               : 10.460 s
  Update time             : 1.210 s
  Time to train epoch     : 11.671 s


Statistics:
  fps step                    : 15,975
  fps step + policy inference : 15,663
  fps total                   : 14,039
  epoch                       : 96 / 1,000
  frames                      : 15,728,640


Policy 0: saving next best rewards:  [90.26]
=> saving checkpoint 'runs/expert_row3_seed2810/nn/expert_row3_seed2810.pth'

Timing:
  Play time               : 10.387 s
  Update time             : 1.137 s
  Time to train epoch     : 11.524 s


Statistics:
  fps step                    : 16,067
  fps step + policy inference : 15,774
  fps total                   : 14,217
  epoch                       : 97 / 1,000
  frames                      : 15,892,480


Policy 0: saving next best rewards:  [92.84]
=> saving checkpoint 'runs/expert_row3_seed2810/nn/expert_row3_seed2810.pth'

Timing:
  Play time               : 10.368 s
  Update time             : 1.130 s
  Time to train epoch     : 11.498 s


Statistics:
  fps step                    : 16,089
  fps step + policy inference : 15,802
  fps total                   : 14,249
  epoch                       : 98 / 1,000
  frames                      : 16,056,320


Policy 0: saving next best rewards:  [95.1]
=> saving checkpoint 'runs/expert_row3_seed2810/nn/expert_row3_seed2810.pth'

Timing:
  Play time               : 10.337 s
  Update time             : 1.119 s
  Time to train epoch     : 11.456 s


Statistics:
  fps step                    : 16,139
  fps step + policy inference : 15,849
  fps total                   : 14,301
  epoch                       : 99 / 1,000
  frames                      : 16,220,160


Policy 0: saving next best rewards:  [98.01]
=> saving checkpoint 'runs/expert_row3_seed2810/nn/expert_row3_seed2810.pth'

Timing:
  Play time               : 10.411 s
  Update time             : 1.109 s
  Time to train epoch     : 11.521 s


Statistics:
  fps step                    : 16,028
  fps step + policy inference : 15,737
  fps total                   : 14,221
  epoch                       : 100 / 1,000
  frames                      : 16,384,000


Policy 0: saving next best rewards:  [100.93]
=> saving checkpoint 'runs/expert_row3_seed2810/nn/expert_row3_seed2810.pth'

Timing:
  Play time               : 10.160 s
  Update time             : 1.092 s
  Time to train epoch     : 11.253 s


Statistics:
  fps step                    : 16,416
  fps step + policy inference : 16,126
  fps total                   : 14,560
  epoch                       : 101 / 1,000
  frames                      : 16,547,840


Policy 0: saving next best rewards:  [103.52]
=> saving checkpoint 'runs/expert_row3_seed2810/nn/expert_row3_seed2810.pth'

Timing:
  Play time               : 10.454 s
  Update time             : 1.093 s
  Time to train epoch     : 11.547 s


Statistics:
  fps step                    : 15,956
  fps step + policy inference : 15,673
  fps total                   : 14,189
  epoch                       : 102 / 1,000
  frames                      : 16,711,680


Policy 0: saving next best rewards:  [105.93]
=> saving checkpoint 'runs/expert_row3_seed2810/nn/expert_row3_seed2810.pth'

Timing:
  Play time               : 10.440 s
  Update time             : 1.137 s
  Time to train epoch     : 11.577 s


Statistics:
  fps step                    : 15,988
  fps step + policy inference : 15,693
  fps total                   : 14,152
  epoch                       : 103 / 1,000
  frames                      : 16,875,520


Policy 0: saving next best rewards:  [108.66]
=> saving checkpoint 'runs/expert_row3_seed2810/nn/expert_row3_seed2810.pth'

Timing:
  Play time               : 10.305 s
  Update time             : 1.098 s
  Time to train epoch     : 11.403 s


Statistics:
  fps step                    : 16,187
  fps step + policy inference : 15,899
  fps total                   : 14,369
  epoch                       : 104 / 1,000
  frames                      : 17,039,360


Policy 0: saving next best rewards:  [111.01]
=> saving checkpoint 'runs/expert_row3_seed2810/nn/expert_row3_seed2810.pth'

Timing:
  Play time               : 10.430 s
  Update time             : 0.996 s
  Time to train epoch     : 11.426 s


Statistics:
  fps step                    : 16,000
  fps step + policy inference : 15,709
  fps total                   : 14,340
  epoch                       : 105 / 1,000
  frames                      : 17,203,200


Policy 0: saving next best rewards:  [112.94]
=> saving checkpoint 'runs/expert_row3_seed2810/nn/expert_row3_seed2810.pth'

Timing:
  Play time               : 10.413 s
  Update time             : 1.132 s
  Time to train epoch     : 11.545 s


Statistics:
  fps step                    : 16,028
  fps step + policy inference : 15,734
  fps total                   : 14,191
  epoch                       : 106 / 1,000
  frames                      : 17,367,040


Policy 0: saving next best rewards:  [114.6]
=> saving checkpoint 'runs/expert_row3_seed2810/nn/expert_row3_seed2810.pth'

Timing:
  Play time               : 10.358 s
  Update time             : 1.119 s
  Time to train epoch     : 11.477 s


Statistics:
  fps step                    : 16,104
  fps step + policy inference : 15,818
  fps total                   : 14,275
  epoch                       : 107 / 1,000
  frames                      : 17,530,880


Policy 0: saving next best rewards:  [117.61]
=> saving checkpoint 'runs/expert_row3_seed2810/nn/expert_row3_seed2810.pth'

Timing:
  Play time               : 10.281 s
  Update time             : 0.957 s
  Time to train epoch     : 11.238 s


Statistics:
  fps step                    : 16,217
  fps step + policy inference : 15,937
  fps total                   : 14,579
  epoch                       : 108 / 1,000
  frames                      : 17,694,720


Policy 0: saving next best rewards:  [120.32]
=> saving checkpoint 'runs/expert_row3_seed2810/nn/expert_row3_seed2810.pth'

Timing:
  Play time               : 10.494 s
  Update time             : 1.172 s
  Time to train epoch     : 11.666 s


Statistics:
  fps step                    : 15,884
  fps step + policy inference : 15,613
  fps total                   : 14,044
  epoch                       : 109 / 1,000
  frames                      : 17,858,560


Policy 0: saving next best rewards:  [123.07]
=> saving checkpoint 'runs/expert_row3_seed2810/nn/expert_row3_seed2810.pth'

Timing:
  Play time               : 10.629 s
  Update time             : 1.139 s
  Time to train epoch     : 11.768 s


Statistics:
  fps step                    : 15,706
  fps step + policy inference : 15,414
  fps total                   : 13,923
  epoch                       : 110 / 1,000
  frames                      : 18,022,400


Policy 0: saving next best rewards:  [125.13]
=> saving checkpoint 'runs/expert_row3_seed2810/nn/expert_row3_seed2810.pth'

Timing:
  Play time               : 10.493 s
  Update time             : 0.961 s
  Time to train epoch     : 11.455 s


Statistics:
  fps step                    : 15,905
  fps step + policy inference : 15,614
  fps total                   : 14,303
  epoch                       : 111 / 1,000
  frames                      : 18,186,240


Policy 0: saving next best rewards:  [127.99]
=> saving checkpoint 'runs/expert_row3_seed2810/nn/expert_row3_seed2810.pth'

Timing:
  Play time               : 10.455 s
  Update time             : 0.962 s
  Time to train epoch     : 11.417 s


Statistics:
  fps step                    : 15,955
  fps step + policy inference : 15,671
  fps total                   : 14,351
  epoch                       : 112 / 1,000
  frames                      : 18,350,080


Policy 0: saving next best rewards:  [130.36]
=> saving checkpoint 'runs/expert_row3_seed2810/nn/expert_row3_seed2810.pth'

Timing:
  Play time               : 10.613 s
  Update time             : 1.204 s
  Time to train epoch     : 11.817 s


Statistics:
  fps step                    : 15,757
  fps step + policy inference : 15,437
  fps total                   : 13,865
  epoch                       : 113 / 1,000
  frames                      : 18,513,920


Policy 0: saving next best rewards:  [134.69]
=> saving checkpoint 'runs/expert_row3_seed2810/nn/expert_row3_seed2810.pth'

Timing:
  Play time               : 10.260 s
  Update time             : 1.150 s
  Time to train epoch     : 11.410 s


Statistics:
  fps step                    : 16,248
  fps step + policy inference : 15,969
  fps total                   : 14,360
  epoch                       : 114 / 1,000
  frames                      : 18,677,760


Policy 0: saving next best rewards:  [137.36]
=> saving checkpoint 'runs/expert_row3_seed2810/nn/expert_row3_seed2810.pth'

Timing:
  Play time               : 10.349 s
  Update time             : 1.135 s
  Time to train epoch     : 11.484 s


Statistics:
  fps step                    : 16,123
  fps step + policy inference : 15,832
  fps total                   : 14,266
  epoch                       : 115 / 1,000
  frames                      : 18,841,600


Policy 0: saving next best rewards:  [139.7]
=> saving checkpoint 'runs/expert_row3_seed2810/nn/expert_row3_seed2810.pth'

Timing:
  Play time               : 10.281 s
  Update time             : 1.137 s
  Time to train epoch     : 11.418 s


Statistics:
  fps step                    : 16,236
  fps step + policy inference : 15,937
  fps total                   : 14,349
  epoch                       : 116 / 1,000
  frames                      : 19,005,440


Policy 0: saving next best rewards:  [141.89]
=> saving checkpoint 'runs/expert_row3_seed2810/nn/expert_row3_seed2810.pth'

Timing:
  Play time               : 10.152 s
  Update time             : 1.134 s
  Time to train epoch     : 11.286 s


Statistics:
  fps step                    : 16,421
  fps step + policy inference : 16,139
  fps total                   : 14,517
  epoch                       : 117 / 1,000
  frames                      : 19,169,280


Policy 0: saving next best rewards:  [144.62]
=> saving checkpoint 'runs/expert_row3_seed2810/nn/expert_row3_seed2810.pth'

Timing:
  Play time               : 10.479 s
  Update time             : 1.129 s
  Time to train epoch     : 11.608 s


Statistics:
  fps step                    : 15,930
  fps step + policy inference : 15,635
  fps total                   : 14,114
  epoch                       : 118 / 1,000
  frames                      : 19,333,120


Policy 0: saving next best rewards:  [146.71]
=> saving checkpoint 'runs/expert_row3_seed2810/nn/expert_row3_seed2810.pth'

Timing:
  Play time               : 10.279 s
  Update time             : 1.049 s
  Time to train epoch     : 11.328 s


Statistics:
  fps step                    : 16,229
  fps step + policy inference : 15,939
  fps total                   : 14,463
  epoch                       : 119 / 1,000
  frames                      : 19,496,960


Policy 0: saving next best rewards:  [149.2]
=> saving checkpoint 'runs/expert_row3_seed2810/nn/expert_row3_seed2810.pth'

Timing:
  Play time               : 10.348 s
  Update time             : 1.142 s
  Time to train epoch     : 11.489 s


Statistics:
  fps step                    : 16,126
  fps step + policy inference : 15,834
  fps total                   : 14,260
  epoch                       : 120 / 1,000
  frames                      : 19,660,800


Policy 0: saving next best rewards:  [151.54]
=> saving checkpoint 'runs/expert_row3_seed2810/nn/expert_row3_seed2810.pth'

Timing:
  Play time               : 10.401 s
  Update time             : 1.113 s
  Time to train epoch     : 11.514 s


Statistics:
  fps step                    : 16,056
  fps step + policy inference : 15,752
  fps total                   : 14,230
  epoch                       : 121 / 1,000
  frames                      : 19,824,640


Policy 0: saving next best rewards:  [153.72]
=> saving checkpoint 'runs/expert_row3_seed2810/nn/expert_row3_seed2810.pth'

Timing:
  Play time               : 10.365 s
  Update time             : 1.179 s
  Time to train epoch     : 11.544 s


Statistics:
  fps step                    : 16,119
  fps step + policy inference : 15,808
  fps total                   : 14,193
  epoch                       : 122 / 1,000
  frames                      : 19,988,480


Policy 0: saving next best rewards:  [155.3]
=> saving checkpoint 'runs/expert_row3_seed2810/nn/expert_row3_seed2810.pth'

Timing:
  Play time               : 10.364 s
  Update time             : 1.142 s
  Time to train epoch     : 11.506 s


Statistics:
  fps step                    : 16,096
  fps step + policy inference : 15,808
  fps total                   : 14,239
  epoch                       : 123 / 1,000
  frames                      : 20,152,320


Policy 0: saving next best rewards:  [156.58]
=> saving checkpoint 'runs/expert_row3_seed2810/nn/expert_row3_seed2810.pth'

Timing:
  Play time               : 10.241 s
  Update time             : 1.107 s
  Time to train epoch     : 11.349 s


Statistics:
  fps step                    : 16,279
  fps step + policy inference : 15,998
  fps total                   : 14,437
  epoch                       : 124 / 1,000
  frames                      : 20,316,160


Policy 0: saving next best rewards:  [157.72]
=> saving checkpoint 'runs/expert_row3_seed2810/nn/expert_row3_seed2810.pth'

Timing:
  Play time               : 10.409 s
  Update time             : 1.148 s
  Time to train epoch     : 11.557 s


Statistics:
  fps step                    : 16,032
  fps step + policy inference : 15,740
  fps total                   : 14,177
  epoch                       : 125 / 1,000
  frames                      : 20,480,000


Policy 0: saving next best rewards:  [160.32]
=> saving checkpoint 'runs/expert_row3_seed2810/nn/expert_row3_seed2810.pth'

Timing:
  Play time               : 10.516 s
  Update time             : 1.164 s
  Time to train epoch     : 11.680 s


Statistics:
  fps step                    : 15,882
  fps step + policy inference : 15,579
  fps total                   : 14,027
  epoch                       : 126 / 1,000
  frames                      : 20,643,840


Policy 0: saving next best rewards:  [162.97]
=> saving checkpoint 'runs/expert_row3_seed2810/nn/expert_row3_seed2810.pth'

Timing:
  Play time               : 10.338 s
  Update time             : 1.078 s
  Time to train epoch     : 11.416 s


Statistics:
  fps step                    : 16,148
  fps step + policy inference : 15,848
  fps total                   : 14,351
  epoch                       : 127 / 1,000
  frames                      : 20,807,680


Policy 0: saving next best rewards:  [165.19]
=> saving checkpoint 'runs/expert_row3_seed2810/nn/expert_row3_seed2810.pth'

Timing:
  Play time               : 10.341 s
  Update time             : 1.119 s
  Time to train epoch     : 11.461 s


Statistics:
  fps step                    : 16,133
  fps step + policy inference : 15,843
  fps total                   : 14,296
  epoch                       : 128 / 1,000
  frames                      : 20,971,520


Policy 0: saving next best rewards:  [167.27]
=> saving checkpoint 'runs/expert_row3_seed2810/nn/expert_row3_seed2810.pth'

Timing:
  Play time               : 10.332 s
  Update time             : 0.970 s
  Time to train epoch     : 11.302 s


Statistics:
  fps step                    : 16,147
  fps step + policy inference : 15,857
  fps total                   : 14,496
  epoch                       : 129 / 1,000
  frames                      : 21,135,360


Policy 0: saving next best rewards:  [170.05]
=> saving checkpoint 'runs/expert_row3_seed2810/nn/expert_row3_seed2810.pth'

Timing:
  Play time               : 10.363 s
  Update time             : 1.133 s
  Time to train epoch     : 11.496 s


Statistics:
  fps step                    : 16,095
  fps step + policy inference : 15,810
  fps total                   : 14,252
  epoch                       : 130 / 1,000
  frames                      : 21,299,200


Policy 0: saving next best rewards:  [172.1]
=> saving checkpoint 'runs/expert_row3_seed2810/nn/expert_row3_seed2810.pth'

Timing:
  Play time               : 10.429 s
  Update time             : 1.094 s
  Time to train epoch     : 11.522 s


Statistics:
  fps step                    : 15,992
  fps step + policy inference : 15,711
  fps total                   : 14,219
  epoch                       : 131 / 1,000
  frames                      : 21,463,040


Policy 0: saving next best rewards:  [174.59]
=> saving checkpoint 'runs/expert_row3_seed2810/nn/expert_row3_seed2810.pth'

Timing:
  Play time               : 10.317 s
  Update time             : 1.163 s
  Time to train epoch     : 11.480 s


Statistics:
  fps step                    : 16,204
  fps step + policy inference : 15,881
  fps total                   : 14,272
  epoch                       : 132 / 1,000
  frames                      : 21,626,880


Policy 0: saving next best rewards:  [177.91]
=> saving checkpoint 'runs/expert_row3_seed2810/nn/expert_row3_seed2810.pth'

Timing:
  Play time               : 10.591 s
  Update time             : 1.073 s
  Time to train epoch     : 11.664 s


Statistics:
  fps step                    : 15,757
  fps step + policy inference : 15,470
  fps total                   : 14,047
  epoch                       : 133 / 1,000
  frames                      : 21,790,720


Policy 0: saving next best rewards:  [180.65]
=> saving checkpoint 'runs/expert_row3_seed2810/nn/expert_row3_seed2810.pth'

Timing:
  Play time               : 10.462 s
  Update time             : 1.113 s
  Time to train epoch     : 11.575 s


Statistics:
  fps step                    : 15,949
  fps step + policy inference : 15,661
  fps total                   : 14,155
  epoch                       : 134 / 1,000
  frames                      : 21,954,560


Policy 0: saving next best rewards:  [182.46]
=> saving checkpoint 'runs/expert_row3_seed2810/nn/expert_row3_seed2810.pth'

Timing:
  Play time               : 10.391 s
  Update time             : 1.046 s
  Time to train epoch     : 11.437 s


Statistics:
  fps step                    : 16,059
  fps step + policy inference : 15,768
  fps total                   : 14,326
  epoch                       : 135 / 1,000
  frames                      : 22,118,400


Policy 0: saving next best rewards:  [184.73]
=> saving checkpoint 'runs/expert_row3_seed2810/nn/expert_row3_seed2810.pth'

Timing:
  Play time               : 10.394 s
  Update time             : 1.143 s
  Time to train epoch     : 11.536 s


Statistics:
  fps step                    : 16,065
  fps step + policy inference : 15,764
  fps total                   : 14,202
  epoch                       : 136 / 1,000
  frames                      : 22,282,240


Policy 0: saving next best rewards:  [186.83]
=> saving checkpoint 'runs/expert_row3_seed2810/nn/expert_row3_seed2810.pth'

Timing:
  Play time               : 10.453 s
  Update time             : 1.123 s
  Time to train epoch     : 11.576 s


Statistics:
  fps step                    : 15,965
  fps step + policy inference : 15,674
  fps total                   : 14,153
  epoch                       : 137 / 1,000
  frames                      : 22,446,080


Policy 0: saving next best rewards:  [188.95]
=> saving checkpoint 'runs/expert_row3_seed2810/nn/expert_row3_seed2810.pth'

Timing:
  Play time               : 10.387 s
  Update time             : 1.150 s
  Time to train epoch     : 11.537 s


Statistics:
  fps step                    : 16,070
  fps step + policy inference : 15,773
  fps total                   : 14,201
  epoch                       : 138 / 1,000
  frames                      : 22,609,920


Policy 0: saving next best rewards:  [191.52]
=> saving checkpoint 'runs/expert_row3_seed2810/nn/expert_row3_seed2810.pth'

Timing:
  Play time               : 10.122 s
  Update time             : 1.069 s
  Time to train epoch     : 11.191 s


Statistics:
  fps step                    : 16,467
  fps step + policy inference : 16,186
  fps total                   : 14,640
  epoch                       : 139 / 1,000
  frames                      : 22,773,760


Policy 0: saving next best rewards:  [193.33]
=> saving checkpoint 'runs/expert_row3_seed2810/nn/expert_row3_seed2810.pth'

Timing:
  Play time               : 10.454 s
  Update time             : 1.070 s
  Time to train epoch     : 11.524 s


Statistics:
  fps step                    : 15,970
  fps step + policy inference : 15,672
  fps total                   : 14,217
  epoch                       : 140 / 1,000
  frames                      : 22,937,600


Policy 0: saving next best rewards:  [195.12]
=> saving checkpoint 'runs/expert_row3_seed2810/nn/expert_row3_seed2810.pth'

Timing:
  Play time               : 10.372 s
  Update time             : 1.173 s
  Time to train epoch     : 11.545 s


Statistics:
  fps step                    : 16,106
  fps step + policy inference : 15,796
  fps total                   : 14,192
  epoch                       : 141 / 1,000
  frames                      : 23,101,440


Policy 0: saving next best rewards:  [197.17]
=> saving checkpoint 'runs/expert_row3_seed2810/nn/expert_row3_seed2810.pth'

Timing:
  Play time               : 10.334 s
  Update time             : 1.069 s
  Time to train epoch     : 11.403 s


Statistics:
  fps step                    : 16,143
  fps step + policy inference : 15,855
  fps total                   : 14,368
  epoch                       : 142 / 1,000
  frames                      : 23,265,280


Policy 0: saving next best rewards:  [198.23]
=> saving checkpoint 'runs/expert_row3_seed2810/nn/expert_row3_seed2810.pth'

Timing:
  Play time               : 10.555 s
  Update time             : 0.991 s
  Time to train epoch     : 11.546 s


Statistics:
  fps step                    : 15,806
  fps step + policy inference : 15,523
  fps total                   : 14,190
  epoch                       : 143 / 1,000
  frames                      : 23,429,120


Policy 0: saving next best rewards:  [200.16]
=> saving checkpoint 'runs/expert_row3_seed2810/nn/expert_row3_seed2810.pth'

Timing:
  Play time               : 10.581 s
  Update time             : 1.049 s
  Time to train epoch     : 11.630 s


Statistics:
  fps step                    : 15,759
  fps step + policy inference : 15,484
  fps total                   : 14,087
  epoch                       : 144 / 1,000
  frames                      : 23,592,960


Policy 0: saving next best rewards:  [202.13]
=> saving checkpoint 'runs/expert_row3_seed2810/nn/expert_row3_seed2810.pth'

Timing:
  Play time               : 10.597 s
  Update time             : 1.105 s
  Time to train epoch     : 11.702 s


Statistics:
  fps step                    : 15,738
  fps step + policy inference : 15,462
  fps total                   : 14,002
  epoch                       : 145 / 1,000
  frames                      : 23,756,800


Policy 0: saving next best rewards:  [204.81]
=> saving checkpoint 'runs/expert_row3_seed2810/nn/expert_row3_seed2810.pth'

Timing:
  Play time               : 10.517 s
  Update time             : 1.027 s
  Time to train epoch     : 11.544 s


Statistics:
  fps step                    : 15,854
  fps step + policy inference : 15,578
  fps total                   : 14,192
  epoch                       : 146 / 1,000
  frames                      : 23,920,640


Policy 0: saving next best rewards:  [207.03]
=> saving checkpoint 'runs/expert_row3_seed2810/nn/expert_row3_seed2810.pth'

Timing:
  Play time               : 10.508 s
  Update time             : 0.974 s
  Time to train epoch     : 11.482 s


Statistics:
  fps step                    : 15,864
  fps step + policy inference : 15,592
  fps total                   : 14,269
  epoch                       : 147 / 1,000
  frames                      : 24,084,480


Policy 0: saving next best rewards:  [208.35]
=> saving checkpoint 'runs/expert_row3_seed2810/nn/expert_row3_seed2810.pth'

Timing:
  Play time               : 10.798 s
  Update time             : 1.069 s
  Time to train epoch     : 11.867 s


Statistics:
  fps step                    : 15,451
  fps step + policy inference : 15,173
  fps total                   : 13,806
  epoch                       : 148 / 1,000
  frames                      : 24,248,320


Policy 0: saving next best rewards:  [209.95]
=> saving checkpoint 'runs/expert_row3_seed2810/nn/expert_row3_seed2810.pth'

Timing:
  Play time               : 10.455 s
  Update time             : 1.129 s
  Time to train epoch     : 11.583 s


Statistics:
  fps step                    : 15,933
  fps step + policy inference : 15,671
  fps total                   : 14,144
  epoch                       : 149 / 1,000
  frames                      : 24,412,160


Policy 0: saving next best rewards:  [211.29]
=> saving checkpoint 'runs/expert_row3_seed2810/nn/expert_row3_seed2810.pth'

Timing:
  Play time               : 10.604 s
  Update time             : 1.079 s
  Time to train epoch     : 11.683 s


Statistics:
  fps step                    : 15,767
  fps step + policy inference : 15,451
  fps total                   : 14,024
  epoch                       : 150 / 1,000
  frames                      : 24,576,000


Policy 0: saving next best rewards:  [212.68]
=> saving checkpoint 'runs/expert_row3_seed2810/nn/expert_row3_seed2810.pth'

Timing:
  Play time               : 10.587 s
  Update time             : 1.004 s
  Time to train epoch     : 11.590 s


Statistics:
  fps step                    : 15,755
  fps step + policy inference : 15,476
  fps total                   : 14,136
  epoch                       : 151 / 1,000
  frames                      : 24,739,840


Policy 0: saving next best rewards:  [212.76]
=> saving checkpoint 'runs/expert_row3_seed2810/nn/expert_row3_seed2810.pth'

Timing:
  Play time               : 10.606 s
  Update time             : 1.053 s
  Time to train epoch     : 11.659 s


Statistics:
  fps step                    : 15,727
  fps step + policy inference : 15,447
  fps total                   : 14,053
  epoch                       : 152 / 1,000
  frames                      : 24,903,680


Policy 0: saving next best rewards:  [214.49]
=> saving checkpoint 'runs/expert_row3_seed2810/nn/expert_row3_seed2810.pth'

Timing:
  Play time               : 10.597 s
  Update time             : 1.119 s
  Time to train epoch     : 11.716 s


Statistics:
  fps step                    : 15,735
  fps step + policy inference : 15,460
  fps total                   : 13,984
  epoch                       : 153 / 1,000
  frames                      : 25,067,520


Policy 0: saving next best rewards:  [216.76]
=> saving checkpoint 'runs/expert_row3_seed2810/nn/expert_row3_seed2810.pth'

Timing:
  Play time               : 10.543 s
  Update time             : 1.090 s
  Time to train epoch     : 11.633 s


Statistics:
  fps step                    : 15,818
  fps step + policy inference : 15,541
  fps total                   : 14,084
  epoch                       : 154 / 1,000
  frames                      : 25,231,360


Policy 0: saving next best rewards:  [217.]
=> saving checkpoint 'runs/expert_row3_seed2810/nn/expert_row3_seed2810.pth'

Timing:
  Play time               : 10.326 s
  Update time             : 1.037 s
  Time to train epoch     : 11.363 s


Statistics:
  fps step                    : 16,129
  fps step + policy inference : 15,867
  fps total                   : 14,419
  epoch                       : 155 / 1,000
  frames                      : 25,395,200


Policy 0: saving next best rewards:  [218.72]
=> saving checkpoint 'runs/expert_row3_seed2810/nn/expert_row3_seed2810.pth'

Timing:
  Play time               : 10.350 s
  Update time             : 1.079 s
  Time to train epoch     : 11.430 s


Statistics:
  fps step                    : 16,090
  fps step + policy inference : 15,829
  fps total                   : 14,334
  epoch                       : 156 / 1,000
  frames                      : 25,559,040


Policy 0: saving next best rewards:  [220.49]
=> saving checkpoint 'runs/expert_row3_seed2810/nn/expert_row3_seed2810.pth'

Timing:
  Play time               : 10.305 s
  Update time             : 1.022 s
  Time to train epoch     : 11.327 s


Statistics:
  fps step                    : 16,153
  fps step + policy inference : 15,899
  fps total                   : 14,465
  epoch                       : 157 / 1,000
  frames                      : 25,722,880


Policy 0: saving next best rewards:  [222.34]
=> saving checkpoint 'runs/expert_row3_seed2810/nn/expert_row3_seed2810.pth'

Timing:
  Play time               : 10.341 s
  Update time             : 0.959 s
  Time to train epoch     : 11.300 s


Statistics:
  fps step                    : 16,102
  fps step + policy inference : 15,844
  fps total                   : 14,500
  epoch                       : 158 / 1,000
  frames                      : 25,886,720


Policy 0: saving next best rewards:  [224.22]
=> saving checkpoint 'runs/expert_row3_seed2810/nn/expert_row3_seed2810.pth'

Timing:
  Play time               : 10.277 s
  Update time             : 0.961 s
  Time to train epoch     : 11.238 s


Statistics:
  fps step                    : 16,199
  fps step + policy inference : 15,942
  fps total                   : 14,579
  epoch                       : 159 / 1,000
  frames                      : 26,050,560


Policy 0: saving next best rewards:  [225.58]
=> saving checkpoint 'runs/expert_row3_seed2810/nn/expert_row3_seed2810.pth'

Timing:
  Play time               : 10.232 s
  Update time             : 1.070 s
  Time to train epoch     : 11.302 s


Statistics:
  fps step                    : 16,272
  fps step + policy inference : 16,012
  fps total                   : 14,497
  epoch                       : 160 / 1,000
  frames                      : 26,214,400


Policy 0: saving next best rewards:  [227.27]
=> saving checkpoint 'runs/expert_row3_seed2810/nn/expert_row3_seed2810.pth'

Timing:
  Play time               : 10.071 s
  Update time             : 1.070 s
  Time to train epoch     : 11.141 s


Statistics:
  fps step                    : 16,526
  fps step + policy inference : 16,268
  fps total                   : 14,706
  epoch                       : 161 / 1,000
  frames                      : 26,378,240


Policy 0: saving next best rewards:  [228.44]
=> saving checkpoint 'runs/expert_row3_seed2810/nn/expert_row3_seed2810.pth'

Timing:
  Play time               : 10.074 s
  Update time             : 0.992 s
  Time to train epoch     : 11.066 s


Statistics:
  fps step                    : 16,528
  fps step + policy inference : 16,263
  fps total                   : 14,805
  epoch                       : 162 / 1,000
  frames                      : 26,542,080


Policy 0: saving next best rewards:  [230.18]
=> saving checkpoint 'runs/expert_row3_seed2810/nn/expert_row3_seed2810.pth'

Timing:
  Play time               : 10.047 s
  Update time             : 0.927 s
  Time to train epoch     : 10.974 s


Statistics:
  fps step                    : 16,583
  fps step + policy inference : 16,307
  fps total                   : 14,930
  epoch                       : 163 / 1,000
  frames                      : 26,705,920


Policy 0: saving next best rewards:  [232.26]
=> saving checkpoint 'runs/expert_row3_seed2810/nn/expert_row3_seed2810.pth'

Timing:
  Play time               : 10.129 s
  Update time             : 0.917 s
  Time to train epoch     : 11.046 s


Statistics:
  fps step                    : 16,440
  fps step + policy inference : 16,175
  fps total                   : 14,832
  epoch                       : 164 / 1,000
  frames                      : 26,869,760


Policy 0: 
Timing:
  Play time               : 10.013 s
  Update time             : 0.985 s
  Time to train epoch     : 10.998 s


Statistics:
  fps step                    : 16,631
  fps step + policy inference : 16,363
  fps total                   : 14,897
  epoch                       : 165 / 1,000
  frames                      : 27,033,600


Policy 0: saving next best rewards:  [233.12]
=> saving checkpoint 'runs/expert_row3_seed2810/nn/expert_row3_seed2810.pth'

Timing:
  Play time               : 10.047 s
  Update time             : 0.962 s
  Time to train epoch     : 11.010 s


Statistics:
  fps step                    : 16,575
  fps step + policy inference : 16,307
  fps total                   : 14,882
  epoch                       : 166 / 1,000
  frames                      : 27,197,440


Policy 0: saving next best rewards:  [233.98]
=> saving checkpoint 'runs/expert_row3_seed2810/nn/expert_row3_seed2810.pth'

Timing:
  Play time               : 10.018 s
  Update time             : 0.934 s
  Time to train epoch     : 10.952 s


Statistics:
  fps step                    : 16,624
  fps step + policy inference : 16,355
  fps total                   : 14,959
  epoch                       : 167 / 1,000
  frames                      : 27,361,280


Policy 0: saving next best rewards:  [236.06]
=> saving checkpoint 'runs/expert_row3_seed2810/nn/expert_row3_seed2810.pth'

Timing:
  Play time               : 10.050 s
  Update time             : 1.003 s
  Time to train epoch     : 11.053 s


Statistics:
  fps step                    : 16,573
  fps step + policy inference : 16,302
  fps total                   : 14,823
  epoch                       : 168 / 1,000
  frames                      : 27,525,120


Policy 0: saving next best rewards:  [237.67]
=> saving checkpoint 'runs/expert_row3_seed2810/nn/expert_row3_seed2810.pth'

Timing:
  Play time               : 10.049 s
  Update time             : 1.056 s
  Time to train epoch     : 11.105 s


Statistics:
  fps step                    : 16,607
  fps step + policy inference : 16,303
  fps total                   : 14,754
  epoch                       : 169 / 1,000
  frames                      : 27,688,960


Policy 0: saving next best rewards:  [239.26]
=> saving checkpoint 'runs/expert_row3_seed2810/nn/expert_row3_seed2810.pth'

Timing:
  Play time               : 10.133 s
  Update time             : 1.059 s
  Time to train epoch     : 11.192 s


Statistics:
  fps step                    : 16,440
  fps step + policy inference : 16,168
  fps total                   : 14,639
  epoch                       : 170 / 1,000
  frames                      : 27,852,800


Policy 0: saving next best rewards:  [239.61]
=> saving checkpoint 'runs/expert_row3_seed2810/nn/expert_row3_seed2810.pth'

Timing:
  Play time               : 10.128 s
  Update time             : 0.997 s
  Time to train epoch     : 11.126 s


Statistics:
  fps step                    : 16,448
  fps step + policy inference : 16,176
  fps total                   : 14,726
  epoch                       : 171 / 1,000
  frames                      : 28,016,640


Policy 0: saving next best rewards:  [240.58]
=> saving checkpoint 'runs/expert_row3_seed2810/nn/expert_row3_seed2810.pth'

Timing:
  Play time               : 10.133 s
  Update time             : 0.968 s
  Time to train epoch     : 11.101 s


Statistics:
  fps step                    : 16,436
  fps step + policy inference : 16,169
  fps total                   : 14,759
  epoch                       : 172 / 1,000
  frames                      : 28,180,480


Policy 0: saving next best rewards:  [240.82]
=> saving checkpoint 'runs/expert_row3_seed2810/nn/expert_row3_seed2810.pth'

Timing:
  Play time               : 10.135 s
  Update time             : 0.926 s
  Time to train epoch     : 11.061 s


Statistics:
  fps step                    : 16,431
  fps step + policy inference : 16,166
  fps total                   : 14,812
  epoch                       : 173 / 1,000
  frames                      : 28,344,320


Policy 0: saving next best rewards:  [242.09]
=> saving checkpoint 'runs/expert_row3_seed2810/nn/expert_row3_seed2810.pth'

Timing:
  Play time               : 10.145 s
  Update time             : 0.909 s
  Time to train epoch     : 11.054 s


Statistics:
  fps step                    : 16,416
  fps step + policy inference : 16,150
  fps total                   : 14,822
  epoch                       : 174 / 1,000
  frames                      : 28,508,160


Policy 0: saving next best rewards:  [243.39]
=> saving checkpoint 'runs/expert_row3_seed2810/nn/expert_row3_seed2810.pth'

Timing:
  Play time               : 10.215 s
  Update time             : 0.937 s
  Time to train epoch     : 11.151 s


Statistics:
  fps step                    : 16,299
  fps step + policy inference : 16,040
  fps total                   : 14,693
  epoch                       : 175 / 1,000
  frames                      : 28,672,000


Policy 0: saving next best rewards:  [245.19]
=> saving checkpoint 'runs/expert_row3_seed2810/nn/expert_row3_seed2810.pth'

Timing:
  Play time               : 10.192 s
  Update time             : 0.933 s
  Time to train epoch     : 11.125 s


Statistics:
  fps step                    : 16,334
  fps step + policy inference : 16,075
  fps total                   : 14,728
  epoch                       : 176 / 1,000
  frames                      : 28,835,840


Policy 0: saving next best rewards:  [246.]
=> saving checkpoint 'runs/expert_row3_seed2810/nn/expert_row3_seed2810.pth'

Timing:
  Play time               : 10.204 s
  Update time             : 0.967 s
  Time to train epoch     : 11.171 s


Statistics:
  fps step                    : 16,323
  fps step + policy inference : 16,057
  fps total                   : 14,666
  epoch                       : 177 / 1,000
  frames                      : 28,999,680


Policy 0: saving next best rewards:  [247.65]
=> saving checkpoint 'runs/expert_row3_seed2810/nn/expert_row3_seed2810.pth'

Timing:
  Play time               : 10.207 s
  Update time             : 0.990 s
  Time to train epoch     : 11.197 s


Statistics:
  fps step                    : 16,315
  fps step + policy inference : 16,052
  fps total                   : 14,633
  epoch                       : 178 / 1,000
  frames                      : 29,163,520


Policy 0: saving next best rewards:  [249.33]
=> saving checkpoint 'runs/expert_row3_seed2810/nn/expert_row3_seed2810.pth'

Timing:
  Play time               : 10.196 s
  Update time             : 1.016 s
  Time to train epoch     : 11.212 s


Statistics:
  fps step                    : 16,327
  fps step + policy inference : 16,069
  fps total                   : 14,613
  epoch                       : 179 / 1,000
  frames                      : 29,327,360


Policy 0: saving next best rewards:  [250.93]
=> saving checkpoint 'runs/expert_row3_seed2810/nn/expert_row3_seed2810.pth'

Timing:
  Play time               : 10.188 s
  Update time             : 1.038 s
  Time to train epoch     : 11.226 s


Statistics:
  fps step                    : 16,346
  fps step + policy inference : 16,082
  fps total                   : 14,595
  epoch                       : 180 / 1,000
  frames                      : 29,491,200


Policy 0: saving next best rewards:  [252.13]
=> saving checkpoint 'runs/expert_row3_seed2810/nn/expert_row3_seed2810.pth'

Timing:
  Play time               : 10.217 s
  Update time             : 1.039 s
  Time to train epoch     : 11.256 s


Statistics:
  fps step                    : 16,306
  fps step + policy inference : 16,036
  fps total                   : 14,555
  epoch                       : 181 / 1,000
  frames                      : 29,655,040


Policy 0: saving next best rewards:  [253.64]
=> saving checkpoint 'runs/expert_row3_seed2810/nn/expert_row3_seed2810.pth'

Timing:
  Play time               : 10.200 s
  Update time             : 0.975 s
  Time to train epoch     : 11.175 s


Statistics:
  fps step                    : 16,327
  fps step + policy inference : 16,063
  fps total                   : 14,662
  epoch                       : 182 / 1,000
  frames                      : 29,818,880


Policy 0: saving next best rewards:  [254.42]
=> saving checkpoint 'runs/expert_row3_seed2810/nn/expert_row3_seed2810.pth'

Timing:
  Play time               : 10.219 s
  Update time             : 0.950 s
  Time to train epoch     : 11.169 s


Statistics:
  fps step                    : 16,296
  fps step + policy inference : 16,033
  fps total                   : 14,669
  epoch                       : 183 / 1,000
  frames                      : 29,982,720


Policy 0: saving next best rewards:  [255.59]
=> saving checkpoint 'runs/expert_row3_seed2810/nn/expert_row3_seed2810.pth'

Timing:
  Play time               : 10.147 s
  Update time             : 0.959 s
  Time to train epoch     : 11.106 s


Statistics:
  fps step                    : 16,409
  fps step + policy inference : 16,146
  fps total                   : 14,752
  epoch                       : 184 / 1,000
  frames                      : 30,146,560


Policy 0: saving next best rewards:  [257.05]
=> saving checkpoint 'runs/expert_row3_seed2810/nn/expert_row3_seed2810.pth'

Timing:
  Play time               : 10.020 s
  Update time             : 0.938 s
  Time to train epoch     : 10.958 s


Statistics:
  fps step                    : 16,624
  fps step + policy inference : 16,351
  fps total                   : 14,951
  epoch                       : 185 / 1,000
  frames                      : 30,310,400


Policy 0: saving next best rewards:  [258.76]
=> saving checkpoint 'runs/expert_row3_seed2810/nn/expert_row3_seed2810.pth'

Timing:
  Play time               : 9.977 s
  Update time             : 0.920 s
  Time to train epoch     : 10.897 s


Statistics:
  fps step                    : 16,696
  fps step + policy inference : 16,421
  fps total                   : 15,035
  epoch                       : 186 / 1,000
  frames                      : 30,474,240


Policy 0: saving next best rewards:  [260.43]
=> saving checkpoint 'runs/expert_row3_seed2810/nn/expert_row3_seed2810.pth'

Timing:
  Play time               : 10.088 s
  Update time             : 0.970 s
  Time to train epoch     : 11.058 s


Statistics:
  fps step                    : 16,512
  fps step + policy inference : 16,241
  fps total                   : 14,816
  epoch                       : 187 / 1,000
  frames                      : 30,638,080


Policy 0: saving next best rewards:  [261.69]
=> saving checkpoint 'runs/expert_row3_seed2810/nn/expert_row3_seed2810.pth'

Timing:
  Play time               : 10.075 s
  Update time             : 0.935 s
  Time to train epoch     : 11.010 s


Statistics:
  fps step                    : 16,565
  fps step + policy inference : 16,261
  fps total                   : 14,881
  epoch                       : 188 / 1,000
  frames                      : 30,801,920


Policy 0: saving next best rewards:  [263.24]
=> saving checkpoint 'runs/expert_row3_seed2810/nn/expert_row3_seed2810.pth'

Timing:
  Play time               : 10.040 s
  Update time             : 0.967 s
  Time to train epoch     : 11.007 s


Statistics:
  fps step                    : 16,593
  fps step + policy inference : 16,318
  fps total                   : 14,885
  epoch                       : 189 / 1,000
  frames                      : 30,965,760


Policy 0: saving next best rewards:  [264.62]
=> saving checkpoint 'runs/expert_row3_seed2810/nn/expert_row3_seed2810.pth'

Timing:
  Play time               : 10.255 s
  Update time             : 0.981 s
  Time to train epoch     : 11.236 s


Statistics:
  fps step                    : 16,234
  fps step + policy inference : 15,977
  fps total                   : 14,581
  epoch                       : 190 / 1,000
  frames                      : 31,129,600


Policy 0: saving next best rewards:  [265.54]
=> saving checkpoint 'runs/expert_row3_seed2810/nn/expert_row3_seed2810.pth'

Timing:
  Play time               : 10.278 s
  Update time             : 0.989 s
  Time to train epoch     : 11.267 s


Statistics:
  fps step                    : 16,199
  fps step + policy inference : 15,941
  fps total                   : 14,541
  epoch                       : 191 / 1,000
  frames                      : 31,293,440


Policy 0: saving next best rewards:  [266.93]
=> saving checkpoint 'runs/expert_row3_seed2810/nn/expert_row3_seed2810.pth'

Timing:
  Play time               : 10.249 s
  Update time             : 0.989 s
  Time to train epoch     : 11.238 s


Statistics:
  fps step                    : 16,238
  fps step + policy inference : 15,985
  fps total                   : 14,579
  epoch                       : 192 / 1,000
  frames                      : 31,457,280


Policy 0: saving next best rewards:  [268.21]
=> saving checkpoint 'runs/expert_row3_seed2810/nn/expert_row3_seed2810.pth'

Timing:
  Play time               : 10.037 s
  Update time             : 1.020 s
  Time to train epoch     : 11.057 s


Statistics:
  fps step                    : 16,591
  fps step + policy inference : 16,324
  fps total                   : 14,818
  epoch                       : 193 / 1,000
  frames                      : 31,621,120


Policy 0: saving next best rewards:  [269.59]
=> saving checkpoint 'runs/expert_row3_seed2810/nn/expert_row3_seed2810.pth'

Timing:
  Play time               : 10.067 s
  Update time             : 0.992 s
  Time to train epoch     : 11.058 s


Statistics:
  fps step                    : 16,540
  fps step + policy inference : 16,276
  fps total                   : 14,816
  epoch                       : 194 / 1,000
  frames                      : 31,784,960


Policy 0: saving next best rewards:  [270.47]
=> saving checkpoint 'runs/expert_row3_seed2810/nn/expert_row3_seed2810.pth'

Timing:
  Play time               : 10.055 s
  Update time             : 0.958 s
  Time to train epoch     : 11.014 s


Statistics:
  fps step                    : 16,556
  fps step + policy inference : 16,294
  fps total                   : 14,876
  epoch                       : 195 / 1,000
  frames                      : 31,948,800


Policy 0: saving next best rewards:  [271.84]
=> saving checkpoint 'runs/expert_row3_seed2810/nn/expert_row3_seed2810.pth'

Timing:
  Play time               : 10.098 s
  Update time             : 0.943 s
  Time to train epoch     : 11.041 s


Statistics:
  fps step                    : 16,490
  fps step + policy inference : 16,225
  fps total                   : 14,839
  epoch                       : 196 / 1,000
  frames                      : 32,112,640


Policy 0: saving next best rewards:  [273.56]
=> saving checkpoint 'runs/expert_row3_seed2810/nn/expert_row3_seed2810.pth'

Timing:
  Play time               : 10.083 s
  Update time             : 0.945 s
  Time to train epoch     : 11.028 s


Statistics:
  fps step                    : 16,518
  fps step + policy inference : 16,250
  fps total                   : 14,857
  epoch                       : 197 / 1,000
  frames                      : 32,276,480


Policy 0: saving next best rewards:  [274.74]
=> saving checkpoint 'runs/expert_row3_seed2810/nn/expert_row3_seed2810.pth'

Timing:
  Play time               : 10.044 s
  Update time             : 0.941 s
  Time to train epoch     : 10.985 s


Statistics:
  fps step                    : 16,576
  fps step + policy inference : 16,312
  fps total                   : 14,915
  epoch                       : 198 / 1,000
  frames                      : 32,440,320


Policy 0: saving next best rewards:  [276.06]
=> saving checkpoint 'runs/expert_row3_seed2810/nn/expert_row3_seed2810.pth'

Timing:
  Play time               : 10.035 s
  Update time             : 0.922 s
  Time to train epoch     : 10.957 s


Statistics:
  fps step                    : 16,590
  fps step + policy inference : 16,326
  fps total                   : 14,952
  epoch                       : 199 / 1,000
  frames                      : 32,604,160


Policy 0: saving next best rewards:  [276.84]
=> saving checkpoint 'runs/expert_row3_seed2810/nn/expert_row3_seed2810.pth'

Timing:
  Play time               : 10.014 s
  Update time             : 0.953 s
  Time to train epoch     : 10.967 s


Statistics:
  fps step                    : 16,631
  fps step + policy inference : 16,361
  fps total                   : 14,939
  epoch                       : 200 / 1,000
  frames                      : 32,768,000


Policy 0: saving next best rewards:  [277.64]
=> saving checkpoint 'runs/expert_row3_seed2810/nn/expert_row3_seed2810.pth'

Timing:
  Play time               : 9.975 s
  Update time             : 0.945 s
  Time to train epoch     : 10.920 s


Statistics:
  fps step                    : 16,700
  fps step + policy inference : 16,425
  fps total                   : 15,004
  epoch                       : 201 / 1,000
  frames                      : 32,931,840


Policy 0: saving next best rewards:  [279.55]
=> saving checkpoint 'runs/expert_row3_seed2810/nn/expert_row3_seed2810.pth'

Timing:
  Play time               : 10.012 s
  Update time             : 0.916 s
  Time to train epoch     : 10.927 s


Statistics:
  fps step                    : 16,628
  fps step + policy inference : 16,365
  fps total                   : 14,994
  epoch                       : 202 / 1,000
  frames                      : 33,095,680


Policy 0: saving next best rewards:  [280.72]
=> saving checkpoint 'runs/expert_row3_seed2810/nn/expert_row3_seed2810.pth'

Timing:
  Play time               : 10.008 s
  Update time             : 0.952 s
  Time to train epoch     : 10.960 s


Statistics:
  fps step                    : 16,640
  fps step + policy inference : 16,371
  fps total                   : 14,949
  epoch                       : 203 / 1,000
  frames                      : 33,259,520


Policy 0: saving next best rewards:  [281.99]
=> saving checkpoint 'runs/expert_row3_seed2810/nn/expert_row3_seed2810.pth'

Timing:
  Play time               : 10.029 s
  Update time             : 0.968 s
  Time to train epoch     : 10.997 s


Statistics:
  fps step                    : 16,612
  fps step + policy inference : 16,337
  fps total                   : 14,899
  epoch                       : 204 / 1,000
  frames                      : 33,423,360


Policy 0: saving next best rewards:  [283.54]
=> saving checkpoint 'runs/expert_row3_seed2810/nn/expert_row3_seed2810.pth'

Timing:
  Play time               : 10.027 s
  Update time             : 1.005 s
  Time to train epoch     : 11.032 s


Statistics:
  fps step                    : 16,609
  fps step + policy inference : 16,340
  fps total                   : 14,851
  epoch                       : 205 / 1,000
  frames                      : 33,587,200


Policy 0: saving next best rewards:  [284.87]
=> saving checkpoint 'runs/expert_row3_seed2810/nn/expert_row3_seed2810.pth'

Timing:
  Play time               : 10.017 s
  Update time             : 1.008 s
  Time to train epoch     : 11.025 s


Statistics:
  fps step                    : 16,628
  fps step + policy inference : 16,356
  fps total                   : 14,861
  epoch                       : 206 / 1,000
  frames                      : 33,751,040


Policy 0: saving next best rewards:  [286.12]
=> saving checkpoint 'runs/expert_row3_seed2810/nn/expert_row3_seed2810.pth'

Timing:
  Play time               : 10.063 s
  Update time             : 0.985 s
  Time to train epoch     : 11.048 s


Statistics:
  fps step                    : 16,589
  fps step + policy inference : 16,282
  fps total                   : 14,830
  epoch                       : 207 / 1,000
  frames                      : 33,914,880


Policy 0: saving next best rewards:  [287.52]
=> saving checkpoint 'runs/expert_row3_seed2810/nn/expert_row3_seed2810.pth'

Timing:
  Play time               : 10.047 s
  Update time             : 1.023 s
  Time to train epoch     : 11.070 s


Statistics:
  fps step                    : 16,580
  fps step + policy inference : 16,308
  fps total                   : 14,801
  epoch                       : 208 / 1,000
  frames                      : 34,078,720


Policy 0: 
Timing:
  Play time               : 10.031 s
  Update time             : 1.003 s
  Time to train epoch     : 11.035 s


Statistics:
  fps step                    : 16,609
  fps step + policy inference : 16,333
  fps total                   : 14,848
  epoch                       : 209 / 1,000
  frames                      : 34,242,560


Policy 0: saving next best rewards:  [288.81]
=> saving checkpoint 'runs/expert_row3_seed2810/nn/expert_row3_seed2810.pth'

Timing:
  Play time               : 10.034 s
  Update time             : 0.935 s
  Time to train epoch     : 10.969 s


Statistics:
  fps step                    : 16,595
  fps step + policy inference : 16,328
  fps total                   : 14,936
  epoch                       : 210 / 1,000
  frames                      : 34,406,400


Policy 0: saving next best rewards:  [289.7]
=> saving checkpoint 'runs/expert_row3_seed2810/nn/expert_row3_seed2810.pth'

Timing:
  Play time               : 10.036 s
  Update time             : 0.939 s
  Time to train epoch     : 10.974 s


Statistics:
  fps step                    : 16,589
  fps step + policy inference : 16,326
  fps total                   : 14,930
  epoch                       : 211 / 1,000
  frames                      : 34,570,240


Policy 0: saving next best rewards:  [291.09]
=> saving checkpoint 'runs/expert_row3_seed2810/nn/expert_row3_seed2810.pth'

Timing:
  Play time               : 9.958 s
  Update time             : 0.934 s
  Time to train epoch     : 10.892 s


Statistics:
  fps step                    : 16,725
  fps step + policy inference : 16,454
  fps total                   : 15,042
  epoch                       : 212 / 1,000
  frames                      : 34,734,080


Policy 0: saving next best rewards:  [292.12]
=> saving checkpoint 'runs/expert_row3_seed2810/nn/expert_row3_seed2810.pth'

Timing:
  Play time               : 10.018 s
  Update time             : 0.924 s
  Time to train epoch     : 10.941 s


Statistics:
  fps step                    : 16,616
  fps step + policy inference : 16,355
  fps total                   : 14,974
  epoch                       : 213 / 1,000
  frames                      : 34,897,920


Policy 0: saving next best rewards:  [293.44]
=> saving checkpoint 'runs/expert_row3_seed2810/nn/expert_row3_seed2810.pth'

Timing:
  Play time               : 10.052 s
  Update time             : 0.937 s
  Time to train epoch     : 10.989 s


Statistics:
  fps step                    : 16,566
  fps step + policy inference : 16,299
  fps total                   : 14,910
  epoch                       : 214 / 1,000
  frames                      : 35,061,760


Policy 0: saving next best rewards:  [294.64]
=> saving checkpoint 'runs/expert_row3_seed2810/nn/expert_row3_seed2810.pth'

Timing:
  Play time               : 9.979 s
  Update time             : 0.963 s
  Time to train epoch     : 10.942 s


Statistics:
  fps step                    : 16,687
  fps step + policy inference : 16,419
  fps total                   : 14,974
  epoch                       : 215 / 1,000
  frames                      : 35,225,600


Policy 0: saving next best rewards:  [295.76]
=> saving checkpoint 'runs/expert_row3_seed2810/nn/expert_row3_seed2810.pth'

Timing:
  Play time               : 10.003 s
  Update time             : 0.931 s
  Time to train epoch     : 10.935 s


Statistics:
  fps step                    : 16,650
  fps step + policy inference : 16,378
  fps total                   : 14,983
  epoch                       : 216 / 1,000
  frames                      : 35,389,440


Policy 0: saving next best rewards:  [296.77]
=> saving checkpoint 'runs/expert_row3_seed2810/nn/expert_row3_seed2810.pth'

Timing:
  Play time               : 10.035 s
  Update time             : 0.919 s
  Time to train epoch     : 10.955 s


Statistics:
  fps step                    : 16,592
  fps step + policy inference : 16,326
  fps total                   : 14,956
  epoch                       : 217 / 1,000
  frames                      : 35,553,280


Policy 0: saving next best rewards:  [297.23]
=> saving checkpoint 'runs/expert_row3_seed2810/nn/expert_row3_seed2810.pth'

Timing:
  Play time               : 10.058 s
  Update time             : 0.983 s
  Time to train epoch     : 11.041 s


Statistics:
  fps step                    : 16,554
  fps step + policy inference : 16,289
  fps total                   : 14,839
  epoch                       : 218 / 1,000
  frames                      : 35,717,120


Policy 0: saving next best rewards:  [298.03]
=> saving checkpoint 'runs/expert_row3_seed2810/nn/expert_row3_seed2810.pth'

Timing:
  Play time               : 9.995 s
  Update time             : 0.928 s
  Time to train epoch     : 10.923 s


Statistics:
  fps step                    : 16,670
  fps step + policy inference : 16,392
  fps total                   : 14,999
  epoch                       : 219 / 1,000
  frames                      : 35,880,960


Policy 0: saving next best rewards:  [298.99]
=> saving checkpoint 'runs/expert_row3_seed2810/nn/expert_row3_seed2810.pth'

Timing:
  Play time               : 9.973 s
  Update time             : 0.940 s
  Time to train epoch     : 10.913 s


Statistics:
  fps step                    : 16,708
  fps step + policy inference : 16,429
  fps total                   : 15,013
  epoch                       : 220 / 1,000
  frames                      : 36,044,800


Policy 0: saving next best rewards:  [299.63]
=> saving checkpoint 'runs/expert_row3_seed2810/nn/expert_row3_seed2810.pth'

Timing:
  Play time               : 10.035 s
  Update time             : 0.959 s
  Time to train epoch     : 10.994 s


Statistics:
  fps step                    : 16,597
  fps step + policy inference : 16,327
  fps total                   : 14,903
  epoch                       : 221 / 1,000
  frames                      : 36,208,640


Policy 0: saving next best rewards:  [300.76]
=> saving checkpoint 'runs/expert_row3_seed2810/nn/expert_row3_seed2810.pth'

Timing:
  Play time               : 10.006 s
  Update time             : 0.934 s
  Time to train epoch     : 10.939 s


Statistics:
  fps step                    : 16,643
  fps step + policy inference : 16,375
  fps total                   : 14,977
  epoch                       : 222 / 1,000
  frames                      : 36,372,480


Policy 0: saving next best rewards:  [301.64]
=> saving checkpoint 'runs/expert_row3_seed2810/nn/expert_row3_seed2810.pth'

Timing:
  Play time               : 10.041 s
  Update time             : 0.946 s
  Time to train epoch     : 10.987 s


Statistics:
  fps step                    : 16,582
  fps step + policy inference : 16,317
  fps total                   : 14,912
  epoch                       : 223 / 1,000
  frames                      : 36,536,320


Policy 0: saving next best rewards:  [302.96]
=> saving checkpoint 'runs/expert_row3_seed2810/nn/expert_row3_seed2810.pth'

Timing:
  Play time               : 9.987 s
  Update time             : 0.972 s
  Time to train epoch     : 10.959 s


Statistics:
  fps step                    : 16,679
  fps step + policy inference : 16,406
  fps total                   : 14,950
  epoch                       : 224 / 1,000
  frames                      : 36,700,160


Policy 0: 
Timing:
  Play time               : 10.130 s
  Update time             : 1.013 s
  Time to train epoch     : 11.143 s


Statistics:
  fps step                    : 16,470
  fps step + policy inference : 16,174
  fps total                   : 14,704
  epoch                       : 225 / 1,000
  frames                      : 36,864,000


Policy 0: saving next best rewards:  [303.91]
=> saving checkpoint 'runs/expert_row3_seed2810/nn/expert_row3_seed2810.pth'

Timing:
  Play time               : 10.127 s
  Update time             : 1.042 s
  Time to train epoch     : 11.169 s


Statistics:
  fps step                    : 16,442
  fps step + policy inference : 16,178
  fps total                   : 14,669
  epoch                       : 226 / 1,000
  frames                      : 37,027,840


Policy 0: 
Timing:
  Play time               : 10.041 s
  Update time             : 1.008 s
  Time to train epoch     : 11.049 s


Statistics:
  fps step                    : 16,594
  fps step + policy inference : 16,317
  fps total                   : 14,828
  epoch                       : 227 / 1,000
  frames                      : 37,191,680


Policy 0: saving next best rewards:  [304.8]
=> saving checkpoint 'runs/expert_row3_seed2810/nn/expert_row3_seed2810.pth'

Timing:
  Play time               : 10.075 s
  Update time             : 0.955 s
  Time to train epoch     : 11.030 s


Statistics:
  fps step                    : 16,530
  fps step + policy inference : 16,262
  fps total                   : 14,855
  epoch                       : 228 / 1,000
  frames                      : 37,355,520


Policy 0: saving next best rewards:  [306.18]
=> saving checkpoint 'runs/expert_row3_seed2810/nn/expert_row3_seed2810.pth'

Timing:
  Play time               : 10.088 s
  Update time             : 0.928 s
  Time to train epoch     : 11.016 s


Statistics:
  fps step                    : 16,506
  fps step + policy inference : 16,242
  fps total                   : 14,873
  epoch                       : 229 / 1,000
  frames                      : 37,519,360


Policy 0: 
Timing:
  Play time               : 10.063 s
  Update time             : 0.926 s
  Time to train epoch     : 10.989 s


Statistics:
  fps step                    : 16,549
  fps step + policy inference : 16,282
  fps total                   : 14,910
  epoch                       : 230 / 1,000
  frames                      : 37,683,200


Policy 0: saving next best rewards:  [306.59]
=> saving checkpoint 'runs/expert_row3_seed2810/nn/expert_row3_seed2810.pth'

Timing:
  Play time               : 9.986 s
  Update time             : 0.927 s
  Time to train epoch     : 10.913 s


Statistics:
  fps step                    : 16,670
  fps step + policy inference : 16,408
  fps total                   : 15,014
  epoch                       : 231 / 1,000
  frames                      : 37,847,040


Policy 0: saving next best rewards:  [307.41]
=> saving checkpoint 'runs/expert_row3_seed2810/nn/expert_row3_seed2810.pth'

Timing:
  Play time               : 10.041 s
  Update time             : 0.956 s
  Time to train epoch     : 10.997 s


Statistics:
  fps step                    : 16,584
  fps step + policy inference : 16,317
  fps total                   : 14,899
  epoch                       : 232 / 1,000
  frames                      : 38,010,880


Policy 0: saving next best rewards:  [308.64]
=> saving checkpoint 'runs/expert_row3_seed2810/nn/expert_row3_seed2810.pth'

Timing:
  Play time               : 9.988 s
  Update time             : 0.933 s
  Time to train epoch     : 10.921 s


Statistics:
  fps step                    : 16,672
  fps step + policy inference : 16,404
  fps total                   : 15,002
  epoch                       : 233 / 1,000
  frames                      : 38,174,720


Policy 0: saving next best rewards:  [309.26]
=> saving checkpoint 'runs/expert_row3_seed2810/nn/expert_row3_seed2810.pth'

Timing:
  Play time               : 10.034 s
  Update time             : 0.958 s
  Time to train epoch     : 10.993 s


Statistics:
  fps step                    : 16,598
  fps step + policy inference : 16,328
  fps total                   : 14,905
  epoch                       : 234 / 1,000
  frames                      : 38,338,560


Policy 0: saving next best rewards:  [309.69]
=> saving checkpoint 'runs/expert_row3_seed2810/nn/expert_row3_seed2810.pth'

Timing:
  Play time               : 10.038 s
  Update time             : 0.957 s
  Time to train epoch     : 10.994 s


Statistics:
  fps step                    : 16,597
  fps step + policy inference : 16,323
  fps total                   : 14,902
  epoch                       : 235 / 1,000
  frames                      : 38,502,400


Policy 0: saving next best rewards:  [310.05]
=> saving checkpoint 'runs/expert_row3_seed2810/nn/expert_row3_seed2810.pth'

Timing:
  Play time               : 10.062 s
  Update time             : 0.908 s
  Time to train epoch     : 10.971 s


Statistics:
  fps step                    : 16,545
  fps step + policy inference : 16,282
  fps total                   : 14,934
  epoch                       : 236 / 1,000
  frames                      : 38,666,240


Policy 0: saving next best rewards:  [310.85]
=> saving checkpoint 'runs/expert_row3_seed2810/nn/expert_row3_seed2810.pth'

Timing:
  Play time               : 10.091 s
  Update time             : 0.959 s
  Time to train epoch     : 11.050 s


Statistics:
  fps step                    : 16,503
  fps step + policy inference : 16,236
  fps total                   : 14,827
  epoch                       : 237 / 1,000
  frames                      : 38,830,080


Policy 0: saving next best rewards:  [311.89]
=> saving checkpoint 'runs/expert_row3_seed2810/nn/expert_row3_seed2810.pth'

Timing:
  Play time               : 10.025 s
  Update time             : 0.981 s
  Time to train epoch     : 11.006 s


Statistics:
  fps step                    : 16,612
  fps step + policy inference : 16,343
  fps total                   : 14,886
  epoch                       : 238 / 1,000
  frames                      : 38,993,920


Policy 0: saving next best rewards:  [313.07]
=> saving checkpoint 'runs/expert_row3_seed2810/nn/expert_row3_seed2810.pth'

Timing:
  Play time               : 10.028 s
  Update time             : 0.973 s
  Time to train epoch     : 11.001 s


Statistics:
  fps step                    : 16,602
  fps step + policy inference : 16,339
  fps total                   : 14,893
  epoch                       : 239 / 1,000
  frames                      : 39,157,760


Policy 0: saving next best rewards:  [313.81]
=> saving checkpoint 'runs/expert_row3_seed2810/nn/expert_row3_seed2810.pth'

Timing:
  Play time               : 10.133 s
  Update time             : 0.995 s
  Time to train epoch     : 11.128 s


Statistics:
  fps step                    : 16,431
  fps step + policy inference : 16,169
  fps total                   : 14,723
  epoch                       : 240 / 1,000
  frames                      : 39,321,600


Policy 0: saving next best rewards:  [315.31]
=> saving checkpoint 'runs/expert_row3_seed2810/nn/expert_row3_seed2810.pth'

Timing:
  Play time               : 10.397 s
  Update time             : 0.999 s
  Time to train epoch     : 11.396 s


Statistics:
  fps step                    : 16,014
  fps step + policy inference : 15,758
  fps total                   : 14,376
  epoch                       : 241 / 1,000
  frames                      : 39,485,440


Policy 0: saving next best rewards:  [315.68]
=> saving checkpoint 'runs/expert_row3_seed2810/nn/expert_row3_seed2810.pth'

Timing:
  Play time               : 10.224 s
  Update time             : 1.001 s
  Time to train epoch     : 11.225 s


Statistics:
  fps step                    : 16,291
  fps step + policy inference : 16,025
  fps total                   : 14,596
  epoch                       : 242 / 1,000
  frames                      : 39,649,280


Policy 0: saving next best rewards:  [316.94]
=> saving checkpoint 'runs/expert_row3_seed2810/nn/expert_row3_seed2810.pth'

Timing:
  Play time               : 10.097 s
  Update time             : 0.989 s
  Time to train epoch     : 11.086 s


Statistics:
  fps step                    : 16,496
  fps step + policy inference : 16,227
  fps total                   : 14,779
  epoch                       : 243 / 1,000
  frames                      : 39,813,120


Policy 0: saving next best rewards:  [317.94]
=> saving checkpoint 'runs/expert_row3_seed2810/nn/expert_row3_seed2810.pth'

Timing:
  Play time               : 10.116 s
  Update time             : 0.960 s
  Time to train epoch     : 11.076 s


Statistics:
  fps step                    : 16,497
  fps step + policy inference : 16,195
  fps total                   : 14,792
  epoch                       : 244 / 1,000
  frames                      : 39,976,960


Policy 0: saving next best rewards:  [319.27]
=> saving checkpoint 'runs/expert_row3_seed2810/nn/expert_row3_seed2810.pth'

Timing:
  Play time               : 10.084 s
  Update time             : 0.986 s
  Time to train epoch     : 11.070 s


Statistics:
  fps step                    : 16,520
  fps step + policy inference : 16,248
  fps total                   : 14,801
  epoch                       : 245 / 1,000
  frames                      : 40,140,800


Policy 0: saving next best rewards:  [319.95]
=> saving checkpoint 'runs/expert_row3_seed2810/nn/expert_row3_seed2810.pth'

Timing:
  Play time               : 10.049 s
  Update time             : 0.963 s
  Time to train epoch     : 11.012 s


Statistics:
  fps step                    : 16,577
  fps step + policy inference : 16,304
  fps total                   : 14,879
  epoch                       : 246 / 1,000
  frames                      : 40,304,640


Policy 0: saving next best rewards:  [320.35]
=> saving checkpoint 'runs/expert_row3_seed2810/nn/expert_row3_seed2810.pth'

Timing:
  Play time               : 10.108 s
  Update time             : 0.966 s
  Time to train epoch     : 11.074 s


Statistics:
  fps step                    : 16,475
  fps step + policy inference : 16,209
  fps total                   : 14,795
  epoch                       : 247 / 1,000
  frames                      : 40,468,480


Policy 0: saving next best rewards:  [322.34]
=> saving checkpoint 'runs/expert_row3_seed2810/nn/expert_row3_seed2810.pth'

Timing:
  Play time               : 10.112 s
  Update time             : 0.923 s
  Time to train epoch     : 11.035 s


Statistics:
  fps step                    : 16,468
  fps step + policy inference : 16,203
  fps total                   : 14,848
  epoch                       : 248 / 1,000
  frames                      : 40,632,320


Policy 0: saving next best rewards:  [323.19]
=> saving checkpoint 'runs/expert_row3_seed2810/nn/expert_row3_seed2810.pth'

Timing:
  Play time               : 9.993 s
  Update time             : 0.919 s
  Time to train epoch     : 10.912 s


Statistics:
  fps step                    : 16,665
  fps step + policy inference : 16,396
  fps total                   : 15,015
  epoch                       : 249 / 1,000
  frames                      : 40,796,160


Policy 0: saving next best rewards:  [324.48]
=> saving checkpoint 'runs/expert_row3_seed2810/nn/expert_row3_seed2810.pth'

Timing:
  Play time               : 10.116 s
  Update time             : 0.958 s
  Time to train epoch     : 11.075 s


Statistics:
  fps step                    : 16,464
  fps step + policy inference : 16,196
  fps total                   : 14,794
  epoch                       : 250 / 1,000
  frames                      : 40,960,000


Policy 0: saving next best rewards:  [325.07]
=> saving checkpoint 'runs/expert_row3_seed2810/nn/expert_row3_seed2810.pth'
Saved recovery checkpoint runs/expert_row3_seed2810/checkpoints/epoch_000250.pth; evaluation_due=False

Timing:
  Play time               : 10.115 s
  Update time             : 0.944 s
  Time to train epoch     : 11.060 s


Statistics:
  fps step                    : 16,460
  fps step + policy inference : 16,197
  fps total                   : 14,814
  epoch                       : 251 / 1,000
  frames                      : 41,123,840


Policy 0: saving next best rewards:  [325.49]
=> saving checkpoint 'runs/expert_row3_seed2810/nn/expert_row3_seed2810.pth'

Timing:
  Play time               : 10.133 s
  Update time             : 0.924 s
  Time to train epoch     : 11.057 s


Statistics:
  fps step                    : 16,433
  fps step + policy inference : 16,169
  fps total                   : 14,818
  epoch                       : 252 / 1,000
  frames                      : 41,287,680


Policy 0: saving next best rewards:  [326.72]
=> saving checkpoint 'runs/expert_row3_seed2810/nn/expert_row3_seed2810.pth'

Timing:
  Play time               : 10.136 s
  Update time             : 0.947 s
  Time to train epoch     : 11.084 s


Statistics:
  fps step                    : 16,427
  fps step + policy inference : 16,164
  fps total                   : 14,782
  epoch                       : 253 / 1,000
  frames                      : 41,451,520


Policy 0: saving next best rewards:  [327.7]
=> saving checkpoint 'runs/expert_row3_seed2810/nn/expert_row3_seed2810.pth'

Timing:
  Play time               : 10.191 s
  Update time             : 0.983 s
  Time to train epoch     : 11.174 s


Statistics:
  fps step                    : 16,339
  fps step + policy inference : 16,077
  fps total                   : 14,663
  epoch                       : 254 / 1,000
  frames                      : 41,615,360


Policy 0: saving next best rewards:  [328.66]
=> saving checkpoint 'runs/expert_row3_seed2810/nn/expert_row3_seed2810.pth'

Timing:
  Play time               : 10.246 s
  Update time             : 0.935 s
  Time to train epoch     : 11.181 s


Statistics:
  fps step                    : 16,246
  fps step + policy inference : 15,990
  fps total                   : 14,653
  epoch                       : 255 / 1,000
  frames                      : 41,779,200


Policy 0: saving next best rewards:  [328.86]
=> saving checkpoint 'runs/expert_row3_seed2810/nn/expert_row3_seed2810.pth'

Timing:
  Play time               : 10.213 s
  Update time             : 0.982 s
  Time to train epoch     : 11.194 s


Statistics:
  fps step                    : 16,300
  fps step + policy inference : 16,043
  fps total                   : 14,636
  epoch                       : 256 / 1,000
  frames                      : 41,943,040


Policy 0: saving next best rewards:  [329.59]
=> saving checkpoint 'runs/expert_row3_seed2810/nn/expert_row3_seed2810.pth'

Timing:
  Play time               : 10.149 s
  Update time             : 0.975 s
  Time to train epoch     : 11.123 s


Statistics:
  fps step                    : 16,410
  fps step + policy inference : 16,144
  fps total                   : 14,729
  epoch                       : 257 / 1,000
  frames                      : 42,106,880


Policy 0: saving next best rewards:  [330.62]
=> saving checkpoint 'runs/expert_row3_seed2810/nn/expert_row3_seed2810.pth'

Timing:
  Play time               : 10.061 s
  Update time             : 0.972 s
  Time to train epoch     : 11.033 s


Statistics:
  fps step                    : 16,547
  fps step + policy inference : 16,285
  fps total                   : 14,850
  epoch                       : 258 / 1,000
  frames                      : 42,270,720


Policy 0: 
Timing:
  Play time               : 10.026 s
  Update time             : 0.994 s
  Time to train epoch     : 11.020 s


Statistics:
  fps step                    : 16,611
  fps step + policy inference : 16,341
  fps total                   : 14,868
  epoch                       : 259 / 1,000
  frames                      : 42,434,560


Policy 0: saving next best rewards:  [330.96]
=> saving checkpoint 'runs/expert_row3_seed2810/nn/expert_row3_seed2810.pth'

Timing:
  Play time               : 10.051 s
  Update time             : 0.981 s
  Time to train epoch     : 11.032 s


Statistics:
  fps step                    : 16,568
  fps step + policy inference : 16,301
  fps total                   : 14,851
  epoch                       : 260 / 1,000
  frames                      : 42,598,400


Policy 0: saving next best rewards:  [331.78]
=> saving checkpoint 'runs/expert_row3_seed2810/nn/expert_row3_seed2810.pth'

Timing:
  Play time               : 10.099 s
  Update time             : 0.970 s
  Time to train epoch     : 11.070 s


Statistics:
  fps step                    : 16,487
  fps step + policy inference : 16,223
  fps total                   : 14,801
  epoch                       : 261 / 1,000
  frames                      : 42,762,240


Policy 0: saving next best rewards:  [331.84]
=> saving checkpoint 'runs/expert_row3_seed2810/nn/expert_row3_seed2810.pth'

Timing:
  Play time               : 10.095 s
  Update time             : 0.968 s
  Time to train epoch     : 11.063 s


Statistics:
  fps step                    : 16,493
  fps step + policy inference : 16,229
  fps total                   : 14,810
  epoch                       : 262 / 1,000
  frames                      : 42,926,080


Policy 0: saving next best rewards:  [333.01]
=> saving checkpoint 'runs/expert_row3_seed2810/nn/expert_row3_seed2810.pth'

Timing:
  Play time               : 10.117 s
  Update time             : 0.968 s
  Time to train epoch     : 11.085 s


Statistics:
  fps step                    : 16,489
  fps step + policy inference : 16,195
  fps total                   : 14,781
  epoch                       : 263 / 1,000
  frames                      : 43,089,920


Policy 0: saving next best rewards:  [333.64]
=> saving checkpoint 'runs/expert_row3_seed2810/nn/expert_row3_seed2810.pth'

Timing:
  Play time               : 10.145 s
  Update time             : 0.970 s
  Time to train epoch     : 11.115 s


Statistics:
  fps step                    : 16,415
  fps step + policy inference : 16,150
  fps total                   : 14,740
  epoch                       : 264 / 1,000
  frames                      : 43,253,760


Policy 0: saving next best rewards:  [334.5]
=> saving checkpoint 'runs/expert_row3_seed2810/nn/expert_row3_seed2810.pth'

Timing:
  Play time               : 10.195 s
  Update time             : 0.944 s
  Time to train epoch     : 11.139 s


Statistics:
  fps step                    : 16,337
  fps step + policy inference : 16,070
  fps total                   : 14,709
  epoch                       : 265 / 1,000
  frames                      : 43,417,600


Policy 0: saving next best rewards:  [335.15]
=> saving checkpoint 'runs/expert_row3_seed2810/nn/expert_row3_seed2810.pth'

Timing:
  Play time               : 10.160 s
  Update time             : 0.943 s
  Time to train epoch     : 11.103 s


Statistics:
  fps step                    : 16,386
  fps step + policy inference : 16,126
  fps total                   : 14,756
  epoch                       : 266 / 1,000
  frames                      : 43,581,440


Policy 0: saving next best rewards:  [336.39]
=> saving checkpoint 'runs/expert_row3_seed2810/nn/expert_row3_seed2810.pth'

Timing:
  Play time               : 10.042 s
  Update time             : 0.903 s
  Time to train epoch     : 10.945 s


Statistics:
  fps step                    : 16,579
  fps step + policy inference : 16,315
  fps total                   : 14,969
  epoch                       : 267 / 1,000
  frames                      : 43,745,280


Policy 0: saving next best rewards:  [336.74]
=> saving checkpoint 'runs/expert_row3_seed2810/nn/expert_row3_seed2810.pth'

Timing:
  Play time               : 10.045 s
  Update time             : 0.929 s
  Time to train epoch     : 10.974 s


Statistics:
  fps step                    : 16,574
  fps step + policy inference : 16,311
  fps total                   : 14,930
  epoch                       : 268 / 1,000
  frames                      : 43,909,120


Policy 0: saving next best rewards:  [337.76]
=> saving checkpoint 'runs/expert_row3_seed2810/nn/expert_row3_seed2810.pth'

Timing:
  Play time               : 10.063 s
  Update time             : 0.921 s
  Time to train epoch     : 10.985 s


Statistics:
  fps step                    : 16,545
  fps step + policy inference : 16,281
  fps total                   : 14,916
  epoch                       : 269 / 1,000
  frames                      : 44,072,960


Policy 0: saving next best rewards:  [339.03]
=> saving checkpoint 'runs/expert_row3_seed2810/nn/expert_row3_seed2810.pth'

Timing:
  Play time               : 10.029 s
  Update time             : 0.918 s
  Time to train epoch     : 10.947 s


Statistics:
  fps step                    : 16,606
  fps step + policy inference : 16,337
  fps total                   : 14,966
  epoch                       : 270 / 1,000
  frames                      : 44,236,800


Policy 0: saving next best rewards:  [339.47]
=> saving checkpoint 'runs/expert_row3_seed2810/nn/expert_row3_seed2810.pth'

Timing:
  Play time               : 10.090 s
  Update time             : 0.941 s
  Time to train epoch     : 11.031 s


Statistics:
  fps step                    : 16,503
  fps step + policy inference : 16,238
  fps total                   : 14,853
  epoch                       : 271 / 1,000
  frames                      : 44,400,640


Policy 0: saving next best rewards:  [340.02]
=> saving checkpoint 'runs/expert_row3_seed2810/nn/expert_row3_seed2810.pth'

Timing:
  Play time               : 10.098 s
  Update time             : 0.948 s
  Time to train epoch     : 11.046 s


Statistics:
  fps step                    : 16,499
  fps step + policy inference : 16,225
  fps total                   : 14,832
  epoch                       : 272 / 1,000
  frames                      : 44,564,480


Policy 0: saving next best rewards:  [341.01]
=> saving checkpoint 'runs/expert_row3_seed2810/nn/expert_row3_seed2810.pth'

Timing:
  Play time               : 10.060 s
  Update time             : 0.965 s
  Time to train epoch     : 11.024 s


Statistics:
  fps step                    : 16,553
  fps step + policy inference : 16,287
  fps total                   : 14,862
  epoch                       : 273 / 1,000
  frames                      : 44,728,320


Policy 0: saving next best rewards:  [341.78]
=> saving checkpoint 'runs/expert_row3_seed2810/nn/expert_row3_seed2810.pth'

Timing:
  Play time               : 10.022 s
  Update time             : 0.930 s
  Time to train epoch     : 10.953 s


Statistics:
  fps step                    : 16,610
  fps step + policy inference : 16,348
  fps total                   : 14,959
  epoch                       : 274 / 1,000
  frames                      : 44,892,160


Policy 0: saving next best rewards:  [342.28]
=> saving checkpoint 'runs/expert_row3_seed2810/nn/expert_row3_seed2810.pth'

Timing:
  Play time               : 10.062 s
  Update time             : 1.000 s
  Time to train epoch     : 11.062 s


Statistics:
  fps step                    : 16,549
  fps step + policy inference : 16,283
  fps total                   : 14,811
  epoch                       : 275 / 1,000
  frames                      : 45,056,000


Policy 0: saving next best rewards:  [343.01]
=> saving checkpoint 'runs/expert_row3_seed2810/nn/expert_row3_seed2810.pth'

Timing:
  Play time               : 10.072 s
  Update time             : 1.014 s
  Time to train epoch     : 11.085 s


Statistics:
  fps step                    : 16,530
  fps step + policy inference : 16,268
  fps total                   : 14,780
  epoch                       : 276 / 1,000
  frames                      : 45,219,840


Policy 0: saving next best rewards:  [343.63]
=> saving checkpoint 'runs/expert_row3_seed2810/nn/expert_row3_seed2810.pth'

Timing:
  Play time               : 10.104 s
  Update time             : 1.010 s
  Time to train epoch     : 11.114 s


Statistics:
  fps step                    : 16,475
  fps step + policy inference : 16,215
  fps total                   : 14,741
  epoch                       : 277 / 1,000
  frames                      : 45,383,680


Policy 0: saving next best rewards:  [343.99]
=> saving checkpoint 'runs/expert_row3_seed2810/nn/expert_row3_seed2810.pth'

Timing:
  Play time               : 10.004 s
  Update time             : 0.985 s
  Time to train epoch     : 10.989 s


Statistics:
  fps step                    : 16,647
  fps step + policy inference : 16,377
  fps total                   : 14,909
  epoch                       : 278 / 1,000
  frames                      : 45,547,520


Policy 0: 
Timing:
  Play time               : 10.148 s
  Update time             : 0.945 s
  Time to train epoch     : 11.093 s


Statistics:
  fps step                    : 16,404
  fps step + policy inference : 16,145
  fps total                   : 14,770
  epoch                       : 279 / 1,000
  frames                      : 45,711,360


Policy 0: saving next best rewards:  [344.01]
=> saving checkpoint 'runs/expert_row3_seed2810/nn/expert_row3_seed2810.pth'

Timing:
  Play time               : 10.086 s
  Update time             : 0.941 s
  Time to train epoch     : 11.027 s


Statistics:
  fps step                    : 16,513
  fps step + policy inference : 16,244
  fps total                   : 14,858
  epoch                       : 280 / 1,000
  frames                      : 45,875,200


Policy 0: saving next best rewards:  [344.26]
=> saving checkpoint 'runs/expert_row3_seed2810/nn/expert_row3_seed2810.pth'

Timing:
  Play time               : 10.040 s
  Update time             : 0.974 s
  Time to train epoch     : 11.014 s


Statistics:
  fps step                    : 16,587
  fps step + policy inference : 16,319
  fps total                   : 14,876
  epoch                       : 281 / 1,000
  frames                      : 46,039,040


Policy 0: saving next best rewards:  [345.6]
=> saving checkpoint 'runs/expert_row3_seed2810/nn/expert_row3_seed2810.pth'

Timing:
  Play time               : 10.140 s
  Update time             : 0.952 s
  Time to train epoch     : 11.092 s


Statistics:
  fps step                    : 16,453
  fps step + policy inference : 16,157
  fps total                   : 14,771
  epoch                       : 282 / 1,000
  frames                      : 46,202,880


Policy 0: saving next best rewards:  [346.6]
=> saving checkpoint 'runs/expert_row3_seed2810/nn/expert_row3_seed2810.pth'

Timing:
  Play time               : 10.038 s
  Update time             : 0.969 s
  Time to train epoch     : 11.007 s


Statistics:
  fps step                    : 16,596
  fps step + policy inference : 16,322
  fps total                   : 14,885
  epoch                       : 283 / 1,000
  frames                      : 46,366,720


Policy 0: saving next best rewards:  [347.03]
=> saving checkpoint 'runs/expert_row3_seed2810/nn/expert_row3_seed2810.pth'

Timing:
  Play time               : 10.106 s
  Update time             : 0.944 s
  Time to train epoch     : 11.050 s


Statistics:
  fps step                    : 16,476
  fps step + policy inference : 16,212
  fps total                   : 14,827
  epoch                       : 284 / 1,000
  frames                      : 46,530,560


Policy 0: saving next best rewards:  [348.28]
=> saving checkpoint 'runs/expert_row3_seed2810/nn/expert_row3_seed2810.pth'

Timing:
  Play time               : 10.068 s
  Update time             : 0.923 s
  Time to train epoch     : 10.992 s


Statistics:
  fps step                    : 16,539
  fps step + policy inference : 16,273
  fps total                   : 14,906
  epoch                       : 285 / 1,000
  frames                      : 46,694,400


Policy 0: saving next best rewards:  [348.42]
=> saving checkpoint 'runs/expert_row3_seed2810/nn/expert_row3_seed2810.pth'

Timing:
  Play time               : 10.052 s
  Update time             : 0.926 s
  Time to train epoch     : 10.978 s


Statistics:
  fps step                    : 16,560
  fps step + policy inference : 16,300
  fps total                   : 14,924
  epoch                       : 286 / 1,000
  frames                      : 46,858,240


Policy 0: saving next best rewards:  [348.8]
=> saving checkpoint 'runs/expert_row3_seed2810/nn/expert_row3_seed2810.pth'

Timing:
  Play time               : 10.068 s
  Update time             : 0.912 s
  Time to train epoch     : 10.979 s


Statistics:
  fps step                    : 16,536
  fps step + policy inference : 16,273
  fps total                   : 14,922
  epoch                       : 287 / 1,000
  frames                      : 47,022,080


Policy 0: saving next best rewards:  [349.24]
=> saving checkpoint 'runs/expert_row3_seed2810/nn/expert_row3_seed2810.pth'

Timing:
  Play time               : 10.068 s
  Update time             : 0.966 s
  Time to train epoch     : 11.034 s


Statistics:
  fps step                    : 16,537
  fps step + policy inference : 16,274
  fps total                   : 14,849
  epoch                       : 288 / 1,000
  frames                      : 47,185,920


Policy 0: saving next best rewards:  [350.08]
=> saving checkpoint 'runs/expert_row3_seed2810/nn/expert_row3_seed2810.pth'

Timing:
  Play time               : 10.132 s
  Update time             : 1.024 s
  Time to train epoch     : 11.156 s


Statistics:
  fps step                    : 16,435
  fps step + policy inference : 16,170
  fps total                   : 14,686
  epoch                       : 289 / 1,000
  frames                      : 47,349,760


Policy 0: saving next best rewards:  [350.39]
=> saving checkpoint 'runs/expert_row3_seed2810/nn/expert_row3_seed2810.pth'

Timing:
  Play time               : 10.134 s
  Update time             : 1.027 s
  Time to train epoch     : 11.161 s


Statistics:
  fps step                    : 16,436
  fps step + policy inference : 16,167
  fps total                   : 14,679
  epoch                       : 290 / 1,000
  frames                      : 47,513,600


Policy 0: saving next best rewards:  [350.4]
=> saving checkpoint 'runs/expert_row3_seed2810/nn/expert_row3_seed2810.pth'

Timing:
  Play time               : 10.161 s
  Update time             : 0.976 s
  Time to train epoch     : 11.137 s


Statistics:
  fps step                    : 16,388
  fps step + policy inference : 16,125
  fps total                   : 14,711
  epoch                       : 291 / 1,000
  frames                      : 47,677,440


Policy 0: saving next best rewards:  [351.16]
=> saving checkpoint 'runs/expert_row3_seed2810/nn/expert_row3_seed2810.pth'

Timing:
  Play time               : 10.115 s
  Update time             : 0.947 s
  Time to train epoch     : 11.062 s


Statistics:
  fps step                    : 16,462
  fps step + policy inference : 16,198
  fps total                   : 14,811
  epoch                       : 292 / 1,000
  frames                      : 47,841,280


Policy 0: 
Timing:
  Play time               : 10.033 s
  Update time             : 0.999 s
  Time to train epoch     : 11.032 s


Statistics:
  fps step                    : 16,595
  fps step + policy inference : 16,330
  fps total                   : 14,851
  epoch                       : 293 / 1,000
  frames                      : 48,005,120


Policy 0: saving next best rewards:  [351.85]
=> saving checkpoint 'runs/expert_row3_seed2810/nn/expert_row3_seed2810.pth'

Timing:
  Play time               : 9.999 s
  Update time             : 0.977 s
  Time to train epoch     : 10.976 s


Statistics:
  fps step                    : 16,655
  fps step + policy inference : 16,386
  fps total                   : 14,927
  epoch                       : 294 / 1,000
  frames                      : 48,168,960


Policy 0: saving next best rewards:  [352.62]
=> saving checkpoint 'runs/expert_row3_seed2810/nn/expert_row3_seed2810.pth'

Timing:
  Play time               : 10.030 s
  Update time             : 0.915 s
  Time to train epoch     : 10.944 s


Statistics:
  fps step                    : 16,600
  fps step + policy inference : 16,335
  fps total                   : 14,970
  epoch                       : 295 / 1,000
  frames                      : 48,332,800


Policy 0: saving next best rewards:  [353.71]
=> saving checkpoint 'runs/expert_row3_seed2810/nn/expert_row3_seed2810.pth'

Timing:
  Play time               : 10.032 s
  Update time             : 0.943 s
  Time to train epoch     : 10.975 s


Statistics:
  fps step                    : 16,600
  fps step + policy inference : 16,331
  fps total                   : 14,929
  epoch                       : 296 / 1,000
  frames                      : 48,496,640


Policy 0: 
Timing:
  Play time               : 10.073 s
  Update time             : 0.943 s
  Time to train epoch     : 11.016 s


Statistics:
  fps step                    : 16,530
  fps step + policy inference : 16,265
  fps total                   : 14,874
  epoch                       : 297 / 1,000
  frames                      : 48,660,480


Policy 0: 
Timing:
  Play time               : 10.100 s
  Update time             : 0.956 s
  Time to train epoch     : 11.056 s


Statistics:
  fps step                    : 16,487
  fps step + policy inference : 16,222
  fps total                   : 14,820
  epoch                       : 298 / 1,000
  frames                      : 48,824,320


Policy 0: 
Timing:
  Play time               : 10.122 s
  Update time             : 0.942 s
  Time to train epoch     : 11.064 s


Statistics:
  fps step                    : 16,447
  fps step + policy inference : 16,186
  fps total                   : 14,808
  epoch                       : 299 / 1,000
  frames                      : 48,988,160


Policy 0: saving next best rewards:  [353.91]
=> saving checkpoint 'runs/expert_row3_seed2810/nn/expert_row3_seed2810.pth'

Timing:
  Play time               : 10.162 s
  Update time             : 0.920 s
  Time to train epoch     : 11.081 s


Statistics:
  fps step                    : 16,419
  fps step + policy inference : 16,123
  fps total                   : 14,785
  epoch                       : 300 / 1,000
  frames                      : 49,152,000


Policy 0: saving next best rewards:  [354.97]
=> saving checkpoint 'runs/expert_row3_seed2810/nn/expert_row3_seed2810.pth'

Timing:
  Play time               : 10.190 s
  Update time             : 0.984 s
  Time to train epoch     : 11.174 s


Statistics:
  fps step                    : 16,342
  fps step + policy inference : 16,078
  fps total                   : 14,663
  epoch                       : 301 / 1,000
  frames                      : 49,315,840


Policy 0: saving next best rewards:  [355.6]
=> saving checkpoint 'runs/expert_row3_seed2810/nn/expert_row3_seed2810.pth'

Timing:
  Play time               : 10.154 s
  Update time             : 0.962 s
  Time to train epoch     : 11.116 s


Statistics:
  fps step                    : 16,404
  fps step + policy inference : 16,136
  fps total                   : 14,739
  epoch                       : 302 / 1,000
  frames                      : 49,479,680


Policy 0: 
Timing:
  Play time               : 10.102 s
  Update time             : 0.976 s
  Time to train epoch     : 11.078 s


Statistics:
  fps step                    : 16,487
  fps step + policy inference : 16,219
  fps total                   : 14,790
  epoch                       : 303 / 1,000
  frames                      : 49,643,520


Policy 0: 
Timing:
  Play time               : 10.040 s
  Update time             : 0.966 s
  Time to train epoch     : 11.006 s


Statistics:
  fps step                    : 16,589
  fps step + policy inference : 16,319
  fps total                   : 14,886
  epoch                       : 304 / 1,000
  frames                      : 49,807,360


Policy 0: 
Timing:
  Play time               : 10.189 s
  Update time             : 0.994 s
  Time to train epoch     : 11.183 s


Statistics:
  fps step                    : 16,344
  fps step + policy inference : 16,080
  fps total                   : 14,651
  epoch                       : 305 / 1,000
  frames                      : 49,971,200


Policy 0: saving next best rewards:  [355.77]
=> saving checkpoint 'runs/expert_row3_seed2810/nn/expert_row3_seed2810.pth'

Timing:
  Play time               : 10.184 s
  Update time             : 0.989 s
  Time to train epoch     : 11.173 s


Statistics:
  fps step                    : 16,351
  fps step + policy inference : 16,089
  fps total                   : 14,664
  epoch                       : 306 / 1,000
  frames                      : 50,135,040


Policy 0: saving next best rewards:  [356.36]
=> saving checkpoint 'runs/expert_row3_seed2810/nn/expert_row3_seed2810.pth'

Timing:
  Play time               : 10.151 s
  Update time             : 0.993 s
  Time to train epoch     : 11.144 s


Statistics:
  fps step                    : 16,398
  fps step + policy inference : 16,141
  fps total                   : 14,703
  epoch                       : 307 / 1,000
  frames                      : 50,298,880


Policy 0: saving next best rewards:  [357.29]
=> saving checkpoint 'runs/expert_row3_seed2810/nn/expert_row3_seed2810.pth'

Timing:
  Play time               : 10.170 s
  Update time             : 1.012 s
  Time to train epoch     : 11.183 s


Statistics:
  fps step                    : 16,369
  fps step + policy inference : 16,110
  fps total                   : 14,651
  epoch                       : 308 / 1,000
  frames                      : 50,462,720


Policy 0: saving next best rewards:  [357.94]
=> saving checkpoint 'runs/expert_row3_seed2810/nn/expert_row3_seed2810.pth'

Timing:
  Play time               : 10.122 s
  Update time             : 0.959 s
  Time to train epoch     : 11.081 s


Statistics:
  fps step                    : 16,451
  fps step + policy inference : 16,186
  fps total                   : 14,786
  epoch                       : 309 / 1,000
  frames                      : 50,626,560


Policy 0: saving next best rewards:  [358.68]
=> saving checkpoint 'runs/expert_row3_seed2810/nn/expert_row3_seed2810.pth'

Timing:
  Play time               : 10.003 s
  Update time             : 0.948 s
  Time to train epoch     : 10.950 s


Statistics:
  fps step                    : 16,649
  fps step + policy inference : 16,380
  fps total                   : 14,962
  epoch                       : 310 / 1,000
  frames                      : 50,790,400


Policy 0: saving next best rewards:  [359.52]
=> saving checkpoint 'runs/expert_row3_seed2810/nn/expert_row3_seed2810.pth'

Timing:
  Play time               : 10.024 s
  Update time             : 0.912 s
  Time to train epoch     : 10.935 s


Statistics:
  fps step                    : 16,612
  fps step + policy inference : 16,345
  fps total                   : 14,983
  epoch                       : 311 / 1,000
  frames                      : 50,954,240


Policy 0: saving next best rewards:  [359.9]
=> saving checkpoint 'runs/expert_row3_seed2810/nn/expert_row3_seed2810.pth'

Timing:
  Play time               : 10.014 s
  Update time             : 0.950 s
  Time to train epoch     : 10.964 s


Statistics:
  fps step                    : 16,632
  fps step + policy inference : 16,362
  fps total                   : 14,944
  epoch                       : 312 / 1,000
  frames                      : 51,118,080


Policy 0: saving next best rewards:  [360.54]
=> saving checkpoint 'runs/expert_row3_seed2810/nn/expert_row3_seed2810.pth'

Timing:
  Play time               : 10.029 s
  Update time             : 0.967 s
  Time to train epoch     : 10.996 s


Statistics:
  fps step                    : 16,608
  fps step + policy inference : 16,337
  fps total                   : 14,900
  epoch                       : 313 / 1,000
  frames                      : 51,281,920


Policy 0: saving next best rewards:  [361.25]
=> saving checkpoint 'runs/expert_row3_seed2810/nn/expert_row3_seed2810.pth'

Timing:
  Play time               : 9.985 s
  Update time             : 0.905 s
  Time to train epoch     : 10.890 s


Statistics:
  fps step                    : 16,670
  fps step + policy inference : 16,408
  fps total                   : 15,045
  epoch                       : 314 / 1,000
  frames                      : 51,445,760


Policy 0: saving next best rewards:  [361.35]
=> saving checkpoint 'runs/expert_row3_seed2810/nn/expert_row3_seed2810.pth'

Timing:
  Play time               : 10.017 s
  Update time             : 0.943 s
  Time to train epoch     : 10.960 s


Statistics:
  fps step                    : 16,623
  fps step + policy inference : 16,355
  fps total                   : 14,948
  epoch                       : 315 / 1,000
  frames                      : 51,609,600


Policy 0: saving next best rewards:  [361.87]
=> saving checkpoint 'runs/expert_row3_seed2810/nn/expert_row3_seed2810.pth'

Timing:
  Play time               : 10.048 s
  Update time             : 0.967 s
  Time to train epoch     : 11.015 s


Statistics:
  fps step                    : 16,576
  fps step + policy inference : 16,307
  fps total                   : 14,874
  epoch                       : 316 / 1,000
  frames                      : 51,773,440


Policy 0: saving next best rewards:  [362.51]
=> saving checkpoint 'runs/expert_row3_seed2810/nn/expert_row3_seed2810.pth'

Timing:
  Play time               : 10.052 s
  Update time             : 0.932 s
  Time to train epoch     : 10.984 s


Statistics:
  fps step                    : 16,564
  fps step + policy inference : 16,299
  fps total                   : 14,916
  epoch                       : 317 / 1,000
  frames                      : 51,937,280


Policy 0: saving next best rewards:  [363.55]
=> saving checkpoint 'runs/expert_row3_seed2810/nn/expert_row3_seed2810.pth'

Timing:
  Play time               : 10.112 s
  Update time             : 0.935 s
  Time to train epoch     : 11.047 s


Statistics:
  fps step                    : 16,466
  fps step + policy inference : 16,203
  fps total                   : 14,831
  epoch                       : 318 / 1,000
  frames                      : 52,101,120


Policy 0: saving next best rewards:  [363.77]
=> saving checkpoint 'runs/expert_row3_seed2810/nn/expert_row3_seed2810.pth'

Timing:
  Play time               : 10.091 s
  Update time             : 0.974 s
  Time to train epoch     : 11.065 s


Statistics:
  fps step                    : 16,535
  fps step + policy inference : 16,236
  fps total                   : 14,807
  epoch                       : 319 / 1,000
  frames                      : 52,264,960


Policy 0: saving next best rewards:  [363.87]
=> saving checkpoint 'runs/expert_row3_seed2810/nn/expert_row3_seed2810.pth'

Timing:
  Play time               : 10.110 s
  Update time             : 0.993 s
  Time to train epoch     : 11.103 s


Statistics:
  fps step                    : 16,475
  fps step + policy inference : 16,206
  fps total                   : 14,756
  epoch                       : 320 / 1,000
  frames                      : 52,428,800


Policy 0: saving next best rewards:  [364.62]
=> saving checkpoint 'runs/expert_row3_seed2810/nn/expert_row3_seed2810.pth'

Timing:
  Play time               : 10.054 s
  Update time             : 0.977 s
  Time to train epoch     : 11.031 s


Statistics:
  fps step                    : 16,568
  fps step + policy inference : 16,296
  fps total                   : 14,853
  epoch                       : 321 / 1,000
  frames                      : 52,592,640


Policy 0: saving next best rewards:  [364.82]
=> saving checkpoint 'runs/expert_row3_seed2810/nn/expert_row3_seed2810.pth'

Timing:
  Play time               : 10.027 s
  Update time             : 0.978 s
  Time to train epoch     : 11.005 s


Statistics:
  fps step                    : 16,609
  fps step + policy inference : 16,340
  fps total                   : 14,888
  epoch                       : 322 / 1,000
  frames                      : 52,756,480


Policy 0: saving next best rewards:  [365.12]
=> saving checkpoint 'runs/expert_row3_seed2810/nn/expert_row3_seed2810.pth'

Timing:
  Play time               : 10.012 s
  Update time             : 0.965 s
  Time to train epoch     : 10.977 s


Statistics:
  fps step                    : 16,631
  fps step + policy inference : 16,365
  fps total                   : 14,926
  epoch                       : 323 / 1,000
  frames                      : 52,920,320


Policy 0: saving next best rewards:  [365.48]
=> saving checkpoint 'runs/expert_row3_seed2810/nn/expert_row3_seed2810.pth'

Timing:
  Play time               : 9.996 s
  Update time             : 1.014 s
  Time to train epoch     : 11.010 s


Statistics:
  fps step                    : 16,660
  fps step + policy inference : 16,390
  fps total                   : 14,881
  epoch                       : 324 / 1,000
  frames                      : 53,084,160


Policy 0: saving next best rewards:  [365.89]
=> saving checkpoint 'runs/expert_row3_seed2810/nn/expert_row3_seed2810.pth'

Timing:
  Play time               : 10.116 s
  Update time             : 0.976 s
  Time to train epoch     : 11.093 s


Statistics:
  fps step                    : 16,457
  fps step + policy inference : 16,195
  fps total                   : 14,770
  epoch                       : 325 / 1,000
  frames                      : 53,248,000


Policy 0: saving next best rewards:  [366.14]
=> saving checkpoint 'runs/expert_row3_seed2810/nn/expert_row3_seed2810.pth'

Timing:
  Play time               : 10.021 s
  Update time             : 0.971 s
  Time to train epoch     : 10.992 s


Statistics:
  fps step                    : 16,620
  fps step + policy inference : 16,349
  fps total                   : 14,905
  epoch                       : 326 / 1,000
  frames                      : 53,411,840


Policy 0: saving next best rewards:  [366.35]
=> saving checkpoint 'runs/expert_row3_seed2810/nn/expert_row3_seed2810.pth'

Timing:
  Play time               : 10.050 s
  Update time             : 0.970 s
  Time to train epoch     : 11.020 s


Statistics:
  fps step                    : 16,569
  fps step + policy inference : 16,303
  fps total                   : 14,868
  epoch                       : 327 / 1,000
  frames                      : 53,575,680


Policy 0: saving next best rewards:  [367.12]
=> saving checkpoint 'runs/expert_row3_seed2810/nn/expert_row3_seed2810.pth'

Timing:
  Play time               : 10.086 s
  Update time             : 0.962 s
  Time to train epoch     : 11.048 s


Statistics:
  fps step                    : 16,517
  fps step + policy inference : 16,245
  fps total                   : 14,830
  epoch                       : 328 / 1,000
  frames                      : 53,739,520


Policy 0: 
Timing:
  Play time               : 10.088 s
  Update time             : 0.973 s
  Time to train epoch     : 11.061 s


Statistics:
  fps step                    : 16,507
  fps step + policy inference : 16,241
  fps total                   : 14,813
  epoch                       : 329 / 1,000
  frames                      : 53,903,360


Policy 0: 
Timing:
  Play time               : 10.038 s
  Update time             : 0.915 s
  Time to train epoch     : 10.953 s


Statistics:
  fps step                    : 16,587
  fps step + policy inference : 16,323
  fps total                   : 14,959
  epoch                       : 330 / 1,000
  frames                      : 54,067,200


Policy 0: 
Timing:
  Play time               : 9.962 s
  Update time             : 0.944 s
  Time to train epoch     : 10.906 s


Statistics:
  fps step                    : 16,722
  fps step + policy inference : 16,446
  fps total                   : 15,023
  epoch                       : 331 / 1,000
  frames                      : 54,231,040


Policy 0: 
Timing:
  Play time               : 9.984 s
  Update time             : 0.964 s
  Time to train epoch     : 10.948 s


Statistics:
  fps step                    : 16,682
  fps step + policy inference : 16,410
  fps total                   : 14,965
  epoch                       : 332 / 1,000
  frames                      : 54,394,880


Policy 0: saving next best rewards:  [367.82]
=> saving checkpoint 'runs/expert_row3_seed2810/nn/expert_row3_seed2810.pth'

Timing:
  Play time               : 10.042 s
  Update time             : 0.915 s
  Time to train epoch     : 10.957 s


Statistics:
  fps step                    : 16,573
  fps step + policy inference : 16,316
  fps total                   : 14,953
  epoch                       : 333 / 1,000
  frames                      : 54,558,720


Policy 0: saving next best rewards:  [368.61]
=> saving checkpoint 'runs/expert_row3_seed2810/nn/expert_row3_seed2810.pth'

Timing:
  Play time               : 10.042 s
  Update time             : 0.949 s
  Time to train epoch     : 10.991 s


Statistics:
  fps step                    : 16,584
  fps step + policy inference : 16,315
  fps total                   : 14,906
  epoch                       : 334 / 1,000
  frames                      : 54,722,560


Policy 0: saving next best rewards:  [369.26]
=> saving checkpoint 'runs/expert_row3_seed2810/nn/expert_row3_seed2810.pth'

Timing:
  Play time               : 10.048 s
  Update time             : 0.931 s
  Time to train epoch     : 10.979 s


Statistics:
  fps step                    : 16,571
  fps step + policy inference : 16,305
  fps total                   : 14,923
  epoch                       : 335 / 1,000
  frames                      : 54,886,400


Policy 0: saving next best rewards:  [369.37]
=> saving checkpoint 'runs/expert_row3_seed2810/nn/expert_row3_seed2810.pth'

Timing:
  Play time               : 10.026 s
  Update time             : 0.946 s
  Time to train epoch     : 10.972 s


Statistics:
  fps step                    : 16,611
  fps step + policy inference : 16,341
  fps total                   : 14,932
  epoch                       : 336 / 1,000
  frames                      : 55,050,240


Policy 0: 
Timing:
  Play time               : 9.981 s
  Update time             : 0.948 s
  Time to train epoch     : 10.930 s


Statistics:
  fps step                    : 16,685
  fps step + policy inference : 16,415
  fps total                   : 14,990
  epoch                       : 337 / 1,000
  frames                      : 55,214,080


Policy 0: 
Timing:
  Play time               : 10.043 s
  Update time             : 0.948 s
  Time to train epoch     : 10.991 s


Statistics:
  fps step                    : 16,615
  fps step + policy inference : 16,315
  fps total                   : 14,907
  epoch                       : 338 / 1,000
  frames                      : 55,377,920


Policy 0: saving next best rewards:  [369.79]
=> saving checkpoint 'runs/expert_row3_seed2810/nn/expert_row3_seed2810.pth'

Timing:
  Play time               : 10.086 s
  Update time             : 0.983 s
  Time to train epoch     : 11.068 s


Statistics:
  fps step                    : 16,515
  fps step + policy inference : 16,245
  fps total                   : 14,803
  epoch                       : 339 / 1,000
  frames                      : 55,541,760


Policy 0: saving next best rewards:  [370.1]
=> saving checkpoint 'runs/expert_row3_seed2810/nn/expert_row3_seed2810.pth'

Timing:
  Play time               : 10.005 s
  Update time             : 0.981 s
  Time to train epoch     : 10.986 s


Statistics:
  fps step                    : 16,647
  fps step + policy inference : 16,376
  fps total                   : 14,913
  epoch                       : 340 / 1,000
  frames                      : 55,705,600


Policy 0: saving next best rewards:  [370.44]
=> saving checkpoint 'runs/expert_row3_seed2810/nn/expert_row3_seed2810.pth'

Timing:
  Play time               : 9.999 s
  Update time             : 0.984 s
  Time to train epoch     : 10.983 s


Statistics:
  fps step                    : 16,656
  fps step + policy inference : 16,386
  fps total                   : 14,918
  epoch                       : 341 / 1,000
  frames                      : 55,869,440


Policy 0: saving next best rewards:  [371.34]
=> saving checkpoint 'runs/expert_row3_seed2810/nn/expert_row3_seed2810.pth'

Timing:
  Play time               : 10.021 s
  Update time             : 1.014 s
  Time to train epoch     : 11.035 s


Statistics:
  fps step                    : 16,618
  fps step + policy inference : 16,350
  fps total                   : 14,847
  epoch                       : 342 / 1,000
  frames                      : 56,033,280


Policy 0: saving next best rewards:  [371.87]
=> saving checkpoint 'runs/expert_row3_seed2810/nn/expert_row3_seed2810.pth'

Timing:
  Play time               : 10.052 s
  Update time             : 0.990 s
  Time to train epoch     : 11.043 s


Statistics:
  fps step                    : 16,561
  fps step + policy inference : 16,298
  fps total                   : 14,837
  epoch                       : 343 / 1,000
  frames                      : 56,197,120


Policy 0: saving next best rewards:  [372.26]
=> saving checkpoint 'runs/expert_row3_seed2810/nn/expert_row3_seed2810.pth'

Timing:
  Play time               : 10.076 s
  Update time             : 0.972 s
  Time to train epoch     : 11.048 s


Statistics:
  fps step                    : 16,524
  fps step + policy inference : 16,261
  fps total                   : 14,830
  epoch                       : 344 / 1,000
  frames                      : 56,360,960


Policy 0: saving next best rewards:  [372.72]
=> saving checkpoint 'runs/expert_row3_seed2810/nn/expert_row3_seed2810.pth'

Timing:
  Play time               : 10.064 s
  Update time             : 0.965 s
  Time to train epoch     : 11.028 s


Statistics:
  fps step                    : 16,542
  fps step + policy inference : 16,280
  fps total                   : 14,856
  epoch                       : 345 / 1,000
  frames                      : 56,524,800


Policy 0: saving next best rewards:  [373.18]
=> saving checkpoint 'runs/expert_row3_seed2810/nn/expert_row3_seed2810.pth'

Timing:
  Play time               : 10.115 s
  Update time             : 0.980 s
  Time to train epoch     : 11.095 s


Statistics:
  fps step                    : 16,461
  fps step + policy inference : 16,198
  fps total                   : 14,767
  epoch                       : 346 / 1,000
  frames                      : 56,688,640


Policy 0: saving next best rewards:  [373.82]
=> saving checkpoint 'runs/expert_row3_seed2810/nn/expert_row3_seed2810.pth'

Timing:
  Play time               : 10.032 s
  Update time             : 0.958 s
  Time to train epoch     : 10.990 s


Statistics:
  fps step                    : 16,600
  fps step + policy inference : 16,331
  fps total                   : 14,908
  epoch                       : 347 / 1,000
  frames                      : 56,852,480


Policy 0: saving next best rewards:  [374.13]
=> saving checkpoint 'runs/expert_row3_seed2810/nn/expert_row3_seed2810.pth'

Timing:
  Play time               : 10.027 s
  Update time             : 0.963 s
  Time to train epoch     : 10.990 s


Statistics:
  fps step                    : 16,602
  fps step + policy inference : 16,340
  fps total                   : 14,908
  epoch                       : 348 / 1,000
  frames                      : 57,016,320


Policy 0: saving next best rewards:  [374.93]
=> saving checkpoint 'runs/expert_row3_seed2810/nn/expert_row3_seed2810.pth'

Timing:
  Play time               : 10.024 s
  Update time             : 0.901 s
  Time to train epoch     : 10.925 s


Statistics:
  fps step                    : 16,611
  fps step + policy inference : 16,344
  fps total                   : 14,997
  epoch                       : 349 / 1,000
  frames                      : 57,180,160


Policy 0: saving next best rewards:  [375.65]
=> saving checkpoint 'runs/expert_row3_seed2810/nn/expert_row3_seed2810.pth'

Timing:
  Play time               : 10.044 s
  Update time             : 0.928 s
  Time to train epoch     : 10.972 s


Statistics:
  fps step                    : 16,578
  fps step + policy inference : 16,313
  fps total                   : 14,933
  epoch                       : 350 / 1,000
  frames                      : 57,344,000


Policy 0: saving next best rewards:  [375.96]
=> saving checkpoint 'runs/expert_row3_seed2810/nn/expert_row3_seed2810.pth'

Timing:
  Play time               : 9.993 s
  Update time             : 0.946 s
  Time to train epoch     : 10.940 s


Statistics:
  fps step                    : 16,664
  fps step + policy inference : 16,395
  fps total                   : 14,977
  epoch                       : 351 / 1,000
  frames                      : 57,507,840


Policy 0: saving next best rewards:  [376.42]
=> saving checkpoint 'runs/expert_row3_seed2810/nn/expert_row3_seed2810.pth'

Timing:
  Play time               : 10.045 s
  Update time             : 0.925 s
  Time to train epoch     : 10.970 s


Statistics:
  fps step                    : 16,578
  fps step + policy inference : 16,311
  fps total                   : 14,935
  epoch                       : 352 / 1,000
  frames                      : 57,671,680


Policy 0: saving next best rewards:  [376.62]
=> saving checkpoint 'runs/expert_row3_seed2810/nn/expert_row3_seed2810.pth'

Timing:
  Play time               : 10.073 s
  Update time             : 0.982 s
  Time to train epoch     : 11.055 s


Statistics:
  fps step                    : 16,530
  fps step + policy inference : 16,265
  fps total                   : 14,820
  epoch                       : 353 / 1,000
  frames                      : 57,835,520


Policy 0: saving next best rewards:  [377.36]
=> saving checkpoint 'runs/expert_row3_seed2810/nn/expert_row3_seed2810.pth'

Timing:
  Play time               : 10.081 s
  Update time             : 0.936 s
  Time to train epoch     : 11.017 s


Statistics:
  fps step                    : 16,521
  fps step + policy inference : 16,253
  fps total                   : 14,872
  epoch                       : 354 / 1,000
  frames                      : 57,999,360


Policy 0: saving next best rewards:  [377.73]
=> saving checkpoint 'runs/expert_row3_seed2810/nn/expert_row3_seed2810.pth'

Timing:
  Play time               : 9.964 s
  Update time             : 0.947 s
  Time to train epoch     : 10.912 s


Statistics:
  fps step                    : 16,709
  fps step + policy inference : 16,443
  fps total                   : 15,015
  epoch                       : 355 / 1,000
  frames                      : 58,163,200


Policy 0: saving next best rewards:  [377.87]
=> saving checkpoint 'runs/expert_row3_seed2810/nn/expert_row3_seed2810.pth'

Timing:
  Play time               : 10.051 s
  Update time             : 0.949 s
  Time to train epoch     : 11.000 s


Statistics:
  fps step                    : 16,571
  fps step + policy inference : 16,302
  fps total                   : 14,895
  epoch                       : 356 / 1,000
  frames                      : 58,327,040


Policy 0: saving next best rewards:  [378.78]
=> saving checkpoint 'runs/expert_row3_seed2810/nn/expert_row3_seed2810.pth'

Timing:
  Play time               : 10.119 s
  Update time             : 0.966 s
  Time to train epoch     : 11.085 s


Statistics:
  fps step                    : 16,490
  fps step + policy inference : 16,191
  fps total                   : 14,780
  epoch                       : 357 / 1,000
  frames                      : 58,490,880


Policy 0: saving next best rewards:  [379.97]
=> saving checkpoint 'runs/expert_row3_seed2810/nn/expert_row3_seed2810.pth'

Timing:
  Play time               : 10.028 s
  Update time             : 0.999 s
  Time to train epoch     : 11.027 s


Statistics:
  fps step                    : 16,612
  fps step + policy inference : 16,338
  fps total                   : 14,858
  epoch                       : 358 / 1,000
  frames                      : 58,654,720


Policy 0: saving next best rewards:  [380.79]
=> saving checkpoint 'runs/expert_row3_seed2810/nn/expert_row3_seed2810.pth'

Timing:
  Play time               : 10.013 s
  Update time             : 0.953 s
  Time to train epoch     : 10.966 s


Statistics:
  fps step                    : 16,632
  fps step + policy inference : 16,363
  fps total                   : 14,941
  epoch                       : 359 / 1,000
  frames                      : 58,818,560


Policy 0: saving next best rewards:  [381.8]
=> saving checkpoint 'runs/expert_row3_seed2810/nn/expert_row3_seed2810.pth'

Timing:
  Play time               : 9.983 s
  Update time             : 0.963 s
  Time to train epoch     : 10.945 s


Statistics:
  fps step                    : 16,684
  fps step + policy inference : 16,412
  fps total                   : 14,969
  epoch                       : 360 / 1,000
  frames                      : 58,982,400


Policy 0: saving next best rewards:  [382.68]
=> saving checkpoint 'runs/expert_row3_seed2810/nn/expert_row3_seed2810.pth'

Timing:
  Play time               : 10.077 s
  Update time             : 0.952 s
  Time to train epoch     : 11.029 s


Statistics:
  fps step                    : 16,516
  fps step + policy inference : 16,259
  fps total                   : 14,856
  epoch                       : 361 / 1,000
  frames                      : 59,146,240


Policy 0: 
Timing:
  Play time               : 10.059 s
  Update time             : 0.993 s
  Time to train epoch     : 11.052 s


Statistics:
  fps step                    : 16,560
  fps step + policy inference : 16,288
  fps total                   : 14,825
  epoch                       : 362 / 1,000
  frames                      : 59,310,080


Policy 0: 
Timing:
  Play time               : 10.082 s
  Update time             : 0.994 s
  Time to train epoch     : 11.076 s


Statistics:
  fps step                    : 16,522
  fps step + policy inference : 16,251
  fps total                   : 14,793
  epoch                       : 363 / 1,000
  frames                      : 59,473,920


Policy 0: 
Timing:
  Play time               : 10.152 s
  Update time             : 1.002 s
  Time to train epoch     : 11.154 s


Statistics:
  fps step                    : 16,397
  fps step + policy inference : 16,138
  fps total                   : 14,689
  epoch                       : 364 / 1,000
  frames                      : 59,637,760


Policy 0: 
Timing:
  Play time               : 10.088 s
  Update time             : 0.982 s
  Time to train epoch     : 11.070 s


Statistics:
  fps step                    : 16,507
  fps step + policy inference : 16,241
  fps total                   : 14,800
  epoch                       : 365 / 1,000
  frames                      : 59,801,600


Policy 0: saving next best rewards:  [382.86]
=> saving checkpoint 'runs/expert_row3_seed2810/nn/expert_row3_seed2810.pth'

Timing:
  Play time               : 10.139 s
  Update time             : 0.966 s
  Time to train epoch     : 11.105 s


Statistics:
  fps step                    : 16,421
  fps step + policy inference : 16,160
  fps total                   : 14,754
  epoch                       : 366 / 1,000
  frames                      : 59,965,440


Policy 0: saving next best rewards:  [382.99]
=> saving checkpoint 'runs/expert_row3_seed2810/nn/expert_row3_seed2810.pth'

Timing:
  Play time               : 10.027 s
  Update time             : 0.931 s
  Time to train epoch     : 10.958 s


Statistics:
  fps step                    : 16,607
  fps step + policy inference : 16,340
  fps total                   : 14,952
  epoch                       : 367 / 1,000
  frames                      : 60,129,280


Policy 0: saving next best rewards:  [383.06]
=> saving checkpoint 'runs/expert_row3_seed2810/nn/expert_row3_seed2810.pth'

Timing:
  Play time               : 10.000 s
  Update time             : 0.941 s
  Time to train epoch     : 10.941 s


Statistics:
  fps step                    : 16,650
  fps step + policy inference : 16,383
  fps total                   : 14,974
  epoch                       : 368 / 1,000
  frames                      : 60,293,120


Policy 0: saving next best rewards:  [383.61]
=> saving checkpoint 'runs/expert_row3_seed2810/nn/expert_row3_seed2810.pth'

Timing:
  Play time               : 10.014 s
  Update time             : 0.924 s
  Time to train epoch     : 10.938 s


Statistics:
  fps step                    : 16,629
  fps step + policy inference : 16,361
  fps total                   : 14,979
  epoch                       : 369 / 1,000
  frames                      : 60,456,960


Policy 0: saving next best rewards:  [384.23]
=> saving checkpoint 'runs/expert_row3_seed2810/nn/expert_row3_seed2810.pth'

Timing:
  Play time               : 9.987 s
  Update time             : 0.927 s
  Time to train epoch     : 10.913 s


Statistics:
  fps step                    : 16,671
  fps step + policy inference : 16,406
  fps total                   : 15,013
  epoch                       : 370 / 1,000
  frames                      : 60,620,800


Policy 0: saving next best rewards:  [384.73]
=> saving checkpoint 'runs/expert_row3_seed2810/nn/expert_row3_seed2810.pth'

Timing:
  Play time               : 10.031 s
  Update time             : 0.955 s
  Time to train epoch     : 10.986 s


Statistics:
  fps step                    : 16,598
  fps step + policy inference : 16,333
  fps total                   : 14,913
  epoch                       : 371 / 1,000
  frames                      : 60,784,640


Policy 0: saving next best rewards:  [385.36]
=> saving checkpoint 'runs/expert_row3_seed2810/nn/expert_row3_seed2810.pth'

Timing:
  Play time               : 10.047 s
  Update time             : 0.943 s
  Time to train epoch     : 10.991 s


Statistics:
  fps step                    : 16,580
  fps step + policy inference : 16,307
  fps total                   : 14,907
  epoch                       : 372 / 1,000
  frames                      : 60,948,480


Policy 0: saving next best rewards:  [385.64]
=> saving checkpoint 'runs/expert_row3_seed2810/nn/expert_row3_seed2810.pth'

Timing:
  Play time               : 9.991 s
  Update time             : 0.942 s
  Time to train epoch     : 10.933 s


Statistics:
  fps step                    : 16,670
  fps step + policy inference : 16,399
  fps total                   : 14,986
  epoch                       : 373 / 1,000
  frames                      : 61,112,320


Policy 0: saving next best rewards:  [385.82]
=> saving checkpoint 'runs/expert_row3_seed2810/nn/expert_row3_seed2810.pth'

Timing:
  Play time               : 10.003 s
  Update time             : 0.947 s
  Time to train epoch     : 10.950 s


Statistics:
  fps step                    : 16,644
  fps step + policy inference : 16,379
  fps total                   : 14,962
  epoch                       : 374 / 1,000
  frames                      : 61,276,160


Policy 0: saving next best rewards:  [386.28]
=> saving checkpoint 'runs/expert_row3_seed2810/nn/expert_row3_seed2810.pth'

Timing:
  Play time               : 10.048 s
  Update time             : 0.963 s
  Time to train epoch     : 11.011 s


Statistics:
  fps step                    : 16,601
  fps step + policy inference : 16,306
  fps total                   : 14,880
  epoch                       : 375 / 1,000
  frames                      : 61,440,000


Policy 0: 
Timing:
  Play time               : 10.046 s
  Update time             : 0.963 s
  Time to train epoch     : 11.009 s


Statistics:
  fps step                    : 16,583
  fps step + policy inference : 16,309
  fps total                   : 14,883
  epoch                       : 376 / 1,000
  frames                      : 61,603,840


Policy 0: 
Timing:
  Play time               : 10.154 s
  Update time             : 0.968 s
  Time to train epoch     : 11.122 s


Statistics:
  fps step                    : 16,409
  fps step + policy inference : 16,136
  fps total                   : 14,731
  epoch                       : 377 / 1,000
  frames                      : 61,767,680


Policy 0: 
Timing:
  Play time               : 10.056 s
  Update time             : 0.977 s
  Time to train epoch     : 11.033 s


Statistics:
  fps step                    : 16,561
  fps step + policy inference : 16,294
  fps total                   : 14,850
  epoch                       : 378 / 1,000
  frames                      : 61,931,520


Policy 0: 
Timing:
  Play time               : 10.045 s
  Update time             : 0.985 s
  Time to train epoch     : 11.030 s


Statistics:
  fps step                    : 16,574
  fps step + policy inference : 16,310
  fps total                   : 14,855
  epoch                       : 379 / 1,000
  frames                      : 62,095,360


Policy 0: saving next best rewards:  [386.45]
=> saving checkpoint 'runs/expert_row3_seed2810/nn/expert_row3_seed2810.pth'

Timing:
  Play time               : 10.005 s
  Update time             : 1.005 s
  Time to train epoch     : 11.011 s


Statistics:
  fps step                    : 16,640
  fps step + policy inference : 16,375
  fps total                   : 14,880
  epoch                       : 380 / 1,000
  frames                      : 62,259,200


Policy 0: 
Timing:
  Play time               : 10.031 s
  Update time             : 0.996 s
  Time to train epoch     : 11.026 s


Statistics:
  fps step                    : 16,606
  fps step + policy inference : 16,334
  fps total                   : 14,859
  epoch                       : 381 / 1,000
  frames                      : 62,423,040


Policy 0: 
Timing:
  Play time               : 10.060 s
  Update time             : 0.989 s
  Time to train epoch     : 11.048 s


Statistics:
  fps step                    : 16,555
  fps step + policy inference : 16,287
  fps total                   : 14,829
  epoch                       : 382 / 1,000
  frames                      : 62,586,880


Policy 0: saving next best rewards:  [386.85]
=> saving checkpoint 'runs/expert_row3_seed2810/nn/expert_row3_seed2810.pth'

Timing:
  Play time               : 10.094 s
  Update time             : 0.994 s
  Time to train epoch     : 11.088 s


Statistics:
  fps step                    : 16,491
  fps step + policy inference : 16,231
  fps total                   : 14,777
  epoch                       : 383 / 1,000
  frames                      : 62,750,720


Policy 0: saving next best rewards:  [387.92]
=> saving checkpoint 'runs/expert_row3_seed2810/nn/expert_row3_seed2810.pth'

Timing:
  Play time               : 10.072 s
  Update time             : 0.963 s
  Time to train epoch     : 11.035 s


Statistics:
  fps step                    : 16,533
  fps step + policy inference : 16,267
  fps total                   : 14,847
  epoch                       : 384 / 1,000
  frames                      : 62,914,560


Policy 0: 
Timing:
  Play time               : 10.054 s
  Update time             : 0.941 s
  Time to train epoch     : 10.996 s


Statistics:
  fps step                    : 16,560
  fps step + policy inference : 16,295
  fps total                   : 14,900
  epoch                       : 385 / 1,000
  frames                      : 63,078,400


Policy 0: saving next best rewards:  [388.25]
=> saving checkpoint 'runs/expert_row3_seed2810/nn/expert_row3_seed2810.pth'

Timing:
  Play time               : 10.030 s
  Update time             : 0.907 s
  Time to train epoch     : 10.936 s


Statistics:
  fps step                    : 16,599
  fps step + policy inference : 16,336
  fps total                   : 14,981
  epoch                       : 386 / 1,000
  frames                      : 63,242,240


Policy 0: saving next best rewards:  [388.55]
=> saving checkpoint 'runs/expert_row3_seed2810/nn/expert_row3_seed2810.pth'

Timing:
  Play time               : 10.086 s
  Update time             : 0.933 s
  Time to train epoch     : 11.019 s


Statistics:
  fps step                    : 16,515
  fps step + policy inference : 16,244
  fps total                   : 14,869
  epoch                       : 387 / 1,000
  frames                      : 63,406,080


Policy 0: saving next best rewards:  [388.72]
=> saving checkpoint 'runs/expert_row3_seed2810/nn/expert_row3_seed2810.pth'

Timing:
  Play time               : 10.040 s
  Update time             : 0.944 s
  Time to train epoch     : 10.984 s


Statistics:
  fps step                    : 16,584
  fps step + policy inference : 16,318
  fps total                   : 14,916
  epoch                       : 388 / 1,000
  frames                      : 63,569,920


Policy 0: saving next best rewards:  [389.03]
=> saving checkpoint 'runs/expert_row3_seed2810/nn/expert_row3_seed2810.pth'

Timing:
  Play time               : 10.078 s
  Update time             : 0.929 s
  Time to train epoch     : 11.007 s


Statistics:
  fps step                    : 16,520
  fps step + policy inference : 16,257
  fps total                   : 14,884
  epoch                       : 389 / 1,000
  frames                      : 63,733,760


Policy 0: saving next best rewards:  [389.75]
=> saving checkpoint 'runs/expert_row3_seed2810/nn/expert_row3_seed2810.pth'

Timing:
  Play time               : 10.085 s
  Update time             : 0.949 s
  Time to train epoch     : 11.035 s


Statistics:
  fps step                    : 16,511
  fps step + policy inference : 16,245
  fps total                   : 14,848
  epoch                       : 390 / 1,000
  frames                      : 63,897,600


Policy 0: saving next best rewards:  [390.31]
=> saving checkpoint 'runs/expert_row3_seed2810/nn/expert_row3_seed2810.pth'

Timing:
  Play time               : 10.080 s
  Update time             : 0.937 s
  Time to train epoch     : 11.018 s


Statistics:
  fps step                    : 16,518
  fps step + policy inference : 16,253
  fps total                   : 14,870
  epoch                       : 391 / 1,000
  frames                      : 64,061,440


Policy 0: saving next best rewards:  [390.84]
=> saving checkpoint 'runs/expert_row3_seed2810/nn/expert_row3_seed2810.pth'

Timing:
  Play time               : 10.116 s
  Update time             : 0.928 s
  Time to train epoch     : 11.043 s


Statistics:
  fps step                    : 16,461
  fps step + policy inference : 16,197
  fps total                   : 14,836
  epoch                       : 392 / 1,000
  frames                      : 64,225,280


Policy 0: saving next best rewards:  [391.32]
=> saving checkpoint 'runs/expert_row3_seed2810/nn/expert_row3_seed2810.pth'

Timing:
  Play time               : 10.037 s
  Update time             : 0.953 s
  Time to train epoch     : 10.990 s


Statistics:
  fps step                    : 16,590
  fps step + policy inference : 16,324
  fps total                   : 14,908
  epoch                       : 393 / 1,000
  frames                      : 64,389,120


Policy 0: saving next best rewards:  [391.61]
=> saving checkpoint 'runs/expert_row3_seed2810/nn/expert_row3_seed2810.pth'

Timing:
  Play time               : 10.111 s
  Update time             : 0.958 s
  Time to train epoch     : 11.069 s


Statistics:
  fps step                    : 16,499
  fps step + policy inference : 16,204
  fps total                   : 14,801
  epoch                       : 394 / 1,000
  frames                      : 64,552,960


Policy 0: saving next best rewards:  [392.49]
=> saving checkpoint 'runs/expert_row3_seed2810/nn/expert_row3_seed2810.pth'

Timing:
  Play time               : 10.040 s
  Update time             : 0.979 s
  Time to train epoch     : 11.019 s


Statistics:
  fps step                    : 16,592
  fps step + policy inference : 16,319
  fps total                   : 14,869
  epoch                       : 395 / 1,000
  frames                      : 64,716,800


Policy 0: saving next best rewards:  [392.88]
=> saving checkpoint 'runs/expert_row3_seed2810/nn/expert_row3_seed2810.pth'

Timing:
  Play time               : 10.061 s
  Update time             : 1.020 s
  Time to train epoch     : 11.081 s


Statistics:
  fps step                    : 16,550
  fps step + policy inference : 16,284
  fps total                   : 14,785
  epoch                       : 396 / 1,000
  frames                      : 64,880,640


Policy 0: saving next best rewards:  [393.43]
=> saving checkpoint 'runs/expert_row3_seed2810/nn/expert_row3_seed2810.pth'

Timing:
  Play time               : 10.245 s
  Update time             : 1.023 s
  Time to train epoch     : 11.268 s


Statistics:
  fps step                    : 16,251
  fps step + policy inference : 15,993
  fps total                   : 14,541
  epoch                       : 397 / 1,000
  frames                      : 65,044,480


Policy 0: saving next best rewards:  [393.83]
=> saving checkpoint 'runs/expert_row3_seed2810/nn/expert_row3_seed2810.pth'

Timing:
  Play time               : 10.226 s
  Update time             : 0.951 s
  Time to train epoch     : 11.176 s


Statistics:
  fps step                    : 16,275
  fps step + policy inference : 16,022
  fps total                   : 14,660
  epoch                       : 398 / 1,000
  frames                      : 65,208,320


Policy 0: saving next best rewards:  [394.4]
=> saving checkpoint 'runs/expert_row3_seed2810/nn/expert_row3_seed2810.pth'

Timing:
  Play time               : 10.240 s
  Update time             : 0.979 s
  Time to train epoch     : 11.219 s


Statistics:
  fps step                    : 16,257
  fps step + policy inference : 16,001
  fps total                   : 14,604
  epoch                       : 399 / 1,000
  frames                      : 65,372,160


Policy 0: saving next best rewards:  [394.71]
=> saving checkpoint 'runs/expert_row3_seed2810/nn/expert_row3_seed2810.pth'

Timing:
  Play time               : 10.254 s
  Update time             : 0.987 s
  Time to train epoch     : 11.241 s


Statistics:
  fps step                    : 16,233
  fps step + policy inference : 15,978
  fps total                   : 14,575
  epoch                       : 400 / 1,000
  frames                      : 65,536,000


Policy 0: saving next best rewards:  [394.76]
=> saving checkpoint 'runs/expert_row3_seed2810/nn/expert_row3_seed2810.pth'

Timing:
  Play time               : 10.236 s
  Update time             : 0.944 s
  Time to train epoch     : 11.180 s


Statistics:
  fps step                    : 16,265
  fps step + policy inference : 16,007
  fps total                   : 14,655
  epoch                       : 401 / 1,000
  frames                      : 65,699,840


Policy 0: 
Timing:
  Play time               : 10.225 s
  Update time             : 0.959 s
  Time to train epoch     : 11.183 s


Statistics:
  fps step                    : 16,279
  fps step + policy inference : 16,024
  fps total                   : 14,650
  epoch                       : 402 / 1,000
  frames                      : 65,863,680


Policy 0: 
Timing:
  Play time               : 10.246 s
  Update time             : 0.957 s
  Time to train epoch     : 11.203 s


Statistics:
  fps step                    : 16,248
  fps step + policy inference : 15,991
  fps total                   : 14,625
  epoch                       : 403 / 1,000
  frames                      : 66,027,520


Policy 0: 
Timing:
  Play time               : 10.261 s
  Update time             : 0.966 s
  Time to train epoch     : 11.227 s


Statistics:
  fps step                    : 16,224
  fps step + policy inference : 15,968
  fps total                   : 14,594
  epoch                       : 404 / 1,000
  frames                      : 66,191,360


Policy 0: 
Timing:
  Play time               : 10.211 s
  Update time             : 0.909 s
  Time to train epoch     : 11.120 s


Statistics:
  fps step                    : 16,298
  fps step + policy inference : 16,045
  fps total                   : 14,733
  epoch                       : 405 / 1,000
  frames                      : 66,355,200


Policy 0: 
Timing:
  Play time               : 10.197 s
  Update time             : 0.932 s
  Time to train epoch     : 11.129 s


Statistics:
  fps step                    : 16,322
  fps step + policy inference : 16,068
  fps total                   : 14,722
  epoch                       : 406 / 1,000
  frames                      : 66,519,040


Policy 0: 
Timing:
  Play time               : 10.161 s
  Update time             : 0.985 s
  Time to train epoch     : 11.146 s


Statistics:
  fps step                    : 16,387
  fps step + policy inference : 16,124
  fps total                   : 14,699
  epoch                       : 407 / 1,000
  frames                      : 66,682,880


Policy 0: 
Timing:
  Play time               : 10.165 s
  Update time             : 0.926 s
  Time to train epoch     : 11.091 s


Statistics:
  fps step                    : 16,377
  fps step + policy inference : 16,118
  fps total                   : 14,772
  epoch                       : 408 / 1,000
  frames                      : 66,846,720


Policy 0: 
Timing:
  Play time               : 10.129 s
  Update time             : 0.967 s
  Time to train epoch     : 11.095 s


Statistics:
  fps step                    : 16,441
  fps step + policy inference : 16,176
  fps total                   : 14,767
  epoch                       : 409 / 1,000
  frames                      : 67,010,560


Policy 0: 
Timing:
  Play time               : 10.164 s
  Update time             : 1.010 s
  Time to train epoch     : 11.175 s


Statistics:
  fps step                    : 16,378
  fps step + policy inference : 16,119
  fps total                   : 14,662
  epoch                       : 410 / 1,000
  frames                      : 67,174,400


Policy 0: 
Timing:
  Play time               : 10.156 s
  Update time             : 0.915 s
  Time to train epoch     : 11.071 s


Statistics:
  fps step                    : 16,388
  fps step + policy inference : 16,132
  fps total                   : 14,799
  epoch                       : 411 / 1,000
  frames                      : 67,338,240


Policy 0: 
Timing:
  Play time               : 10.180 s
  Update time             : 0.945 s
  Time to train epoch     : 11.125 s


Statistics:
  fps step                    : 16,356
  fps step + policy inference : 16,094
  fps total                   : 14,727
  epoch                       : 412 / 1,000
  frames                      : 67,502,080


Policy 0: 
Timing:
  Play time               : 10.170 s
  Update time             : 0.948 s
  Time to train epoch     : 11.118 s


Statistics:
  fps step                    : 16,400
  fps step + policy inference : 16,110
  fps total                   : 14,736
  epoch                       : 413 / 1,000
  frames                      : 67,665,920


Policy 0: 
Timing:
  Play time               : 10.081 s
  Update time             : 0.973 s
  Time to train epoch     : 11.054 s


Statistics:
  fps step                    : 16,523
  fps step + policy inference : 16,253
  fps total                   : 14,822
  epoch                       : 414 / 1,000
  frames                      : 67,829,760


Policy 0: 
Timing:
  Play time               : 9.993 s
  Update time             : 0.985 s
  Time to train epoch     : 10.978 s


Statistics:
  fps step                    : 16,666
  fps step + policy inference : 16,395
  fps total                   : 14,925
  epoch                       : 415 / 1,000
  frames                      : 67,993,600


Policy 0: 
Timing:
  Play time               : 10.003 s
  Update time             : 1.002 s
  Time to train epoch     : 11.005 s


Statistics:
  fps step                    : 16,645
  fps step + policy inference : 16,378
  fps total                   : 14,887
  epoch                       : 416 / 1,000
  frames                      : 68,157,440


Policy 0: 
Timing:
  Play time               : 10.058 s
  Update time             : 0.951 s
  Time to train epoch     : 11.009 s


Statistics:
  fps step                    : 16,553
  fps step + policy inference : 16,290
  fps total                   : 14,883
  epoch                       : 417 / 1,000
  frames                      : 68,321,280


Policy 0: 
Timing:
  Play time               : 10.005 s
  Update time             : 1.020 s
  Time to train epoch     : 11.025 s


Statistics:
  fps step                    : 16,650
  fps step + policy inference : 16,376
  fps total                   : 14,861
  epoch                       : 418 / 1,000
  frames                      : 68,485,120


Policy 0: saving next best rewards:  [395.16]
=> saving checkpoint 'runs/expert_row3_seed2810/nn/expert_row3_seed2810.pth'

Timing:
  Play time               : 10.095 s
  Update time             : 1.030 s
  Time to train epoch     : 11.125 s


Statistics:
  fps step                    : 16,494
  fps step + policy inference : 16,229
  fps total                   : 14,727
  epoch                       : 419 / 1,000
  frames                      : 68,648,960


Policy 0: 
Timing:
  Play time               : 10.070 s
  Update time             : 0.959 s
  Time to train epoch     : 11.029 s


Statistics:
  fps step                    : 16,529
  fps step + policy inference : 16,271
  fps total                   : 14,856
  epoch                       : 420 / 1,000
  frames                      : 68,812,800


Policy 0: saving next best rewards:  [395.86]
=> saving checkpoint 'runs/expert_row3_seed2810/nn/expert_row3_seed2810.pth'

Timing:
  Play time               : 10.054 s
  Update time             : 0.960 s
  Time to train epoch     : 11.014 s


Statistics:
  fps step                    : 16,558
  fps step + policy inference : 16,297
  fps total                   : 14,876
  epoch                       : 421 / 1,000
  frames                      : 68,976,640


Policy 0: saving next best rewards:  [396.2]
=> saving checkpoint 'runs/expert_row3_seed2810/nn/expert_row3_seed2810.pth'

Timing:
  Play time               : 10.043 s
  Update time             : 0.973 s
  Time to train epoch     : 11.015 s


Statistics:
  fps step                    : 16,585
  fps step + policy inference : 16,315
  fps total                   : 14,874
  epoch                       : 422 / 1,000
  frames                      : 69,140,480


Policy 0: saving next best rewards:  [396.41]
=> saving checkpoint 'runs/expert_row3_seed2810/nn/expert_row3_seed2810.pth'

Timing:
  Play time               : 10.027 s
  Update time             : 0.952 s
  Time to train epoch     : 10.978 s


Statistics:
  fps step                    : 16,613
  fps step + policy inference : 16,341
  fps total                   : 14,924
  epoch                       : 423 / 1,000
  frames                      : 69,304,320


Policy 0: 
Timing:
  Play time               : 9.978 s
  Update time             : 0.902 s
  Time to train epoch     : 10.881 s


Statistics:
  fps step                    : 16,685
  fps step + policy inference : 16,420
  fps total                   : 15,058
  epoch                       : 424 / 1,000
  frames                      : 69,468,160


Policy 0: saving next best rewards:  [396.9]
=> saving checkpoint 'runs/expert_row3_seed2810/nn/expert_row3_seed2810.pth'

Timing:
  Play time               : 10.116 s
  Update time             : 0.968 s
  Time to train epoch     : 11.084 s


Statistics:
  fps step                    : 16,456
  fps step + policy inference : 16,196
  fps total                   : 14,782
  epoch                       : 425 / 1,000
  frames                      : 69,632,000


Policy 0: saving next best rewards:  [397.23]
=> saving checkpoint 'runs/expert_row3_seed2810/nn/expert_row3_seed2810.pth'

Timing:
  Play time               : 10.030 s
  Update time             : 0.925 s
  Time to train epoch     : 10.955 s


Statistics:
  fps step                    : 16,602
  fps step + policy inference : 16,335
  fps total                   : 14,956
  epoch                       : 426 / 1,000
  frames                      : 69,795,840


Policy 0: saving next best rewards:  [397.6]
=> saving checkpoint 'runs/expert_row3_seed2810/nn/expert_row3_seed2810.pth'

Timing:
  Play time               : 10.096 s
  Update time             : 0.942 s
  Time to train epoch     : 11.038 s


Statistics:
  fps step                    : 16,489
  fps step + policy inference : 16,228
  fps total                   : 14,843
  epoch                       : 427 / 1,000
  frames                      : 69,959,680


Policy 0: saving next best rewards:  [397.98]
=> saving checkpoint 'runs/expert_row3_seed2810/nn/expert_row3_seed2810.pth'

Timing:
  Play time               : 10.060 s
  Update time             : 0.951 s
  Time to train epoch     : 11.011 s


Statistics:
  fps step                    : 16,564
  fps step + policy inference : 16,287
  fps total                   : 14,880
  epoch                       : 428 / 1,000
  frames                      : 70,123,520


Policy 0: saving next best rewards:  [398.41]
=> saving checkpoint 'runs/expert_row3_seed2810/nn/expert_row3_seed2810.pth'

Timing:
  Play time               : 10.031 s
  Update time             : 0.929 s
  Time to train epoch     : 10.959 s


Statistics:
  fps step                    : 16,595
  fps step + policy inference : 16,334
  fps total                   : 14,950
  epoch                       : 429 / 1,000
  frames                      : 70,287,360


Policy 0: saving next best rewards:  [399.]
=> saving checkpoint 'runs/expert_row3_seed2810/nn/expert_row3_seed2810.pth'

Timing:
  Play time               : 10.028 s
  Update time             : 0.924 s
  Time to train epoch     : 10.952 s


Statistics:
  fps step                    : 16,599
  fps step + policy inference : 16,338
  fps total                   : 14,959
  epoch                       : 430 / 1,000
  frames                      : 70,451,200


Policy 0: 
Timing:
  Play time               : 10.098 s
  Update time             : 0.961 s
  Time to train epoch     : 11.059 s


Statistics:
  fps step                    : 16,492
  fps step + policy inference : 16,226
  fps total                   : 14,815
  epoch                       : 431 / 1,000
  frames                      : 70,615,040


Policy 0: 
Timing:
  Play time               : 10.164 s
  Update time             : 1.013 s
  Time to train epoch     : 11.176 s


Statistics:
  fps step                    : 16,409
  fps step + policy inference : 16,120
  fps total                   : 14,660
  epoch                       : 432 / 1,000
  frames                      : 70,778,880


Policy 0: saving next best rewards:  [399.33]
=> saving checkpoint 'runs/expert_row3_seed2810/nn/expert_row3_seed2810.pth'

Timing:
  Play time               : 10.024 s
  Update time             : 1.031 s
  Time to train epoch     : 11.056 s


Statistics:
  fps step                    : 16,621
  fps step + policy inference : 16,344
  fps total                   : 14,819
  epoch                       : 433 / 1,000
  frames                      : 70,942,720


Policy 0: saving next best rewards:  [400.34]
=> saving checkpoint 'runs/expert_row3_seed2810/nn/expert_row3_seed2810.pth'

Timing:
  Play time               : 10.083 s
  Update time             : 0.980 s
  Time to train epoch     : 11.064 s


Statistics:
  fps step                    : 16,512
  fps step + policy inference : 16,249
  fps total                   : 14,809
  epoch                       : 434 / 1,000
  frames                      : 71,106,560


Policy 0: saving next best rewards:  [401.38]
=> saving checkpoint 'runs/expert_row3_seed2810/nn/expert_row3_seed2810.pth'

Timing:
  Play time               : 10.017 s
  Update time             : 0.988 s
  Time to train epoch     : 11.005 s


Statistics:
  fps step                    : 16,624
  fps step + policy inference : 16,356
  fps total                   : 14,887
  epoch                       : 435 / 1,000
  frames                      : 71,270,400


Policy 0: saving next best rewards:  [401.5]
=> saving checkpoint 'runs/expert_row3_seed2810/nn/expert_row3_seed2810.pth'

Timing:
  Play time               : 10.036 s
  Update time             : 0.981 s
  Time to train epoch     : 11.017 s


Statistics:
  fps step                    : 16,588
  fps step + policy inference : 16,325
  fps total                   : 14,872
  epoch                       : 436 / 1,000
  frames                      : 71,434,240


Policy 0: 
Timing:
  Play time               : 10.082 s
  Update time             : 0.946 s
  Time to train epoch     : 11.028 s


Statistics:
  fps step                    : 16,511
  fps step + policy inference : 16,250
  fps total                   : 14,856
  epoch                       : 437 / 1,000
  frames                      : 71,598,080


Policy 0: 
Timing:
  Play time               : 9.973 s
  Update time             : 0.944 s
  Time to train epoch     : 10.917 s


Statistics:
  fps step                    : 16,703
  fps step + policy inference : 16,429
  fps total                   : 15,008
  epoch                       : 438 / 1,000
  frames                      : 71,761,920


Policy 0: saving next best rewards:  [401.58]
=> saving checkpoint 'runs/expert_row3_seed2810/nn/expert_row3_seed2810.pth'

Timing:
  Play time               : 10.140 s
  Update time             : 0.991 s
  Time to train epoch     : 11.131 s


Statistics:
  fps step                    : 16,415
  fps step + policy inference : 16,159
  fps total                   : 14,719
  epoch                       : 439 / 1,000
  frames                      : 71,925,760


Policy 0: saving next best rewards:  [402.21]
=> saving checkpoint 'runs/expert_row3_seed2810/nn/expert_row3_seed2810.pth'

Timing:
  Play time               : 10.148 s
  Update time             : 0.953 s
  Time to train epoch     : 11.100 s


Statistics:
  fps step                    : 16,406
  fps step + policy inference : 16,145
  fps total                   : 14,760
  epoch                       : 440 / 1,000
  frames                      : 72,089,600


Policy 0: saving next best rewards:  [402.87]
=> saving checkpoint 'runs/expert_row3_seed2810/nn/expert_row3_seed2810.pth'

Timing:
  Play time               : 10.170 s
  Update time             : 0.942 s
  Time to train epoch     : 11.113 s


Statistics:
  fps step                    : 16,371
  fps step + policy inference : 16,109
  fps total                   : 14,743
  epoch                       : 441 / 1,000
  frames                      : 72,253,440


Policy 0: 
Timing:
  Play time               : 10.111 s
  Update time             : 0.973 s
  Time to train epoch     : 11.084 s


Statistics:
  fps step                    : 16,463
  fps step + policy inference : 16,205
  fps total                   : 14,782
  epoch                       : 442 / 1,000
  frames                      : 72,417,280


Policy 0: 
Timing:
  Play time               : 10.170 s
  Update time             : 0.949 s
  Time to train epoch     : 11.119 s


Statistics:
  fps step                    : 16,370
  fps step + policy inference : 16,111
  fps total                   : 14,735
  epoch                       : 443 / 1,000
  frames                      : 72,581,120


Policy 0: saving next best rewards:  [402.99]
=> saving checkpoint 'runs/expert_row3_seed2810/nn/expert_row3_seed2810.pth'

Timing:
  Play time               : 10.167 s
  Update time             : 0.943 s
  Time to train epoch     : 11.110 s


Statistics:
  fps step                    : 16,373
  fps step + policy inference : 16,115
  fps total                   : 14,747
  epoch                       : 444 / 1,000
  frames                      : 72,744,960


Policy 0: saving next best rewards:  [403.22]
=> saving checkpoint 'runs/expert_row3_seed2810/nn/expert_row3_seed2810.pth'

Timing:
  Play time               : 10.163 s
  Update time             : 0.928 s
  Time to train epoch     : 11.091 s


Statistics:
  fps step                    : 16,381
  fps step + policy inference : 16,122
  fps total                   : 14,773
  epoch                       : 445 / 1,000
  frames                      : 72,908,800


Policy 0: saving next best rewards:  [403.52]
=> saving checkpoint 'runs/expert_row3_seed2810/nn/expert_row3_seed2810.pth'

Timing:
  Play time               : 10.127 s
  Update time             : 0.964 s
  Time to train epoch     : 11.091 s


Statistics:
  fps step                    : 16,440
  fps step + policy inference : 16,179
  fps total                   : 14,772
  epoch                       : 446 / 1,000
  frames                      : 73,072,640


Policy 0: saving next best rewards:  [404.66]
=> saving checkpoint 'runs/expert_row3_seed2810/nn/expert_row3_seed2810.pth'

Timing:
  Play time               : 10.106 s
  Update time             : 0.952 s
  Time to train epoch     : 11.058 s


Statistics:
  fps step                    : 16,473
  fps step + policy inference : 16,211
  fps total                   : 14,816
  epoch                       : 447 / 1,000
  frames                      : 73,236,480


Policy 0: saving next best rewards:  [405.56]
=> saving checkpoint 'runs/expert_row3_seed2810/nn/expert_row3_seed2810.pth'

Timing:
  Play time               : 10.213 s
  Update time             : 0.943 s
  Time to train epoch     : 11.156 s


Statistics:
  fps step                    : 16,302
  fps step + policy inference : 16,042
  fps total                   : 14,686
  epoch                       : 448 / 1,000
  frames                      : 73,400,320


Policy 0: saving next best rewards:  [406.16]
=> saving checkpoint 'runs/expert_row3_seed2810/nn/expert_row3_seed2810.pth'

Timing:
  Play time               : 10.129 s
  Update time             : 0.963 s
  Time to train epoch     : 11.092 s


Statistics:
  fps step                    : 16,433
  fps step + policy inference : 16,175
  fps total                   : 14,771
  epoch                       : 449 / 1,000
  frames                      : 73,564,160


Policy 0: saving next best rewards:  [406.38]
=> saving checkpoint 'runs/expert_row3_seed2810/nn/expert_row3_seed2810.pth'

Timing:
  Play time               : 10.139 s
  Update time             : 0.990 s
  Time to train epoch     : 11.129 s


Statistics:
  fps step                    : 16,445
  fps step + policy inference : 16,159
  fps total                   : 14,722
  epoch                       : 450 / 1,000
  frames                      : 73,728,000


Policy 0: saving next best rewards:  [407.14]
=> saving checkpoint 'runs/expert_row3_seed2810/nn/expert_row3_seed2810.pth'

Timing:
  Play time               : 10.181 s
  Update time             : 1.001 s
  Time to train epoch     : 11.182 s


Statistics:
  fps step                    : 16,355
  fps step + policy inference : 16,093
  fps total                   : 14,652
  epoch                       : 451 / 1,000
  frames                      : 73,891,840


Policy 0: 
Timing:
  Play time               : 10.144 s
  Update time             : 1.018 s
  Time to train epoch     : 11.162 s


Statistics:
  fps step                    : 16,416
  fps step + policy inference : 16,152
  fps total                   : 14,679
  epoch                       : 452 / 1,000
  frames                      : 74,055,680


Policy 0: 
Timing:
  Play time               : 10.085 s
  Update time             : 1.036 s
  Time to train epoch     : 11.121 s


Statistics:
  fps step                    : 16,510
  fps step + policy inference : 16,246
  fps total                   : 14,733
  epoch                       : 453 / 1,000
  frames                      : 74,219,520


Policy 0: 
Timing:
  Play time               : 10.108 s
  Update time             : 0.968 s
  Time to train epoch     : 11.076 s


Statistics:
  fps step                    : 16,466
  fps step + policy inference : 16,209
  fps total                   : 14,792
  epoch                       : 454 / 1,000
  frames                      : 74,383,360


Policy 0: saving next best rewards:  [407.83]
=> saving checkpoint 'runs/expert_row3_seed2810/nn/expert_row3_seed2810.pth'

Timing:
  Play time               : 10.146 s
  Update time             : 0.935 s
  Time to train epoch     : 11.081 s


Statistics:
  fps step                    : 16,407
  fps step + policy inference : 16,148
  fps total                   : 14,785
  epoch                       : 455 / 1,000
  frames                      : 74,547,200


Policy 0: saving next best rewards:  [408.39]
=> saving checkpoint 'runs/expert_row3_seed2810/nn/expert_row3_seed2810.pth'

Timing:
  Play time               : 10.113 s
  Update time             : 0.958 s
  Time to train epoch     : 11.071 s


Statistics:
  fps step                    : 16,458
  fps step + policy inference : 16,201
  fps total                   : 14,799
  epoch                       : 456 / 1,000
  frames                      : 74,711,040


Policy 0: saving next best rewards:  [408.84]
=> saving checkpoint 'runs/expert_row3_seed2810/nn/expert_row3_seed2810.pth'

Timing:
  Play time               : 10.136 s
  Update time             : 0.941 s
  Time to train epoch     : 11.077 s


Statistics:
  fps step                    : 16,423
  fps step + policy inference : 16,164
  fps total                   : 14,791
  epoch                       : 457 / 1,000
  frames                      : 74,874,880


Policy 0: 
Timing:
  Play time               : 10.174 s
  Update time             : 0.939 s
  Time to train epoch     : 11.113 s


Statistics:
  fps step                    : 16,359
  fps step + policy inference : 16,104
  fps total                   : 14,743
  epoch                       : 458 / 1,000
  frames                      : 75,038,720


Policy 0: saving next best rewards:  [409.16]
=> saving checkpoint 'runs/expert_row3_seed2810/nn/expert_row3_seed2810.pth'

Timing:
  Play time               : 10.066 s
  Update time             : 0.941 s
  Time to train epoch     : 11.008 s


Statistics:
  fps step                    : 16,540
  fps step + policy inference : 16,276
  fps total                   : 14,884
  epoch                       : 459 / 1,000
  frames                      : 75,202,560


Policy 0: 
Timing:
  Play time               : 10.055 s
  Update time             : 0.948 s
  Time to train epoch     : 11.002 s


Statistics:
  fps step                    : 16,560
  fps step + policy inference : 16,295
  fps total                   : 14,891
  epoch                       : 460 / 1,000
  frames                      : 75,366,400


Policy 0: 
Timing:
  Play time               : 10.041 s
  Update time             : 0.943 s
  Time to train epoch     : 10.984 s


Statistics:
  fps step                    : 16,578
  fps step + policy inference : 16,317
  fps total                   : 14,916
  epoch                       : 461 / 1,000
  frames                      : 75,530,240


Policy 0: 
Timing:
  Play time               : 9.960 s
  Update time             : 0.935 s
  Time to train epoch     : 10.894 s


Statistics:
  fps step                    : 16,714
  fps step + policy inference : 16,451
  fps total                   : 15,039
  epoch                       : 462 / 1,000
  frames                      : 75,694,080


Policy 0: 
Timing:
  Play time               : 10.001 s
  Update time             : 0.927 s
  Time to train epoch     : 10.928 s


Statistics:
  fps step                    : 16,649
  fps step + policy inference : 16,382
  fps total                   : 14,993
  epoch                       : 463 / 1,000
  frames                      : 75,857,920


Policy 0: saving next best rewards:  [409.82]
=> saving checkpoint 'runs/expert_row3_seed2810/nn/expert_row3_seed2810.pth'

Timing:
  Play time               : 10.077 s
  Update time             : 0.920 s
  Time to train epoch     : 10.997 s


Statistics:
  fps step                    : 16,520
  fps step + policy inference : 16,259
  fps total                   : 14,898
  epoch                       : 464 / 1,000
  frames                      : 76,021,760


Policy 0: 
Timing:
  Play time               : 10.056 s
  Update time             : 0.986 s
  Time to train epoch     : 11.042 s


Statistics:
  fps step                    : 16,565
  fps step + policy inference : 16,293
  fps total                   : 14,838
  epoch                       : 465 / 1,000
  frames                      : 76,185,600


Policy 0: 
Timing:
  Play time               : 10.067 s
  Update time             : 1.038 s
  Time to train epoch     : 11.104 s


Statistics:
  fps step                    : 16,541
  fps step + policy inference : 16,275
  fps total                   : 14,754
  epoch                       : 466 / 1,000
  frames                      : 76,349,440


Policy 0: 
Timing:
  Play time               : 10.012 s
  Update time             : 1.025 s
  Time to train epoch     : 11.037 s


Statistics:
  fps step                    : 16,629
  fps step + policy inference : 16,364
  fps total                   : 14,845
  epoch                       : 467 / 1,000
  frames                      : 76,513,280


Policy 0: 
Timing:
  Play time               : 10.009 s
  Update time             : 1.033 s
  Time to train epoch     : 11.042 s


Statistics:
  fps step                    : 16,636
  fps step + policy inference : 16,369
  fps total                   : 14,837
  epoch                       : 468 / 1,000
  frames                      : 76,677,120


Policy 0: 
Timing:
  Play time               : 10.117 s
  Update time             : 0.985 s
  Time to train epoch     : 11.103 s


Statistics:
  fps step                    : 16,484
  fps step + policy inference : 16,194
  fps total                   : 14,757
  epoch                       : 469 / 1,000
  frames                      : 76,840,960


Policy 0: saving next best rewards:  [410.28]
=> saving checkpoint 'runs/expert_row3_seed2810/nn/expert_row3_seed2810.pth'

Timing:
  Play time               : 10.086 s
  Update time             : 0.970 s
  Time to train epoch     : 11.056 s


Statistics:
  fps step                    : 16,511
  fps step + policy inference : 16,245
  fps total                   : 14,820
  epoch                       : 470 / 1,000
  frames                      : 77,004,800


Policy 0: saving next best rewards:  [410.9]
=> saving checkpoint 'runs/expert_row3_seed2810/nn/expert_row3_seed2810.pth'

Timing:
  Play time               : 10.110 s
  Update time             : 0.954 s
  Time to train epoch     : 11.064 s


Statistics:
  fps step                    : 16,468
  fps step + policy inference : 16,205
  fps total                   : 14,808
  epoch                       : 471 / 1,000
  frames                      : 77,168,640


Policy 0: saving next best rewards:  [411.39]
=> saving checkpoint 'runs/expert_row3_seed2810/nn/expert_row3_seed2810.pth'

Timing:
  Play time               : 10.114 s
  Update time             : 0.934 s
  Time to train epoch     : 11.049 s


Statistics:
  fps step                    : 16,462
  fps step + policy inference : 16,199
  fps total                   : 14,829
  epoch                       : 472 / 1,000
  frames                      : 77,332,480


Policy 0: saving next best rewards:  [412.15]
=> saving checkpoint 'runs/expert_row3_seed2810/nn/expert_row3_seed2810.pth'

Timing:
  Play time               : 10.055 s
  Update time             : 0.915 s
  Time to train epoch     : 10.970 s


Statistics:
  fps step                    : 16,562
  fps step + policy inference : 16,295
  fps total                   : 14,935
  epoch                       : 473 / 1,000
  frames                      : 77,496,320


Policy 0: saving next best rewards:  [413.09]
=> saving checkpoint 'runs/expert_row3_seed2810/nn/expert_row3_seed2810.pth'

Timing:
  Play time               : 10.139 s
  Update time             : 0.979 s
  Time to train epoch     : 11.118 s


Statistics:
  fps step                    : 16,429
  fps step + policy inference : 16,159
  fps total                   : 14,737
  epoch                       : 474 / 1,000
  frames                      : 77,660,160


Policy 0: 
Timing:
  Play time               : 10.058 s
  Update time             : 0.926 s
  Time to train epoch     : 10.985 s


Statistics:
  fps step                    : 16,549
  fps step + policy inference : 16,289
  fps total                   : 14,915
  epoch                       : 475 / 1,000
  frames                      : 77,824,000


Policy 0: 
Timing:
  Play time               : 10.086 s
  Update time             : 0.949 s
  Time to train epoch     : 11.035 s


Statistics:
  fps step                    : 16,507
  fps step + policy inference : 16,244
  fps total                   : 14,847
  epoch                       : 476 / 1,000
  frames                      : 77,987,840


Policy 0: saving next best rewards:  [413.61]
=> saving checkpoint 'runs/expert_row3_seed2810/nn/expert_row3_seed2810.pth'

Timing:
  Play time               : 10.090 s
  Update time             : 0.937 s
  Time to train epoch     : 11.027 s


Statistics:
  fps step                    : 16,498
  fps step + policy inference : 16,238
  fps total                   : 14,858
  epoch                       : 477 / 1,000
  frames                      : 78,151,680


Policy 0: saving next best rewards:  [413.94]
=> saving checkpoint 'runs/expert_row3_seed2810/nn/expert_row3_seed2810.pth'

Timing:
  Play time               : 10.103 s
  Update time             : 0.952 s
  Time to train epoch     : 11.055 s


Statistics:
  fps step                    : 16,480
  fps step + policy inference : 16,217
  fps total                   : 14,821
  epoch                       : 478 / 1,000
  frames                      : 78,315,520


Policy 0: saving next best rewards:  [414.13]
=> saving checkpoint 'runs/expert_row3_seed2810/nn/expert_row3_seed2810.pth'

Timing:
  Play time               : 10.119 s
  Update time             : 0.951 s
  Time to train epoch     : 11.071 s


Statistics:
  fps step                    : 16,458
  fps step + policy inference : 16,191
  fps total                   : 14,799
  epoch                       : 479 / 1,000
  frames                      : 78,479,360


Policy 0: 
Timing:
  Play time               : 10.059 s
  Update time             : 0.914 s
  Time to train epoch     : 10.973 s


Statistics:
  fps step                    : 16,548
  fps step + policy inference : 16,288
  fps total                   : 14,932
  epoch                       : 480 / 1,000
  frames                      : 78,643,200


Policy 0: saving next best rewards:  [414.14]
=> saving checkpoint 'runs/expert_row3_seed2810/nn/expert_row3_seed2810.pth'

Timing:
  Play time               : 10.018 s
  Update time             : 0.972 s
  Time to train epoch     : 10.991 s


Statistics:
  fps step                    : 16,620
  fps step + policy inference : 16,354
  fps total                   : 14,907
  epoch                       : 481 / 1,000
  frames                      : 78,807,040


Policy 0: saving next best rewards:  [414.37]
=> saving checkpoint 'runs/expert_row3_seed2810/nn/expert_row3_seed2810.pth'

Timing:
  Play time               : 10.088 s
  Update time             : 0.970 s
  Time to train epoch     : 11.058 s


Statistics:
  fps step                    : 16,510
  fps step + policy inference : 16,241
  fps total                   : 14,817
  epoch                       : 482 / 1,000
  frames                      : 78,970,880


Policy 0: saving next best rewards:  [415.22]
=> saving checkpoint 'runs/expert_row3_seed2810/nn/expert_row3_seed2810.pth'

Timing:
  Play time               : 10.057 s
  Update time             : 1.000 s
  Time to train epoch     : 11.058 s


Statistics:
  fps step                    : 16,551
  fps step + policy inference : 16,291
  fps total                   : 14,817
  epoch                       : 483 / 1,000
  frames                      : 79,134,720


Policy 0: saving next best rewards:  [415.66]
=> saving checkpoint 'runs/expert_row3_seed2810/nn/expert_row3_seed2810.pth'

Timing:
  Play time               : 10.149 s
  Update time             : 1.033 s
  Time to train epoch     : 11.181 s


Statistics:
  fps step                    : 16,415
  fps step + policy inference : 16,144
  fps total                   : 14,653
  epoch                       : 484 / 1,000
  frames                      : 79,298,560


Policy 0: saving next best rewards:  [415.68]
=> saving checkpoint 'runs/expert_row3_seed2810/nn/expert_row3_seed2810.pth'

Timing:
  Play time               : 10.129 s
  Update time             : 1.005 s
  Time to train epoch     : 11.134 s


Statistics:
  fps step                    : 16,442
  fps step + policy inference : 16,176
  fps total                   : 14,715
  epoch                       : 485 / 1,000
  frames                      : 79,462,400


Policy 0: saving next best rewards:  [416.03]
=> saving checkpoint 'runs/expert_row3_seed2810/nn/expert_row3_seed2810.pth'

Timing:
  Play time               : 10.000 s
  Update time             : 0.950 s
  Time to train epoch     : 10.950 s


Statistics:
  fps step                    : 16,648
  fps step + policy inference : 16,384
  fps total                   : 14,963
  epoch                       : 486 / 1,000
  frames                      : 79,626,240


Policy 0: saving next best rewards:  [416.41]
=> saving checkpoint 'runs/expert_row3_seed2810/nn/expert_row3_seed2810.pth'

Timing:
  Play time               : 9.986 s
  Update time             : 0.971 s
  Time to train epoch     : 10.956 s


Statistics:
  fps step                    : 16,677
  fps step + policy inference : 16,408
  fps total                   : 14,954
  epoch                       : 487 / 1,000
  frames                      : 79,790,080


Policy 0: saving next best rewards:  [416.99]
=> saving checkpoint 'runs/expert_row3_seed2810/nn/expert_row3_seed2810.pth'

Timing:
  Play time               : 10.106 s
  Update time             : 0.965 s
  Time to train epoch     : 11.071 s


Statistics:
  fps step                    : 16,499
  fps step + policy inference : 16,212
  fps total                   : 14,799
  epoch                       : 488 / 1,000
  frames                      : 79,953,920


Policy 0: saving next best rewards:  [417.61]
=> saving checkpoint 'runs/expert_row3_seed2810/nn/expert_row3_seed2810.pth'

Timing:
  Play time               : 10.125 s
  Update time             : 0.966 s
  Time to train epoch     : 11.091 s


Statistics:
  fps step                    : 16,454
  fps step + policy inference : 16,182
  fps total                   : 14,772
  epoch                       : 489 / 1,000
  frames                      : 80,117,760


Policy 0: saving next best rewards:  [417.87]
=> saving checkpoint 'runs/expert_row3_seed2810/nn/expert_row3_seed2810.pth'

Timing:
  Play time               : 10.148 s
  Update time             : 0.935 s
  Time to train epoch     : 11.083 s


Statistics:
  fps step                    : 16,405
  fps step + policy inference : 16,146
  fps total                   : 14,783
  epoch                       : 490 / 1,000
  frames                      : 80,281,600


Policy 0: saving next best rewards:  [418.07]
=> saving checkpoint 'runs/expert_row3_seed2810/nn/expert_row3_seed2810.pth'

Timing:
  Play time               : 10.039 s
  Update time             : 0.967 s
  Time to train epoch     : 11.007 s


Statistics:
  fps step                    : 16,586
  fps step + policy inference : 16,320
  fps total                   : 14,885
  epoch                       : 491 / 1,000
  frames                      : 80,445,440


Policy 0: saving next best rewards:  [418.53]
=> saving checkpoint 'runs/expert_row3_seed2810/nn/expert_row3_seed2810.pth'

Timing:
  Play time               : 10.045 s
  Update time             : 0.928 s
  Time to train epoch     : 10.973 s


Statistics:
  fps step                    : 16,574
  fps step + policy inference : 16,311
  fps total                   : 14,932
  epoch                       : 492 / 1,000
  frames                      : 80,609,280


Policy 0: saving next best rewards:  [418.95]
=> saving checkpoint 'runs/expert_row3_seed2810/nn/expert_row3_seed2810.pth'

Timing:
  Play time               : 10.059 s
  Update time             : 0.926 s
  Time to train epoch     : 10.984 s


Statistics:
  fps step                    : 16,552
  fps step + policy inference : 16,289
  fps total                   : 14,916
  epoch                       : 493 / 1,000
  frames                      : 80,773,120


Policy 0: saving next best rewards:  [419.06]
=> saving checkpoint 'runs/expert_row3_seed2810/nn/expert_row3_seed2810.pth'

Timing:
  Play time               : 10.104 s
  Update time             : 0.927 s
  Time to train epoch     : 11.030 s


Statistics:
  fps step                    : 16,486
  fps step + policy inference : 16,216
  fps total                   : 14,854
  epoch                       : 494 / 1,000
  frames                      : 80,936,960


Policy 0: saving next best rewards:  [419.86]
=> saving checkpoint 'runs/expert_row3_seed2810/nn/expert_row3_seed2810.pth'

Timing:
  Play time               : 10.060 s
  Update time             : 0.948 s
  Time to train epoch     : 11.009 s


Statistics:
  fps step                    : 16,548
  fps step + policy inference : 16,286
  fps total                   : 14,883
  epoch                       : 495 / 1,000
  frames                      : 81,100,800


Policy 0: 
Timing:
  Play time               : 10.057 s
  Update time             : 0.962 s
  Time to train epoch     : 11.019 s


Statistics:
  fps step                    : 16,556
  fps step + policy inference : 16,292
  fps total                   : 14,869
  epoch                       : 496 / 1,000
  frames                      : 81,264,640


Policy 0: 
Timing:
  Play time               : 10.086 s
  Update time             : 0.946 s
  Time to train epoch     : 11.032 s


Statistics:
  fps step                    : 16,509
  fps step + policy inference : 16,244
  fps total                   : 14,851
  epoch                       : 497 / 1,000
  frames                      : 81,428,480


Policy 0: 
Timing:
  Play time               : 10.062 s
  Update time             : 0.945 s
  Time to train epoch     : 11.007 s


Statistics:
  fps step                    : 16,545
  fps step + policy inference : 16,283
  fps total                   : 14,885
  epoch                       : 498 / 1,000
  frames                      : 81,592,320


Policy 0: 
Timing:
  Play time               : 10.184 s
  Update time             : 0.964 s
  Time to train epoch     : 11.148 s


Statistics:
  fps step                    : 16,343
  fps step + policy inference : 16,088
  fps total                   : 14,697
  epoch                       : 499 / 1,000
  frames                      : 81,756,160


Policy 0: 
Timing:
  Play time               : 10.032 s
  Update time             : 0.987 s
  Time to train epoch     : 11.019 s


Statistics:
  fps step                    : 16,596
  fps step + policy inference : 16,332
  fps total                   : 14,869
  epoch                       : 500 / 1,000
  frames                      : 81,920,000


Policy 0: saving next best rewards:  [419.91]
=> saving checkpoint 'runs/expert_row3_seed2810/nn/expert_row3_seed2810.pth'
Saved recovery checkpoint runs/expert_row3_seed2810/checkpoints/epoch_000500.pth; evaluation_due=False

Timing:
  Play time               : 10.249 s
  Update time             : 0.992 s
  Time to train epoch     : 11.241 s


Statistics:
  fps step                    : 16,241
  fps step + policy inference : 15,986
  fps total                   : 14,575
  epoch                       : 501 / 1,000
  frames                      : 82,083,840


Policy 0: saving next best rewards:  [420.71]
=> saving checkpoint 'runs/expert_row3_seed2810/nn/expert_row3_seed2810.pth'

Timing:
  Play time               : 10.240 s
  Update time             : 0.960 s
  Time to train epoch     : 11.200 s


Statistics:
  fps step                    : 16,255
  fps step + policy inference : 16,000
  fps total                   : 14,628
  epoch                       : 502 / 1,000
  frames                      : 82,247,680


Policy 0: saving next best rewards:  [421.8]
=> saving checkpoint 'runs/expert_row3_seed2810/nn/expert_row3_seed2810.pth'

Timing:
  Play time               : 10.220 s
  Update time             : 0.975 s
  Time to train epoch     : 11.195 s


Statistics:
  fps step                    : 16,293
  fps step + policy inference : 16,032
  fps total                   : 14,635
  epoch                       : 503 / 1,000
  frames                      : 82,411,520


Policy 0: saving next best rewards:  [422.35]
=> saving checkpoint 'runs/expert_row3_seed2810/nn/expert_row3_seed2810.pth'

Timing:
  Play time               : 9.957 s
  Update time             : 1.017 s
  Time to train epoch     : 10.973 s


Statistics:
  fps step                    : 16,726
  fps step + policy inference : 16,456
  fps total                   : 14,931
  epoch                       : 504 / 1,000
  frames                      : 82,575,360


Policy 0: 
Timing:
  Play time               : 10.054 s
  Update time             : 0.968 s
  Time to train epoch     : 11.022 s


Statistics:
  fps step                    : 16,558
  fps step + policy inference : 16,297
  fps total                   : 14,865
  epoch                       : 505 / 1,000
  frames                      : 82,739,200


Policy 0: saving next best rewards:  [422.45]
=> saving checkpoint 'runs/expert_row3_seed2810/nn/expert_row3_seed2810.pth'

Timing:
  Play time               : 10.064 s
  Update time             : 0.951 s
  Time to train epoch     : 11.015 s


Statistics:
  fps step                    : 16,547
  fps step + policy inference : 16,280
  fps total                   : 14,874
  epoch                       : 506 / 1,000
  frames                      : 82,903,040


Policy 0: saving next best rewards:  [422.86]
=> saving checkpoint 'runs/expert_row3_seed2810/nn/expert_row3_seed2810.pth'

Timing:
  Play time               : 10.052 s
  Update time             : 0.973 s
  Time to train epoch     : 11.025 s


Statistics:
  fps step                    : 16,594
  fps step + policy inference : 16,299
  fps total                   : 14,861
  epoch                       : 507 / 1,000
  frames                      : 83,066,880


Policy 0: saving next best rewards:  [423.46]
=> saving checkpoint 'runs/expert_row3_seed2810/nn/expert_row3_seed2810.pth'

Timing:
  Play time               : 10.074 s
  Update time             : 0.966 s
  Time to train epoch     : 11.040 s


Statistics:
  fps step                    : 16,531
  fps step + policy inference : 16,263
  fps total                   : 14,840
  epoch                       : 508 / 1,000
  frames                      : 83,230,720


Policy 0: 
Timing:
  Play time               : 10.013 s
  Update time             : 0.937 s
  Time to train epoch     : 10.950 s


Statistics:
  fps step                    : 16,629
  fps step + policy inference : 16,362
  fps total                   : 14,962
  epoch                       : 509 / 1,000
  frames                      : 83,394,560


Policy 0: saving next best rewards:  [423.69]
=> saving checkpoint 'runs/expert_row3_seed2810/nn/expert_row3_seed2810.pth'

Timing:
  Play time               : 10.149 s
  Update time             : 0.932 s
  Time to train epoch     : 11.081 s


Statistics:
  fps step                    : 16,405
  fps step + policy inference : 16,144
  fps total                   : 14,786
  epoch                       : 510 / 1,000
  frames                      : 83,558,400


Policy 0: saving next best rewards:  [423.84]
=> saving checkpoint 'runs/expert_row3_seed2810/nn/expert_row3_seed2810.pth'

Timing:
  Play time               : 10.044 s
  Update time             : 0.924 s
  Time to train epoch     : 10.967 s


Statistics:
  fps step                    : 16,574
  fps step + policy inference : 16,313
  fps total                   : 14,939
  epoch                       : 511 / 1,000
  frames                      : 83,722,240


Policy 0: saving next best rewards:  [424.48]
=> saving checkpoint 'runs/expert_row3_seed2810/nn/expert_row3_seed2810.pth'

Timing:
  Play time               : 10.196 s
  Update time             : 0.937 s
  Time to train epoch     : 11.133 s


Statistics:
  fps step                    : 16,323
  fps step + policy inference : 16,068
  fps total                   : 14,716
  epoch                       : 512 / 1,000
  frames                      : 83,886,080


Policy 0: saving next best rewards:  [425.24]
=> saving checkpoint 'runs/expert_row3_seed2810/nn/expert_row3_seed2810.pth'

Timing:
  Play time               : 10.117 s
  Update time             : 0.972 s
  Time to train epoch     : 11.089 s


Statistics:
  fps step                    : 16,463
  fps step + policy inference : 16,195
  fps total                   : 14,775
  epoch                       : 513 / 1,000
  frames                      : 84,049,920


Policy 0: saving next best rewards:  [425.74]
=> saving checkpoint 'runs/expert_row3_seed2810/nn/expert_row3_seed2810.pth'

Timing:
  Play time               : 10.085 s
  Update time             : 0.961 s
  Time to train epoch     : 11.046 s


Statistics:
  fps step                    : 16,507
  fps step + policy inference : 16,246
  fps total                   : 14,833
  epoch                       : 514 / 1,000
  frames                      : 84,213,760


Policy 0: saving next best rewards:  [426.]
=> saving checkpoint 'runs/expert_row3_seed2810/nn/expert_row3_seed2810.pth'

Timing:
  Play time               : 10.019 s
  Update time             : 0.953 s
  Time to train epoch     : 10.972 s


Statistics:
  fps step                    : 16,625
  fps step + policy inference : 16,352
  fps total                   : 14,932
  epoch                       : 515 / 1,000
  frames                      : 84,377,600


Policy 0: saving next best rewards:  [426.04]
=> saving checkpoint 'runs/expert_row3_seed2810/nn/expert_row3_seed2810.pth'

Timing:
  Play time               : 10.016 s
  Update time             : 0.949 s
  Time to train epoch     : 10.965 s


Statistics:
  fps step                    : 16,625
  fps step + policy inference : 16,357
  fps total                   : 14,942
  epoch                       : 516 / 1,000
  frames                      : 84,541,440


Policy 0: saving next best rewards:  [426.86]
=> saving checkpoint 'runs/expert_row3_seed2810/nn/expert_row3_seed2810.pth'

Timing:
  Play time               : 10.066 s
  Update time             : 0.927 s
  Time to train epoch     : 10.994 s


Statistics:
  fps step                    : 16,535
  fps step + policy inference : 16,276
  fps total                   : 14,903
  epoch                       : 517 / 1,000
  frames                      : 84,705,280


Policy 0: saving next best rewards:  [427.32]
=> saving checkpoint 'runs/expert_row3_seed2810/nn/expert_row3_seed2810.pth'

Timing:
  Play time               : 9.930 s
  Update time             : 0.984 s
  Time to train epoch     : 10.914 s


Statistics:
  fps step                    : 16,769
  fps step + policy inference : 16,500
  fps total                   : 15,012
  epoch                       : 518 / 1,000
  frames                      : 84,869,120


Policy 0: 
Timing:
  Play time               : 10.011 s
  Update time             : 1.025 s
  Time to train epoch     : 11.036 s


Statistics:
  fps step                    : 16,635
  fps step + policy inference : 16,367
  fps total                   : 14,846
  epoch                       : 519 / 1,000
  frames                      : 85,032,960


Policy 0: 
Timing:
  Play time               : 10.013 s
  Update time             : 0.973 s
  Time to train epoch     : 10.986 s


Statistics:
  fps step                    : 16,631
  fps step + policy inference : 16,363
  fps total                   : 14,913
  epoch                       : 520 / 1,000
  frames                      : 85,196,800


Policy 0: 
Timing:
  Play time               : 10.016 s
  Update time             : 1.016 s
  Time to train epoch     : 11.031 s


Statistics:
  fps step                    : 16,629
  fps step + policy inference : 16,359
  fps total                   : 14,852
  epoch                       : 521 / 1,000
  frames                      : 85,360,640


Policy 0: saving next best rewards:  [427.65]
=> saving checkpoint 'runs/expert_row3_seed2810/nn/expert_row3_seed2810.pth'

Timing:
  Play time               : 9.997 s
  Update time             : 1.008 s
  Time to train epoch     : 11.005 s


Statistics:
  fps step                    : 16,653
  fps step + policy inference : 16,388
  fps total                   : 14,888
  epoch                       : 522 / 1,000
  frames                      : 85,524,480


Policy 0: saving next best rewards:  [428.04]
=> saving checkpoint 'runs/expert_row3_seed2810/nn/expert_row3_seed2810.pth'

Timing:
  Play time               : 10.020 s
  Update time             : 0.955 s
  Time to train epoch     : 10.975 s


Statistics:
  fps step                    : 16,615
  fps step + policy inference : 16,351
  fps total                   : 14,929
  epoch                       : 523 / 1,000
  frames                      : 85,688,320


Policy 0: saving next best rewards:  [428.67]
=> saving checkpoint 'runs/expert_row3_seed2810/nn/expert_row3_seed2810.pth'

Timing:
  Play time               : 10.052 s
  Update time             : 0.929 s
  Time to train epoch     : 10.981 s


Statistics:
  fps step                    : 16,562
  fps step + policy inference : 16,300
  fps total                   : 14,921
  epoch                       : 524 / 1,000
  frames                      : 85,852,160


Policy 0: saving next best rewards:  [428.93]
=> saving checkpoint 'runs/expert_row3_seed2810/nn/expert_row3_seed2810.pth'

Timing:
  Play time               : 10.055 s
  Update time             : 0.990 s
  Time to train epoch     : 11.045 s


Statistics:
  fps step                    : 16,584
  fps step + policy inference : 16,294
  fps total                   : 14,834
  epoch                       : 525 / 1,000
  frames                      : 86,016,000


Policy 0: saving next best rewards:  [429.2]
=> saving checkpoint 'runs/expert_row3_seed2810/nn/expert_row3_seed2810.pth'

Timing:
  Play time               : 10.076 s
  Update time             : 0.952 s
  Time to train epoch     : 11.028 s


Statistics:
  fps step                    : 16,528
  fps step + policy inference : 16,261
  fps total                   : 14,857
  epoch                       : 526 / 1,000
  frames                      : 86,179,840


Policy 0: saving next best rewards:  [430.05]
=> saving checkpoint 'runs/expert_row3_seed2810/nn/expert_row3_seed2810.pth'

Timing:
  Play time               : 10.054 s
  Update time             : 0.961 s
  Time to train epoch     : 11.016 s


Statistics:
  fps step                    : 16,561
  fps step + policy inference : 16,295
  fps total                   : 14,873
  epoch                       : 527 / 1,000
  frames                      : 86,343,680


Policy 0: saving next best rewards:  [430.78]
=> saving checkpoint 'runs/expert_row3_seed2810/nn/expert_row3_seed2810.pth'

Timing:
  Play time               : 10.013 s
  Update time             : 0.954 s
  Time to train epoch     : 10.966 s


Statistics:
  fps step                    : 16,632
  fps step + policy inference : 16,363
  fps total                   : 14,940
  epoch                       : 528 / 1,000
  frames                      : 86,507,520


Policy 0: 
Timing:
  Play time               : 10.066 s
  Update time             : 0.947 s
  Time to train epoch     : 11.013 s


Statistics:
  fps step                    : 16,540
  fps step + policy inference : 16,277
  fps total                   : 14,878
  epoch                       : 529 / 1,000
  frames                      : 86,671,360


Policy 0: 
Timing:
  Play time               : 10.112 s
  Update time             : 0.931 s
  Time to train epoch     : 11.043 s


Statistics:
  fps step                    : 16,464
  fps step + policy inference : 16,202
  fps total                   : 14,836
  epoch                       : 530 / 1,000
  frames                      : 86,835,200


Policy 0: saving next best rewards:  [430.9]
=> saving checkpoint 'runs/expert_row3_seed2810/nn/expert_row3_seed2810.pth'

Timing:
  Play time               : 10.026 s
  Update time             : 0.923 s
  Time to train epoch     : 10.948 s


Statistics:
  fps step                    : 16,608
  fps step + policy inference : 16,342
  fps total                   : 14,965
  epoch                       : 531 / 1,000
  frames                      : 86,999,040


Policy 0: 
Timing:
  Play time               : 10.079 s
  Update time             : 0.952 s
  Time to train epoch     : 11.031 s


Statistics:
  fps step                    : 16,521
  fps step + policy inference : 16,256
  fps total                   : 14,853
  epoch                       : 532 / 1,000
  frames                      : 87,162,880


Policy 0: saving next best rewards:  [431.17]
=> saving checkpoint 'runs/expert_row3_seed2810/nn/expert_row3_seed2810.pth'

Timing:
  Play time               : 10.021 s
  Update time             : 0.954 s
  Time to train epoch     : 10.975 s


Statistics:
  fps step                    : 16,611
  fps step + policy inference : 16,349
  fps total                   : 14,929
  epoch                       : 533 / 1,000
  frames                      : 87,326,720


Policy 0: saving next best rewards:  [431.53]
=> saving checkpoint 'runs/expert_row3_seed2810/nn/expert_row3_seed2810.pth'

Timing:
  Play time               : 10.090 s
  Update time             : 0.950 s
  Time to train epoch     : 11.041 s


Statistics:
  fps step                    : 16,506
  fps step + policy inference : 16,237
  fps total                   : 14,840
  epoch                       : 534 / 1,000
  frames                      : 87,490,560


Policy 0: saving next best rewards:  [432.6]
=> saving checkpoint 'runs/expert_row3_seed2810/nn/expert_row3_seed2810.pth'

Timing:
  Play time               : 10.118 s
  Update time             : 0.948 s
  Time to train epoch     : 11.066 s


Statistics:
  fps step                    : 16,460
  fps step + policy inference : 16,193
  fps total                   : 14,806
  epoch                       : 535 / 1,000
  frames                      : 87,654,400


Policy 0: saving next best rewards:  [432.85]
=> saving checkpoint 'runs/expert_row3_seed2810/nn/expert_row3_seed2810.pth'

Timing:
  Play time               : 10.092 s
  Update time             : 0.948 s
  Time to train epoch     : 11.040 s


Statistics:
  fps step                    : 16,496
  fps step + policy inference : 16,235
  fps total                   : 14,841
  epoch                       : 536 / 1,000
  frames                      : 87,818,240


Policy 0: saving next best rewards:  [433.11]
=> saving checkpoint 'runs/expert_row3_seed2810/nn/expert_row3_seed2810.pth'

Timing:
  Play time               : 10.064 s
  Update time             : 1.004 s
  Time to train epoch     : 11.068 s


Statistics:
  fps step                    : 16,544
  fps step + policy inference : 16,281
  fps total                   : 14,804
  epoch                       : 537 / 1,000
  frames                      : 87,982,080


Policy 0: 
Timing:
  Play time               : 10.112 s
  Update time             : 0.971 s
  Time to train epoch     : 11.083 s


Statistics:
  fps step                    : 16,463
  fps step + policy inference : 16,203
  fps total                   : 14,784
  epoch                       : 538 / 1,000
  frames                      : 88,145,920


Policy 0: 
Timing:
  Play time               : 10.134 s
  Update time             : 0.995 s
  Time to train epoch     : 11.129 s


Statistics:
  fps step                    : 16,429
  fps step + policy inference : 16,167
  fps total                   : 14,722
  epoch                       : 539 / 1,000
  frames                      : 88,309,760


Policy 0: saving next best rewards:  [433.45]
=> saving checkpoint 'runs/expert_row3_seed2810/nn/expert_row3_seed2810.pth'

Timing:
  Play time               : 10.176 s
  Update time             : 1.028 s
  Time to train epoch     : 11.205 s


Statistics:
  fps step                    : 16,364
  fps step + policy inference : 16,100
  fps total                   : 14,623
  epoch                       : 540 / 1,000
  frames                      : 88,473,600


Policy 0: saving next best rewards:  [433.89]
=> saving checkpoint 'runs/expert_row3_seed2810/nn/expert_row3_seed2810.pth'

Timing:
  Play time               : 10.156 s
  Update time             : 1.023 s
  Time to train epoch     : 11.179 s


Statistics:
  fps step                    : 16,389
  fps step + policy inference : 16,132
  fps total                   : 14,656
  epoch                       : 541 / 1,000
  frames                      : 88,637,440


Policy 0: 
Timing:
  Play time               : 10.195 s
  Update time             : 0.921 s
  Time to train epoch     : 11.116 s


Statistics:
  fps step                    : 16,324
  fps step + policy inference : 16,070
  fps total                   : 14,738
  epoch                       : 542 / 1,000
  frames                      : 88,801,280


Policy 0: 
Timing:
  Play time               : 10.201 s
  Update time             : 0.926 s
  Time to train epoch     : 11.127 s


Statistics:
  fps step                    : 16,320
  fps step + policy inference : 16,062
  fps total                   : 14,725
  epoch                       : 543 / 1,000
  frames                      : 88,965,120


Policy 0: 
Timing:
  Play time               : 10.228 s
  Update time             : 0.988 s
  Time to train epoch     : 11.216 s


Statistics:
  fps step                    : 16,294
  fps step + policy inference : 16,019
  fps total                   : 14,608
  epoch                       : 544 / 1,000
  frames                      : 89,128,960


Policy 0: 
Timing:
  Play time               : 10.142 s
  Update time             : 0.966 s
  Time to train epoch     : 11.108 s


Statistics:
  fps step                    : 16,427
  fps step + policy inference : 16,155
  fps total                   : 14,750
  epoch                       : 545 / 1,000
  frames                      : 89,292,800


Policy 0: saving next best rewards:  [434.02]
=> saving checkpoint 'runs/expert_row3_seed2810/nn/expert_row3_seed2810.pth'

Timing:
  Play time               : 10.084 s
  Update time             : 0.936 s
  Time to train epoch     : 11.021 s


Statistics:
  fps step                    : 16,512
  fps step + policy inference : 16,247
  fps total                   : 14,866
  epoch                       : 546 / 1,000
  frames                      : 89,456,640


Policy 0: 
Timing:
  Play time               : 10.128 s
  Update time             : 0.946 s
  Time to train epoch     : 11.074 s


Statistics:
  fps step                    : 16,440
  fps step + policy inference : 16,178
  fps total                   : 14,796
  epoch                       : 547 / 1,000
  frames                      : 89,620,480


Policy 0: 
Timing:
  Play time               : 10.115 s
  Update time             : 0.942 s
  Time to train epoch     : 11.056 s


Statistics:
  fps step                    : 16,456
  fps step + policy inference : 16,198
  fps total                   : 14,819
  epoch                       : 548 / 1,000
  frames                      : 89,784,320


Policy 0: 
Timing:
  Play time               : 10.086 s
  Update time             : 0.934 s
  Time to train epoch     : 11.020 s


Statistics:
  fps step                    : 16,506
  fps step + policy inference : 16,244
  fps total                   : 14,868
  epoch                       : 549 / 1,000
  frames                      : 89,948,160


Policy 0: 
Timing:
  Play time               : 10.108 s
  Update time             : 0.935 s
  Time to train epoch     : 11.043 s


Statistics:
  fps step                    : 16,477
  fps step + policy inference : 16,209
  fps total                   : 14,836
  epoch                       : 550 / 1,000
  frames                      : 90,112,000


Policy 0: 
Timing:
  Play time               : 10.103 s
  Update time             : 0.954 s
  Time to train epoch     : 11.057 s


Statistics:
  fps step                    : 16,479
  fps step + policy inference : 16,217
  fps total                   : 14,818
  epoch                       : 551 / 1,000
  frames                      : 90,275,840


Policy 0: 
Timing:
  Play time               : 10.147 s
  Update time             : 0.933 s
  Time to train epoch     : 11.079 s


Statistics:
  fps step                    : 16,406
  fps step + policy inference : 16,147
  fps total                   : 14,788
  epoch                       : 552 / 1,000
  frames                      : 90,439,680


Policy 0: 
Timing:
  Play time               : 10.148 s
  Update time             : 0.944 s
  Time to train epoch     : 11.092 s


Statistics:
  fps step                    : 16,405
  fps step + policy inference : 16,145
  fps total                   : 14,770
  epoch                       : 553 / 1,000
  frames                      : 90,603,520


Policy 0: 
Timing:
  Play time               : 10.138 s
  Update time             : 0.962 s
  Time to train epoch     : 11.100 s


Statistics:
  fps step                    : 16,422
  fps step + policy inference : 16,161
  fps total                   : 14,761
  epoch                       : 554 / 1,000
  frames                      : 90,767,360


Policy 0: 
Timing:
  Play time               : 10.112 s
  Update time             : 0.929 s
  Time to train epoch     : 11.041 s


Statistics:
  fps step                    : 16,466
  fps step + policy inference : 16,203
  fps total                   : 14,840
  epoch                       : 555 / 1,000
  frames                      : 90,931,200


Policy 0: 
Timing:
  Play time               : 10.113 s
  Update time             : 0.976 s
  Time to train epoch     : 11.089 s


Statistics:
  fps step                    : 16,460
  fps step + policy inference : 16,201
  fps total                   : 14,775
  epoch                       : 556 / 1,000
  frames                      : 91,095,040


Policy 0: 
Timing:
  Play time               : 10.205 s
  Update time             : 0.993 s
  Time to train epoch     : 11.198 s


Statistics:
  fps step                    : 16,316
  fps step + policy inference : 16,054
  fps total                   : 14,631
  epoch                       : 557 / 1,000
  frames                      : 91,258,880


Policy 0: 
Timing:
  Play time               : 10.177 s
  Update time             : 0.965 s
  Time to train epoch     : 11.142 s


Statistics:
  fps step                    : 16,356
  fps step + policy inference : 16,099
  fps total                   : 14,704
  epoch                       : 558 / 1,000
  frames                      : 91,422,720


Policy 0: 
Timing:
  Play time               : 10.124 s
  Update time             : 0.979 s
  Time to train epoch     : 11.104 s


Statistics:
  fps step                    : 16,449
  fps step + policy inference : 16,183
  fps total                   : 14,756
  epoch                       : 559 / 1,000
  frames                      : 91,586,560


Policy 0: 
Timing:
  Play time               : 10.121 s
  Update time             : 1.005 s
  Time to train epoch     : 11.125 s


Statistics:
  fps step                    : 16,452
  fps step + policy inference : 16,188
  fps total                   : 14,727
  epoch                       : 560 / 1,000
  frames                      : 91,750,400


Policy 0: 
Timing:
  Play time               : 10.067 s
  Update time             : 0.967 s
  Time to train epoch     : 11.034 s


Statistics:
  fps step                    : 16,534
  fps step + policy inference : 16,275
  fps total                   : 14,849
  epoch                       : 561 / 1,000
  frames                      : 91,914,240


Policy 0: 
Timing:
  Play time               : 10.000 s
  Update time             : 0.994 s
  Time to train epoch     : 10.994 s


Statistics:
  fps step                    : 16,654
  fps step + policy inference : 16,384
  fps total                   : 14,902
  epoch                       : 562 / 1,000
  frames                      : 92,078,080


Policy 0: saving next best rewards:  [434.1]
=> saving checkpoint 'runs/expert_row3_seed2810/nn/expert_row3_seed2810.pth'

Timing:
  Play time               : 10.089 s
  Update time             : 0.954 s
  Time to train epoch     : 11.043 s


Statistics:
  fps step                    : 16,522
  fps step + policy inference : 16,239
  fps total                   : 14,837
  epoch                       : 563 / 1,000
  frames                      : 92,241,920


Policy 0: saving next best rewards:  [434.66]
=> saving checkpoint 'runs/expert_row3_seed2810/nn/expert_row3_seed2810.pth'

Timing:
  Play time               : 10.069 s
  Update time             : 0.957 s
  Time to train epoch     : 11.026 s


Statistics:
  fps step                    : 16,537
  fps step + policy inference : 16,271
  fps total                   : 14,859
  epoch                       : 564 / 1,000
  frames                      : 92,405,760


Policy 0: saving next best rewards:  [435.27]
=> saving checkpoint 'runs/expert_row3_seed2810/nn/expert_row3_seed2810.pth'

Timing:
  Play time               : 10.151 s
  Update time             : 0.925 s
  Time to train epoch     : 11.076 s


Statistics:
  fps step                    : 16,399
  fps step + policy inference : 16,140
  fps total                   : 14,793
  epoch                       : 565 / 1,000
  frames                      : 92,569,600


Policy 0: 
Timing:
  Play time               : 10.230 s
  Update time             : 0.935 s
  Time to train epoch     : 11.165 s


Statistics:
  fps step                    : 16,271
  fps step + policy inference : 16,015
  fps total                   : 14,674
  epoch                       : 566 / 1,000
  frames                      : 92,733,440


Policy 0: 
Timing:
  Play time               : 10.203 s
  Update time             : 0.955 s
  Time to train epoch     : 11.158 s


Statistics:
  fps step                    : 16,312
  fps step + policy inference : 16,058
  fps total                   : 14,684
  epoch                       : 567 / 1,000
  frames                      : 92,897,280


Policy 0: saving next best rewards:  [435.72]
=> saving checkpoint 'runs/expert_row3_seed2810/nn/expert_row3_seed2810.pth'

Timing:
  Play time               : 10.285 s
  Update time             : 0.938 s
  Time to train epoch     : 11.223 s


Statistics:
  fps step                    : 16,181
  fps step + policy inference : 15,930
  fps total                   : 14,598
  epoch                       : 568 / 1,000
  frames                      : 93,061,120


Policy 0: 
Timing:
  Play time               : 10.260 s
  Update time             : 0.936 s
  Time to train epoch     : 11.195 s


Statistics:
  fps step                    : 16,225
  fps step + policy inference : 15,969
  fps total                   : 14,635
  epoch                       : 569 / 1,000
  frames                      : 93,224,960


Policy 0: 
Timing:
  Play time               : 10.290 s
  Update time             : 0.959 s
  Time to train epoch     : 11.250 s


Statistics:
  fps step                    : 16,174
  fps step + policy inference : 15,922
  fps total                   : 14,564
  epoch                       : 570 / 1,000
  frames                      : 93,388,800


Policy 0: 
Timing:
  Play time               : 10.312 s
  Update time             : 0.930 s
  Time to train epoch     : 11.242 s


Statistics:
  fps step                    : 16,141
  fps step + policy inference : 15,888
  fps total                   : 14,574
  epoch                       : 571 / 1,000
  frames                      : 93,552,640


Policy 0: 
Timing:
  Play time               : 10.243 s
  Update time             : 0.967 s
  Time to train epoch     : 11.210 s


Statistics:
  fps step                    : 16,251
  fps step + policy inference : 15,995
  fps total                   : 14,615
  epoch                       : 572 / 1,000
  frames                      : 93,716,480


Policy 0: 
Timing:
  Play time               : 10.301 s
  Update time             : 0.959 s
  Time to train epoch     : 11.260 s


Statistics:
  fps step                    : 16,156
  fps step + policy inference : 15,906
  fps total                   : 14,551
  epoch                       : 573 / 1,000
  frames                      : 93,880,320


Policy 0: 
Timing:
  Play time               : 10.235 s
  Update time             : 0.968 s
  Time to train epoch     : 11.203 s


Statistics:
  fps step                    : 16,263
  fps step + policy inference : 16,008
  fps total                   : 14,625
  epoch                       : 574 / 1,000
  frames                      : 94,044,160


Policy 0: 
Timing:
  Play time               : 10.252 s
  Update time             : 0.995 s
  Time to train epoch     : 11.247 s


Statistics:
  fps step                    : 16,235
  fps step + policy inference : 15,981
  fps total                   : 14,567
  epoch                       : 575 / 1,000
  frames                      : 94,208,000


Policy 0: 
Timing:
  Play time               : 10.311 s
  Update time             : 1.018 s
  Time to train epoch     : 11.329 s


Statistics:
  fps step                    : 16,147
  fps step + policy inference : 15,890
  fps total                   : 14,462
  epoch                       : 576 / 1,000
  frames                      : 94,371,840


Policy 0: 
Timing:
  Play time               : 10.266 s
  Update time             : 1.006 s
  Time to train epoch     : 11.273 s


Statistics:
  fps step                    : 16,211
  fps step + policy inference : 15,959
  fps total                   : 14,534
  epoch                       : 577 / 1,000
  frames                      : 94,535,680


Policy 0: 
Timing:
  Play time               : 10.304 s
  Update time             : 0.968 s
  Time to train epoch     : 11.272 s


Statistics:
  fps step                    : 16,156
  fps step + policy inference : 15,901
  fps total                   : 14,536
  epoch                       : 578 / 1,000
  frames                      : 94,699,520


Policy 0: 
Timing:
  Play time               : 10.111 s
  Update time             : 0.942 s
  Time to train epoch     : 11.053 s


Statistics:
  fps step                    : 16,465
  fps step + policy inference : 16,205
  fps total                   : 14,824
  epoch                       : 579 / 1,000
  frames                      : 94,863,360


Policy 0: 
Timing:
  Play time               : 10.162 s
  Update time             : 0.939 s
  Time to train epoch     : 11.101 s


Statistics:
  fps step                    : 16,380
  fps step + policy inference : 16,123
  fps total                   : 14,760
  epoch                       : 580 / 1,000
  frames                      : 95,027,200


Policy 0: 
Timing:
  Play time               : 10.137 s
  Update time             : 0.958 s
  Time to train epoch     : 11.095 s


Statistics:
  fps step                    : 16,428
  fps step + policy inference : 16,163
  fps total                   : 14,767
  epoch                       : 581 / 1,000
  frames                      : 95,191,040


Policy 0: 
Timing:
  Play time               : 10.200 s
  Update time             : 0.946 s
  Time to train epoch     : 11.146 s


Statistics:
  fps step                    : 16,338
  fps step + policy inference : 16,062
  fps total                   : 14,699
  epoch                       : 582 / 1,000
  frames                      : 95,354,880


Policy 0: 
Timing:
  Play time               : 10.193 s
  Update time             : 0.952 s
  Time to train epoch     : 11.146 s


Statistics:
  fps step                    : 16,333
  fps step + policy inference : 16,073
  fps total                   : 14,700
  epoch                       : 583 / 1,000
  frames                      : 95,518,720


Policy 0: 
Timing:
  Play time               : 10.162 s
  Update time             : 0.952 s
  Time to train epoch     : 11.114 s


Statistics:
  fps step                    : 16,382
  fps step + policy inference : 16,123
  fps total                   : 14,742
  epoch                       : 584 / 1,000
  frames                      : 95,682,560


Policy 0: 
Timing:
  Play time               : 10.190 s
  Update time             : 0.947 s
  Time to train epoch     : 11.137 s


Statistics:
  fps step                    : 16,334
  fps step + policy inference : 16,078
  fps total                   : 14,711
  epoch                       : 585 / 1,000
  frames                      : 95,846,400


Policy 0: 
Timing:
  Play time               : 10.217 s
  Update time             : 0.949 s
  Time to train epoch     : 11.166 s


Statistics:
  fps step                    : 16,295
  fps step + policy inference : 16,035
  fps total                   : 14,673
  epoch                       : 586 / 1,000
  frames                      : 96,010,240


Policy 0: 
Timing:
  Play time               : 10.104 s
  Update time             : 0.924 s
  Time to train epoch     : 11.028 s


Statistics:
  fps step                    : 16,477
  fps step + policy inference : 16,215
  fps total                   : 14,856
  epoch                       : 587 / 1,000
  frames                      : 96,174,080


Policy 0: 
Timing:
  Play time               : 10.208 s
  Update time             : 0.960 s
  Time to train epoch     : 11.168 s


Statistics:
  fps step                    : 16,309
  fps step + policy inference : 16,050
  fps total                   : 14,670
  epoch                       : 588 / 1,000
  frames                      : 96,337,920


Policy 0: 
Timing:
  Play time               : 10.195 s
  Update time             : 0.928 s
  Time to train epoch     : 11.123 s


Statistics:
  fps step                    : 16,325
  fps step + policy inference : 16,070
  fps total                   : 14,730
  epoch                       : 589 / 1,000
  frames                      : 96,501,760


Policy 0: 
Timing:
  Play time               : 10.241 s
  Update time             : 0.927 s
  Time to train epoch     : 11.169 s


Statistics:
  fps step                    : 16,255
  fps step + policy inference : 15,998
  fps total                   : 14,670
  epoch                       : 590 / 1,000
  frames                      : 96,665,600


Policy 0: 
Timing:
  Play time               : 10.183 s
  Update time             : 0.950 s
  Time to train epoch     : 11.132 s


Statistics:
  fps step                    : 16,350
  fps step + policy inference : 16,090
  fps total                   : 14,718
  epoch                       : 591 / 1,000
  frames                      : 96,829,440


Policy 0: 
Timing:
  Play time               : 10.200 s
  Update time             : 1.030 s
  Time to train epoch     : 11.229 s


Statistics:
  fps step                    : 16,316
  fps step + policy inference : 16,063
  fps total                   : 14,590
  epoch                       : 592 / 1,000
  frames                      : 96,993,280


Policy 0: 
Timing:
  Play time               : 10.212 s
  Update time             : 0.995 s
  Time to train epoch     : 11.207 s


Statistics:
  fps step                    : 16,297
  fps step + policy inference : 16,043
  fps total                   : 14,619
  epoch                       : 593 / 1,000
  frames                      : 97,157,120


Policy 0: 
Timing:
  Play time               : 10.212 s
  Update time             : 0.966 s
  Time to train epoch     : 11.177 s


Statistics:
  fps step                    : 16,300
  fps step + policy inference : 16,044
  fps total                   : 14,658
  epoch                       : 594 / 1,000
  frames                      : 97,320,960


Policy 0: 
Timing:
  Play time               : 10.240 s
  Update time             : 0.981 s
  Time to train epoch     : 11.221 s


Statistics:
  fps step                    : 16,256
  fps step + policy inference : 16,000
  fps total                   : 14,601
  epoch                       : 595 / 1,000
  frames                      : 97,484,800


Policy 0: 
Timing:
  Play time               : 10.230 s
  Update time             : 1.024 s
  Time to train epoch     : 11.254 s


Statistics:
  fps step                    : 16,282
  fps step + policy inference : 16,016
  fps total                   : 14,558
  epoch                       : 596 / 1,000
  frames                      : 97,648,640


Policy 0: 
Timing:
  Play time               : 10.242 s
  Update time             : 0.978 s
  Time to train epoch     : 11.220 s


Statistics:
  fps step                    : 16,256
  fps step + policy inference : 15,997
  fps total                   : 14,602
  epoch                       : 597 / 1,000
  frames                      : 97,812,480


Policy 0: 
Timing:
  Play time               : 10.189 s
  Update time             : 0.955 s
  Time to train epoch     : 11.144 s


Statistics:
  fps step                    : 16,337
  fps step + policy inference : 16,081
  fps total                   : 14,702
  epoch                       : 598 / 1,000
  frames                      : 97,976,320


Policy 0: 
Timing:
  Play time               : 10.193 s
  Update time             : 0.969 s
  Time to train epoch     : 11.162 s


Statistics:
  fps step                    : 16,329
  fps step + policy inference : 16,073
  fps total                   : 14,678
  epoch                       : 599 / 1,000
  frames                      : 98,140,160


Policy 0: 
Timing:
  Play time               : 10.287 s
  Update time             : 0.958 s
  Time to train epoch     : 11.245 s


Statistics:
  fps step                    : 16,199
  fps step + policy inference : 15,926
  fps total                   : 14,570
  epoch                       : 600 / 1,000
  frames                      : 98,304,000


Policy 0: 
Timing:
  Play time               : 10.245 s
  Update time             : 0.964 s
  Time to train epoch     : 11.210 s


Statistics:
  fps step                    : 16,254
  fps step + policy inference : 15,991
  fps total                   : 14,616
  epoch                       : 601 / 1,000
  frames                      : 98,467,840


Policy 0: 
Timing:
  Play time               : 10.195 s
  Update time             : 0.969 s
  Time to train epoch     : 11.164 s


Statistics:
  fps step                    : 16,333
  fps step + policy inference : 16,071
  fps total                   : 14,676
  epoch                       : 602 / 1,000
  frames                      : 98,631,680


Policy 0: 
Timing:
  Play time               : 10.192 s
  Update time             : 0.982 s
  Time to train epoch     : 11.175 s


Statistics:
  fps step                    : 16,335
  fps step + policy inference : 16,075
  fps total                   : 14,662
  epoch                       : 603 / 1,000
  frames                      : 98,795,520


Policy 0: 
Timing:
  Play time               : 10.190 s
  Update time             : 0.920 s
  Time to train epoch     : 11.110 s


Statistics:
  fps step                    : 16,331
  fps step + policy inference : 16,078
  fps total                   : 14,747
  epoch                       : 604 / 1,000
  frames                      : 98,959,360


Policy 0: 
Timing:
  Play time               : 10.198 s
  Update time             : 0.935 s
  Time to train epoch     : 11.133 s


Statistics:
  fps step                    : 16,322
  fps step + policy inference : 16,066
  fps total                   : 14,717
  epoch                       : 605 / 1,000
  frames                      : 99,123,200


Policy 0: 
Timing:
  Play time               : 10.254 s
  Update time             : 0.948 s
  Time to train epoch     : 11.201 s


Statistics:
  fps step                    : 16,237
  fps step + policy inference : 15,978
  fps total                   : 14,627
  epoch                       : 606 / 1,000
  frames                      : 99,287,040


Policy 0: 
Timing:
  Play time               : 10.267 s
  Update time             : 0.970 s
  Time to train epoch     : 11.237 s


Statistics:
  fps step                    : 16,218
  fps step + policy inference : 15,957
  fps total                   : 14,580
  epoch                       : 607 / 1,000
  frames                      : 99,450,880


Policy 0: 
Timing:
  Play time               : 10.297 s
  Update time             : 0.991 s
  Time to train epoch     : 11.288 s


Statistics:
  fps step                    : 16,170
  fps step + policy inference : 15,912
  fps total                   : 14,515
  epoch                       : 608 / 1,000
  frames                      : 99,614,720


Policy 0: 
Timing:
  Play time               : 10.253 s
  Update time             : 0.992 s
  Time to train epoch     : 11.244 s


Statistics:
  fps step                    : 16,238
  fps step + policy inference : 15,980
  fps total                   : 14,571
  epoch                       : 609 / 1,000
  frames                      : 99,778,560


Policy 0: saving next best rewards:  [435.76]
=> saving checkpoint 'runs/expert_row3_seed2810/nn/expert_row3_seed2810.pth'

Timing:
  Play time               : 10.240 s
  Update time             : 1.006 s
  Time to train epoch     : 11.246 s


Statistics:
  fps step                    : 16,253
  fps step + policy inference : 15,999
  fps total                   : 14,568
  epoch                       : 610 / 1,000
  frames                      : 99,942,400


Policy 0: 
Timing:
  Play time               : 10.307 s
  Update time             : 0.987 s
  Time to train epoch     : 11.294 s


Statistics:
  fps step                    : 16,152
  fps step + policy inference : 15,896
  fps total                   : 14,507
  epoch                       : 611 / 1,000
  frames                      : 100,106,240


Policy 0: 
Timing:
  Play time               : 10.262 s
  Update time             : 0.984 s
  Time to train epoch     : 11.246 s


Statistics:
  fps step                    : 16,222
  fps step + policy inference : 15,965
  fps total                   : 14,569
  epoch                       : 612 / 1,000
  frames                      : 100,270,080


Policy 0: 
Timing:
  Play time               : 10.033 s
  Update time             : 0.963 s
  Time to train epoch     : 10.996 s


Statistics:
  fps step                    : 16,597
  fps step + policy inference : 16,330
  fps total                   : 14,900
  epoch                       : 613 / 1,000
  frames                      : 100,433,920


Policy 0: 
Timing:
  Play time               : 10.083 s
  Update time             : 0.949 s
  Time to train epoch     : 11.032 s


Statistics:
  fps step                    : 16,512
  fps step + policy inference : 16,249
  fps total                   : 14,851
  epoch                       : 614 / 1,000
  frames                      : 100,597,760


Policy 0: 
Timing:
  Play time               : 10.135 s
  Update time             : 0.962 s
  Time to train epoch     : 11.097 s


Statistics:
  fps step                    : 16,436
  fps step + policy inference : 16,166
  fps total                   : 14,765
  epoch                       : 615 / 1,000
  frames                      : 100,761,600


Policy 0: saving next best rewards:  [435.94]
=> saving checkpoint 'runs/expert_row3_seed2810/nn/expert_row3_seed2810.pth'

Timing:
  Play time               : 10.114 s
  Update time             : 0.965 s
  Time to train epoch     : 11.079 s


Statistics:
  fps step                    : 16,469
  fps step + policy inference : 16,199
  fps total                   : 14,789
  epoch                       : 616 / 1,000
  frames                      : 100,925,440


Policy 0: saving next best rewards:  [436.12]
=> saving checkpoint 'runs/expert_row3_seed2810/nn/expert_row3_seed2810.pth'

Timing:
  Play time               : 10.118 s
  Update time             : 0.968 s
  Time to train epoch     : 11.086 s


Statistics:
  fps step                    : 16,455
  fps step + policy inference : 16,193
  fps total                   : 14,779
  epoch                       : 617 / 1,000
  frames                      : 101,089,280


Policy 0: saving next best rewards:  [436.45]
=> saving checkpoint 'runs/expert_row3_seed2810/nn/expert_row3_seed2810.pth'

Timing:
  Play time               : 10.158 s
  Update time             : 0.961 s
  Time to train epoch     : 11.119 s


Statistics:
  fps step                    : 16,396
  fps step + policy inference : 16,128
  fps total                   : 14,735
  epoch                       : 618 / 1,000
  frames                      : 101,253,120


Policy 0: 
Timing:
  Play time               : 10.351 s
  Update time             : 0.979 s
  Time to train epoch     : 11.330 s


Statistics:
  fps step                    : 16,099
  fps step + policy inference : 15,829
  fps total                   : 14,461
  epoch                       : 619 / 1,000
  frames                      : 101,416,960


Policy 0: 
Timing:
  Play time               : 10.377 s
  Update time             : 0.989 s
  Time to train epoch     : 11.365 s


Statistics:
  fps step                    : 16,042
  fps step + policy inference : 15,789
  fps total                   : 14,416
  epoch                       : 620 / 1,000
  frames                      : 101,580,800


Policy 0: saving next best rewards:  [436.93]
=> saving checkpoint 'runs/expert_row3_seed2810/nn/expert_row3_seed2810.pth'

Timing:
  Play time               : 10.068 s
  Update time             : 0.945 s
  Time to train epoch     : 11.013 s


Statistics:
  fps step                    : 16,546
  fps step + policy inference : 16,274
  fps total                   : 14,877
  epoch                       : 621 / 1,000
  frames                      : 101,744,640


Policy 0: saving next best rewards:  [437.02]
=> saving checkpoint 'runs/expert_row3_seed2810/nn/expert_row3_seed2810.pth'

Timing:
  Play time               : 10.149 s
  Update time             : 0.956 s
  Time to train epoch     : 11.105 s


Statistics:
  fps step                    : 16,403
  fps step + policy inference : 16,144
  fps total                   : 14,753
  epoch                       : 622 / 1,000
  frames                      : 101,908,480


Policy 0: saving next best rewards:  [437.59]
=> saving checkpoint 'runs/expert_row3_seed2810/nn/expert_row3_seed2810.pth'

Timing:
  Play time               : 10.067 s
  Update time             : 0.980 s
  Time to train epoch     : 11.047 s


Statistics:
  fps step                    : 16,537
  fps step + policy inference : 16,274
  fps total                   : 14,831
  epoch                       : 623 / 1,000
  frames                      : 102,072,320


Policy 0: saving next best rewards:  [437.81]
=> saving checkpoint 'runs/expert_row3_seed2810/nn/expert_row3_seed2810.pth'

Timing:
  Play time               : 10.094 s
  Update time             : 0.986 s
  Time to train epoch     : 11.080 s


Statistics:
  fps step                    : 16,491
  fps step + policy inference : 16,232
  fps total                   : 14,787
  epoch                       : 624 / 1,000
  frames                      : 102,236,160


Policy 0: 
Timing:
  Play time               : 10.180 s
  Update time             : 0.963 s
  Time to train epoch     : 11.143 s


Statistics:
  fps step                    : 16,353
  fps step + policy inference : 16,094
  fps total                   : 14,704
  epoch                       : 625 / 1,000
  frames                      : 102,400,000


Policy 0: 
Timing:
  Play time               : 10.154 s
  Update time             : 0.999 s
  Time to train epoch     : 11.153 s


Statistics:
  fps step                    : 16,403
  fps step + policy inference : 16,135
  fps total                   : 14,690
  epoch                       : 626 / 1,000
  frames                      : 102,563,840


Policy 0: 
Timing:
  Play time               : 10.099 s
  Update time             : 1.034 s
  Time to train epoch     : 11.133 s


Statistics:
  fps step                    : 16,487
  fps step + policy inference : 16,223
  fps total                   : 14,717
  epoch                       : 627 / 1,000
  frames                      : 102,727,680


Policy 0: 
Timing:
  Play time               : 10.211 s
  Update time             : 1.014 s
  Time to train epoch     : 11.225 s


Statistics:
  fps step                    : 16,306
  fps step + policy inference : 16,046
  fps total                   : 14,596
  epoch                       : 628 / 1,000
  frames                      : 102,891,520


Policy 0: 
Timing:
  Play time               : 10.090 s
  Update time             : 0.981 s
  Time to train epoch     : 11.071 s


Statistics:
  fps step                    : 16,501
  fps step + policy inference : 16,238
  fps total                   : 14,799
  epoch                       : 629 / 1,000
  frames                      : 103,055,360


Policy 0: 
Timing:
  Play time               : 10.167 s
  Update time             : 0.964 s
  Time to train epoch     : 11.132 s


Statistics:
  fps step                    : 16,369
  fps step + policy inference : 16,114
  fps total                   : 14,718
  epoch                       : 630 / 1,000
  frames                      : 103,219,200


Policy 0: saving next best rewards:  [438.]
=> saving checkpoint 'runs/expert_row3_seed2810/nn/expert_row3_seed2810.pth'

Timing:
  Play time               : 10.249 s
  Update time             : 0.971 s
  Time to train epoch     : 11.220 s


Statistics:
  fps step                    : 16,246
  fps step + policy inference : 15,985
  fps total                   : 14,602
  epoch                       : 631 / 1,000
  frames                      : 103,383,040


Policy 0: 
Timing:
  Play time               : 10.214 s
  Update time             : 0.958 s
  Time to train epoch     : 11.172 s


Statistics:
  fps step                    : 16,301
  fps step + policy inference : 16,041
  fps total                   : 14,665
  epoch                       : 632 / 1,000
  frames                      : 103,546,880


Policy 0: 
Timing:
  Play time               : 10.271 s
  Update time             : 0.986 s
  Time to train epoch     : 11.256 s


Statistics:
  fps step                    : 16,206
  fps step + policy inference : 15,952
  fps total                   : 14,555
  epoch                       : 633 / 1,000
  frames                      : 103,710,720


Policy 0: 
Timing:
  Play time               : 10.240 s
  Update time             : 0.961 s
  Time to train epoch     : 11.201 s


Statistics:
  fps step                    : 16,260
  fps step + policy inference : 16,000
  fps total                   : 14,628
  epoch                       : 634 / 1,000
  frames                      : 103,874,560


Policy 0: 
Timing:
  Play time               : 10.184 s
  Update time             : 0.953 s
  Time to train epoch     : 11.137 s


Statistics:
  fps step                    : 16,344
  fps step + policy inference : 16,088
  fps total                   : 14,711
  epoch                       : 635 / 1,000
  frames                      : 104,038,400


Policy 0: saving next best rewards:  [438.21]
=> saving checkpoint 'runs/expert_row3_seed2810/nn/expert_row3_seed2810.pth'

Timing:
  Play time               : 10.224 s
  Update time             : 0.950 s
  Time to train epoch     : 11.174 s


Statistics:
  fps step                    : 16,281
  fps step + policy inference : 16,025
  fps total                   : 14,663
  epoch                       : 636 / 1,000
  frames                      : 104,202,240


Policy 0: saving next best rewards:  [438.44]
=> saving checkpoint 'runs/expert_row3_seed2810/nn/expert_row3_seed2810.pth'

Timing:
  Play time               : 10.150 s
  Update time             : 0.955 s
  Time to train epoch     : 11.104 s


Statistics:
  fps step                    : 16,405
  fps step + policy inference : 16,142
  fps total                   : 14,755
  epoch                       : 637 / 1,000
  frames                      : 104,366,080


Policy 0: 
Timing:
  Play time               : 10.138 s
  Update time             : 0.944 s
  Time to train epoch     : 11.083 s


Statistics:
  fps step                    : 16,441
  fps step + policy inference : 16,160
  fps total                   : 14,783
  epoch                       : 638 / 1,000
  frames                      : 104,529,920


Policy 0: saving next best rewards:  [438.58]
=> saving checkpoint 'runs/expert_row3_seed2810/nn/expert_row3_seed2810.pth'

Timing:
  Play time               : 10.040 s
  Update time             : 1.024 s
  Time to train epoch     : 11.064 s


Statistics:
  fps step                    : 16,591
  fps step + policy inference : 16,318
  fps total                   : 14,808
  epoch                       : 639 / 1,000
  frames                      : 104,693,760


Policy 0: saving next best rewards:  [438.69]
=> saving checkpoint 'runs/expert_row3_seed2810/nn/expert_row3_seed2810.pth'

Timing:
  Play time               : 10.129 s
  Update time             : 0.972 s
  Time to train epoch     : 11.101 s


Statistics:
  fps step                    : 16,435
  fps step + policy inference : 16,175
  fps total                   : 14,759
  epoch                       : 640 / 1,000
  frames                      : 104,857,600


Policy 0: saving next best rewards:  [438.93]
=> saving checkpoint 'runs/expert_row3_seed2810/nn/expert_row3_seed2810.pth'

Timing:
  Play time               : 10.146 s
  Update time             : 0.964 s
  Time to train epoch     : 11.110 s


Statistics:
  fps step                    : 16,410
  fps step + policy inference : 16,148
  fps total                   : 14,747
  epoch                       : 641 / 1,000
  frames                      : 105,021,440


Policy 0: saving next best rewards:  [439.17]
=> saving checkpoint 'runs/expert_row3_seed2810/nn/expert_row3_seed2810.pth'

Timing:
  Play time               : 10.002 s
  Update time             : 1.020 s
  Time to train epoch     : 11.022 s


Statistics:
  fps step                    : 16,644
  fps step + policy inference : 16,381
  fps total                   : 14,865
  epoch                       : 642 / 1,000
  frames                      : 105,185,280


Policy 0: saving next best rewards:  [439.37]
=> saving checkpoint 'runs/expert_row3_seed2810/nn/expert_row3_seed2810.pth'

Timing:
  Play time               : 10.027 s
  Update time             : 0.994 s
  Time to train epoch     : 11.021 s


Statistics:
  fps step                    : 16,603
  fps step + policy inference : 16,340
  fps total                   : 14,867
  epoch                       : 643 / 1,000
  frames                      : 105,349,120


Policy 0: saving next best rewards:  [439.63]
=> saving checkpoint 'runs/expert_row3_seed2810/nn/expert_row3_seed2810.pth'

Timing:
  Play time               : 10.053 s
  Update time             : 0.960 s
  Time to train epoch     : 11.013 s


Statistics:
  fps step                    : 16,565
  fps step + policy inference : 16,297
  fps total                   : 14,877
  epoch                       : 644 / 1,000
  frames                      : 105,512,960


Policy 0: saving next best rewards:  [439.75]
=> saving checkpoint 'runs/expert_row3_seed2810/nn/expert_row3_seed2810.pth'

Timing:
  Play time               : 10.190 s
  Update time             : 0.957 s
  Time to train epoch     : 11.148 s


Statistics:
  fps step                    : 16,343
  fps step + policy inference : 16,078
  fps total                   : 14,697
  epoch                       : 645 / 1,000
  frames                      : 105,676,800


Policy 0: saving next best rewards:  [440.14]
=> saving checkpoint 'runs/expert_row3_seed2810/nn/expert_row3_seed2810.pth'

Timing:
  Play time               : 10.154 s
  Update time             : 0.943 s
  Time to train epoch     : 11.097 s


Statistics:
  fps step                    : 16,399
  fps step + policy inference : 16,135
  fps total                   : 14,764
  epoch                       : 646 / 1,000
  frames                      : 105,840,640


Policy 0: saving next best rewards:  [440.46]
=> saving checkpoint 'runs/expert_row3_seed2810/nn/expert_row3_seed2810.pth'

Timing:
  Play time               : 10.115 s
  Update time             : 0.979 s
  Time to train epoch     : 11.094 s


Statistics:
  fps step                    : 16,463
  fps step + policy inference : 16,198
  fps total                   : 14,769
  epoch                       : 647 / 1,000
  frames                      : 106,004,480


Policy 0: saving next best rewards:  [440.82]
=> saving checkpoint 'runs/expert_row3_seed2810/nn/expert_row3_seed2810.pth'

Timing:
  Play time               : 10.093 s
  Update time             : 0.941 s
  Time to train epoch     : 11.034 s


Statistics:
  fps step                    : 16,493
  fps step + policy inference : 16,233
  fps total                   : 14,848
  epoch                       : 648 / 1,000
  frames                      : 106,168,320


Policy 0: 
Timing:
  Play time               : 10.038 s
  Update time             : 0.918 s
  Time to train epoch     : 10.956 s


Statistics:
  fps step                    : 16,586
  fps step + policy inference : 16,321
  fps total                   : 14,954
  epoch                       : 649 / 1,000
  frames                      : 106,332,160


Policy 0: saving next best rewards:  [441.15]
=> saving checkpoint 'runs/expert_row3_seed2810/nn/expert_row3_seed2810.pth'

Timing:
  Play time               : 10.116 s
  Update time             : 0.956 s
  Time to train epoch     : 11.072 s


Statistics:
  fps step                    : 16,455
  fps step + policy inference : 16,196
  fps total                   : 14,798
  epoch                       : 650 / 1,000
  frames                      : 106,496,000


Policy 0: saving next best rewards:  [441.25]
=> saving checkpoint 'runs/expert_row3_seed2810/nn/expert_row3_seed2810.pth'

Timing:
  Play time               : 10.182 s
  Update time             : 0.949 s
  Time to train epoch     : 11.132 s


Statistics:
  fps step                    : 16,353
  fps step + policy inference : 16,091
  fps total                   : 14,719
  epoch                       : 651 / 1,000
  frames                      : 106,659,840


Policy 0: saving next best rewards:  [441.45]
=> saving checkpoint 'runs/expert_row3_seed2810/nn/expert_row3_seed2810.pth'

Timing:
  Play time               : 10.168 s
  Update time             : 0.937 s
  Time to train epoch     : 11.105 s


Statistics:
  fps step                    : 16,375
  fps step + policy inference : 16,113
  fps total                   : 14,753
  epoch                       : 652 / 1,000
  frames                      : 106,823,680


Policy 0: saving next best rewards:  [442.01]
=> saving checkpoint 'runs/expert_row3_seed2810/nn/expert_row3_seed2810.pth'

Timing:
  Play time               : 10.273 s
  Update time             : 0.955 s
  Time to train epoch     : 11.228 s


Statistics:
  fps step                    : 16,206
  fps step + policy inference : 15,949
  fps total                   : 14,593
  epoch                       : 653 / 1,000
  frames                      : 106,987,520


Policy 0: 
Timing:
  Play time               : 10.127 s
  Update time             : 0.941 s
  Time to train epoch     : 11.068 s


Statistics:
  fps step                    : 16,437
  fps step + policy inference : 16,179
  fps total                   : 14,803
  epoch                       : 654 / 1,000
  frames                      : 107,151,360


Policy 0: 
Timing:
  Play time               : 10.093 s
  Update time             : 0.919 s
  Time to train epoch     : 11.012 s


Statistics:
  fps step                    : 16,492
  fps step + policy inference : 16,233
  fps total                   : 14,878
  epoch                       : 655 / 1,000
  frames                      : 107,315,200


Policy 0: saving next best rewards:  [442.1]
=> saving checkpoint 'runs/expert_row3_seed2810/nn/expert_row3_seed2810.pth'

Timing:
  Play time               : 10.084 s
  Update time             : 0.985 s
  Time to train epoch     : 11.069 s


Statistics:
  fps step                    : 16,512
  fps step + policy inference : 16,248
  fps total                   : 14,802
  epoch                       : 656 / 1,000
  frames                      : 107,479,040


Policy 0: 
Timing:
  Play time               : 10.141 s
  Update time             : 0.965 s
  Time to train epoch     : 11.107 s


Statistics:
  fps step                    : 16,441
  fps step + policy inference : 16,156
  fps total                   : 14,752
  epoch                       : 657 / 1,000
  frames                      : 107,642,880


Policy 0: 
Timing:
  Play time               : 10.163 s
  Update time             : 0.967 s
  Time to train epoch     : 11.130 s


Statistics:
  fps step                    : 16,386
  fps step + policy inference : 16,121
  fps total                   : 14,721
  epoch                       : 658 / 1,000
  frames                      : 107,806,720


Policy 0: 
Timing:
  Play time               : 10.142 s
  Update time             : 0.965 s
  Time to train epoch     : 11.106 s


Statistics:
  fps step                    : 16,421
  fps step + policy inference : 16,155
  fps total                   : 14,752
  epoch                       : 659 / 1,000
  frames                      : 107,970,560


Policy 0: saving next best rewards:  [442.39]
=> saving checkpoint 'runs/expert_row3_seed2810/nn/expert_row3_seed2810.pth'

Timing:
  Play time               : 10.085 s
  Update time             : 0.978 s
  Time to train epoch     : 11.063 s


Statistics:
  fps step                    : 16,510
  fps step + policy inference : 16,246
  fps total                   : 14,810
  epoch                       : 660 / 1,000
  frames                      : 108,134,400


Policy 0: 
Timing:
  Play time               : 10.146 s
  Update time             : 0.966 s
  Time to train epoch     : 11.112 s


Statistics:
  fps step                    : 16,407
  fps step + policy inference : 16,149
  fps total                   : 14,745
  epoch                       : 661 / 1,000
  frames                      : 108,298,240


Policy 0: 
Timing:
  Play time               : 10.248 s
  Update time             : 0.966 s
  Time to train epoch     : 11.214 s


Statistics:
  fps step                    : 16,245
  fps step + policy inference : 15,988
  fps total                   : 14,610
  epoch                       : 662 / 1,000
  frames                      : 108,462,080


Policy 0: 
Timing:
  Play time               : 10.293 s
  Update time             : 0.978 s
  Time to train epoch     : 11.271 s


Statistics:
  fps step                    : 16,173
  fps step + policy inference : 15,918
  fps total                   : 14,536
  epoch                       : 663 / 1,000
  frames                      : 108,625,920


Policy 0: 
Timing:
  Play time               : 10.218 s
  Update time             : 1.014 s
  Time to train epoch     : 11.233 s


Statistics:
  fps step                    : 16,289
  fps step + policy inference : 16,034
  fps total                   : 14,586
  epoch                       : 664 / 1,000
  frames                      : 108,789,760


Policy 0: 
Timing:
  Play time               : 10.277 s
  Update time             : 1.001 s
  Time to train epoch     : 11.278 s


Statistics:
  fps step                    : 16,200
  fps step + policy inference : 15,943
  fps total                   : 14,528
  epoch                       : 665 / 1,000
  frames                      : 108,953,600


Policy 0: 
Timing:
  Play time               : 10.234 s
  Update time             : 0.988 s
  Time to train epoch     : 11.222 s


Statistics:
  fps step                    : 16,266
  fps step + policy inference : 16,010
  fps total                   : 14,600
  epoch                       : 666 / 1,000
  frames                      : 109,117,440


Policy 0: 
Timing:
  Play time               : 10.237 s
  Update time             : 0.956 s
  Time to train epoch     : 11.193 s


Statistics:
  fps step                    : 16,263
  fps step + policy inference : 16,004
  fps total                   : 14,638
  epoch                       : 667 / 1,000
  frames                      : 109,281,280


Policy 0: 
Timing:
  Play time               : 10.238 s
  Update time             : 0.950 s
  Time to train epoch     : 11.188 s


Statistics:
  fps step                    : 16,262
  fps step + policy inference : 16,003
  fps total                   : 14,644
  epoch                       : 668 / 1,000
  frames                      : 109,445,120


Policy 0: 
Timing:
  Play time               : 10.216 s
  Update time             : 0.942 s
  Time to train epoch     : 11.158 s


Statistics:
  fps step                    : 16,295
  fps step + policy inference : 16,038
  fps total                   : 14,684
  epoch                       : 669 / 1,000
  frames                      : 109,608,960


Policy 0: 
Timing:
  Play time               : 10.220 s
  Update time             : 0.934 s
  Time to train epoch     : 11.154 s


Statistics:
  fps step                    : 16,287
  fps step + policy inference : 16,031
  fps total                   : 14,689
  epoch                       : 670 / 1,000
  frames                      : 109,772,800


Policy 0: 
Timing:
  Play time               : 10.220 s
  Update time             : 0.958 s
  Time to train epoch     : 11.178 s


Statistics:
  fps step                    : 16,295
  fps step + policy inference : 16,031
  fps total                   : 14,657
  epoch                       : 671 / 1,000
  frames                      : 109,936,640


Policy 0: 
Timing:
  Play time               : 10.223 s
  Update time             : 0.954 s
  Time to train epoch     : 11.178 s


Statistics:
  fps step                    : 16,287
  fps step + policy inference : 16,026
  fps total                   : 14,658
  epoch                       : 672 / 1,000
  frames                      : 110,100,480


Policy 0: 
Timing:
  Play time               : 10.147 s
  Update time             : 0.945 s
  Time to train epoch     : 11.092 s


Statistics:
  fps step                    : 16,403
  fps step + policy inference : 16,147
  fps total                   : 14,771
  epoch                       : 673 / 1,000
  frames                      : 110,264,320


Policy 0: 
Timing:
  Play time               : 10.223 s
  Update time             : 0.944 s
  Time to train epoch     : 11.167 s


Statistics:
  fps step                    : 16,283
  fps step + policy inference : 16,027
  fps total                   : 14,672
  epoch                       : 674 / 1,000
  frames                      : 110,428,160


Policy 0: 
Timing:
  Play time               : 10.288 s
  Update time             : 0.987 s
  Time to train epoch     : 11.275 s


Statistics:
  fps step                    : 16,197
  fps step + policy inference : 15,925
  fps total                   : 14,531
  epoch                       : 675 / 1,000
  frames                      : 110,592,000


Policy 0: 
Timing:
  Play time               : 10.254 s
  Update time             : 0.995 s
  Time to train epoch     : 11.249 s


Statistics:
  fps step                    : 16,240
  fps step + policy inference : 15,978
  fps total                   : 14,565
  epoch                       : 676 / 1,000
  frames                      : 110,755,840


Policy 0: 
Timing:
  Play time               : 10.248 s
  Update time             : 1.000 s
  Time to train epoch     : 11.248 s


Statistics:
  fps step                    : 16,253
  fps step + policy inference : 15,988
  fps total                   : 14,566
  epoch                       : 677 / 1,000
  frames                      : 110,919,680


Policy 0: 
Timing:
  Play time               : 10.243 s
  Update time             : 1.051 s
  Time to train epoch     : 11.294 s


Statistics:
  fps step                    : 16,254
  fps step + policy inference : 15,995
  fps total                   : 14,507
  epoch                       : 678 / 1,000
  frames                      : 111,083,520


Policy 0: 
Timing:
  Play time               : 10.292 s
  Update time             : 1.018 s
  Time to train epoch     : 11.310 s


Statistics:
  fps step                    : 16,174
  fps step + policy inference : 15,920
  fps total                   : 14,487
  epoch                       : 679 / 1,000
  frames                      : 111,247,360


Policy 0: 
Timing:
  Play time               : 10.270 s
  Update time             : 0.989 s
  Time to train epoch     : 11.260 s


Statistics:
  fps step                    : 16,207
  fps step + policy inference : 15,953
  fps total                   : 14,551
  epoch                       : 680 / 1,000
  frames                      : 111,411,200


Policy 0: 
Timing:
  Play time               : 10.229 s
  Update time             : 0.965 s
  Time to train epoch     : 11.194 s


Statistics:
  fps step                    : 16,271
  fps step + policy inference : 16,017
  fps total                   : 14,636
  epoch                       : 681 / 1,000
  frames                      : 111,575,040


Policy 0: 
Timing:
  Play time               : 10.149 s
  Update time             : 0.954 s
  Time to train epoch     : 11.103 s


Statistics:
  fps step                    : 16,411
  fps step + policy inference : 16,143
  fps total                   : 14,756
  epoch                       : 682 / 1,000
  frames                      : 111,738,880


Policy 0: 
Timing:
  Play time               : 10.105 s
  Update time             : 0.967 s
  Time to train epoch     : 11.073 s


Statistics:
  fps step                    : 16,476
  fps step + policy inference : 16,213
  fps total                   : 14,797
  epoch                       : 683 / 1,000
  frames                      : 111,902,720


Policy 0: 
Timing:
  Play time               : 10.180 s
  Update time             : 0.960 s
  Time to train epoch     : 11.140 s


Statistics:
  fps step                    : 16,357
  fps step + policy inference : 16,095
  fps total                   : 14,707
  epoch                       : 684 / 1,000
  frames                      : 112,066,560


Policy 0: 
Timing:
  Play time               : 10.251 s
  Update time             : 0.944 s
  Time to train epoch     : 11.195 s


Statistics:
  fps step                    : 16,236
  fps step + policy inference : 15,983
  fps total                   : 14,635
  epoch                       : 685 / 1,000
  frames                      : 112,230,400


Policy 0: 
Timing:
  Play time               : 10.075 s
  Update time             : 0.927 s
  Time to train epoch     : 11.002 s


Statistics:
  fps step                    : 16,525
  fps step + policy inference : 16,261
  fps total                   : 14,892
  epoch                       : 686 / 1,000
  frames                      : 112,394,240


Policy 0: 
Timing:
  Play time               : 10.258 s
  Update time             : 0.937 s
  Time to train epoch     : 11.196 s


Statistics:
  fps step                    : 16,232
  fps step + policy inference : 15,971
  fps total                   : 14,634
  epoch                       : 687 / 1,000
  frames                      : 112,558,080


Policy 0: 
Timing:
  Play time               : 10.221 s
  Update time             : 0.942 s
  Time to train epoch     : 11.163 s


Statistics:
  fps step                    : 16,290
  fps step + policy inference : 16,030
  fps total                   : 14,678
  epoch                       : 688 / 1,000
  frames                      : 112,721,920


Policy 0: saving next best rewards:  [442.57]
=> saving checkpoint 'runs/expert_row3_seed2810/nn/expert_row3_seed2810.pth'

Timing:
  Play time               : 10.187 s
  Update time             : 0.947 s
  Time to train epoch     : 11.134 s


Statistics:
  fps step                    : 16,343
  fps step + policy inference : 16,083
  fps total                   : 14,715
  epoch                       : 689 / 1,000
  frames                      : 112,885,760


Policy 0: saving next best rewards:  [442.79]
=> saving checkpoint 'runs/expert_row3_seed2810/nn/expert_row3_seed2810.pth'

Timing:
  Play time               : 10.152 s
  Update time             : 0.987 s
  Time to train epoch     : 11.139 s


Statistics:
  fps step                    : 16,402
  fps step + policy inference : 16,139
  fps total                   : 14,709
  epoch                       : 690 / 1,000
  frames                      : 113,049,600


Policy 0: saving next best rewards:  [443.09]
=> saving checkpoint 'runs/expert_row3_seed2810/nn/expert_row3_seed2810.pth'

Timing:
  Play time               : 10.123 s
  Update time             : 0.983 s
  Time to train epoch     : 11.105 s


Statistics:
  fps step                    : 16,445
  fps step + policy inference : 16,185
  fps total                   : 14,753
  epoch                       : 691 / 1,000
  frames                      : 113,213,440


Policy 0: saving next best rewards:  [443.48]
=> saving checkpoint 'runs/expert_row3_seed2810/nn/expert_row3_seed2810.pth'

Timing:
  Play time               : 10.132 s
  Update time             : 0.967 s
  Time to train epoch     : 11.099 s


Statistics:
  fps step                    : 16,432
  fps step + policy inference : 16,171
  fps total                   : 14,762
  epoch                       : 692 / 1,000
  frames                      : 113,377,280


Policy 0: saving next best rewards:  [443.5]
=> saving checkpoint 'runs/expert_row3_seed2810/nn/expert_row3_seed2810.pth'

Timing:
  Play time               : 10.066 s
  Update time             : 0.980 s
  Time to train epoch     : 11.046 s


Statistics:
  fps step                    : 16,541
  fps step + policy inference : 16,277
  fps total                   : 14,833
  epoch                       : 693 / 1,000
  frames                      : 113,541,120


Policy 0: saving next best rewards:  [443.62]
=> saving checkpoint 'runs/expert_row3_seed2810/nn/expert_row3_seed2810.pth'

Timing:
  Play time               : 10.174 s
  Update time             : 1.041 s
  Time to train epoch     : 11.215 s


Statistics:
  fps step                    : 16,382
  fps step + policy inference : 16,104
  fps total                   : 14,609
  epoch                       : 694 / 1,000
  frames                      : 113,704,960


Policy 0: saving next best rewards:  [443.86]
=> saving checkpoint 'runs/expert_row3_seed2810/nn/expert_row3_seed2810.pth'

Timing:
  Play time               : 10.102 s
  Update time             : 1.030 s
  Time to train epoch     : 11.132 s


Statistics:
  fps step                    : 16,489
  fps step + policy inference : 16,219
  fps total                   : 14,718
  epoch                       : 695 / 1,000
  frames                      : 113,868,800


Policy 0: saving next best rewards:  [444.27]
=> saving checkpoint 'runs/expert_row3_seed2810/nn/expert_row3_seed2810.pth'

Timing:
  Play time               : 10.164 s
  Update time             : 0.963 s
  Time to train epoch     : 11.127 s


Statistics:
  fps step                    : 16,378
  fps step + policy inference : 16,120
  fps total                   : 14,724
  epoch                       : 696 / 1,000
  frames                      : 114,032,640


Policy 0: saving next best rewards:  [444.43]
=> saving checkpoint 'runs/expert_row3_seed2810/nn/expert_row3_seed2810.pth'

Timing:
  Play time               : 10.164 s
  Update time             : 0.945 s
  Time to train epoch     : 11.110 s


Statistics:
  fps step                    : 16,388
  fps step + policy inference : 16,119
  fps total                   : 14,747
  epoch                       : 697 / 1,000
  frames                      : 114,196,480


Policy 0: saving next best rewards:  [444.58]
=> saving checkpoint 'runs/expert_row3_seed2810/nn/expert_row3_seed2810.pth'

Timing:
  Play time               : 9.991 s
  Update time             : 0.998 s
  Time to train epoch     : 10.989 s


Statistics:
  fps step                    : 16,666
  fps step + policy inference : 16,399
  fps total                   : 14,910
  epoch                       : 698 / 1,000
  frames                      : 114,360,320


Policy 0: saving next best rewards:  [444.81]
=> saving checkpoint 'runs/expert_row3_seed2810/nn/expert_row3_seed2810.pth'

Timing:
  Play time               : 10.142 s
  Update time             : 0.925 s
  Time to train epoch     : 11.067 s


Statistics:
  fps step                    : 16,414
  fps step + policy inference : 16,155
  fps total                   : 14,804
  epoch                       : 699 / 1,000
  frames                      : 114,524,160


Policy 0: saving next best rewards:  [445.29]
=> saving checkpoint 'runs/expert_row3_seed2810/nn/expert_row3_seed2810.pth'

Timing:
  Play time               : 10.183 s
  Update time             : 0.917 s
  Time to train epoch     : 11.100 s


Statistics:
  fps step                    : 16,351
  fps step + policy inference : 16,090
  fps total                   : 14,761
  epoch                       : 700 / 1,000
  frames                      : 114,688,000


Policy 0: 
Timing:
  Play time               : 10.223 s
  Update time             : 0.965 s
  Time to train epoch     : 11.187 s


Statistics:
  fps step                    : 16,285
  fps step + policy inference : 16,027
  fps total                   : 14,645
  epoch                       : 701 / 1,000
  frames                      : 114,851,840


Policy 0: saving next best rewards:  [445.75]
=> saving checkpoint 'runs/expert_row3_seed2810/nn/expert_row3_seed2810.pth'

Timing:
  Play time               : 10.195 s
  Update time             : 0.922 s
  Time to train epoch     : 11.117 s


Statistics:
  fps step                    : 16,336
  fps step + policy inference : 16,070
  fps total                   : 14,737
  epoch                       : 702 / 1,000
  frames                      : 115,015,680


Policy 0: saving next best rewards:  [445.82]
=> saving checkpoint 'runs/expert_row3_seed2810/nn/expert_row3_seed2810.pth'

Timing:
  Play time               : 10.188 s
  Update time             : 0.941 s
  Time to train epoch     : 11.130 s


Statistics:
  fps step                    : 16,339
  fps step + policy inference : 16,081
  fps total                   : 14,721
  epoch                       : 703 / 1,000
  frames                      : 115,179,520


Policy 0: saving next best rewards:  [446.]
=> saving checkpoint 'runs/expert_row3_seed2810/nn/expert_row3_seed2810.pth'

Timing:
  Play time               : 10.164 s
  Update time             : 0.990 s
  Time to train epoch     : 11.153 s


Statistics:
  fps step                    : 16,381
  fps step + policy inference : 16,120
  fps total                   : 14,690
  epoch                       : 704 / 1,000
  frames                      : 115,343,360


Policy 0: 
Timing:
  Play time               : 10.072 s
  Update time             : 0.938 s
  Time to train epoch     : 11.010 s


Statistics:
  fps step                    : 16,531
  fps step + policy inference : 16,267
  fps total                   : 14,881
  epoch                       : 705 / 1,000
  frames                      : 115,507,200


Policy 0: 
Timing:
  Play time               : 10.160 s
  Update time             : 0.993 s
  Time to train epoch     : 11.154 s


Statistics:
  fps step                    : 16,387
  fps step + policy inference : 16,125
  fps total                   : 14,689
  epoch                       : 706 / 1,000
  frames                      : 115,671,040


Policy 0: saving next best rewards:  [446.15]
=> saving checkpoint 'runs/expert_row3_seed2810/nn/expert_row3_seed2810.pth'

Timing:
  Play time               : 10.218 s
  Update time             : 1.020 s
  Time to train epoch     : 11.238 s


Statistics:
  fps step                    : 16,295
  fps step + policy inference : 16,034
  fps total                   : 14,579
  epoch                       : 707 / 1,000
  frames                      : 115,834,880


Policy 0: saving next best rewards:  [446.45]
=> saving checkpoint 'runs/expert_row3_seed2810/nn/expert_row3_seed2810.pth'

Timing:
  Play time               : 10.304 s
  Update time             : 1.004 s
  Time to train epoch     : 11.308 s


Statistics:
  fps step                    : 16,153
  fps step + policy inference : 15,901
  fps total                   : 14,489
  epoch                       : 708 / 1,000
  frames                      : 115,998,720


Policy 0: saving next best rewards:  [446.68]
=> saving checkpoint 'runs/expert_row3_seed2810/nn/expert_row3_seed2810.pth'

Timing:
  Play time               : 10.275 s
  Update time             : 1.044 s
  Time to train epoch     : 11.319 s


Statistics:
  fps step                    : 16,202
  fps step + policy inference : 15,945
  fps total                   : 14,474
  epoch                       : 709 / 1,000
  frames                      : 116,162,560


Policy 0: saving next best rewards:  [447.31]
=> saving checkpoint 'runs/expert_row3_seed2810/nn/expert_row3_seed2810.pth'

Timing:
  Play time               : 10.296 s
  Update time             : 1.020 s
  Time to train epoch     : 11.317 s


Statistics:
  fps step                    : 16,165
  fps step + policy inference : 15,913
  fps total                   : 14,478
  epoch                       : 710 / 1,000
  frames                      : 116,326,400


Policy 0: 
Timing:
  Play time               : 10.334 s
  Update time             : 0.930 s
  Time to train epoch     : 11.264 s


Statistics:
  fps step                    : 16,097
  fps step + policy inference : 15,854
  fps total                   : 14,545
  epoch                       : 711 / 1,000
  frames                      : 116,490,240


Policy 0: 
Timing:
  Play time               : 10.355 s
  Update time             : 0.960 s
  Time to train epoch     : 11.315 s


Statistics:
  fps step                    : 16,075
  fps step + policy inference : 15,822
  fps total                   : 14,479
  epoch                       : 712 / 1,000
  frames                      : 116,654,080


Policy 0: 
Timing:
  Play time               : 10.286 s
  Update time             : 0.971 s
  Time to train epoch     : 11.257 s


Statistics:
  fps step                    : 16,204
  fps step + policy inference : 15,929
  fps total                   : 14,554
  epoch                       : 713 / 1,000
  frames                      : 116,817,920


Policy 0: 
Timing:
  Play time               : 10.238 s
  Update time             : 0.978 s
  Time to train epoch     : 11.216 s


Statistics:
  fps step                    : 16,263
  fps step + policy inference : 16,003
  fps total                   : 14,608
  epoch                       : 714 / 1,000
  frames                      : 116,981,760


Policy 0: 
Timing:
  Play time               : 10.226 s
  Update time             : 0.935 s
  Time to train epoch     : 11.162 s


Statistics:
  fps step                    : 16,277
  fps step + policy inference : 16,021
  fps total                   : 14,679
  epoch                       : 715 / 1,000
  frames                      : 117,145,600


Policy 0: 
Timing:
  Play time               : 10.173 s
  Update time             : 0.945 s
  Time to train epoch     : 11.118 s


Statistics:
  fps step                    : 16,364
  fps step + policy inference : 16,105
  fps total                   : 14,736
  epoch                       : 716 / 1,000
  frames                      : 117,309,440


Policy 0: 
Timing:
  Play time               : 10.200 s
  Update time             : 0.953 s
  Time to train epoch     : 11.153 s


Statistics:
  fps step                    : 16,320
  fps step + policy inference : 16,063
  fps total                   : 14,690
  epoch                       : 717 / 1,000
  frames                      : 117,473,280


Policy 0: 
Timing:
  Play time               : 10.187 s
  Update time             : 0.934 s
  Time to train epoch     : 11.121 s


Statistics:
  fps step                    : 16,341
  fps step + policy inference : 16,084
  fps total                   : 14,733
  epoch                       : 718 / 1,000
  frames                      : 117,637,120


Policy 0: 
Timing:
  Play time               : 10.183 s
  Update time             : 0.951 s
  Time to train epoch     : 11.134 s


Statistics:
  fps step                    : 16,354
  fps step + policy inference : 16,090
  fps total                   : 14,715
  epoch                       : 719 / 1,000
  frames                      : 117,800,960


Policy 0: 
Timing:
  Play time               : 10.330 s
  Update time             : 1.023 s
  Time to train epoch     : 11.352 s


Statistics:
  fps step                    : 16,111
  fps step + policy inference : 15,861
  fps total                   : 14,432
  epoch                       : 720 / 1,000
  frames                      : 117,964,800


Policy 0: 
Timing:
  Play time               : 10.324 s
  Update time             : 1.019 s
  Time to train epoch     : 11.343 s


Statistics:
  fps step                    : 16,123
  fps step + policy inference : 15,870
  fps total                   : 14,445
  epoch                       : 721 / 1,000
  frames                      : 118,128,640


Policy 0: 
Timing:
  Play time               : 10.351 s
  Update time             : 1.025 s
  Time to train epoch     : 11.375 s


Statistics:
  fps step                    : 16,080
  fps step + policy inference : 15,829
  fps total                   : 14,403
  epoch                       : 722 / 1,000
  frames                      : 118,292,480


Policy 0: 
Timing:
  Play time               : 10.344 s
  Update time             : 1.019 s
  Time to train epoch     : 11.364 s


Statistics:
  fps step                    : 16,088
  fps step + policy inference : 15,839
  fps total                   : 14,418
  epoch                       : 723 / 1,000
  frames                      : 118,456,320


Policy 0: 
Timing:
  Play time               : 10.395 s
  Update time             : 0.968 s
  Time to train epoch     : 11.363 s


Statistics:
  fps step                    : 16,009
  fps step + policy inference : 15,762
  fps total                   : 14,419
  epoch                       : 724 / 1,000
  frames                      : 118,620,160


Policy 0: 
Timing:
  Play time               : 10.363 s
  Update time             : 0.945 s
  Time to train epoch     : 11.308 s


Statistics:
  fps step                    : 16,059
  fps step + policy inference : 15,810
  fps total                   : 14,488
  epoch                       : 725 / 1,000
  frames                      : 118,784,000


Policy 0: 
Timing:
  Play time               : 10.324 s
  Update time             : 0.919 s
  Time to train epoch     : 11.243 s


Statistics:
  fps step                    : 16,121
  fps step + policy inference : 15,870
  fps total                   : 14,573
  epoch                       : 726 / 1,000
  frames                      : 118,947,840


Policy 0: 
Timing:
  Play time               : 10.328 s
  Update time             : 0.928 s
  Time to train epoch     : 11.256 s


Statistics:
  fps step                    : 16,116
  fps step + policy inference : 15,864
  fps total                   : 14,556
  epoch                       : 727 / 1,000
  frames                      : 119,111,680


Policy 0: 
Timing:
  Play time               : 10.358 s
  Update time             : 0.955 s
  Time to train epoch     : 11.314 s


Statistics:
  fps step                    : 16,073
  fps step + policy inference : 15,817
  fps total                   : 14,482
  epoch                       : 728 / 1,000
  frames                      : 119,275,520


Policy 0: 
Timing:
  Play time               : 10.315 s
  Update time             : 0.961 s
  Time to train epoch     : 11.276 s


Statistics:
  fps step                    : 16,140
  fps step + policy inference : 15,884
  fps total                   : 14,530
  epoch                       : 729 / 1,000
  frames                      : 119,439,360


Policy 0: 
Timing:
  Play time               : 10.237 s
  Update time             : 0.939 s
  Time to train epoch     : 11.176 s


Statistics:
  fps step                    : 16,256
  fps step + policy inference : 16,005
  fps total                   : 14,660
  epoch                       : 730 / 1,000
  frames                      : 119,603,200


Policy 0: 
Timing:
  Play time               : 10.253 s
  Update time             : 0.935 s
  Time to train epoch     : 11.188 s


Statistics:
  fps step                    : 16,235
  fps step + policy inference : 15,980
  fps total                   : 14,645
  epoch                       : 731 / 1,000
  frames                      : 119,767,040


Policy 0: 
Timing:
  Play time               : 10.328 s
  Update time             : 0.943 s
  Time to train epoch     : 11.272 s


Statistics:
  fps step                    : 16,135
  fps step + policy inference : 15,863
  fps total                   : 14,535
  epoch                       : 732 / 1,000
  frames                      : 119,930,880


Policy 0: 
Timing:
  Play time               : 10.294 s
  Update time             : 0.967 s
  Time to train epoch     : 11.260 s


Statistics:
  fps step                    : 16,174
  fps step + policy inference : 15,917
  fps total                   : 14,550
  epoch                       : 733 / 1,000
  frames                      : 120,094,720


Policy 0: 
Timing:
  Play time               : 10.309 s
  Update time             : 0.957 s
  Time to train epoch     : 11.267 s


Statistics:
  fps step                    : 16,148
  fps step + policy inference : 15,893
  fps total                   : 14,542
  epoch                       : 734 / 1,000
  frames                      : 120,258,560


Policy 0: 
Timing:
  Play time               : 10.347 s
  Update time             : 0.944 s
  Time to train epoch     : 11.291 s


Statistics:
  fps step                    : 16,083
  fps step + policy inference : 15,835
  fps total                   : 14,510
  epoch                       : 735 / 1,000
  frames                      : 120,422,400


Policy 0: 
Timing:
  Play time               : 10.338 s
  Update time             : 0.924 s
  Time to train epoch     : 11.261 s


Statistics:
  fps step                    : 16,099
  fps step + policy inference : 15,849
  fps total                   : 14,549
  epoch                       : 736 / 1,000
  frames                      : 120,586,240


Policy 0: 
Timing:
  Play time               : 10.318 s
  Update time             : 0.937 s
  Time to train epoch     : 11.255 s


Statistics:
  fps step                    : 16,130
  fps step + policy inference : 15,879
  fps total                   : 14,557
  epoch                       : 737 / 1,000
  frames                      : 120,750,080


Policy 0: 
Timing:
  Play time               : 10.335 s
  Update time             : 1.004 s
  Time to train epoch     : 11.340 s


Statistics:
  fps step                    : 16,111
  fps step + policy inference : 15,852
  fps total                   : 14,449
  epoch                       : 738 / 1,000
  frames                      : 120,913,920


Policy 0: 
Timing:
  Play time               : 10.348 s
  Update time             : 0.998 s
  Time to train epoch     : 11.346 s


Statistics:
  fps step                    : 16,086
  fps step + policy inference : 15,833
  fps total                   : 14,440
  epoch                       : 739 / 1,000
  frames                      : 121,077,760


Policy 0: 
Timing:
  Play time               : 10.358 s
  Update time             : 0.980 s
  Time to train epoch     : 11.338 s


Statistics:
  fps step                    : 16,071
  fps step + policy inference : 15,818
  fps total                   : 14,450
  epoch                       : 740 / 1,000
  frames                      : 121,241,600


Policy 0: 
Timing:
  Play time               : 10.348 s
  Update time             : 1.028 s
  Time to train epoch     : 11.375 s


Statistics:
  fps step                    : 16,087
  fps step + policy inference : 15,834
  fps total                   : 14,403
  epoch                       : 741 / 1,000
  frames                      : 121,405,440


Policy 0: 
Timing:
  Play time               : 10.381 s
  Update time             : 1.049 s
  Time to train epoch     : 11.430 s


Statistics:
  fps step                    : 16,031
  fps step + policy inference : 15,782
  fps total                   : 14,334
  epoch                       : 742 / 1,000
  frames                      : 121,569,280


Policy 0: 
Timing:
  Play time               : 10.368 s
  Update time             : 1.002 s
  Time to train epoch     : 11.370 s


Statistics:
  fps step                    : 16,051
  fps step + policy inference : 15,803
  fps total                   : 14,410
  epoch                       : 743 / 1,000
  frames                      : 121,733,120


Policy 0: 
Timing:
  Play time               : 10.378 s
  Update time             : 0.955 s
  Time to train epoch     : 11.333 s


Statistics:
  fps step                    : 16,041
  fps step + policy inference : 15,787
  fps total                   : 14,456
  epoch                       : 744 / 1,000
  frames                      : 121,896,960


Policy 0: 
Timing:
  Play time               : 10.373 s
  Update time             : 0.946 s
  Time to train epoch     : 11.319 s


Statistics:
  fps step                    : 16,048
  fps step + policy inference : 15,795
  fps total                   : 14,475
  epoch                       : 745 / 1,000
  frames                      : 122,060,800


Policy 0: 
Timing:
  Play time               : 10.380 s
  Update time             : 0.954 s
  Time to train epoch     : 11.334 s


Statistics:
  fps step                    : 16,038
  fps step + policy inference : 15,784
  fps total                   : 14,455
  epoch                       : 746 / 1,000
  frames                      : 122,224,640


Policy 0: 
Timing:
  Play time               : 10.355 s
  Update time             : 0.953 s
  Time to train epoch     : 11.308 s


Statistics:
  fps step                    : 16,077
  fps step + policy inference : 15,822
  fps total                   : 14,489
  epoch                       : 747 / 1,000
  frames                      : 122,388,480


Policy 0: 
Timing:
  Play time               : 10.385 s
  Update time             : 0.939 s
  Time to train epoch     : 11.325 s


Statistics:
  fps step                    : 16,027
  fps step + policy inference : 15,776
  fps total                   : 14,468
  epoch                       : 748 / 1,000
  frames                      : 122,552,320


Policy 0: 
Timing:
  Play time               : 10.368 s
  Update time             : 0.947 s
  Time to train epoch     : 11.314 s


Statistics:
  fps step                    : 16,054
  fps step + policy inference : 15,803
  fps total                   : 14,481
  epoch                       : 749 / 1,000
  frames                      : 122,716,160


Policy 0: 
Timing:
  Play time               : 10.341 s
  Update time             : 0.940 s
  Time to train epoch     : 11.282 s


Statistics:
  fps step                    : 16,110
  fps step + policy inference : 15,843
  fps total                   : 14,523
  epoch                       : 750 / 1,000
  frames                      : 122,880,000


Policy 0: Saved recovery checkpoint runs/expert_row3_seed2810/checkpoints/epoch_000750.pth; evaluation_due=False

Timing:
  Play time               : 10.317 s
  Update time             : 0.969 s
  Time to train epoch     : 11.286 s


Statistics:
  fps step                    : 16,138
  fps step + policy inference : 15,881
  fps total                   : 14,517
  epoch                       : 751 / 1,000
  frames                      : 123,043,840


Policy 0: 
Timing:
  Play time               : 10.333 s
  Update time             : 0.979 s
  Time to train epoch     : 11.312 s


Statistics:
  fps step                    : 16,115
  fps step + policy inference : 15,857
  fps total                   : 14,484
  epoch                       : 752 / 1,000
  frames                      : 123,207,680


Policy 0: 
Timing:
  Play time               : 10.307 s
  Update time             : 0.930 s
  Time to train epoch     : 11.238 s


Statistics:
  fps step                    : 16,151
  fps step + policy inference : 15,896
  fps total                   : 14,580
  epoch                       : 753 / 1,000
  frames                      : 123,371,520


Policy 0: 
Timing:
  Play time               : 10.320 s
  Update time             : 0.968 s
  Time to train epoch     : 11.288 s


Statistics:
  fps step                    : 16,125
  fps step + policy inference : 15,875
  fps total                   : 14,514
  epoch                       : 754 / 1,000
  frames                      : 123,535,360


Policy 0: 
Timing:
  Play time               : 10.342 s
  Update time             : 1.005 s
  Time to train epoch     : 11.348 s


Statistics:
  fps step                    : 16,091
  fps step + policy inference : 15,842
  fps total                   : 14,438
  epoch                       : 755 / 1,000
  frames                      : 123,699,200


Policy 0: 
Timing:
  Play time               : 10.345 s
  Update time             : 0.994 s
  Time to train epoch     : 11.338 s


Statistics:
  fps step                    : 16,085
  fps step + policy inference : 15,838
  fps total                   : 14,450
  epoch                       : 756 / 1,000
  frames                      : 123,863,040


Policy 0: 
Timing:
  Play time               : 10.375 s
  Update time             : 0.988 s
  Time to train epoch     : 11.363 s


Statistics:
  fps step                    : 16,042
  fps step + policy inference : 15,792
  fps total                   : 14,418
  epoch                       : 757 / 1,000
  frames                      : 124,026,880


Policy 0: 
Timing:
  Play time               : 10.338 s
  Update time             : 1.008 s
  Time to train epoch     : 11.346 s


Statistics:
  fps step                    : 16,105
  fps step + policy inference : 15,849
  fps total                   : 14,441
  epoch                       : 758 / 1,000
  frames                      : 124,190,720


Policy 0: 
Timing:
  Play time               : 10.365 s
  Update time             : 0.977 s
  Time to train epoch     : 11.342 s


Statistics:
  fps step                    : 16,059
  fps step + policy inference : 15,807
  fps total                   : 14,445
  epoch                       : 759 / 1,000
  frames                      : 124,354,560


Policy 0: 
Timing:
  Play time               : 10.358 s
  Update time             : 0.955 s
  Time to train epoch     : 11.313 s


Statistics:
  fps step                    : 16,068
  fps step + policy inference : 15,818
  fps total                   : 14,482
  epoch                       : 760 / 1,000
  frames                      : 124,518,400


Policy 0: 
Timing:
  Play time               : 10.352 s
  Update time             : 0.945 s
  Time to train epoch     : 11.297 s


Statistics:
  fps step                    : 16,075
  fps step + policy inference : 15,827
  fps total                   : 14,502
  epoch                       : 761 / 1,000
  frames                      : 124,682,240


Policy 0: 
Timing:
  Play time               : 10.353 s
  Update time             : 0.997 s
  Time to train epoch     : 11.350 s


Statistics:
  fps step                    : 16,082
  fps step + policy inference : 15,825
  fps total                   : 14,435
  epoch                       : 762 / 1,000
  frames                      : 124,846,080


Policy 0: 
Timing:
  Play time               : 10.380 s
  Update time             : 0.933 s
  Time to train epoch     : 11.312 s


Statistics:
  fps step                    : 16,039
  fps step + policy inference : 15,785
  fps total                   : 14,484
  epoch                       : 763 / 1,000
  frames                      : 125,009,920


Policy 0: 
Timing:
  Play time               : 10.330 s
  Update time             : 0.948 s
  Time to train epoch     : 11.278 s


Statistics:
  fps step                    : 16,115
  fps step + policy inference : 15,860
  fps total                   : 14,527
  epoch                       : 764 / 1,000
  frames                      : 125,173,760


Policy 0: 
Timing:
  Play time               : 10.317 s
  Update time             : 0.938 s
  Time to train epoch     : 11.256 s


Statistics:
  fps step                    : 16,136
  fps step + policy inference : 15,880
  fps total                   : 14,556
  epoch                       : 765 / 1,000
  frames                      : 125,337,600


Policy 0: 
Timing:
  Play time               : 10.336 s
  Update time             : 0.945 s
  Time to train epoch     : 11.281 s


Statistics:
  fps step                    : 16,104
  fps step + policy inference : 15,851
  fps total                   : 14,524
  epoch                       : 766 / 1,000
  frames                      : 125,501,440


Policy 0: 
Timing:
  Play time               : 10.340 s
  Update time             : 0.931 s
  Time to train epoch     : 11.271 s


Statistics:
  fps step                    : 16,093
  fps step + policy inference : 15,846
  fps total                   : 14,536
  epoch                       : 767 / 1,000
  frames                      : 125,665,280


Policy 0: 
Timing:
  Play time               : 10.359 s
  Update time             : 0.959 s
  Time to train epoch     : 11.318 s


Statistics:
  fps step                    : 16,067
  fps step + policy inference : 15,816
  fps total                   : 14,476
  epoch                       : 768 / 1,000
  frames                      : 125,829,120


Policy 0: 
Timing:
  Play time               : 10.359 s
  Update time             : 0.955 s
  Time to train epoch     : 11.313 s


Statistics:
  fps step                    : 16,082
  fps step + policy inference : 15,817
  fps total                   : 14,482
  epoch                       : 769 / 1,000
  frames                      : 125,992,960


Policy 0: 
Timing:
  Play time               : 10.361 s
  Update time             : 0.978 s
  Time to train epoch     : 11.339 s


Statistics:
  fps step                    : 16,070
  fps step + policy inference : 15,813
  fps total                   : 14,450
  epoch                       : 770 / 1,000
  frames                      : 126,156,800


Policy 0: 
Timing:
  Play time               : 10.362 s
  Update time             : 0.964 s
  Time to train epoch     : 11.327 s


Statistics:
  fps step                    : 16,063
  fps step + policy inference : 15,811
  fps total                   : 14,465
  epoch                       : 771 / 1,000
  frames                      : 126,320,640


Policy 0: 
Timing:
  Play time               : 10.291 s
  Update time             : 1.004 s
  Time to train epoch     : 11.296 s


Statistics:
  fps step                    : 16,175
  fps step + policy inference : 15,920
  fps total                   : 14,504
  epoch                       : 772 / 1,000
  frames                      : 126,484,480


Policy 0: 
Timing:
  Play time               : 10.255 s
  Update time             : 0.976 s
  Time to train epoch     : 11.232 s


Statistics:
  fps step                    : 16,233
  fps step + policy inference : 15,976
  fps total                   : 14,588
  epoch                       : 773 / 1,000
  frames                      : 126,648,320


Policy 0: 
Timing:
  Play time               : 10.272 s
  Update time             : 0.963 s
  Time to train epoch     : 11.235 s


Statistics:
  fps step                    : 16,201
  fps step + policy inference : 15,950
  fps total                   : 14,582
  epoch                       : 774 / 1,000
  frames                      : 126,812,160


Policy 0: 
Timing:
  Play time               : 10.291 s
  Update time             : 0.997 s
  Time to train epoch     : 11.289 s


Statistics:
  fps step                    : 16,173
  fps step + policy inference : 15,920
  fps total                   : 14,514
  epoch                       : 775 / 1,000
  frames                      : 126,976,000


Policy 0: 
Timing:
  Play time               : 10.259 s
  Update time             : 1.025 s
  Time to train epoch     : 11.284 s


Statistics:
  fps step                    : 16,226
  fps step + policy inference : 15,970
  fps total                   : 14,519
  epoch                       : 776 / 1,000
  frames                      : 127,139,840


Policy 0: 
Timing:
  Play time               : 10.296 s
  Update time             : 0.972 s
  Time to train epoch     : 11.267 s


Statistics:
  fps step                    : 16,169
  fps step + policy inference : 15,914
  fps total                   : 14,541
  epoch                       : 777 / 1,000
  frames                      : 127,303,680


Policy 0: 
Timing:
  Play time               : 10.331 s
  Update time             : 0.924 s
  Time to train epoch     : 11.255 s


Statistics:
  fps step                    : 16,116
  fps step + policy inference : 15,859
  fps total                   : 14,557
  epoch                       : 778 / 1,000
  frames                      : 127,467,520


Policy 0: 
Timing:
  Play time               : 10.333 s
  Update time             : 0.952 s
  Time to train epoch     : 11.285 s


Statistics:
  fps step                    : 16,107
  fps step + policy inference : 15,856
  fps total                   : 14,519
  epoch                       : 779 / 1,000
  frames                      : 127,631,360


Policy 0: 
Timing:
  Play time               : 10.327 s
  Update time             : 0.955 s
  Time to train epoch     : 11.281 s


Statistics:
  fps step                    : 16,113
  fps step + policy inference : 15,866
  fps total                   : 14,523
  epoch                       : 780 / 1,000
  frames                      : 127,795,200


Policy 0: 
Timing:
  Play time               : 10.318 s
  Update time             : 0.936 s
  Time to train epoch     : 11.255 s


Statistics:
  fps step                    : 16,135
  fps step + policy inference : 15,878
  fps total                   : 14,557
  epoch                       : 781 / 1,000
  frames                      : 127,959,040


Policy 0: 
Timing:
  Play time               : 10.373 s
  Update time             : 0.920 s
  Time to train epoch     : 11.293 s


Statistics:
  fps step                    : 16,046
  fps step + policy inference : 15,795
  fps total                   : 14,509
  epoch                       : 782 / 1,000
  frames                      : 128,122,880


Policy 0: 
Timing:
  Play time               : 10.322 s
  Update time             : 0.948 s
  Time to train epoch     : 11.270 s


Statistics:
  fps step                    : 16,127
  fps step + policy inference : 15,874
  fps total                   : 14,538
  epoch                       : 783 / 1,000
  frames                      : 128,286,720


Policy 0: 
Timing:
  Play time               : 10.305 s
  Update time             : 0.941 s
  Time to train epoch     : 11.246 s


Statistics:
  fps step                    : 16,160
  fps step + policy inference : 15,899
  fps total                   : 14,569
  epoch                       : 784 / 1,000
  frames                      : 128,450,560


Policy 0: 
Timing:
  Play time               : 10.312 s
  Update time             : 0.955 s
  Time to train epoch     : 11.267 s


Statistics:
  fps step                    : 16,145
  fps step + policy inference : 15,888
  fps total                   : 14,541
  epoch                       : 785 / 1,000
  frames                      : 128,614,400


Policy 0: 
Timing:
  Play time               : 10.275 s
  Update time             : 0.929 s
  Time to train epoch     : 11.203 s


Statistics:
  fps step                    : 16,196
  fps step + policy inference : 15,946
  fps total                   : 14,624
  epoch                       : 786 / 1,000
  frames                      : 128,778,240


Policy 0: 
Timing:
  Play time               : 10.296 s
  Update time             : 0.947 s
  Time to train epoch     : 11.244 s


Statistics:
  fps step                    : 16,168
  fps step + policy inference : 15,912
  fps total                   : 14,572
  epoch                       : 787 / 1,000
  frames                      : 128,942,080


Policy 0: 
Timing:
  Play time               : 10.378 s
  Update time             : 0.989 s
  Time to train epoch     : 11.366 s


Statistics:
  fps step                    : 16,057
  fps step + policy inference : 15,788
  fps total                   : 14,415
  epoch                       : 788 / 1,000
  frames                      : 129,105,920


Policy 0: 
Timing:
  Play time               : 10.345 s
  Update time             : 1.016 s
  Time to train epoch     : 11.361 s


Statistics:
  fps step                    : 16,092
  fps step + policy inference : 15,837
  fps total                   : 14,421
  epoch                       : 789 / 1,000
  frames                      : 129,269,760


Policy 0: 
Timing:
  Play time               : 10.360 s
  Update time             : 1.017 s
  Time to train epoch     : 11.377 s


Statistics:
  fps step                    : 16,070
  fps step + policy inference : 15,815
  fps total                   : 14,401
  epoch                       : 790 / 1,000
  frames                      : 129,433,600


Policy 0: 
Timing:
  Play time               : 10.374 s
  Update time             : 0.997 s
  Time to train epoch     : 11.370 s


Statistics:
  fps step                    : 16,045
  fps step + policy inference : 15,794
  fps total                   : 14,409
  epoch                       : 791 / 1,000
  frames                      : 129,597,440


Policy 0: 
Timing:
  Play time               : 10.336 s
  Update time             : 0.959 s
  Time to train epoch     : 11.294 s


Statistics:
  fps step                    : 16,102
  fps step + policy inference : 15,852
  fps total                   : 14,506
  epoch                       : 792 / 1,000
  frames                      : 129,761,280


Policy 0: 
Timing:
  Play time               : 10.323 s
  Update time             : 0.950 s
  Time to train epoch     : 11.273 s


Statistics:
  fps step                    : 16,126
  fps step + policy inference : 15,871
  fps total                   : 14,533
  epoch                       : 793 / 1,000
  frames                      : 129,925,120


Policy 0: 
Timing:
  Play time               : 10.272 s
  Update time             : 0.971 s
  Time to train epoch     : 11.243 s


Statistics:
  fps step                    : 16,210
  fps step + policy inference : 15,949
  fps total                   : 14,573
  epoch                       : 794 / 1,000
  frames                      : 130,088,960


Policy 0: 
Timing:
  Play time               : 10.264 s
  Update time             : 1.002 s
  Time to train epoch     : 11.266 s


Statistics:
  fps step                    : 16,218
  fps step + policy inference : 15,962
  fps total                   : 14,543
  epoch                       : 795 / 1,000
  frames                      : 130,252,800


Policy 0: 
Timing:
  Play time               : 10.340 s
  Update time             : 0.998 s
  Time to train epoch     : 11.338 s


Statistics:
  fps step                    : 16,099
  fps step + policy inference : 15,845
  fps total                   : 14,450
  epoch                       : 796 / 1,000
  frames                      : 130,416,640


Policy 0: 
Timing:
  Play time               : 10.318 s
  Update time             : 0.949 s
  Time to train epoch     : 11.267 s


Statistics:
  fps step                    : 16,132
  fps step + policy inference : 15,879
  fps total                   : 14,542
  epoch                       : 797 / 1,000
  frames                      : 130,580,480


Policy 0: 
Timing:
  Play time               : 10.288 s
  Update time             : 0.944 s
  Time to train epoch     : 11.232 s


Statistics:
  fps step                    : 16,186
  fps step + policy inference : 15,926
  fps total                   : 14,587
  epoch                       : 798 / 1,000
  frames                      : 130,744,320


Policy 0: 
Timing:
  Play time               : 10.274 s
  Update time             : 0.932 s
  Time to train epoch     : 11.206 s


Statistics:
  fps step                    : 16,203
  fps step + policy inference : 15,947
  fps total                   : 14,621
  epoch                       : 799 / 1,000
  frames                      : 130,908,160


Policy 0: 
Timing:
  Play time               : 10.351 s
  Update time             : 0.936 s
  Time to train epoch     : 11.287 s


Statistics:
  fps step                    : 16,083
  fps step + policy inference : 15,829
  fps total                   : 14,516
  epoch                       : 800 / 1,000
  frames                      : 131,072,000


Policy 0: 
Timing:
  Play time               : 10.359 s
  Update time             : 0.965 s
  Time to train epoch     : 11.324 s


Statistics:
  fps step                    : 16,068
  fps step + policy inference : 15,817
  fps total                   : 14,469
  epoch                       : 801 / 1,000
  frames                      : 131,235,840


Policy 0: 
Timing:
  Play time               : 10.412 s
  Update time             : 0.934 s
  Time to train epoch     : 11.347 s


Statistics:
  fps step                    : 15,987
  fps step + policy inference : 15,736
  fps total                   : 14,440
  epoch                       : 802 / 1,000
  frames                      : 131,399,680


Policy 0: 
Timing:
  Play time               : 10.418 s
  Update time             : 0.960 s
  Time to train epoch     : 11.378 s


Statistics:
  fps step                    : 15,978
  fps step + policy inference : 15,726
  fps total                   : 14,399
  epoch                       : 803 / 1,000
  frames                      : 131,563,520


Policy 0: 
Timing:
  Play time               : 10.401 s
  Update time             : 0.971 s
  Time to train epoch     : 11.371 s


Statistics:
  fps step                    : 16,004
  fps step + policy inference : 15,753
  fps total                   : 14,408
  epoch                       : 804 / 1,000
  frames                      : 131,727,360


Policy 0: 
Timing:
  Play time               : 10.362 s
  Update time             : 0.945 s
  Time to train epoch     : 11.307 s


Statistics:
  fps step                    : 16,061
  fps step + policy inference : 15,811
  fps total                   : 14,490
  epoch                       : 805 / 1,000
  frames                      : 131,891,200


Policy 0: 
Timing:
  Play time               : 10.410 s
  Update time             : 0.939 s
  Time to train epoch     : 11.348 s


Statistics:
  fps step                    : 15,990
  fps step + policy inference : 15,739
  fps total                   : 14,437
  epoch                       : 806 / 1,000
  frames                      : 132,055,040


Policy 0: 
Timing:
  Play time               : 10.366 s
  Update time             : 0.981 s
  Time to train epoch     : 11.347 s


Statistics:
  fps step                    : 16,074
  fps step + policy inference : 15,805
  fps total                   : 14,439
  epoch                       : 807 / 1,000
  frames                      : 132,218,880


Policy 0: 
Timing:
  Play time               : 10.362 s
  Update time             : 0.996 s
  Time to train epoch     : 11.359 s


Statistics:
  fps step                    : 16,069
  fps step + policy inference : 15,811
  fps total                   : 14,424
  epoch                       : 808 / 1,000
  frames                      : 132,382,720


Policy 0: 
Timing:
  Play time               : 10.362 s
  Update time             : 1.016 s
  Time to train epoch     : 11.378 s


Statistics:
  fps step                    : 16,066
  fps step + policy inference : 15,812
  fps total                   : 14,400
  epoch                       : 809 / 1,000
  frames                      : 132,546,560


Policy 0: 
Timing:
  Play time               : 10.369 s
  Update time             : 0.998 s
  Time to train epoch     : 11.367 s


Statistics:
  fps step                    : 16,053
  fps step + policy inference : 15,800
  fps total                   : 14,413
  epoch                       : 810 / 1,000
  frames                      : 132,710,400


Policy 0: 
Timing:
  Play time               : 10.350 s
  Update time             : 0.985 s
  Time to train epoch     : 11.335 s


Statistics:
  fps step                    : 16,082
  fps step + policy inference : 15,830
  fps total                   : 14,455
  epoch                       : 811 / 1,000
  frames                      : 132,874,240


Policy 0: 
Timing:
  Play time               : 10.379 s
  Update time             : 1.014 s
  Time to train epoch     : 11.393 s


Statistics:
  fps step                    : 16,036
  fps step + policy inference : 15,786
  fps total                   : 14,381
  epoch                       : 812 / 1,000
  frames                      : 133,038,080


Policy 0: 
Timing:
  Play time               : 10.364 s
  Update time             : 0.986 s
  Time to train epoch     : 11.351 s


Statistics:
  fps step                    : 16,060
  fps step + policy inference : 15,808
  fps total                   : 14,434
  epoch                       : 813 / 1,000
  frames                      : 133,201,920


Policy 0: 
Timing:
  Play time               : 10.369 s
  Update time             : 0.962 s
  Time to train epoch     : 11.331 s


Statistics:
  fps step                    : 16,057
  fps step + policy inference : 15,801
  fps total                   : 14,459
  epoch                       : 814 / 1,000
  frames                      : 133,365,760


Policy 0: 
Timing:
  Play time               : 10.372 s
  Update time             : 0.935 s
  Time to train epoch     : 11.308 s


Statistics:
  fps step                    : 16,046
  fps step + policy inference : 15,796
  fps total                   : 14,489
  epoch                       : 815 / 1,000
  frames                      : 133,529,600


Policy 0: 
Timing:
  Play time               : 10.391 s
  Update time             : 0.936 s
  Time to train epoch     : 11.327 s


Statistics:
  fps step                    : 16,015
  fps step + policy inference : 15,768
  fps total                   : 14,465
  epoch                       : 816 / 1,000
  frames                      : 133,693,440


Policy 0: 
Timing:
  Play time               : 10.401 s
  Update time             : 0.937 s
  Time to train epoch     : 11.338 s


Statistics:
  fps step                    : 16,000
  fps step + policy inference : 15,752
  fps total                   : 14,451
  epoch                       : 817 / 1,000
  frames                      : 133,857,280


Policy 0: 
Timing:
  Play time               : 10.400 s
  Update time             : 0.960 s
  Time to train epoch     : 11.360 s


Statistics:
  fps step                    : 16,006
  fps step + policy inference : 15,753
  fps total                   : 14,422
  epoch                       : 818 / 1,000
  frames                      : 134,021,120


Policy 0: 
Timing:
  Play time               : 10.387 s
  Update time             : 0.937 s
  Time to train epoch     : 11.324 s


Statistics:
  fps step                    : 16,026
  fps step + policy inference : 15,773
  fps total                   : 14,469
  epoch                       : 819 / 1,000
  frames                      : 134,184,960


Policy 0: 
Timing:
  Play time               : 10.375 s
  Update time             : 0.930 s
  Time to train epoch     : 11.305 s


Statistics:
  fps step                    : 16,043
  fps step + policy inference : 15,791
  fps total                   : 14,493
  epoch                       : 820 / 1,000
  frames                      : 134,348,800


Policy 0: 
Timing:
  Play time               : 10.404 s
  Update time             : 0.958 s
  Time to train epoch     : 11.362 s


Statistics:
  fps step                    : 16,000
  fps step + policy inference : 15,748
  fps total                   : 14,420
  epoch                       : 821 / 1,000
  frames                      : 134,512,640


Policy 0: 
Timing:
  Play time               : 10.384 s
  Update time             : 0.945 s
  Time to train epoch     : 11.329 s


Statistics:
  fps step                    : 16,032
  fps step + policy inference : 15,778
  fps total                   : 14,462
  epoch                       : 822 / 1,000
  frames                      : 134,676,480


Policy 0: 
Timing:
  Play time               : 10.373 s
  Update time             : 0.972 s
  Time to train epoch     : 11.345 s


Statistics:
  fps step                    : 16,050
  fps step + policy inference : 15,796
  fps total                   : 14,442
  epoch                       : 823 / 1,000
  frames                      : 134,840,320


Policy 0: 
Timing:
  Play time               : 10.357 s
  Update time             : 0.998 s
  Time to train epoch     : 11.354 s


Statistics:
  fps step                    : 16,069
  fps step + policy inference : 15,820
  fps total                   : 14,430
  epoch                       : 824 / 1,000
  frames                      : 135,004,160


Policy 0: 
Timing:
  Play time               : 10.368 s
  Update time             : 1.043 s
  Time to train epoch     : 11.411 s


Statistics:
  fps step                    : 16,068
  fps step + policy inference : 15,802
  fps total                   : 14,358
  epoch                       : 825 / 1,000
  frames                      : 135,168,000


Policy 0: 
Timing:
  Play time               : 10.372 s
  Update time             : 1.035 s
  Time to train epoch     : 11.407 s


Statistics:
  fps step                    : 16,050
  fps step + policy inference : 15,796
  fps total                   : 14,363
  epoch                       : 826 / 1,000
  frames                      : 135,331,840


Policy 0: 
Timing:
  Play time               : 10.398 s
  Update time             : 1.026 s
  Time to train epoch     : 11.424 s


Statistics:
  fps step                    : 16,015
  fps step + policy inference : 15,757
  fps total                   : 14,342
  epoch                       : 827 / 1,000
  frames                      : 135,495,680


Policy 0: 
Timing:
  Play time               : 10.391 s
  Update time             : 0.978 s
  Time to train epoch     : 11.369 s


Statistics:
  fps step                    : 16,022
  fps step + policy inference : 15,768
  fps total                   : 14,411
  epoch                       : 828 / 1,000
  frames                      : 135,659,520


Policy 0: 
Timing:
  Play time               : 10.351 s
  Update time             : 0.939 s
  Time to train epoch     : 11.291 s


Statistics:
  fps step                    : 16,077
  fps step + policy inference : 15,828
  fps total                   : 14,511
  epoch                       : 829 / 1,000
  frames                      : 135,823,360


Policy 0: 
Timing:
  Play time               : 10.376 s
  Update time             : 0.925 s
  Time to train epoch     : 11.301 s


Statistics:
  fps step                    : 16,044
  fps step + policy inference : 15,790
  fps total                   : 14,498
  epoch                       : 830 / 1,000
  frames                      : 135,987,200


Policy 0: 
Timing:
  Play time               : 10.369 s
  Update time             : 0.937 s
  Time to train epoch     : 11.306 s


Statistics:
  fps step                    : 16,050
  fps step + policy inference : 15,801
  fps total                   : 14,491
  epoch                       : 831 / 1,000
  frames                      : 136,151,040


Policy 0: 
Timing:
  Play time               : 10.390 s
  Update time             : 0.949 s
  Time to train epoch     : 11.339 s


Statistics:
  fps step                    : 16,019
  fps step + policy inference : 15,770
  fps total                   : 14,450
  epoch                       : 832 / 1,000
  frames                      : 136,314,880


Policy 0: 
Timing:
  Play time               : 10.354 s
  Update time             : 0.968 s
  Time to train epoch     : 11.321 s


Statistics:
  fps step                    : 16,082
  fps step + policy inference : 15,824
  fps total                   : 14,472
  epoch                       : 833 / 1,000
  frames                      : 136,478,720


Policy 0: 
Timing:
  Play time               : 10.366 s
  Update time             : 0.969 s
  Time to train epoch     : 11.335 s


Statistics:
  fps step                    : 16,056
  fps step + policy inference : 15,805
  fps total                   : 14,455
  epoch                       : 834 / 1,000
  frames                      : 136,642,560


Policy 0: 
Timing:
  Play time               : 10.366 s
  Update time             : 0.943 s
  Time to train epoch     : 11.309 s


Statistics:
  fps step                    : 16,060
  fps step + policy inference : 15,805
  fps total                   : 14,487
  epoch                       : 835 / 1,000
  frames                      : 136,806,400


Policy 0: 
Timing:
  Play time               : 10.318 s
  Update time             : 0.915 s
  Time to train epoch     : 11.233 s


Statistics:
  fps step                    : 16,128
  fps step + policy inference : 15,879
  fps total                   : 14,586
  epoch                       : 836 / 1,000
  frames                      : 136,970,240


Policy 0: 
Timing:
  Play time               : 10.310 s
  Update time             : 0.956 s
  Time to train epoch     : 11.266 s


Statistics:
  fps step                    : 16,148
  fps step + policy inference : 15,892
  fps total                   : 14,543
  epoch                       : 837 / 1,000
  frames                      : 137,134,080


Policy 0: 
Timing:
  Play time               : 10.328 s
  Update time             : 0.956 s
  Time to train epoch     : 11.283 s


Statistics:
  fps step                    : 16,121
  fps step + policy inference : 15,864
  fps total                   : 14,521
  epoch                       : 838 / 1,000
  frames                      : 137,297,920


Policy 0: 
Timing:
  Play time               : 10.343 s
  Update time             : 0.948 s
  Time to train epoch     : 11.291 s


Statistics:
  fps step                    : 16,099
  fps step + policy inference : 15,841
  fps total                   : 14,511
  epoch                       : 839 / 1,000
  frames                      : 137,461,760


Policy 0: 
Timing:
  Play time               : 10.301 s
  Update time             : 0.949 s
  Time to train epoch     : 11.250 s


Statistics:
  fps step                    : 16,164
  fps step + policy inference : 15,905
  fps total                   : 14,563
  epoch                       : 840 / 1,000
  frames                      : 137,625,600


Policy 0: 
Timing:
  Play time               : 10.295 s
  Update time             : 0.958 s
  Time to train epoch     : 11.253 s


Statistics:
  fps step                    : 16,171
  fps step + policy inference : 15,915
  fps total                   : 14,560
  epoch                       : 841 / 1,000
  frames                      : 137,789,440


Policy 0: 
Timing:
  Play time               : 10.297 s
  Update time             : 0.998 s
  Time to train epoch     : 11.295 s


Statistics:
  fps step                    : 16,164
  fps step + policy inference : 15,912
  fps total                   : 14,505
  epoch                       : 842 / 1,000
  frames                      : 137,953,280


Policy 0: 
Timing:
  Play time               : 10.308 s
  Update time             : 1.056 s
  Time to train epoch     : 11.364 s


Statistics:
  fps step                    : 16,147
  fps step + policy inference : 15,895
  fps total                   : 14,417
  epoch                       : 843 / 1,000
  frames                      : 138,117,120


Policy 0: 
Timing:
  Play time               : 10.392 s
  Update time             : 1.026 s
  Time to train epoch     : 11.418 s


Statistics:
  fps step                    : 16,029
  fps step + policy inference : 15,766
  fps total                   : 14,349
  epoch                       : 844 / 1,000
  frames                      : 138,280,960


Policy 0: 
Timing:
  Play time               : 10.385 s
  Update time             : 0.999 s
  Time to train epoch     : 11.385 s


Statistics:
  fps step                    : 16,031
  fps step + policy inference : 15,776
  fps total                   : 14,391
  epoch                       : 845 / 1,000
  frames                      : 138,444,800


Policy 0: 
Timing:
  Play time               : 10.384 s
  Update time             : 0.957 s
  Time to train epoch     : 11.341 s


Statistics:
  fps step                    : 16,031
  fps step + policy inference : 15,778
  fps total                   : 14,447
  epoch                       : 846 / 1,000
  frames                      : 138,608,640


Policy 0: 
Timing:
  Play time               : 10.387 s
  Update time             : 0.961 s
  Time to train epoch     : 11.348 s


Statistics:
  fps step                    : 16,025
  fps step + policy inference : 15,773
  fps total                   : 14,438
  epoch                       : 847 / 1,000
  frames                      : 138,772,480


Policy 0: 
Timing:
  Play time               : 10.385 s
  Update time             : 0.943 s
  Time to train epoch     : 11.328 s


Statistics:
  fps step                    : 16,029
  fps step + policy inference : 15,777
  fps total                   : 14,463
  epoch                       : 848 / 1,000
  frames                      : 138,936,320


Policy 0: 
Timing:
  Play time               : 10.381 s
  Update time             : 0.935 s
  Time to train epoch     : 11.317 s


Statistics:
  fps step                    : 16,032
  fps step + policy inference : 15,782
  fps total                   : 14,478
  epoch                       : 849 / 1,000
  frames                      : 139,100,160


Policy 0: 
Timing:
  Play time               : 10.376 s
  Update time             : 0.971 s
  Time to train epoch     : 11.348 s


Statistics:
  fps step                    : 16,043
  fps step + policy inference : 15,790
  fps total                   : 14,438
  epoch                       : 850 / 1,000
  frames                      : 139,264,000


Policy 0: 
Timing:
  Play time               : 10.412 s
  Update time             : 0.963 s
  Time to train epoch     : 11.375 s


Statistics:
  fps step                    : 15,985
  fps step + policy inference : 15,735
  fps total                   : 14,403
  epoch                       : 851 / 1,000
  frames                      : 139,427,840


Policy 0: 
Timing:
  Play time               : 10.422 s
  Update time             : 0.965 s
  Time to train epoch     : 11.388 s


Statistics:
  fps step                    : 15,973
  fps step + policy inference : 15,720
  fps total                   : 14,388
  epoch                       : 852 / 1,000
  frames                      : 139,591,680


Policy 0: 
Timing:
  Play time               : 10.400 s
  Update time             : 0.944 s
  Time to train epoch     : 11.345 s


Statistics:
  fps step                    : 16,009
  fps step + policy inference : 15,754
  fps total                   : 14,442
  epoch                       : 853 / 1,000
  frames                      : 139,755,520


Policy 0: 
Timing:
  Play time               : 10.398 s
  Update time             : 0.957 s
  Time to train epoch     : 11.355 s


Statistics:
  fps step                    : 16,007
  fps step + policy inference : 15,757
  fps total                   : 14,429
  epoch                       : 854 / 1,000
  frames                      : 139,919,360


Policy 0: 
Timing:
  Play time               : 10.386 s
  Update time             : 0.933 s
  Time to train epoch     : 11.318 s


Statistics:
  fps step                    : 16,022
  fps step + policy inference : 15,775
  fps total                   : 14,476
  epoch                       : 855 / 1,000
  frames                      : 140,083,200


Policy 0: 
Timing:
  Play time               : 10.382 s
  Update time             : 0.973 s
  Time to train epoch     : 11.355 s


Statistics:
  fps step                    : 16,030
  fps step + policy inference : 15,781
  fps total                   : 14,428
  epoch                       : 856 / 1,000
  frames                      : 140,247,040


Policy 0: 
Timing:
  Play time               : 10.386 s
  Update time             : 1.028 s
  Time to train epoch     : 11.414 s


Statistics:
  fps step                    : 16,023
  fps step + policy inference : 15,775
  fps total                   : 14,354
  epoch                       : 857 / 1,000
  frames                      : 140,410,880


Policy 0: 
Timing:
  Play time               : 10.366 s
  Update time             : 1.012 s
  Time to train epoch     : 11.378 s


Statistics:
  fps step                    : 16,059
  fps step + policy inference : 15,806
  fps total                   : 14,399
  epoch                       : 858 / 1,000
  frames                      : 140,574,720


Policy 0: 
Timing:
  Play time               : 10.382 s
  Update time             : 1.001 s
  Time to train epoch     : 11.383 s


Statistics:
  fps step                    : 16,031
  fps step + policy inference : 15,781
  fps total                   : 14,394
  epoch                       : 859 / 1,000
  frames                      : 140,738,560


Policy 0: saving next best rewards:  [447.32]
=> saving checkpoint 'runs/expert_row3_seed2810/nn/expert_row3_seed2810.pth'

Timing:
  Play time               : 10.378 s
  Update time             : 0.991 s
  Time to train epoch     : 11.368 s


Statistics:
  fps step                    : 16,039
  fps step + policy inference : 15,788
  fps total                   : 14,412
  epoch                       : 860 / 1,000
  frames                      : 140,902,400


Policy 0: 
Timing:
  Play time               : 10.389 s
  Update time             : 0.943 s
  Time to train epoch     : 11.333 s


Statistics:
  fps step                    : 16,016
  fps step + policy inference : 15,770
  fps total                   : 14,457
  epoch                       : 861 / 1,000
  frames                      : 141,066,240


Policy 0: saving next best rewards:  [447.46]
=> saving checkpoint 'runs/expert_row3_seed2810/nn/expert_row3_seed2810.pth'

Timing:
  Play time               : 10.397 s
  Update time             : 0.996 s
  Time to train epoch     : 11.393 s


Statistics:
  fps step                    : 16,008
  fps step + policy inference : 15,759
  fps total                   : 14,381
  epoch                       : 862 / 1,000
  frames                      : 141,230,080


Policy 0: 
Timing:
  Play time               : 10.412 s
  Update time             : 0.975 s
  Time to train epoch     : 11.388 s


Statistics:
  fps step                    : 16,006
  fps step + policy inference : 15,735
  fps total                   : 14,387
  epoch                       : 863 / 1,000
  frames                      : 141,393,920


Policy 0: 
Timing:
  Play time               : 10.400 s
  Update time             : 0.987 s
  Time to train epoch     : 11.387 s


Statistics:
  fps step                    : 16,005
  fps step + policy inference : 15,753
  fps total                   : 14,388
  epoch                       : 864 / 1,000
  frames                      : 141,557,760


Policy 0: saving next best rewards:  [447.57]
=> saving checkpoint 'runs/expert_row3_seed2810/nn/expert_row3_seed2810.pth'

Timing:
  Play time               : 10.401 s
  Update time             : 0.945 s
  Time to train epoch     : 11.346 s


Statistics:
  fps step                    : 16,009
  fps step + policy inference : 15,752
  fps total                   : 14,440
  epoch                       : 865 / 1,000
  frames                      : 141,721,600


Policy 0: saving next best rewards:  [447.66]
=> saving checkpoint 'runs/expert_row3_seed2810/nn/expert_row3_seed2810.pth'

Timing:
  Play time               : 10.405 s
  Update time             : 0.956 s
  Time to train epoch     : 11.361 s


Statistics:
  fps step                    : 15,998
  fps step + policy inference : 15,747
  fps total                   : 14,422
  epoch                       : 866 / 1,000
  frames                      : 141,885,440


Policy 0: 
Timing:
  Play time               : 10.373 s
  Update time             : 0.922 s
  Time to train epoch     : 11.295 s


Statistics:
  fps step                    : 16,043
  fps step + policy inference : 15,795
  fps total                   : 14,506
  epoch                       : 867 / 1,000
  frames                      : 142,049,280


Policy 0: 
Timing:
  Play time               : 10.370 s
  Update time             : 0.936 s
  Time to train epoch     : 11.305 s


Statistics:
  fps step                    : 16,050
  fps step + policy inference : 15,800
  fps total                   : 14,492
  epoch                       : 868 / 1,000
  frames                      : 142,213,120


Policy 0: 
Timing:
  Play time               : 10.392 s
  Update time             : 0.940 s
  Time to train epoch     : 11.332 s


Statistics:
  fps step                    : 16,016
  fps step + policy inference : 15,766
  fps total                   : 14,458
  epoch                       : 869 / 1,000
  frames                      : 142,376,960


Policy 0: 
Timing:
  Play time               : 10.419 s
  Update time             : 0.950 s
  Time to train epoch     : 11.370 s


Statistics:
  fps step                    : 15,973
  fps step + policy inference : 15,725
  fps total                   : 14,410
  epoch                       : 870 / 1,000
  frames                      : 142,540,800


Policy 0: 
Timing:
  Play time               : 10.423 s
  Update time             : 0.978 s
  Time to train epoch     : 11.401 s


Statistics:
  fps step                    : 15,965
  fps step + policy inference : 15,719
  fps total                   : 14,371
  epoch                       : 871 / 1,000
  frames                      : 142,704,640


Policy 0: saving next best rewards:  [448.01]
=> saving checkpoint 'runs/expert_row3_seed2810/nn/expert_row3_seed2810.pth'

Timing:
  Play time               : 10.402 s
  Update time             : 0.967 s
  Time to train epoch     : 11.369 s


Statistics:
  fps step                    : 16,004
  fps step + policy inference : 15,751
  fps total                   : 14,411
  epoch                       : 872 / 1,000
  frames                      : 142,868,480


Policy 0: 
Timing:
  Play time               : 10.402 s
  Update time             : 0.997 s
  Time to train epoch     : 11.399 s


Statistics:
  fps step                    : 16,005
  fps step + policy inference : 15,751
  fps total                   : 14,374
  epoch                       : 873 / 1,000
  frames                      : 143,032,320


Policy 0: 
Timing:
  Play time               : 10.412 s
  Update time             : 1.009 s
  Time to train epoch     : 11.421 s


Statistics:
  fps step                    : 15,983
  fps step + policy inference : 15,736
  fps total                   : 14,346
  epoch                       : 874 / 1,000
  frames                      : 143,196,160


Policy 0: 
Timing:
  Play time               : 10.409 s
  Update time             : 0.975 s
  Time to train epoch     : 11.384 s


Statistics:
  fps step                    : 15,990
  fps step + policy inference : 15,741
  fps total                   : 14,392
  epoch                       : 875 / 1,000
  frames                      : 143,360,000


Policy 0: 
Timing:
  Play time               : 10.416 s
  Update time             : 0.995 s
  Time to train epoch     : 11.411 s


Statistics:
  fps step                    : 15,977
  fps step + policy inference : 15,729
  fps total                   : 14,358
  epoch                       : 876 / 1,000
  frames                      : 143,523,840


Policy 0: 
Timing:
  Play time               : 10.411 s
  Update time             : 1.009 s
  Time to train epoch     : 11.420 s


Statistics:
  fps step                    : 15,986
  fps step + policy inference : 15,737
  fps total                   : 14,347
  epoch                       : 877 / 1,000
  frames                      : 143,687,680


Policy 0: 
Timing:
  Play time               : 10.424 s
  Update time             : 0.997 s
  Time to train epoch     : 11.422 s


Statistics:
  fps step                    : 15,970
  fps step + policy inference : 15,717
  fps total                   : 14,345
  epoch                       : 878 / 1,000
  frames                      : 143,851,520


Policy 0: 
Timing:
  Play time               : 10.412 s
  Update time             : 0.962 s
  Time to train epoch     : 11.374 s


Statistics:
  fps step                    : 15,985
  fps step + policy inference : 15,735
  fps total                   : 14,405
  epoch                       : 879 / 1,000
  frames                      : 144,015,360


Policy 0: saving next best rewards:  [448.51]
=> saving checkpoint 'runs/expert_row3_seed2810/nn/expert_row3_seed2810.pth'

Timing:
  Play time               : 10.419 s
  Update time             : 0.934 s
  Time to train epoch     : 11.353 s


Statistics:
  fps step                    : 15,973
  fps step + policy inference : 15,726
  fps total                   : 14,432
  epoch                       : 880 / 1,000
  frames                      : 144,179,200


Policy 0: 
Timing:
  Play time               : 10.426 s
  Update time             : 0.938 s
  Time to train epoch     : 11.365 s


Statistics:
  fps step                    : 15,963
  fps step + policy inference : 15,714
  fps total                   : 14,417
  epoch                       : 881 / 1,000
  frames                      : 144,343,040


Policy 0: 
Timing:
  Play time               : 10.446 s
  Update time             : 0.962 s
  Time to train epoch     : 11.409 s


Statistics:
  fps step                    : 15,950
  fps step + policy inference : 15,684
  fps total                   : 14,361
  epoch                       : 882 / 1,000
  frames                      : 144,506,880


Policy 0: saving next best rewards:  [448.77]
=> saving checkpoint 'runs/expert_row3_seed2810/nn/expert_row3_seed2810.pth'

Timing:
  Play time               : 10.411 s
  Update time             : 0.977 s
  Time to train epoch     : 11.387 s


Statistics:
  fps step                    : 15,992
  fps step + policy inference : 15,738
  fps total                   : 14,388
  epoch                       : 883 / 1,000
  frames                      : 144,670,720


Policy 0: 
Timing:
  Play time               : 10.424 s
  Update time             : 0.955 s
  Time to train epoch     : 11.379 s


Statistics:
  fps step                    : 15,971
  fps step + policy inference : 15,718
  fps total                   : 14,399
  epoch                       : 884 / 1,000
  frames                      : 144,834,560


Policy 0: 
Timing:
  Play time               : 10.439 s
  Update time             : 0.929 s
  Time to train epoch     : 11.368 s


Statistics:
  fps step                    : 15,943
  fps step + policy inference : 15,696
  fps total                   : 14,413
  epoch                       : 885 / 1,000
  frames                      : 144,998,400


Policy 0: 
Timing:
  Play time               : 10.408 s
  Update time             : 0.921 s
  Time to train epoch     : 11.329 s


Statistics:
  fps step                    : 15,990
  fps step + policy inference : 15,742
  fps total                   : 14,462
  epoch                       : 886 / 1,000
  frames                      : 145,162,240


Policy 0: 
Timing:
  Play time               : 10.397 s
  Update time             : 0.939 s
  Time to train epoch     : 11.336 s


Statistics:
  fps step                    : 16,009
  fps step + policy inference : 15,758
  fps total                   : 14,453
  epoch                       : 887 / 1,000
  frames                      : 145,326,080


Policy 0: 
Timing:
  Play time               : 10.415 s
  Update time             : 0.931 s
  Time to train epoch     : 11.345 s


Statistics:
  fps step                    : 15,983
  fps step + policy inference : 15,732
  fps total                   : 14,441
  epoch                       : 888 / 1,000
  frames                      : 145,489,920


Policy 0: saving next best rewards:  [449.]
=> saving checkpoint 'runs/expert_row3_seed2810/nn/expert_row3_seed2810.pth'

Timing:
  Play time               : 10.398 s
  Update time             : 0.965 s
  Time to train epoch     : 11.363 s


Statistics:
  fps step                    : 16,004
  fps step + policy inference : 15,757
  fps total                   : 14,418
  epoch                       : 889 / 1,000
  frames                      : 145,653,760


Policy 0: saving next best rewards:  [449.2]
=> saving checkpoint 'runs/expert_row3_seed2810/nn/expert_row3_seed2810.pth'

Timing:
  Play time               : 10.404 s
  Update time             : 0.963 s
  Time to train epoch     : 11.367 s


Statistics:
  fps step                    : 15,997
  fps step + policy inference : 15,747
  fps total                   : 14,414
  epoch                       : 890 / 1,000
  frames                      : 145,817,600


Policy 0: saving next best rewards:  [449.64]
=> saving checkpoint 'runs/expert_row3_seed2810/nn/expert_row3_seed2810.pth'

Timing:
  Play time               : 10.383 s
  Update time             : 1.015 s
  Time to train epoch     : 11.398 s


Statistics:
  fps step                    : 16,030
  fps step + policy inference : 15,780
  fps total                   : 14,374
  epoch                       : 891 / 1,000
  frames                      : 145,981,440


Policy 0: 
Timing:
  Play time               : 10.423 s
  Update time             : 1.003 s
  Time to train epoch     : 11.426 s


Statistics:
  fps step                    : 15,969
  fps step + policy inference : 15,719
  fps total                   : 14,340
  epoch                       : 892 / 1,000
  frames                      : 146,145,280


Policy 0: 
Timing:
  Play time               : 10.435 s
  Update time             : 0.993 s
  Time to train epoch     : 11.427 s


Statistics:
  fps step                    : 15,951
  fps step + policy inference : 15,701
  fps total                   : 14,338
  epoch                       : 893 / 1,000
  frames                      : 146,309,120


Policy 0: 
Timing:
  Play time               : 10.416 s
  Update time             : 1.005 s
  Time to train epoch     : 11.421 s


Statistics:
  fps step                    : 15,979
  fps step + policy inference : 15,730
  fps total                   : 14,345
  epoch                       : 894 / 1,000
  frames                      : 146,472,960


Policy 0: saving next best rewards:  [449.72]
=> saving checkpoint 'runs/expert_row3_seed2810/nn/expert_row3_seed2810.pth'

Timing:
  Play time               : 10.410 s
  Update time             : 1.005 s
  Time to train epoch     : 11.415 s


Statistics:
  fps step                    : 15,989
  fps step + policy inference : 15,739
  fps total                   : 14,353
  epoch                       : 895 / 1,000
  frames                      : 146,636,800


Policy 0: saving next best rewards:  [450.05]
=> saving checkpoint 'runs/expert_row3_seed2810/nn/expert_row3_seed2810.pth'

Timing:
  Play time               : 10.411 s
  Update time             : 0.963 s
  Time to train epoch     : 11.374 s


Statistics:
  fps step                    : 15,987
  fps step + policy inference : 15,737
  fps total                   : 14,404
  epoch                       : 896 / 1,000
  frames                      : 146,800,640


Policy 0: 
Timing:
  Play time               : 10.585 s
  Update time             : 0.960 s
  Time to train epoch     : 11.545 s


Statistics:
  fps step                    : 15,723
  fps step + policy inference : 15,478
  fps total                   : 14,191
  epoch                       : 897 / 1,000
  frames                      : 146,964,480


Policy 0: saving next best rewards:  [450.12]
=> saving checkpoint 'runs/expert_row3_seed2810/nn/expert_row3_seed2810.pth'

Timing:
  Play time               : 10.488 s
  Update time             : 0.990 s
  Time to train epoch     : 11.478 s


Statistics:
  fps step                    : 15,867
  fps step + policy inference : 15,622
  fps total                   : 14,274
  epoch                       : 898 / 1,000
  frames                      : 147,128,320


Policy 0: saving next best rewards:  [450.61]
=> saving checkpoint 'runs/expert_row3_seed2810/nn/expert_row3_seed2810.pth'

Timing:
  Play time               : 10.411 s
  Update time             : 0.953 s
  Time to train epoch     : 11.364 s


Statistics:
  fps step                    : 15,984
  fps step + policy inference : 15,737
  fps total                   : 14,418
  epoch                       : 899 / 1,000
  frames                      : 147,292,160


Policy 0: saving next best rewards:  [450.84]
=> saving checkpoint 'runs/expert_row3_seed2810/nn/expert_row3_seed2810.pth'

Timing:
  Play time               : 10.408 s
  Update time             : 0.949 s
  Time to train epoch     : 11.357 s


Statistics:
  fps step                    : 16,001
  fps step + policy inference : 15,742
  fps total                   : 14,427
  epoch                       : 900 / 1,000
  frames                      : 147,456,000


Policy 0: 
Timing:
  Play time               : 10.426 s
  Update time             : 1.006 s
  Time to train epoch     : 11.432 s


Statistics:
  fps step                    : 15,966
  fps step + policy inference : 15,715
  fps total                   : 14,332
  epoch                       : 901 / 1,000
  frames                      : 147,619,840


Policy 0: 
Timing:
  Play time               : 10.421 s
  Update time             : 0.950 s
  Time to train epoch     : 11.371 s


Statistics:
  fps step                    : 15,979
  fps step + policy inference : 15,722
  fps total                   : 14,409
  epoch                       : 902 / 1,000
  frames                      : 147,783,680


Policy 0: saving next best rewards:  [451.01]
=> saving checkpoint 'runs/expert_row3_seed2810/nn/expert_row3_seed2810.pth'

Timing:
  Play time               : 10.408 s
  Update time             : 0.947 s
  Time to train epoch     : 11.355 s


Statistics:
  fps step                    : 15,990
  fps step + policy inference : 15,741
  fps total                   : 14,428
  epoch                       : 903 / 1,000
  frames                      : 147,947,520


Policy 0: saving next best rewards:  [451.11]
=> saving checkpoint 'runs/expert_row3_seed2810/nn/expert_row3_seed2810.pth'

Timing:
  Play time               : 10.397 s
  Update time             : 0.928 s
  Time to train epoch     : 11.325 s


Statistics:
  fps step                    : 16,005
  fps step + policy inference : 15,759
  fps total                   : 14,467
  epoch                       : 904 / 1,000
  frames                      : 148,111,360


Policy 0: saving next best rewards:  [451.77]
=> saving checkpoint 'runs/expert_row3_seed2810/nn/expert_row3_seed2810.pth'

Timing:
  Play time               : 10.409 s
  Update time             : 0.944 s
  Time to train epoch     : 11.353 s


Statistics:
  fps step                    : 15,993
  fps step + policy inference : 15,741
  fps total                   : 14,432
  epoch                       : 905 / 1,000
  frames                      : 148,275,200


Policy 0: saving next best rewards:  [452.48]
=> saving checkpoint 'runs/expert_row3_seed2810/nn/expert_row3_seed2810.pth'

Timing:
  Play time               : 10.405 s
  Update time             : 0.967 s
  Time to train epoch     : 11.372 s


Statistics:
  fps step                    : 15,994
  fps step + policy inference : 15,746
  fps total                   : 14,407
  epoch                       : 906 / 1,000
  frames                      : 148,439,040


Policy 0: saving next best rewards:  [452.53]
=> saving checkpoint 'runs/expert_row3_seed2810/nn/expert_row3_seed2810.pth'

Timing:
  Play time               : 10.413 s
  Update time             : 0.961 s
  Time to train epoch     : 11.374 s


Statistics:
  fps step                    : 15,986
  fps step + policy inference : 15,734
  fps total                   : 14,404
  epoch                       : 907 / 1,000
  frames                      : 148,602,880


Policy 0: saving next best rewards:  [453.02]
=> saving checkpoint 'runs/expert_row3_seed2810/nn/expert_row3_seed2810.pth'

Timing:
  Play time               : 10.412 s
  Update time             : 0.997 s
  Time to train epoch     : 11.409 s


Statistics:
  fps step                    : 15,985
  fps step + policy inference : 15,736
  fps total                   : 14,360
  epoch                       : 908 / 1,000
  frames                      : 148,766,720


Policy 0: saving next best rewards:  [453.4]
=> saving checkpoint 'runs/expert_row3_seed2810/nn/expert_row3_seed2810.pth'

Timing:
  Play time               : 10.422 s
  Update time             : 1.023 s
  Time to train epoch     : 11.445 s


Statistics:
  fps step                    : 15,976
  fps step + policy inference : 15,720
  fps total                   : 14,316
  epoch                       : 909 / 1,000
  frames                      : 148,930,560


Policy 0: saving next best rewards:  [453.96]
=> saving checkpoint 'runs/expert_row3_seed2810/nn/expert_row3_seed2810.pth'

Timing:
  Play time               : 10.428 s
  Update time             : 1.006 s
  Time to train epoch     : 11.434 s


Statistics:
  fps step                    : 15,965
  fps step + policy inference : 15,712
  fps total                   : 14,330
  epoch                       : 910 / 1,000
  frames                      : 149,094,400


Policy 0: saving next best rewards:  [454.31]
=> saving checkpoint 'runs/expert_row3_seed2810/nn/expert_row3_seed2810.pth'

Timing:
  Play time               : 10.389 s
  Update time             : 0.982 s
  Time to train epoch     : 11.371 s


Statistics:
  fps step                    : 16,017
  fps step + policy inference : 15,770
  fps total                   : 14,408
  epoch                       : 911 / 1,000
  frames                      : 149,258,240


Policy 0: 
Timing:
  Play time               : 10.449 s
  Update time             : 1.054 s
  Time to train epoch     : 11.502 s


Statistics:
  fps step                    : 15,937
  fps step + policy inference : 15,680
  fps total                   : 14,244
  epoch                       : 912 / 1,000
  frames                      : 149,422,080


Policy 0: 
Timing:
  Play time               : 10.483 s
  Update time             : 0.936 s
  Time to train epoch     : 11.419 s


Statistics:
  fps step                    : 15,896
  fps step + policy inference : 15,629
  fps total                   : 14,348
  epoch                       : 913 / 1,000
  frames                      : 149,585,920


Policy 0: 
Timing:
  Play time               : 10.468 s
  Update time             : 0.938 s
  Time to train epoch     : 11.406 s


Statistics:
  fps step                    : 15,914
  fps step + policy inference : 15,651
  fps total                   : 14,364
  epoch                       : 914 / 1,000
  frames                      : 149,749,760


Policy 0: 
Timing:
  Play time               : 10.474 s
  Update time             : 0.954 s
  Time to train epoch     : 11.429 s


Statistics:
  fps step                    : 15,910
  fps step + policy inference : 15,642
  fps total                   : 14,336
  epoch                       : 915 / 1,000
  frames                      : 149,913,600


Policy 0: 
Timing:
  Play time               : 10.441 s
  Update time             : 0.967 s
  Time to train epoch     : 11.408 s


Statistics:
  fps step                    : 15,957
  fps step + policy inference : 15,692
  fps total                   : 14,362
  epoch                       : 916 / 1,000
  frames                      : 150,077,440


Policy 0: 
Timing:
  Play time               : 10.503 s
  Update time             : 0.959 s
  Time to train epoch     : 11.462 s


Statistics:
  fps step                    : 15,869
  fps step + policy inference : 15,600
  fps total                   : 14,294
  epoch                       : 917 / 1,000
  frames                      : 150,241,280


Policy 0: 
Timing:
  Play time               : 10.459 s
  Update time             : 0.990 s
  Time to train epoch     : 11.449 s


Statistics:
  fps step                    : 15,925
  fps step + policy inference : 15,666
  fps total                   : 14,310
  epoch                       : 918 / 1,000
  frames                      : 150,405,120


Policy 0: 
Timing:
  Play time               : 10.478 s
  Update time             : 0.969 s
  Time to train epoch     : 11.447 s


Statistics:
  fps step                    : 15,912
  fps step + policy inference : 15,636
  fps total                   : 14,313
  epoch                       : 919 / 1,000
  frames                      : 150,568,960


Policy 0: 
Timing:
  Play time               : 10.445 s
  Update time             : 0.973 s
  Time to train epoch     : 11.418 s


Statistics:
  fps step                    : 15,952
  fps step + policy inference : 15,686
  fps total                   : 14,349
  epoch                       : 920 / 1,000
  frames                      : 150,732,800


Policy 0: 
Timing:
  Play time               : 10.463 s
  Update time             : 0.959 s
  Time to train epoch     : 11.423 s


Statistics:
  fps step                    : 15,921
  fps step + policy inference : 15,658
  fps total                   : 14,343
  epoch                       : 921 / 1,000
  frames                      : 150,896,640


Policy 0: 
Timing:
  Play time               : 10.486 s
  Update time             : 0.957 s
  Time to train epoch     : 11.443 s


Statistics:
  fps step                    : 15,884
  fps step + policy inference : 15,624
  fps total                   : 14,318
  epoch                       : 922 / 1,000
  frames                      : 151,060,480


Policy 0: 
Timing:
  Play time               : 10.474 s
  Update time             : 1.012 s
  Time to train epoch     : 11.486 s


Statistics:
  fps step                    : 15,899
  fps step + policy inference : 15,642
  fps total                   : 14,264
  epoch                       : 923 / 1,000
  frames                      : 151,224,320


Policy 0: 
Timing:
  Play time               : 10.488 s
  Update time             : 1.010 s
  Time to train epoch     : 11.498 s


Statistics:
  fps step                    : 15,879
  fps step + policy inference : 15,622
  fps total                   : 14,250
  epoch                       : 924 / 1,000
  frames                      : 151,388,160


Policy 0: 
Timing:
  Play time               : 10.504 s
  Update time             : 1.008 s
  Time to train epoch     : 11.512 s


Statistics:
  fps step                    : 15,853
  fps step + policy inference : 15,598
  fps total                   : 14,232
  epoch                       : 925 / 1,000
  frames                      : 151,552,000


Policy 0: 
Timing:
  Play time               : 10.498 s
  Update time             : 1.015 s
  Time to train epoch     : 11.514 s


Statistics:
  fps step                    : 15,859
  fps step + policy inference : 15,607
  fps total                   : 14,230
  epoch                       : 926 / 1,000
  frames                      : 151,715,840


Policy 0: 
Timing:
  Play time               : 10.520 s
  Update time             : 0.987 s
  Time to train epoch     : 11.508 s


Statistics:
  fps step                    : 15,832
  fps step + policy inference : 15,574
  fps total                   : 14,237
  epoch                       : 927 / 1,000
  frames                      : 151,879,680


Policy 0: 
Timing:
  Play time               : 10.507 s
  Update time             : 0.958 s
  Time to train epoch     : 11.466 s


Statistics:
  fps step                    : 15,852
  fps step + policy inference : 15,593
  fps total                   : 14,290
  epoch                       : 928 / 1,000
  frames                      : 152,043,520


Policy 0: 
Timing:
  Play time               : 10.540 s
  Update time             : 0.968 s
  Time to train epoch     : 11.507 s


Statistics:
  fps step                    : 15,805
  fps step + policy inference : 15,545
  fps total                   : 14,238
  epoch                       : 929 / 1,000
  frames                      : 152,207,360


Policy 0: 
Timing:
  Play time               : 10.617 s
  Update time             : 0.930 s
  Time to train epoch     : 11.548 s


Statistics:
  fps step                    : 15,679
  fps step + policy inference : 15,431
  fps total                   : 14,188
  epoch                       : 930 / 1,000
  frames                      : 152,371,200


Policy 0: 
Timing:
  Play time               : 10.450 s
  Update time             : 0.948 s
  Time to train epoch     : 11.398 s


Statistics:
  fps step                    : 15,937
  fps step + policy inference : 15,679
  fps total                   : 14,374
  epoch                       : 931 / 1,000
  frames                      : 152,535,040


Policy 0: 
Timing:
  Play time               : 10.434 s
  Update time             : 0.918 s
  Time to train epoch     : 11.352 s


Statistics:
  fps step                    : 15,967
  fps step + policy inference : 15,702
  fps total                   : 14,433
  epoch                       : 932 / 1,000
  frames                      : 152,698,880


Policy 0: 
Timing:
  Play time               : 10.430 s
  Update time             : 0.942 s
  Time to train epoch     : 11.373 s


Statistics:
  fps step                    : 15,971
  fps step + policy inference : 15,708
  fps total                   : 14,406
  epoch                       : 933 / 1,000
  frames                      : 152,862,720


Policy 0: 
Timing:
  Play time               : 10.409 s
  Update time             : 0.980 s
  Time to train epoch     : 11.388 s


Statistics:
  fps step                    : 16,002
  fps step + policy inference : 15,741
  fps total                   : 14,387
  epoch                       : 934 / 1,000
  frames                      : 153,026,560


Policy 0: 
Timing:
  Play time               : 10.422 s
  Update time             : 0.977 s
  Time to train epoch     : 11.399 s


Statistics:
  fps step                    : 15,985
  fps step + policy inference : 15,720
  fps total                   : 14,373
  epoch                       : 935 / 1,000
  frames                      : 153,190,400


Policy 0: 
Timing:
  Play time               : 10.444 s
  Update time             : 0.934 s
  Time to train epoch     : 11.378 s


Statistics:
  fps step                    : 15,943
  fps step + policy inference : 15,687
  fps total                   : 14,400
  epoch                       : 936 / 1,000
  frames                      : 153,354,240


Policy 0: 
Timing:
  Play time               : 10.441 s
  Update time             : 0.966 s
  Time to train epoch     : 11.407 s


Statistics:
  fps step                    : 15,956
  fps step + policy inference : 15,692
  fps total                   : 14,363
  epoch                       : 937 / 1,000
  frames                      : 153,518,080


Policy 0: 
Timing:
  Play time               : 10.425 s
  Update time             : 0.990 s
  Time to train epoch     : 11.416 s


Statistics:
  fps step                    : 15,991
  fps step + policy inference : 15,715
  fps total                   : 14,352
  epoch                       : 938 / 1,000
  frames                      : 153,681,920


Policy 0: 
Timing:
  Play time               : 10.423 s
  Update time             : 0.961 s
  Time to train epoch     : 11.384 s


Statistics:
  fps step                    : 15,984
  fps step + policy inference : 15,719
  fps total                   : 14,392
  epoch                       : 939 / 1,000
  frames                      : 153,845,760


Policy 0: 
Timing:
  Play time               : 10.460 s
  Update time             : 0.958 s
  Time to train epoch     : 11.418 s


Statistics:
  fps step                    : 15,929
  fps step + policy inference : 15,664
  fps total                   : 14,349
  epoch                       : 940 / 1,000
  frames                      : 154,009,600


Policy 0: saving next best rewards:  [454.55]
=> saving checkpoint 'runs/expert_row3_seed2810/nn/expert_row3_seed2810.pth'

Timing:
  Play time               : 10.441 s
  Update time             : 0.995 s
  Time to train epoch     : 11.436 s


Statistics:
  fps step                    : 15,952
  fps step + policy inference : 15,692
  fps total                   : 14,326
  epoch                       : 941 / 1,000
  frames                      : 154,173,440


Policy 0: saving next best rewards:  [454.86]
=> saving checkpoint 'runs/expert_row3_seed2810/nn/expert_row3_seed2810.pth'

Timing:
  Play time               : 10.473 s
  Update time             : 1.008 s
  Time to train epoch     : 11.481 s


Statistics:
  fps step                    : 15,906
  fps step + policy inference : 15,644
  fps total                   : 14,271
  epoch                       : 942 / 1,000
  frames                      : 154,337,280


Policy 0: 
Timing:
  Play time               : 10.424 s
  Update time             : 0.994 s
  Time to train epoch     : 11.418 s


Statistics:
  fps step                    : 15,978
  fps step + policy inference : 15,717
  fps total                   : 14,349
  epoch                       : 943 / 1,000
  frames                      : 154,501,120


Policy 0: 
Timing:
  Play time               : 10.489 s
  Update time             : 1.021 s
  Time to train epoch     : 11.510 s


Statistics:
  fps step                    : 15,885
  fps step + policy inference : 15,621
  fps total                   : 14,235
  epoch                       : 944 / 1,000
  frames                      : 154,664,960


Policy 0: 
Timing:
  Play time               : 10.463 s
  Update time             : 1.008 s
  Time to train epoch     : 11.471 s


Statistics:
  fps step                    : 15,926
  fps step + policy inference : 15,659
  fps total                   : 14,283
  epoch                       : 945 / 1,000
  frames                      : 154,828,800


Policy 0: saving next best rewards:  [455.57]
=> saving checkpoint 'runs/expert_row3_seed2810/nn/expert_row3_seed2810.pth'

Timing:
  Play time               : 10.483 s
  Update time             : 0.930 s
  Time to train epoch     : 11.413 s


Statistics:
  fps step                    : 15,889
  fps step + policy inference : 15,629
  fps total                   : 14,356
  epoch                       : 946 / 1,000
  frames                      : 154,992,640


Policy 0: saving next best rewards:  [456.09]
=> saving checkpoint 'runs/expert_row3_seed2810/nn/expert_row3_seed2810.pth'

Timing:
  Play time               : 10.466 s
  Update time             : 0.936 s
  Time to train epoch     : 11.402 s


Statistics:
  fps step                    : 15,920
  fps step + policy inference : 15,654
  fps total                   : 14,369
  epoch                       : 947 / 1,000
  frames                      : 155,156,480


Policy 0: saving next best rewards:  [456.4]
=> saving checkpoint 'runs/expert_row3_seed2810/nn/expert_row3_seed2810.pth'

Timing:
  Play time               : 10.484 s
  Update time             : 0.973 s
  Time to train epoch     : 11.457 s


Statistics:
  fps step                    : 15,891
  fps step + policy inference : 15,627
  fps total                   : 14,300
  epoch                       : 948 / 1,000
  frames                      : 155,320,320


Policy 0: saving next best rewards:  [456.84]
=> saving checkpoint 'runs/expert_row3_seed2810/nn/expert_row3_seed2810.pth'

Timing:
  Play time               : 10.470 s
  Update time             : 0.953 s
  Time to train epoch     : 11.423 s


Statistics:
  fps step                    : 15,909
  fps step + policy inference : 15,648
  fps total                   : 14,343
  epoch                       : 949 / 1,000
  frames                      : 155,484,160


Policy 0: saving next best rewards:  [456.95]
=> saving checkpoint 'runs/expert_row3_seed2810/nn/expert_row3_seed2810.pth'

Timing:
  Play time               : 10.469 s
  Update time             : 0.954 s
  Time to train epoch     : 11.423 s


Statistics:
  fps step                    : 15,909
  fps step + policy inference : 15,649
  fps total                   : 14,343
  epoch                       : 950 / 1,000
  frames                      : 155,648,000


Policy 0: saving next best rewards:  [457.31]
=> saving checkpoint 'runs/expert_row3_seed2810/nn/expert_row3_seed2810.pth'

Timing:
  Play time               : 10.433 s
  Update time             : 0.967 s
  Time to train epoch     : 11.400 s


Statistics:
  fps step                    : 15,955
  fps step + policy inference : 15,704
  fps total                   : 14,372
  epoch                       : 951 / 1,000
  frames                      : 155,811,840


Policy 0: saving next best rewards:  [457.77]
=> saving checkpoint 'runs/expert_row3_seed2810/nn/expert_row3_seed2810.pth'

Timing:
  Play time               : 10.444 s
  Update time             : 0.942 s
  Time to train epoch     : 11.386 s


Statistics:
  fps step                    : 15,942
  fps step + policy inference : 15,687
  fps total                   : 14,389
  epoch                       : 952 / 1,000
  frames                      : 155,975,680


Policy 0: 
Timing:
  Play time               : 10.407 s
  Update time             : 0.964 s
  Time to train epoch     : 11.371 s


Statistics:
  fps step                    : 15,996
  fps step + policy inference : 15,743
  fps total                   : 14,409
  epoch                       : 953 / 1,000
  frames                      : 156,139,520


Policy 0: saving next best rewards:  [457.84]
=> saving checkpoint 'runs/expert_row3_seed2810/nn/expert_row3_seed2810.pth'

Timing:
  Play time               : 10.400 s
  Update time             : 0.969 s
  Time to train epoch     : 11.369 s


Statistics:
  fps step                    : 16,006
  fps step + policy inference : 15,753
  fps total                   : 14,411
  epoch                       : 954 / 1,000
  frames                      : 156,303,360


Policy 0: saving next best rewards:  [458.4]
=> saving checkpoint 'runs/expert_row3_seed2810/nn/expert_row3_seed2810.pth'

Timing:
  Play time               : 10.421 s
  Update time             : 0.945 s
  Time to train epoch     : 11.366 s


Statistics:
  fps step                    : 15,969
  fps step + policy inference : 15,722
  fps total                   : 14,415
  epoch                       : 955 / 1,000
  frames                      : 156,467,200


Policy 0: saving next best rewards:  [458.48]
=> saving checkpoint 'runs/expert_row3_seed2810/nn/expert_row3_seed2810.pth'

Timing:
  Play time               : 10.422 s
  Update time             : 0.977 s
  Time to train epoch     : 11.399 s


Statistics:
  fps step                    : 15,968
  fps step + policy inference : 15,720
  fps total                   : 14,373
  epoch                       : 956 / 1,000
  frames                      : 156,631,040


Policy 0: 
Timing:
  Play time               : 10.429 s
  Update time             : 1.025 s
  Time to train epoch     : 11.453 s


Statistics:
  fps step                    : 15,978
  fps step + policy inference : 15,711
  fps total                   : 14,305
  epoch                       : 957 / 1,000
  frames                      : 156,794,880


Policy 0: 
Timing:
  Play time               : 10.420 s
  Update time             : 1.006 s
  Time to train epoch     : 11.426 s


Statistics:
  fps step                    : 15,975
  fps step + policy inference : 15,724
  fps total                   : 14,339
  epoch                       : 958 / 1,000
  frames                      : 156,958,720


Policy 0: 
Timing:
  Play time               : 10.436 s
  Update time             : 0.990 s
  Time to train epoch     : 11.426 s


Statistics:
  fps step                    : 15,955
  fps step + policy inference : 15,699
  fps total                   : 14,339
  epoch                       : 959 / 1,000
  frames                      : 157,122,560


Policy 0: saving next best rewards:  [458.65]
=> saving checkpoint 'runs/expert_row3_seed2810/nn/expert_row3_seed2810.pth'

Timing:
  Play time               : 10.420 s
  Update time             : 1.005 s
  Time to train epoch     : 11.425 s


Statistics:
  fps step                    : 15,971
  fps step + policy inference : 15,723
  fps total                   : 14,340
  epoch                       : 960 / 1,000
  frames                      : 157,286,400


Policy 0: saving next best rewards:  [458.67]
=> saving checkpoint 'runs/expert_row3_seed2810/nn/expert_row3_seed2810.pth'

Timing:
  Play time               : 10.397 s
  Update time             : 0.952 s
  Time to train epoch     : 11.349 s


Statistics:
  fps step                    : 16,005
  fps step + policy inference : 15,758
  fps total                   : 14,437
  epoch                       : 961 / 1,000
  frames                      : 157,450,240


Policy 0: saving next best rewards:  [459.04]
=> saving checkpoint 'runs/expert_row3_seed2810/nn/expert_row3_seed2810.pth'

Timing:
  Play time               : 10.421 s
  Update time             : 0.944 s
  Time to train epoch     : 11.365 s


Statistics:
  fps step                    : 15,972
  fps step + policy inference : 15,722
  fps total                   : 14,416
  epoch                       : 962 / 1,000
  frames                      : 157,614,080


Policy 0: 
Timing:
  Play time               : 10.417 s
  Update time             : 0.942 s
  Time to train epoch     : 11.359 s


Statistics:
  fps step                    : 15,981
  fps step + policy inference : 15,728
  fps total                   : 14,424
  epoch                       : 963 / 1,000
  frames                      : 157,777,920


Policy 0: 
Timing:
  Play time               : 10.425 s
  Update time             : 0.976 s
  Time to train epoch     : 11.401 s


Statistics:
  fps step                    : 15,966
  fps step + policy inference : 15,716
  fps total                   : 14,371
  epoch                       : 964 / 1,000
  frames                      : 157,941,760


Policy 0: saving next best rewards:  [459.82]
=> saving checkpoint 'runs/expert_row3_seed2810/nn/expert_row3_seed2810.pth'

Timing:
  Play time               : 10.400 s
  Update time             : 0.950 s
  Time to train epoch     : 11.350 s


Statistics:
  fps step                    : 16,003
  fps step + policy inference : 15,754
  fps total                   : 14,435
  epoch                       : 965 / 1,000
  frames                      : 158,105,600


Policy 0: 
Timing:
  Play time               : 10.440 s
  Update time             : 0.945 s
  Time to train epoch     : 11.385 s


Statistics:
  fps step                    : 15,953
  fps step + policy inference : 15,694
  fps total                   : 14,391
  epoch                       : 966 / 1,000
  frames                      : 158,269,440


Policy 0: saving next best rewards:  [460.15]
=> saving checkpoint 'runs/expert_row3_seed2810/nn/expert_row3_seed2810.pth'

Timing:
  Play time               : 10.487 s
  Update time             : 0.994 s
  Time to train epoch     : 11.481 s


Statistics:
  fps step                    : 15,886
  fps step + policy inference : 15,623
  fps total                   : 14,271
  epoch                       : 967 / 1,000
  frames                      : 158,433,280


Policy 0: saving next best rewards:  [460.57]
=> saving checkpoint 'runs/expert_row3_seed2810/nn/expert_row3_seed2810.pth'

Timing:
  Play time               : 10.692 s
  Update time             : 0.971 s
  Time to train epoch     : 11.663 s


Statistics:
  fps step                    : 15,590
  fps step + policy inference : 15,324
  fps total                   : 14,048
  epoch                       : 968 / 1,000
  frames                      : 158,597,120


Policy 0: saving next best rewards:  [460.61]
=> saving checkpoint 'runs/expert_row3_seed2810/nn/expert_row3_seed2810.pth'

Timing:
  Play time               : 10.648 s
  Update time             : 0.936 s
  Time to train epoch     : 11.584 s


Statistics:
  fps step                    : 15,663
  fps step + policy inference : 15,387
  fps total                   : 14,144
  epoch                       : 969 / 1,000
  frames                      : 158,760,960


Policy 0: saving next best rewards:  [460.81]
=> saving checkpoint 'runs/expert_row3_seed2810/nn/expert_row3_seed2810.pth'

Timing:
  Play time               : 10.614 s
  Update time             : 0.979 s
  Time to train epoch     : 11.593 s


Statistics:
  fps step                    : 15,706
  fps step + policy inference : 15,436
  fps total                   : 14,133
  epoch                       : 970 / 1,000
  frames                      : 158,924,800


Policy 0: 
Timing:
  Play time               : 10.633 s
  Update time             : 0.981 s
  Time to train epoch     : 11.614 s


Statistics:
  fps step                    : 15,682
  fps step + policy inference : 15,408
  fps total                   : 14,107
  epoch                       : 971 / 1,000
  frames                      : 159,088,640


Policy 0: 
Timing:
  Play time               : 10.672 s
  Update time             : 0.976 s
  Time to train epoch     : 11.649 s


Statistics:
  fps step                    : 15,625
  fps step + policy inference : 15,352
  fps total                   : 14,065
  epoch                       : 972 / 1,000
  frames                      : 159,252,480


Policy 0: saving next best rewards:  [460.99]
=> saving checkpoint 'runs/expert_row3_seed2810/nn/expert_row3_seed2810.pth'

Timing:
  Play time               : 10.699 s
  Update time             : 1.031 s
  Time to train epoch     : 11.730 s


Statistics:
  fps step                    : 15,586
  fps step + policy inference : 15,314
  fps total                   : 13,968
  epoch                       : 973 / 1,000
  frames                      : 159,416,320


Policy 0: saving next best rewards:  [461.33]
=> saving checkpoint 'runs/expert_row3_seed2810/nn/expert_row3_seed2810.pth'

Timing:
  Play time               : 10.518 s
  Update time             : 1.002 s
  Time to train epoch     : 11.520 s


Statistics:
  fps step                    : 15,850
  fps step + policy inference : 15,577
  fps total                   : 14,223
  epoch                       : 974 / 1,000
  frames                      : 159,580,160


Policy 0: saving next best rewards:  [461.54]
=> saving checkpoint 'runs/expert_row3_seed2810/nn/expert_row3_seed2810.pth'

Timing:
  Play time               : 10.896 s
  Update time             : 1.102 s
  Time to train epoch     : 11.999 s


Statistics:
  fps step                    : 15,315
  fps step + policy inference : 15,036
  fps total                   : 13,655
  epoch                       : 975 / 1,000
  frames                      : 159,744,000


Policy 0: saving next best rewards:  [462.15]
=> saving checkpoint 'runs/expert_row3_seed2810/nn/expert_row3_seed2810.pth'

Timing:
  Play time               : 10.744 s
  Update time             : 1.108 s
  Time to train epoch     : 11.852 s


Statistics:
  fps step                    : 15,527
  fps step + policy inference : 15,250
  fps total                   : 13,824
  epoch                       : 976 / 1,000
  frames                      : 159,907,840


Policy 0: saving next best rewards:  [462.38]
=> saving checkpoint 'runs/expert_row3_seed2810/nn/expert_row3_seed2810.pth'

Timing:
  Play time               : 10.692 s
  Update time             : 1.077 s
  Time to train epoch     : 11.769 s


Statistics:
  fps step                    : 15,603
  fps step + policy inference : 15,324
  fps total                   : 13,922
  epoch                       : 977 / 1,000
  frames                      : 160,071,680


Policy 0: saving next best rewards:  [463.04]
=> saving checkpoint 'runs/expert_row3_seed2810/nn/expert_row3_seed2810.pth'

Timing:
  Play time               : 10.706 s
  Update time             : 0.994 s
  Time to train epoch     : 11.700 s


Statistics:
  fps step                    : 15,576
  fps step + policy inference : 15,303
  fps total                   : 14,004
  epoch                       : 978 / 1,000
  frames                      : 160,235,520


Policy 0: saving next best rewards:  [463.4]
=> saving checkpoint 'runs/expert_row3_seed2810/nn/expert_row3_seed2810.pth'

Timing:
  Play time               : 10.807 s
  Update time             : 1.116 s
  Time to train epoch     : 11.923 s


Statistics:
  fps step                    : 15,477
  fps step + policy inference : 15,161
  fps total                   : 13,742
  epoch                       : 979 / 1,000
  frames                      : 160,399,360


Policy 0: saving next best rewards:  [463.46]
=> saving checkpoint 'runs/expert_row3_seed2810/nn/expert_row3_seed2810.pth'

Timing:
  Play time               : 10.668 s
  Update time             : 1.103 s
  Time to train epoch     : 11.771 s


Statistics:
  fps step                    : 15,631
  fps step + policy inference : 15,358
  fps total                   : 13,919
  epoch                       : 980 / 1,000
  frames                      : 160,563,200


Policy 0: saving next best rewards:  [463.79]
=> saving checkpoint 'runs/expert_row3_seed2810/nn/expert_row3_seed2810.pth'

Timing:
  Play time               : 10.601 s
  Update time             : 0.974 s
  Time to train epoch     : 11.575 s


Statistics:
  fps step                    : 15,751
  fps step + policy inference : 15,456
  fps total                   : 14,155
  epoch                       : 981 / 1,000
  frames                      : 160,727,040


Policy 0: 
Timing:
  Play time               : 11.021 s
  Update time             : 1.020 s
  Time to train epoch     : 12.041 s


Statistics:
  fps step                    : 15,132
  fps step + policy inference : 14,867
  fps total                   : 13,607
  epoch                       : 982 / 1,000
  frames                      : 160,890,880


Policy 0: saving next best rewards:  [463.81]
=> saving checkpoint 'runs/expert_row3_seed2810/nn/expert_row3_seed2810.pth'

Timing:
  Play time               : 10.776 s
  Update time             : 0.961 s
  Time to train epoch     : 11.737 s


Statistics:
  fps step                    : 15,473
  fps step + policy inference : 15,204
  fps total                   : 13,959
  epoch                       : 983 / 1,000
  frames                      : 161,054,720


Policy 0: 
Timing:
  Play time               : 10.673 s
  Update time             : 1.057 s
  Time to train epoch     : 11.731 s


Statistics:
  fps step                    : 15,621
  fps step + policy inference : 15,350
  fps total                   : 13,967
  epoch                       : 984 / 1,000
  frames                      : 161,218,560


Policy 0: 
Timing:
  Play time               : 10.658 s
  Update time             : 1.054 s
  Time to train epoch     : 11.712 s


Statistics:
  fps step                    : 15,655
  fps step + policy inference : 15,372
  fps total                   : 13,989
  epoch                       : 985 / 1,000
  frames                      : 161,382,400


Policy 0: 
Timing:
  Play time               : 10.701 s
  Update time             : 1.141 s
  Time to train epoch     : 11.842 s


Statistics:
  fps step                    : 15,624
  fps step + policy inference : 15,311
  fps total                   : 13,836
  epoch                       : 986 / 1,000
  frames                      : 161,546,240


Policy 0: 
Timing:
  Play time               : 10.738 s
  Update time             : 1.031 s
  Time to train epoch     : 11.769 s


Statistics:
  fps step                    : 15,548
  fps step + policy inference : 15,258
  fps total                   : 13,921
  epoch                       : 987 / 1,000
  frames                      : 161,710,080


Policy 0: 
Timing:
  Play time               : 10.507 s
  Update time             : 0.970 s
  Time to train epoch     : 11.477 s


Statistics:
  fps step                    : 15,869
  fps step + policy inference : 15,593
  fps total                   : 14,275
  epoch                       : 988 / 1,000
  frames                      : 161,873,920


Policy 0: saving next best rewards:  [463.97]
=> saving checkpoint 'runs/expert_row3_seed2810/nn/expert_row3_seed2810.pth'

Timing:
  Play time               : 10.839 s
  Update time             : 0.998 s
  Time to train epoch     : 11.837 s


Statistics:
  fps step                    : 15,413
  fps step + policy inference : 15,116
  fps total                   : 13,841
  epoch                       : 989 / 1,000
  frames                      : 162,037,760


Policy 0: saving next best rewards:  [464.36]
=> saving checkpoint 'runs/expert_row3_seed2810/nn/expert_row3_seed2810.pth'

Timing:
  Play time               : 10.812 s
  Update time             : 0.983 s
  Time to train epoch     : 11.794 s


Statistics:
  fps step                    : 15,437
  fps step + policy inference : 15,154
  fps total                   : 13,891
  epoch                       : 990 / 1,000
  frames                      : 162,201,600


Policy 0: 
Timing:
  Play time               : 10.729 s
  Update time             : 0.990 s
  Time to train epoch     : 11.719 s


Statistics:
  fps step                    : 15,553
  fps step + policy inference : 15,271
  fps total                   : 13,981
  epoch                       : 991 / 1,000
  frames                      : 162,365,440


Policy 0: saving next best rewards:  [465.18]
=> saving checkpoint 'runs/expert_row3_seed2810/nn/expert_row3_seed2810.pth'

Timing:
  Play time               : 10.832 s
  Update time             : 1.129 s
  Time to train epoch     : 11.961 s


Statistics:
  fps step                    : 15,402
  fps step + policy inference : 15,126
  fps total                   : 13,698
  epoch                       : 992 / 1,000
  frames                      : 162,529,280


Policy 0: saving next best rewards:  [465.43]
=> saving checkpoint 'runs/expert_row3_seed2810/nn/expert_row3_seed2810.pth'

Timing:
  Play time               : 10.783 s
  Update time             : 1.350 s
  Time to train epoch     : 12.133 s


Statistics:
  fps step                    : 15,481
  fps step + policy inference : 15,194
  fps total                   : 13,504
  epoch                       : 993 / 1,000
  frames                      : 162,693,120


Policy 0: 
Timing:
  Play time               : 10.784 s
  Update time             : 1.346 s
  Time to train epoch     : 12.130 s


Statistics:
  fps step                    : 15,489
  fps step + policy inference : 15,193
  fps total                   : 13,507
  epoch                       : 994 / 1,000
  frames                      : 162,856,960


Policy 0: saving next best rewards:  [465.74]
=> saving checkpoint 'runs/expert_row3_seed2810/nn/expert_row3_seed2810.pth'

Timing:
  Play time               : 10.647 s
  Update time             : 1.190 s
  Time to train epoch     : 11.837 s


Statistics:
  fps step                    : 15,686
  fps step + policy inference : 15,388
  fps total                   : 13,842
  epoch                       : 995 / 1,000
  frames                      : 163,020,800


Policy 0: saving next best rewards:  [465.92]
=> saving checkpoint 'runs/expert_row3_seed2810/nn/expert_row3_seed2810.pth'

Timing:
  Play time               : 10.538 s
  Update time             : 1.166 s
  Time to train epoch     : 11.704 s


Statistics:
  fps step                    : 15,841
  fps step + policy inference : 15,548
  fps total                   : 13,998
  epoch                       : 996 / 1,000
  frames                      : 163,184,640


Policy 0: saving next best rewards:  [466.01]
=> saving checkpoint 'runs/expert_row3_seed2810/nn/expert_row3_seed2810.pth'

Timing:
  Play time               : 10.921 s
  Update time             : 1.348 s
  Time to train epoch     : 12.269 s


Statistics:
  fps step                    : 15,290
  fps step + policy inference : 15,002
  fps total                   : 13,354
  epoch                       : 997 / 1,000
  frames                      : 163,348,480


Policy 0: 
Timing:
  Play time               : 10.786 s
  Update time             : 1.326 s
  Time to train epoch     : 12.112 s


Statistics:
  fps step                    : 15,476
  fps step + policy inference : 15,190
  fps total                   : 13,527
  epoch                       : 998 / 1,000
  frames                      : 163,512,320


Policy 0: saving next best rewards:  [466.44]
=> saving checkpoint 'runs/expert_row3_seed2810/nn/expert_row3_seed2810.pth'

Timing:
  Play time               : 10.742 s
  Update time             : 1.193 s
  Time to train epoch     : 11.935 s


Statistics:
  fps step                    : 15,538
  fps step + policy inference : 15,252
  fps total                   : 13,728
  epoch                       : 999 / 1,000
  frames                      : 163,676,160


Policy 0: saving next best rewards:  [467.]
=> saving checkpoint 'runs/expert_row3_seed2810/nn/expert_row3_seed2810.pth'

Timing:
  Play time               : 10.791 s
  Update time             : 1.075 s
  Time to train epoch     : 11.865 s


Statistics:
  fps step                    : 15,479
  fps step + policy inference : 15,184
  fps total                   : 13,809
  epoch                       : 1,000 / 1,000
  frames                      : 163,840,000


Policy 0: saving next best rewards:  [467.06]
=> saving checkpoint 'runs/expert_row3_seed2810/nn/expert_row3_seed2810.pth'
Saved recovery checkpoint runs/expert_row3_seed2810/checkpoints/epoch_001000.pth; evaluation_due=True
=> saving checkpoint 'runs/expert_row3_seed2810/nn/last_expert_row3_seed2810_ep_1000_rew__467.06_.pth'
MAX EPOCHS NUM!
