source,protocol,trial,stage,goal_m,attained_300ms,final_300ms,left_after_attainment,first_attainment_s,within_fraction,longest_dwell_s,endpoint_mean_signed_error_mm,endpoint_max_abs_error_mm,endpoint_thumb_action_abs,endpoint_thumb_target_change_rad,endpoint_thumb_tracking_error_rad,endpoint_thumb_contact_fraction,endpoint_body_stable
3,fixed2,0,0,0.007325418293476105,True,False,True,0.7666666666666667,0.4666666666666667,0.9333333333333333,-18.613863736391068,23.212095722556114,0.4280296862125397,0.005132673308253288,0.033971384167671204,1.0,True
3,fixed2,0,1,-0.032674580812454224,True,True,False,0.4666666666666667,0.9166666666666666,1.8333333333333333,-7.450580596923828e-06,7.450580596923828e-06,0.16211584210395813,0.0013213176280260086,0.10063706338405609,1.0,True
3,fixed2,0,2,0.007325418293476105,True,False,True,0.9,0.5333333333333333,1.0666666666666667,-3.839231561869383,5.389689467847347,0.33575743436813354,0.00212168344296515,0.031399138271808624,1.0,True
3,fixed2,0,3,-0.032674580812454224,True,True,False,0.6333333333333333,0.8333333333333334,1.6666666666666667,-7.450580596923828e-06,7.450580596923828e-06,0.19426697492599487,0.0015139244496822357,0.1171661987900734,0.8888888888888888,True
3,fixed2,0,4,0.007325418293476105,True,False,True,0.9333333333333333,0.5166666666666667,1.0333333333333334,-3.3835778012871742,4.731235094368458,0.3344208002090454,0.0021073014941066504,0.03339897096157074,1.0,True
3,fixed2,0,5,-0.032674580812454224,True,True,False,0.6333333333333333,0.8333333333333334,1.6666666666666667,-7.450580596923828e-06,7.450580596923828e-06,0.1761740744113922,0.00037763454020023346,0.1257839947938919,1.0,True
3,fixed2,0,6,0.007325418293476105,True,False,True,0.9666666666666667,0.5333333333333333,1.0666666666666667,-3.256595693528652,4.801763687282801,0.3652602732181549,0.002973597962409258,0.035209812223911285,1.0,True
3,fixed2,0,7,-0.032674580812454224,True,True,False,0.6333333333333333,0.8333333333333334,1.6666666666666667,-7.450580596923828e-06,7.450580596923828e-06,0.20452769100666046,0.0012502837926149368,0.13617248833179474,1.0,True
3,fixed2,0,8,0.007325418293476105,True,False,True,1.0,0.5333333333333333,1.0666666666666667,-2.82322708517313,4.651169292628765,0.36480775475502014,0.0029911783058196306,0.03444579243659973,1.0,True
3,fixed2,0,9,-0.032674580812454224,True,True,False,0.6333333333333333,0.8333333333333334,1.6666666666666667,-7.450580596923828e-06,7.450580596923828e-06,0.21259178221225739,0.001414123922586441,0.13450156152248383,1.0,True
3,fixed2,1,0,0.007325418293476105,True,True,False,0.8666666666666667,0.7166666666666667,1.4333333333333333,-1.3395260320976377,1.546523068100214,0.07042744755744934,0.0006151797715574503,0.06260494142770767,1.0,True
3,fixed2,1,1,-0.032674580812454224,True,False,True,1.0,0.45,0.9,11.76631823182106,19.696835428476334,0.37625327706336975,0.009251747280359268,0.08390218019485474,1.0,True
3,fixed2,1,2,0.007325418293476105,False,False,False,,0.0,0.0,-2.7146132197231054,2.904721535742283,0.045866709202528,0.001125919632613659,0.04230952635407448,1.0,True
3,fixed2,1,3,-0.032674580812454224,True,True,False,0.7333333333333333,0.7833333333333333,1.5666666666666667,-7.450580596923828e-06,7.450580596923828e-06,0.13776718080043793,0.003402858506888151,0.06671259552240372,1.0,True
3,fixed2,1,4,0.007325418293476105,False,False,False,,0.0,0.0,-3.7935504224151373,4.222047980874777,0.051456112414598465,0.0013067224062979221,0.0326756052672863,1.0,True
3,fixed2,1,5,-0.032674580812454224,True,True,False,0.6666666666666666,0.8166666666666667,1.6333333333333333,-7.450580596923828e-06,7.450580596923828e-06,0.11416273564100266,0.0027891676872968674,0.10380169749259949,1.0,True
3,fixed2,1,6,0.007325418293476105,True,True,False,1.5666666666666667,0.36666666666666664,0.7333333333333333,-1.7258189618587494,1.7924029380083084,0.07842898368835449,0.0019406868377700448,0.04613785445690155,1.0,True
3,fixed2,1,7,-0.032674580812454224,True,True,False,0.7333333333333333,0.7833333333333333,1.5666666666666667,-7.450580596923828e-06,7.450580596923828e-06,0.08312996476888657,0.0019970438443124294,0.12718512117862701,1.0,True
3,fixed2,1,8,0.007325418293476105,True,False,True,0.8666666666666667,0.5166666666666667,1.0333333333333334,-24.511132389307022,36.684148013591766,0.6417021155357361,0.01606496423482895,0.04135330766439438,1.0,True
3,fixed2,1,9,-0.032674580812454224,True,True,False,0.3,1.0,2.0,-7.450580596923828e-06,7.450580596923828e-06,0.08670835942029953,0.001571503933519125,0.16138485074043274,1.0,True
3,fixed2,2,0,0.007325418293476105,True,False,True,0.7666666666666667,0.6166666666666667,1.2333333333333334,-5.651894491165876,10.558191686868668,0.3970922529697418,0.005166719667613506,0.018831323832273483,0.8888888888888888,True
3,fixed2,2,1,-0.032674580812454224,True,True,False,0.5333333333333333,0.8833333333333333,1.7666666666666666,-7.450580596923828e-06,7.450580596923828e-06,0.10026540607213974,0.0010349149815738201,0.11688192933797836,0.8888888888888888,True
3,fixed2,2,2,0.007325418293476105,True,True,False,0.9666666666666667,0.6666666666666666,1.3333333333333333,0.05905790749238804,0.9583975188434124,0.2994917631149292,0.0023897532373666763,0.03021950274705887,0.8888888888888888,True
3,fixed2,2,3,-0.032674580812454224,True,True,False,0.6333333333333333,0.8333333333333334,1.6666666666666667,-7.450580596923828e-06,7.450580596923828e-06,0.15976521372795105,0.0015469836071133614,0.12004873156547546,1.0,True
3,fixed2,2,4,0.007325418293476105,True,True,False,0.9666666666666667,0.6666666666666666,1.3333333333333333,0.6491386448033154,0.8695432916283607,0.24688442051410675,0.0011721246410161257,0.033046796917915344,0.8888888888888888,True
3,fixed2,2,5,-0.032674580812454224,True,True,False,0.6666666666666666,0.8166666666666667,1.6333333333333333,-7.450580596923828e-06,7.450580596923828e-06,0.16420644521713257,0.0015911278314888477,0.10929670184850693,1.0,True
3,fixed2,2,6,0.007325418293476105,True,True,False,0.9,0.7,1.4,0.8353435550816357,1.277354545891285,0.287436842918396,0.00202785711735487,0.027165401726961136,1.0,True
3,fixed2,2,7,-0.032674580812454224,True,True,False,0.6333333333333333,0.8333333333333334,1.6666666666666667,-7.450580596923828e-06,7.450580596923828e-06,0.13778573274612427,0.0011842926032841206,0.12613371014595032,1.0,True
3,fixed2,2,8,0.007325418293476105,True,True,False,1.0,0.65,1.3,0.9722530376166105,1.3974616304039955,0.2906326651573181,0.0020458372309803963,0.028189148753881454,1.0,True
3,fixed2,2,9,-0.032674580812454224,True,True,False,0.6333333333333333,0.8333333333333334,1.6666666666666667,-7.450580596923828e-06,7.450580596923828e-06,0.1663663387298584,0.001612293068319559,0.1185307502746582,1.0,True
3,fixed2,3,0,0.007325418293476105,True,False,True,0.8,0.5666666666666667,1.1333333333333333,-10.657800361514091,19.100043922662735,0.3893267512321472,0.00864284299314022,0.026822278276085854,1.0,True
3,fixed2,3,1,-0.032674580812454224,True,True,False,0.4666666666666667,0.9166666666666666,1.8333333333333333,-7.450580596923828e-06,7.450580596923828e-06,0.11569060385227203,0.0014642099849879742,0.13731740415096283,0.8888888888888888,True
3,fixed2,3,2,0.007325418293476105,True,True,False,0.9666666666666667,0.6666666666666666,1.3333333333333333,-1.0413950076326728,1.8636612221598625,0.22054646909236908,0.0018297520000487566,0.031344372779130936,0.8888888888888888,True
3,fixed2,3,3,-0.032674580812454224,True,True,False,0.6333333333333333,0.8333333333333334,1.6666666666666667,-7.450580596923828e-06,7.450580596923828e-06,0.1286584436893463,0.0016980753280222416,0.1376396119594574,0.8888888888888888,True
3,fixed2,3,4,0.007325418293476105,True,True,False,0.9666666666666667,0.6666666666666666,1.3333333333333333,-1.1624660110101104,1.9019590690732002,0.21440891921520233,0.001593463821336627,0.03154851496219635,1.0,True
3,fixed2,3,5,-0.032674580812454224,True,True,False,0.6333333333333333,0.8333333333333334,1.6666666666666667,-7.450580596923828e-06,7.450580596923828e-06,0.14602990448474884,0.002406019251793623,0.1429874449968338,0.7777777777777778,True
3,fixed2,3,6,0.007325418293476105,True,False,True,1.0,0.5666666666666667,1.1333333333333333,-2.261347370222211,3.413582220673561,0.2229016125202179,0.002397544914856553,0.029870083555579185,1.0,True
3,fixed2,3,7,-0.032674580812454224,True,True,False,0.6,0.85,1.7,-7.450580596923828e-06,7.450580596923828e-06,0.08368922770023346,0.0015228139236569405,0.1260102391242981,1.0,True
3,fixed2,3,8,0.007325418293476105,True,False,True,1.0,0.55,1.1,-2.385031199082732,3.3868602477014065,0.22053521871566772,0.0024436647072434425,0.03826389089226723,1.0,True
3,fixed2,3,9,-0.032674580812454224,True,True,False,0.6,0.85,1.7,-7.450580596923828e-06,7.450580596923828e-06,0.11196614801883698,0.0021686465479433537,0.1285863220691681,0.8888888888888888,True
3,fixed2,4,0,0.007325418293476105,True,True,True,0.9,0.4666666666666667,0.6,-1.7515394138172269,1.8714726902544498,0.039406392723321915,0.00032993435161188245,0.05599469691514969,1.0,True
3,fixed2,4,1,-0.032674580812454224,True,True,False,0.7333333333333333,0.7833333333333333,1.5666666666666667,-7.450580596923828e-06,7.450580596923828e-06,0.04055977240204811,0.0007714596576988697,0.08228106796741486,1.0,True
3,fixed2,4,2,0.007325418293476105,False,False,False,,0.0,0.0,-2.8357980772852898,2.929807174950838,0.15435448288917542,0.0007121269591152668,0.05859425291419029,1.0,True
3,fixed2,4,3,-0.032674580812454224,True,True,False,0.7333333333333333,0.7833333333333333,1.5666666666666667,-7.450580596923828e-06,7.450580596923828e-06,0.10093259811401367,0.0016615171916782856,0.07386081665754318,1.0,True
3,fixed2,4,4,0.007325418293476105,False,False,False,,0.0,0.0,-2.9653124511241913,3.113466314971447,0.13727210462093353,0.0008672053227201104,0.04558137431740761,0.5555555555555556,True
3,fixed2,4,5,-0.032674580812454224,True,True,False,0.7333333333333333,0.7833333333333333,1.5666666666666667,-7.450580596923828e-06,7.450580596923828e-06,0.027939554303884506,0.0006822366267442703,0.10080844908952713,1.0,True
3,fixed2,4,6,0.007325418293476105,True,True,False,0.9,0.7,1.4,0.7021576748229563,0.7778406143188477,0.11359361559152603,0.0014131395146250725,0.053436875343322754,1.0,True
3,fixed2,4,7,-0.032674580812454224,True,True,False,0.7333333333333333,0.7833333333333333,1.5666666666666667,-7.450580596923828e-06,7.450580596923828e-06,0.10370418429374695,0.0025342865847051144,0.10028037428855896,0.8888888888888888,True
3,fixed2,4,8,0.007325418293476105,True,True,False,0.9,0.7,1.4,-0.03610670319176279,0.07929326966404915,0.09518471360206604,0.000612814852502197,0.058167167007923126,0.7777777777777778,True
3,fixed2,4,9,-0.032674580812454224,True,True,False,0.7,0.8,1.6,-7.450580596923828e-06,7.450580596923828e-06,0.09689520299434662,0.0023925816640257835,0.10724802315235138,0.8888888888888888,True
3,fixed2,5,0,0.007325418293476105,True,True,False,0.7666666666666667,0.7666666666666667,1.5333333333333334,0.20538752141874284,0.6743809208273888,0.18719588220119476,0.0013518735067918897,0.03879491984844208,0.8888888888888888,True
3,fixed2,5,1,-0.032674580812454224,True,True,False,0.6666666666666666,0.8166666666666667,1.6333333333333333,-7.450580596923828e-06,7.450580596923828e-06,0.14532828330993652,0.0019485228694975376,0.10297223925590515,1.0,True
3,fixed2,5,2,0.007325418293476105,True,True,False,0.8666666666666667,0.7166666666666667,1.4333333333333333,1.1271819239482284,1.144159585237503,0.19078360497951508,0.00027727417182177305,0.04270847141742706,0.6666666666666666,True
3,fixed2,5,3,-0.032674580812454224,True,True,False,0.7,0.8,1.6,-7.450580596923828e-06,7.450580596923828e-06,0.18144915997982025,0.0026683928444981575,0.10186930000782013,0.7777777777777778,True
3,fixed2,5,4,0.007325418293476105,True,True,False,0.8666666666666667,0.7166666666666667,1.4333333333333333,1.1103673605248332,1.2137982994318008,0.22632095217704773,0.00046390516217797995,0.03895268961787224,0.8888888888888888,True
3,fixed2,5,5,-0.032674580812454224,True,True,False,0.7,0.8,1.6,-7.450580596923828e-06,7.450580596923828e-06,0.1427365243434906,0.0020723575726151466,0.0989859327673912,0.8888888888888888,True
3,fixed2,5,6,0.007325418293476105,True,True,False,0.8666666666666667,0.7166666666666667,1.4333333333333333,1.3769515790045261,1.4335624873638153,0.16735835373401642,0.0003426658222451806,0.045163996517658234,0.8888888888888888,True
3,fixed2,5,7,-0.032674580812454224,True,True,False,0.7,0.8,1.6,-7.450580596923828e-06,7.450580596923828e-06,0.13569071888923645,0.0019065458327531815,0.09856483340263367,0.8888888888888888,True
3,fixed2,5,8,0.007325418293476105,True,True,False,0.8666666666666667,0.7166666666666667,1.4333333333333333,1.2853092048317194,1.3517821207642555,0.16774587333202362,0.00046138849575072527,0.04582976549863815,0.7777777777777778,True
3,fixed2,5,9,-0.032674580812454224,True,True,False,0.7,0.8,1.6,-7.450580596923828e-06,7.450580596923828e-06,0.1252046674489975,0.0018099751323461533,0.09677311778068542,0.8888888888888888,True
3,fixed2,6,0,0.007325418293476105,True,False,True,0.8333333333333334,0.4666666666666667,0.9333333333333333,-3.3369106240570545,3.883875207975507,0.06584218889474869,0.0007597599178552628,0.04480661079287529,1.0,True
3,fixed2,6,1,-0.032674580812454224,True,True,False,0.6666666666666666,0.8166666666666667,1.6333333333333333,-7.450580596923828e-06,7.450580596923828e-06,0.09202966094017029,0.0021455553360283375,0.03361503779888153,1.0,True
3,fixed2,6,2,0.007325418293476105,True,False,True,0.9,0.3,0.6,-11.199777945876122,14.109017327427864,0.18902266025543213,0.0028989072889089584,0.023959631100296974,1.0,True
3,fixed2,6,3,-0.032674580812454224,True,True,False,0.5,0.9,1.8,-7.450580596923828e-06,7.450580596923828e-06,0.054686084389686584,0.0010948185808956623,0.04130234941840172,0.8888888888888888,True
3,fixed2,6,4,0.007325418293476105,True,False,True,0.9,0.31666666666666665,0.6333333333333333,-19.99029330909252,23.73870089650154,0.27518999576568604,0.004023560788482428,0.02916797623038292,0.8888888888888888,True
3,fixed2,6,5,-0.032674580812454224,True,True,False,0.4666666666666667,0.9166666666666666,1.8333333333333333,-7.450580596923828e-06,7.450580596923828e-06,0.06687989830970764,0.0009460062719881535,0.048516955226659775,0.7777777777777778,True
3,fixed2,6,6,0.007325418293476105,True,False,True,0.8666666666666667,0.3333333333333333,0.6666666666666666,-6.5209404565393925,7.423037197440863,0.12339035421609879,0.0010689405025914311,0.025450358167290688,0.8888888888888888,True
3,fixed2,6,7,-0.032674580812454224,True,True,False,0.6,0.85,1.7,-7.450580596923828e-06,7.450580596923828e-06,0.08264020085334778,0.0013292348012328148,0.036767080426216125,0.7777777777777778,True
3,fixed2,6,8,0.007325418293476105,True,False,True,0.8333333333333334,0.38333333333333336,0.7666666666666667,-5.095484666526318,5.88072557002306,0.10722508281469345,0.0009840093553066254,0.02951836585998535,1.0,True
3,fixed2,6,9,-0.032674580812454224,True,True,False,0.6,0.85,1.7,-7.450580596923828e-06,7.450580596923828e-06,0.08405052125453949,0.001094285398721695,0.05102604627609253,1.0,True
3,fixed2,7,0,0.007325418293476105,True,False,True,0.7666666666666667,0.5,1.0,-4.471930675208569,5.1928190514445305,0.19829930365085602,0.001954302191734314,0.026414699852466583,0.8888888888888888,True
3,fixed2,7,1,-0.032674580812454224,True,True,False,0.6,0.85,1.7,-7.450580596923828e-06,7.450580596923828e-06,0.03482769802212715,0.0006797458045184612,0.09238942712545395,1.0,True
3,fixed2,7,2,0.007325418293476105,True,True,False,0.8666666666666667,0.7166666666666667,1.4333333333333333,-1.5329247107729316,1.9436669535934925,0.10576236248016357,0.0008416007622145116,0.04678573086857796,1.0,True
3,fixed2,7,3,-0.032674580812454224,True,True,False,0.6333333333333333,0.8333333333333334,1.6666666666666667,-7.450580596923828e-06,7.450580596923828e-06,0.05334695801138878,0.0009482232853770256,0.10939432680606842,1.0,True
3,fixed2,7,4,0.007325418293476105,True,True,False,0.9,0.7,1.4,-1.2397770769894123,1.6842344775795937,0.09687323868274689,0.0011506776791065931,0.0440969355404377,0.8888888888888888,True
3,fixed2,7,5,-0.032674580812454224,True,True,False,0.6666666666666666,0.8166666666666667,1.6333333333333333,-7.450580596923828e-06,7.450580596923828e-06,0.05899185687303543,0.0014881682582199574,0.08775744587182999,1.0,True
3,fixed2,7,6,0.007325418293476105,True,True,False,0.8333333333333334,0.7333333333333333,1.4666666666666666,-1.3019733596593142,1.5675295144319534,0.10580064356327057,0.0009039428550750017,0.052269626408815384,1.0,True
3,fixed2,7,7,-0.032674580812454224,True,True,False,0.6666666666666666,0.8166666666666667,1.6333333333333333,-7.450580596923828e-06,7.450580596923828e-06,0.06007765233516693,0.0015111998654901981,0.08434360474348068,1.0,True
3,fixed2,7,8,0.007325418293476105,True,True,False,0.8333333333333334,0.7333333333333333,1.4666666666666666,-1.0802263859659433,1.6293097287416458,0.06186547502875328,0.0012672031298279762,0.04640881344676018,0.8888888888888888,True
3,fixed2,7,9,-0.032674580812454224,True,True,False,0.6666666666666666,0.8166666666666667,1.6333333333333333,-7.450580596923828e-06,7.450580596923828e-06,0.09280240535736084,0.0021414319053292274,0.08793291449546814,0.8888888888888888,True
3,fixed2,8,0,0.007325418293476105,True,False,True,0.8,0.45,0.9,-16.450705006718636,21.46969921886921,0.37366965413093567,0.0063528260216116905,0.03775487467646599,1.0,True
3,fixed2,8,1,-0.032674580812454224,True,True,False,0.4666666666666667,0.9166666666666666,1.8333333333333333,-7.450580596923828e-06,7.450580596923828e-06,0.09459514170885086,0.0003732279874384403,0.12276250869035721,0.8888888888888888,True
3,fixed2,8,2,0.007325418293476105,True,False,True,0.9333333333333333,0.55,1.1,-3.231559880077839,5.3344834595918655,0.28685030341148376,0.003406819188967347,0.035076290369033813,0.8888888888888888,True
3,fixed2,8,3,-0.032674580812454224,True,True,False,0.6666666666666666,0.8166666666666667,1.6333333333333333,-7.450580596923828e-06,7.450580596923828e-06,0.09660016000270844,0.0004195626825094223,0.13769595324993134,1.0,True
3,fixed2,8,4,0.007325418293476105,True,False,True,1.0,0.5333333333333333,1.0666666666666667,-2.8375834226608276,4.379071295261383,0.27099934220314026,0.0029965322464704514,0.03896082937717438,1.0,True
3,fixed2,8,5,-0.032674580812454224,True,True,False,0.6666666666666666,0.8166666666666667,1.6333333333333333,-7.450580596923828e-06,7.450580596923828e-06,0.08755084127187729,0.0003943517804145813,0.12920497357845306,1.0,True
3,fixed2,8,6,0.007325418293476105,True,False,True,1.0,0.5,1.0,-2.8688774909824133,3.8175182417035103,0.2529533803462982,0.002368865069001913,0.04299391433596611,1.0,True
3,fixed2,8,7,-0.032674580812454224,True,True,False,0.6666666666666666,0.8166666666666667,1.6333333333333333,-7.450580596923828e-06,7.450580596923828e-06,0.08029294013977051,0.0003977818414568901,0.11710970848798752,1.0,True
3,fixed2,8,8,0.007325418293476105,True,False,True,0.9333333333333333,0.5166666666666667,1.0333333333333334,-2.9948456212878227,4.137694835662842,0.25315529108047485,0.002655894961208105,0.044802989810705185,0.8888888888888888,True
3,fixed2,8,9,-0.032674580812454224,True,True,False,0.7,0.8,1.6,-7.450580596923828e-06,7.450580596923828e-06,0.10624600946903229,0.0006831791251897812,0.14271245896816254,1.0,True
3,fixed2,9,0,0.007325418293476105,True,True,False,0.7666666666666667,0.7666666666666667,1.5333333333333334,0.624380074441433,0.8275490254163742,0.07714498043060303,0.0019214184721931815,0.04128827527165413,1.0,True
3,fixed2,9,1,-0.032674580812454224,True,True,False,0.8,0.75,1.5,-7.450580596923828e-06,7.450580596923828e-06,0.07507328689098358,0.0009614294394850731,0.2058912217617035,1.0,True
3,fixed2,9,2,0.007325418293476105,True,True,False,1.2,0.55,1.1,0.32805517548695207,0.49117766320705414,0.08325473219156265,0.0017604702152311802,0.04608318582177162,0.8888888888888888,True
3,fixed2,9,3,-0.032674580812454224,True,True,False,0.8,0.75,1.5,-7.450580596923828e-06,7.450580596923828e-06,0.07202859222888947,0.0019357427954673767,0.18606489896774292,1.0,True
3,fixed2,9,4,0.007325418293476105,True,True,False,1.1666666666666667,0.5666666666666667,1.1333333333333333,0.524671864695847,0.6693219766020775,0.07079385966062546,0.0016814395785331726,0.046038903295993805,1.0,True
3,fixed2,9,5,-0.032674580812454224,True,True,False,0.8,0.75,1.5,-7.450580596923828e-06,7.450580596923828e-06,0.04728006199002266,0.0010833335109055042,0.17052441835403442,0.8888888888888888,True
3,fixed2,9,6,0.007325418293476105,True,True,False,1.1,0.6,1.2,0.7051078137010336,0.8831936866044998,0.0750555470585823,0.0016965961549431086,0.045956242829561234,1.0,True
3,fixed2,9,7,-0.032674580812454224,True,True,False,0.7666666666666667,0.7666666666666667,1.5333333333333334,-7.450580596923828e-06,7.450580596923828e-06,0.05179118737578392,0.0008358671329915524,0.18688446283340454,0.8888888888888888,True
3,fixed2,9,8,0.007325418293476105,True,True,False,1.1,0.6,1.2,0.7680918206460774,0.9391764178872108,0.07659004628658295,0.0016066855750977993,0.04634099081158638,1.0,True
3,fixed2,9,9,-0.032674580812454224,True,True,False,0.8,0.75,1.5,-7.450580596923828e-06,7.450580596923828e-06,0.04679664224386215,0.001198538113385439,0.17789864540100098,0.8888888888888888,True
3,fixed2,10,0,0.007325418293476105,True,False,True,0.7666666666666667,0.5166666666666667,1.0333333333333334,-21.865710616111755,31.43283724784851,0.4816674590110779,0.012200683355331421,0.04009614884853363,1.0,True
3,fixed2,10,1,-0.032674580812454224,True,True,False,0.36666666666666664,0.9666666666666667,1.9333333333333333,-7.450580596923828e-06,7.450580596923828e-06,0.07020631432533264,0.0017691375687718391,0.20079487562179565,1.0,True
3,fixed2,10,2,0.007325418293476105,True,True,True,1.1,0.55,0.5666666666666667,-0.22559851640835404,1.3199462555348873,0.09749747067689896,0.002134178299456835,0.0379599966108799,0.8888888888888888,True
3,fixed2,10,3,-0.032674580812454224,True,True,False,0.6333333333333333,0.8333333333333334,1.6666666666666667,-7.450580596923828e-06,7.450580596923828e-06,0.10749459266662598,0.002107328735291958,0.1300133466720581,1.0,True
3,fixed2,10,4,0.007325418293476105,True,False,True,0.9333333333333333,0.4166666666666667,0.43333333333333335,-0.34402517485432327,2.219364047050476,0.13803961873054504,0.002885492518544197,0.03254810348153114,0.8888888888888888,True
3,fixed2,10,5,-0.032674580812454224,True,True,False,0.6333333333333333,0.8333333333333334,1.6666666666666667,-7.450580596923828e-06,7.450580596923828e-06,0.06443928182125092,0.0011778436601161957,0.13667729496955872,1.0,True
3,fixed2,10,6,0.007325418293476105,True,False,True,1.0,0.35,0.4,-2.749415347352624,8.193456567823887,0.26454398036003113,0.006590673699975014,0.030070900917053223,1.0,True
3,fixed2,10,7,-0.032674580812454224,True,True,False,0.5666666666666667,0.8666666666666667,1.7333333333333334,-7.450580596923828e-06,7.450580596923828e-06,0.07053300738334656,0.0011789016425609589,0.13667239248752594,1.0,True
3,fixed2,10,8,0.007325418293476105,True,True,True,0.9666666666666667,0.43333333333333335,0.43333333333333335,0.01437615355825983,1.2635509483516216,0.11875773966312408,0.002445266116410494,0.03618990629911423,1.0,True
3,fixed2,10,9,-0.032674580812454224,True,True,False,0.6333333333333333,0.8333333333333334,1.6666666666666667,-7.450580596923828e-06,7.450580596923828e-06,0.1603904366493225,0.0029402850195765495,0.14043164253234863,0.8888888888888888,True
3,fixed2,11,0,0.007325418293476105,True,False,True,0.8333333333333334,0.43333333333333335,0.8666666666666667,-8.295894600450993,12.019561603665352,0.2871425151824951,0.004606746602803469,0.031132718548178673,1.0,True
3,fixed2,11,1,-0.032674580812454224,True,True,False,0.5333333333333333,0.8833333333333333,1.7666666666666666,-7.450580596923828e-06,7.450580596923828e-06,0.13192887604236603,0.0022628246806561947,0.13083842396736145,1.0,True
3,fixed2,11,2,0.007325418293476105,True,False,True,1.0,0.5166666666666667,1.0333333333333334,-3.895121393725276,7.006379310041666,0.29400208592414856,0.004107140004634857,0.032878976315259933,0.8888888888888888,True
3,fixed2,11,3,-0.032674580812454224,True,True,False,0.5666666666666667,0.8666666666666667,1.7333333333333334,-7.450580596923828e-06,7.450580596923828e-06,0.24167262017726898,0.0035916557535529137,0.15957528352737427,1.0,True
3,fixed2,11,4,0.007325418293476105,True,False,True,1.0,0.5666666666666667,1.1333333333333333,-2.45550274848938,4.492952488362789,0.24253347516059875,0.0030567855574190617,0.033862240612506866,1.0,True
3,fixed2,11,5,-0.032674580812454224,True,True,False,0.6,0.85,1.7,-7.450580596923828e-06,7.450580596923828e-06,0.22749188542366028,0.003204166889190674,0.15672647953033447,1.0,True
3,fixed2,11,6,0.007325418293476105,True,False,True,1.0,0.5333333333333333,1.0666666666666667,-3.391469828784466,6.498231552541256,0.2882310152053833,0.004054597578942776,0.03196107596158981,0.8888888888888888,True
3,fixed2,11,7,-0.032674580812454224,True,True,False,0.5666666666666667,0.8666666666666667,1.7333333333333334,-7.450580596923828e-06,7.450580596923828e-06,0.2264278531074524,0.003246593289077282,0.14839233458042145,1.0,True
3,fixed2,11,8,0.007325418293476105,True,False,True,1.0,0.5166666666666667,1.0333333333333334,-4.680749960243702,8.995921351015568,0.3258749544620514,0.005091801751405001,0.03184501454234123,1.0,True
3,fixed2,11,9,-0.032674580812454224,True,True,False,0.5666666666666667,0.8666666666666667,1.7333333333333334,-7.450580596923828e-06,7.450580596923828e-06,0.22151722013950348,0.0035487753339111805,0.1295568346977234,1.0,True
3,fixed2,12,0,0.007325418293476105,True,False,True,0.7666666666666667,0.4166666666666667,0.8333333333333334,-28.40871550142765,36.093417555093765,0.45349428057670593,0.009518792852759361,0.04310275614261627,1.0,True
3,fixed2,12,1,-0.032674580812454224,True,True,False,0.3,1.0,2.0,-7.450580596923828e-06,7.450580596923828e-06,0.14135399460792542,0.0003007883206009865,0.14276844263076782,1.0,True
3,fixed2,12,2,0.007325418293476105,True,False,True,1.0333333333333334,0.5,1.0,-5.907702259719372,11.437136679887772,0.432912141084671,0.0061569130048155785,0.027039414271712303,1.0,True
3,fixed2,12,3,-0.032674580812454224,True,True,False,0.5333333333333333,0.8833333333333333,1.7666666666666666,-7.450580596923828e-06,7.450580596923828e-06,0.21200807392597198,0.0019246181473135948,0.1382792741060257,1.0,True
3,fixed2,12,4,0.007325418293476105,True,False,True,0.9666666666666667,0.5166666666666667,1.0333333333333334,-7.458826526999474,13.992143794894218,0.44412463903427124,0.0069802249781787395,0.028066303580999374,0.7777777777777778,True
3,fixed2,12,5,-0.032674580812454224,True,True,False,0.5,0.9,1.8,-7.450580596923828e-06,7.450580596923828e-06,0.20952847599983215,0.0020395582541823387,0.1116960197687149,1.0,True
3,fixed2,12,6,0.007325418293476105,True,False,True,0.9,0.5666666666666667,1.1333333333333333,-4.107591696083546,7.441733032464981,0.3760296404361725,0.004194596782326698,0.026412762701511383,1.0,True
3,fixed2,12,7,-0.032674580812454224,True,True,False,0.5666666666666667,0.8666666666666667,1.7333333333333334,-7.450580596923828e-06,7.450580596923828e-06,0.24384106695652008,0.002880300395190716,0.11048092693090439,1.0,True
3,fixed2,12,8,0.007325418293476105,True,False,True,0.9,0.5666666666666667,1.1333333333333333,-4.933410324156284,9.864321909844875,0.415326863527298,0.005508868023753166,0.027087856084108353,1.0,True
3,fixed2,12,9,-0.032674580812454224,True,True,False,0.5333333333333333,0.8833333333333333,1.7666666666666666,-7.450580596923828e-06,7.450580596923828e-06,0.22331346571445465,0.0022648433223366737,0.12432750314474106,1.0,True
3,fixed2,13,0,0.007325418293476105,True,False,True,0.8333333333333334,0.5166666666666667,1.0333333333333334,-15.136254951357841,23.783063516020775,0.3980535566806793,0.008808339014649391,0.030916426330804825,0.8888888888888888,True
3,fixed2,13,1,-0.032674580812454224,True,True,False,0.43333333333333335,0.9333333333333333,1.8666666666666667,-7.450580596923828e-06,7.450580596923828e-06,0.059520140290260315,0.0004906556569039822,0.08480514585971832,1.0,True
3,fixed2,13,2,0.007325418293476105,True,False,True,0.9,0.6166666666666667,1.2333333333333334,-2.478799084201455,6.29804003983736,0.3176689147949219,0.005136143881827593,0.026806963607668877,1.0,True
3,fixed2,13,3,-0.032674580812454224,True,True,False,0.5666666666666667,0.8666666666666667,1.7333333333333334,-7.450580596923828e-06,7.450580596923828e-06,0.11488314718008041,0.0021389974281191826,0.07380785048007965,0.7777777777777778,True
3,fixed2,13,4,0.007325418293476105,True,False,True,0.8666666666666667,0.6166666666666667,0.7666666666666667,-2.3336734157055616,5.833693780004978,0.3130567669868469,0.004838570021092892,0.02676362171769142,1.0,True
3,fixed2,13,5,-0.032674580812454224,True,True,False,0.5666666666666667,0.8666666666666667,1.7333333333333334,-7.450580596923828e-06,7.450580596923828e-06,0.12592662870883942,0.0024040215648710728,0.07617469877004623,0.7777777777777778,True
3,fixed2,13,6,0.007325418293476105,True,False,True,0.8666666666666667,0.5833333333333334,0.7333333333333333,-1.5093100955709815,4.293739330023527,0.2866305112838745,0.004140523262321949,0.028040388599038124,1.0,True
3,fixed2,13,7,-0.032674580812454224,True,True,False,0.5666666666666667,0.8666666666666667,1.7333333333333334,-7.450580596923828e-06,7.450580596923828e-06,0.1142304316163063,0.0020678765140473843,0.0725802406668663,1.0,True
3,fixed2,13,8,0.007325418293476105,True,False,True,0.8333333333333334,0.5833333333333334,0.7,-0.5547842592932284,2.3548626340925694,0.24808114767074585,0.0029940959066152573,0.029873672872781754,1.0,True
3,fixed2,13,9,-0.032674580812454224,True,True,False,0.6,0.85,1.7,-7.450580596923828e-06,7.450580596923828e-06,0.1297273188829422,0.0024101505987346172,0.08018758147954941,0.8888888888888888,True
3,fixed2,14,0,0.007325418293476105,True,False,True,0.7666666666666667,0.6333333333333333,1.2666666666666666,-5.06667559966445,11.014770716428757,0.41548606753349304,0.00684164697304368,0.025414008647203445,1.0,True
3,fixed2,14,1,-0.032674580812454224,True,True,False,0.5333333333333333,0.8833333333333333,1.7666666666666666,-7.450580596923828e-06,7.450580596923828e-06,0.10327330976724625,0.002133918460458517,0.14391344785690308,0.8888888888888888,True
3,fixed2,14,2,0.007325418293476105,True,True,False,0.9666666666666667,0.6666666666666666,1.3333333333333333,0.1508179702796042,0.2682697959244251,0.19716405868530273,0.0010216800728812814,0.039279986172914505,1.0,True
3,fixed2,14,3,-0.032674580812454224,True,True,False,0.7,0.8,1.6,-7.450580596923828e-06,7.450580596923828e-06,0.12469515204429626,0.0026152916252613068,0.18046952784061432,0.8888888888888888,True
3,fixed2,14,4,0.007325418293476105,True,True,False,1.0333333333333334,0.6333333333333333,1.2666666666666666,0.19012059783563018,0.2361563965678215,0.2157646268606186,0.0009966808138415217,0.03787250816822052,1.0,True
3,fixed2,14,5,-0.032674580812454224,True,True,False,0.7,0.8,1.6,-7.450580596923828e-06,7.450580596923828e-06,0.13502924144268036,0.003030691295862198,0.17075692117214203,1.0,True
3,fixed2,14,6,0.007325418293476105,True,True,False,1.0,0.65,1.3,-0.40512706618756056,0.49244100227952003,0.20349611341953278,0.000892178388312459,0.03768365830183029,1.0,True
3,fixed2,14,7,-0.032674580812454224,True,True,False,0.7,0.8,1.6,-7.450580596923828e-06,7.450580596923828e-06,0.10074112564325333,0.002151673659682274,0.13365180790424347,0.8888888888888888,True
3,fixed2,14,8,0.007325418293476105,True,True,False,0.9333333333333333,0.6833333333333333,1.3666666666666667,0.3610277781262994,0.44730864465236664,0.191472589969635,0.000938523793593049,0.04086114466190338,1.0,True
3,fixed2,14,9,-0.032674580812454224,True,True,False,0.7333333333333333,0.7833333333333333,1.5666666666666667,-7.450580596923828e-06,7.450580596923828e-06,0.12020756304264069,0.0027143191546201706,0.1459711343050003,0.7777777777777778,True
3,fixed2,15,0,0.007325418293476105,True,False,True,0.7666666666666667,0.48333333333333334,0.9666666666666667,-15.608463436365128,21.82593010365963,0.41437190771102905,0.007522272411733866,0.036745376884937286,1.0,True
3,fixed2,15,1,-0.032674580812454224,True,True,False,0.4666666666666667,0.9166666666666666,1.8333333333333333,-7.450580596923828e-06,7.450580596923828e-06,0.2237979769706726,0.0015560910105705261,0.167820543050766,0.8888888888888888,True
3,fixed2,15,2,0.007325418293476105,True,False,True,1.0666666666666667,0.2833333333333333,0.5666666666666667,-11.844564229249954,17.192300409078598,0.36914604902267456,0.00621302705258131,0.032584551721811295,0.8888888888888888,True
3,fixed2,15,3,-0.032674580812454224,True,True,False,0.5,0.9,1.8,-7.450580596923828e-06,7.450580596923828e-06,0.25742673873901367,0.0032436512410640717,0.1442834734916687,1.0,True
3,fixed2,15,4,0.007325418293476105,True,False,True,0.9666666666666667,0.5333333333333333,1.0666666666666667,-2.679170807823539,3.708901582285762,0.17685480415821075,0.0020320317707955837,0.04393763095140457,1.0,True
3,fixed2,15,5,-0.032674580812454224,True,True,False,0.6333333333333333,0.8333333333333334,1.6666666666666667,-7.450580596923828e-06,7.450580596923828e-06,0.23791612684726715,0.003141277004033327,0.12185239791870117,1.0,True
3,fixed2,15,6,0.007325418293476105,True,False,True,0.9,0.6666666666666666,1.3333333333333333,-1.387723721563816,2.5967592373490334,0.12284620851278305,0.0023703419137746096,0.04853787645697594,0.8888888888888888,True
3,fixed2,15,7,-0.032674580812454224,True,True,False,0.6666666666666666,0.8166666666666667,1.6333333333333333,-7.450580596923828e-06,7.450580596923828e-06,0.23378890752792358,0.0031060506589710712,0.11043901741504669,1.0,True
3,fixed2,15,8,0.007325418293476105,True,True,False,0.9,0.7,1.4,-0.36338582867756486,1.5505501069128513,0.15874841809272766,0.0024926336482167244,0.046133577823638916,0.5555555555555556,True
3,fixed2,15,9,-0.032674580812454224,True,True,False,0.6666666666666666,0.8166666666666667,1.6333333333333333,-7.450580596923828e-06,7.450580596923828e-06,0.21360410749912262,0.002735069952905178,0.10997289419174194,1.0,True
3,fixed2,16,0,0.007325418293476105,True,True,False,0.9,0.7333333333333333,1.4,-0.8612789097242057,1.1469055898487568,0.1735369861125946,0.0007805771892890334,0.029475271701812744,1.0,True
3,fixed2,16,1,-0.032674580812454224,True,True,False,0.6333333333333333,0.8333333333333334,1.6666666666666667,-7.450580596923828e-06,7.450580596923828e-06,0.07466946542263031,0.0007452238351106644,0.14323346316814423,1.0,True
3,fixed2,16,2,0.007325418293476105,True,True,False,1.1666666666666667,0.6,1.1333333333333333,-1.0478029726073146,1.199822872877121,0.16349226236343384,0.0006912085227668285,0.03527408093214035,1.0,True
3,fixed2,16,3,-0.032674580812454224,True,True,False,0.6666666666666666,0.8166666666666667,1.6333333333333333,-7.450580596923828e-06,7.450580596923828e-06,0.03868956118822098,0.00038810819387435913,0.13707126677036285,1.0,True
3,fixed2,16,4,0.007325418293476105,True,True,False,1.1333333333333333,0.6166666666666667,1.1666666666666667,-0.9141493937931955,0.966385006904602,0.1679471731185913,0.0009161117486655712,0.035081345587968826,0.7777777777777778,True
3,fixed2,16,5,-0.032674580812454224,True,True,False,0.6666666666666666,0.8166666666666667,1.6333333333333333,-7.450580596923828e-06,7.450580596923828e-06,0.04019066318869591,0.0007898262701928616,0.12088385969400406,1.0,True
3,fixed2,16,6,0.007325418293476105,True,True,False,1.0666666666666667,0.65,1.2333333333333334,-0.9234357276000082,1.0071792639791965,0.17104938626289368,0.0009579246398061514,0.035755325108766556,0.8888888888888888,True
3,fixed2,16,7,-0.032674580812454224,True,True,False,0.6666666666666666,0.8166666666666667,1.6333333333333333,-7.450580596923828e-06,7.450580596923828e-06,0.04063623026013374,0.0006267251446843147,0.13202281296253204,1.0,True
3,fixed2,16,8,0.007325418293476105,True,True,False,1.1,0.6333333333333333,1.2,-0.869536364916712,0.9485878981649876,0.17913761734962463,0.0007882456993684173,0.03419014811515808,0.8888888888888888,True
3,fixed2,16,9,-0.032674580812454224,True,True,False,0.6666666666666666,0.8166666666666667,1.6333333333333333,-7.450580596923828e-06,7.450580596923828e-06,0.035332005470991135,0.00036941515281796455,0.12389727681875229,1.0,True
3,fixed2,17,0,0.007325418293476105,True,False,True,0.7666666666666667,0.7333333333333333,1.4666666666666666,-1.287887105718255,3.6740347277373075,0.3097812533378601,0.0034503380302339792,0.02474406734108925,1.0,True
3,fixed2,17,1,-0.032674580812454224,True,True,False,0.6,0.85,1.7,-7.450580596923828e-06,7.450580596923828e-06,0.07724962383508682,0.0007461882196366787,0.13309259712696075,1.0,True
3,fixed2,17,2,0.007325418293476105,True,True,False,1.0333333333333334,0.6333333333333333,1.2666666666666666,0.02347952249692753,0.12467941269278526,0.20244699716567993,0.0007318643620237708,0.03536996617913246,0.8888888888888888,True
3,fixed2,17,3,-0.032674580812454224,True,True,False,0.7,0.8,1.6,-7.450580596923828e-06,7.450580596923828e-06,0.06167669966816902,0.0004458818584680557,0.13734430074691772,1.0,True
3,fixed2,17,4,0.007325418293476105,True,True,False,1.0333333333333334,0.6333333333333333,1.2666666666666666,0.2137558622052893,0.2982746809720993,0.20587526261806488,0.0005240198224782944,0.03455227613449097,0.6666666666666666,True
3,fixed2,17,5,-0.032674580812454224,True,True,False,0.7,0.8,1.6,-7.450580596923828e-06,7.450580596923828e-06,0.08181119710206985,0.0008401274681091309,0.13173364102840424,1.0,True
3,fixed2,17,6,0.007325418293476105,True,True,False,1.0,0.65,1.3,0.17111707711592317,0.2265721559524536,0.2127912938594818,0.00048684782814234495,0.03126688301563263,1.0,True
3,fixed2,17,7,-0.032674580812454224,True,True,False,0.6666666666666666,0.8166666666666667,1.6333333333333333,-7.450580596923828e-06,7.450580596923828e-06,0.14335554838180542,0.0016655116342008114,0.1362093836069107,1.0,True
3,fixed2,17,8,0.007325418293476105,True,True,False,1.0,0.65,1.3,0.07395042484859005,0.0825631432235241,0.22425052523612976,0.000697610666975379,0.029606394469738007,0.8888888888888888,True
3,fixed2,17,9,-0.032674580812454224,True,True,False,0.6666666666666666,0.8166666666666667,1.6333333333333333,-7.450580596923828e-06,7.450580596923828e-06,0.1529955267906189,0.0018799323588609695,0.13471081852912903,1.0,True
3,fixed2,18,0,0.007325418293476105,True,True,False,0.7666666666666667,0.7666666666666667,1.5333333333333334,0.2967470500152558,0.3844229504466057,0.18492302298545837,0.0004937638295814395,0.04443798586726189,1.0,True
3,fixed2,18,1,-0.032674580812454224,True,True,False,0.8,0.75,1.5,-7.450580596923828e-06,7.450580596923828e-06,0.07552994042634964,0.0015419013798236847,0.09621143341064453,1.0,True
3,fixed2,18,2,0.007325418293476105,True,True,False,0.8666666666666667,0.7166666666666667,1.4333333333333333,0.18651846039574593,0.3168312832713127,0.18034380674362183,0.0002764449454843998,0.046846989542245865,1.0,True
3,fixed2,18,3,-0.032674580812454224,True,True,False,0.8,0.75,1.5,-7.450580596923828e-06,7.450580596923828e-06,0.06555993854999542,0.0013287877663969994,0.09710613638162613,1.0,True
3,fixed2,18,4,0.007325418293476105,True,True,False,0.8666666666666667,0.7166666666666667,1.4333333333333333,0.39261631900444627,0.41975267231464386,0.17996767163276672,0.00020455580670386553,0.04547937959432602,1.0,True
3,fixed2,18,5,-0.032674580812454224,True,True,False,0.8,0.75,1.5,-7.450580596923828e-06,7.450580596923828e-06,0.08093291521072388,0.0016175773926079273,0.09251950681209564,1.0,True
3,fixed2,18,6,0.007325418293476105,True,True,False,0.8666666666666667,0.7166666666666667,1.4333333333333333,0.14245985948946327,0.2064020372927189,0.19039374589920044,0.0004184009740129113,0.04546438157558441,1.0,True
3,fixed2,18,7,-0.032674580812454224,True,True,False,0.8,0.75,1.5,-7.450580596923828e-06,7.450580596923828e-06,0.06207809969782829,0.0011576460674405098,0.09806966036558151,1.0,True
3,fixed2,18,8,0.007325418293476105,True,True,False,0.8666666666666667,0.7166666666666667,1.4333333333333333,0.3391110512893647,0.5395887419581413,0.19324278831481934,0.0004467475228011608,0.04762153699994087,0.8888888888888888,True
3,fixed2,18,9,-0.032674580812454224,True,True,False,0.8,0.75,1.5,-7.450580596923828e-06,7.450580596923828e-06,0.05539968982338905,0.0010048989206552505,0.09754940867424011,1.0,True
3,fixed2,19,0,0.007325418293476105,True,False,True,0.7666666666666667,0.7,1.4,-2.292943187057972,6.62552285939455,0.25779759883880615,0.006872241385281086,0.037966057658195496,1.0,True
3,fixed2,19,1,-0.032674580812454224,True,True,False,0.6,0.85,1.7,-7.450580596923828e-06,7.450580596923828e-06,0.10391774773597717,0.0017074709758162498,0.1950366497039795,1.0,True
3,fixed2,19,2,0.007325418293476105,True,True,False,1.1666666666666667,0.5666666666666667,1.1333333333333333,0.39205141365528107,0.5302373319864273,0.08659699559211731,0.001123886788263917,0.05308167636394501,1.0,True
3,fixed2,19,3,-0.032674580812454224,True,True,False,0.7333333333333333,0.7833333333333333,1.5666666666666667,-7.450580596923828e-06,7.450580596923828e-06,0.12447639554738998,0.0025506624951958656,0.16498874127864838,1.0,True
3,fixed2,19,4,0.007325418293476105,True,True,False,1.0333333333333334,0.6333333333333333,1.2666666666666666,0.7721278816461563,0.8370736613869667,0.0754523053765297,0.0008027269504964352,0.05403324216604233,1.0,True
3,fixed2,19,5,-0.032674580812454224,True,True,False,0.7666666666666667,0.7666666666666667,1.5333333333333334,-7.450580596923828e-06,7.450580596923828e-06,0.12688583135604858,0.0031719491817057133,0.1335011124610901,1.0,True
3,fixed2,19,6,0.007325418293476105,True,True,False,0.9666666666666667,0.6666666666666666,1.3333333333333333,1.2528577353805304,1.3133743777871132,0.08009706437587738,0.0007869957480579615,0.05683702975511551,0.8888888888888888,True
3,fixed2,19,7,-0.032674580812454224,True,True,False,0.7666666666666667,0.7666666666666667,1.5333333333333334,-7.450580596923828e-06,7.450580596923828e-06,0.1037132516503334,0.0023322757333517075,0.14188751578330994,1.0,True
3,fixed2,19,8,0.007325418293476105,True,True,False,1.0,0.65,1.3,1.5165883814916015,1.5713004395365715,0.07363864779472351,0.0005788643611595035,0.056366998702287674,0.7777777777777778,True
3,fixed2,19,9,-0.032674580812454224,True,True,False,0.7333333333333333,0.7833333333333333,1.5666666666666667,-7.450580596923828e-06,7.450580596923828e-06,0.17511530220508575,0.0029822257347404957,0.1451178342103958,0.8888888888888888,True
3,fixed2,20,0,0.007325418293476105,True,True,False,0.7666666666666667,0.7666666666666667,1.5333333333333334,0.34494593273848295,0.835757702589035,0.20529921352863312,0.0009758230298757553,0.030431807041168213,0.8888888888888888,True
3,fixed2,20,1,-0.032674580812454224,True,True,False,0.7,0.8,1.6,-7.450580596923828e-06,7.450580596923828e-06,0.16870376467704773,0.0005088113248348236,0.13769502937793732,1.0,True
3,fixed2,20,2,0.007325418293476105,True,True,False,1.0,0.65,1.3,0.9173640282824636,1.0130973532795906,0.19383984804153442,0.0005457838997244835,0.0477667860686779,1.0,True
3,fixed2,20,3,-0.032674580812454224,True,True,False,0.7666666666666667,0.7666666666666667,1.5333333333333334,-7.450580596923828e-06,7.450580596923828e-06,0.15865914523601532,0.00021700561046600342,0.12946343421936035,1.0,True
3,fixed2,20,4,0.007325418293476105,True,True,False,1.0,0.65,1.3,0.6637961487285793,0.8704736828804016,0.1950041651725769,0.0005872709443792701,0.04733942076563835,0.8888888888888888,True
3,fixed2,20,5,-0.032674580812454224,True,True,False,0.7666666666666667,0.7666666666666667,1.5333333333333334,-7.450580596923828e-06,7.450580596923828e-06,0.16523227095603943,0.00028859032317996025,0.13124248385429382,1.0,True
3,fixed2,20,6,0.007325418293476105,True,True,False,1.0,0.65,1.3,0.8400005754083395,1.0533574968576431,0.2055770307779312,0.0007346937200054526,0.04715665429830551,1.0,True
3,fixed2,20,7,-0.032674580812454224,True,True,False,0.7666666666666667,0.7666666666666667,1.5333333333333334,-7.450580596923828e-06,7.450580596923828e-06,0.18768800795078278,0.0007102065719664097,0.12858706712722778,1.0,True
3,fixed2,20,8,0.007325418293476105,True,True,False,1.0,0.65,1.3,0.9115738794207573,1.1154841631650925,0.20901614427566528,0.0007274257950484753,0.04744396731257439,1.0,True
3,fixed2,20,9,-0.032674580812454224,True,True,False,0.7666666666666667,0.7666666666666667,1.5333333333333334,-7.450580596923828e-06,7.450580596923828e-06,0.16791434586048126,0.00034805014729499817,0.11919747292995453,0.7777777777777778,True
3,fixed2,21,0,0.007325418293476105,True,False,True,0.7666666666666667,0.6166666666666667,1.2333333333333334,-3.3452296629548073,4.571797326207161,0.22268451750278473,0.0015992526896297932,0.03302257880568504,1.0,True
3,fixed2,21,1,-0.032674580812454224,True,True,False,0.6333333333333333,0.8333333333333334,1.6666666666666667,-7.450580596923828e-06,7.450580596923828e-06,0.07602012902498245,0.00033437320962548256,0.13307344913482666,1.0,True
3,fixed2,21,2,0.007325418293476105,True,True,False,1.0333333333333334,0.6333333333333333,1.2666666666666666,-1.1205372866243124,1.3859705068171024,0.209744393825531,0.001012404914945364,0.04136580228805542,1.0,True
3,fixed2,21,3,-0.032674580812454224,True,True,False,0.7,0.8,1.6,-7.450580596923828e-06,7.450580596923828e-06,0.06898524612188339,0.00029762834310531616,0.13204026222229004,1.0,True
3,fixed2,21,4,0.007325418293476105,True,True,False,1.0333333333333334,0.6333333333333333,1.2666666666666666,-0.8607541094534099,0.9827115572988987,0.20163780450820923,0.0011030023451894522,0.04154296964406967,0.8888888888888888,True
3,fixed2,21,5,-0.032674580812454224,True,True,False,0.7,0.8,1.6,-7.450580596923828e-06,7.450580596923828e-06,0.08873221278190613,0.0005043875426054001,0.13158535957336426,0.7777777777777778,True
3,fixed2,21,6,0.007325418293476105,True,True,False,1.0,0.65,1.3,-1.3552074087783694,1.5355213545262814,0.17946092784404755,0.0009556456352584064,0.04385407269001007,1.0,True
3,fixed2,21,7,-0.032674580812454224,True,True,False,0.6666666666666666,0.8166666666666667,1.6333333333333333,-7.450580596923828e-06,7.450580596923828e-06,0.19992494583129883,0.0015468671917915344,0.13996237516403198,1.0,True
3,fixed2,21,8,0.007325418293476105,True,True,False,0.9666666666666667,0.6666666666666666,1.3333333333333333,-1.1573503725230694,1.2665609829127789,0.16490529477596283,0.0009546222863718867,0.04484440013766289,1.0,True
3,fixed2,21,9,-0.032674580812454224,True,True,False,0.6666666666666666,0.8166666666666667,1.6333333333333333,-7.450580596923828e-06,7.450580596923828e-06,0.207900732755661,0.0015144008211791515,0.15011894702911377,1.0,True
3,fixed2,22,0,0.007325418293476105,True,True,False,0.7666666666666667,0.7666666666666667,1.5333333333333334,0.5959620466455817,0.9925859048962593,0.2652883529663086,0.0012817010283470154,0.025313569232821465,0.8888888888888888,True
3,fixed2,22,1,-0.032674580812454224,True,True,False,0.6333333333333333,0.8333333333333334,1.6666666666666667,-7.450580596923828e-06,7.450580596923828e-06,0.17672817409038544,0.0020774779841303825,0.17931899428367615,1.0,True
3,fixed2,22,2,0.007325418293476105,True,True,False,1.0666666666666667,0.6166666666666667,1.2333333333333334,0.5317352479323745,0.8123219013214111,0.27720579504966736,0.001571429893374443,0.03235946223139763,1.0,True
3,fixed2,22,3,-0.032674580812454224,True,True,False,0.6666666666666666,0.8166666666666667,1.6333333333333333,-7.450580596923828e-06,7.450580596923828e-06,0.13162094354629517,0.0011306805536150932,0.20448267459869385,1.0,True
3,fixed2,22,4,0.007325418293476105,True,True,False,1.1333333333333333,0.5833333333333334,1.1666666666666667,0.3362860297784209,0.505443662405014,0.2756977379322052,0.0012331553734838963,0.033365704119205475,1.0,True
3,fixed2,22,5,-0.032674580812454224,True,True,False,0.6666666666666666,0.8166666666666667,1.6333333333333333,-7.450580596923828e-06,7.450580596923828e-06,0.11052794754505157,0.0008483072742819786,0.20609532296657562,1.0,True
3,fixed2,22,6,0.007325418293476105,True,True,False,1.2,0.55,1.1,0.7363851764239371,0.8028894662857056,0.27438944578170776,0.0007645223522558808,0.035185735672712326,1.0,True
3,fixed2,22,7,-0.032674580812454224,True,True,False,0.6666666666666666,0.8166666666666667,1.6333333333333333,-7.450580596923828e-06,7.450580596923828e-06,0.16435480117797852,0.0018911315128207207,0.20644336938858032,1.0,True
3,fixed2,22,8,0.007325418293476105,True,True,False,1.1,0.6,1.2,0.2925709413830191,0.43741846457123756,0.2756199538707733,0.0009345971047878265,0.031664736568927765,1.0,True
3,fixed2,22,9,-0.032674580812454224,True,True,False,0.6666666666666666,0.8166666666666667,1.6333333333333333,-7.450580596923828e-06,7.450580596923828e-06,0.15976807475090027,0.0016359053552150726,0.2160603255033493,0.8888888888888888,True
3,fixed2,23,0,0.007325418293476105,True,False,True,0.7666666666666667,0.6333333333333333,1.2666666666666666,-6.297764368355274,13.372611254453659,0.3997848927974701,0.0072684697806835175,0.02161645144224167,1.0,True
3,fixed2,23,1,-0.032674580812454224,True,True,False,0.5333333333333333,0.8833333333333333,1.7666666666666666,-7.450580596923828e-06,7.450580596923828e-06,0.11210412532091141,0.0013746675103902817,0.09183599054813385,1.0,True
3,fixed2,23,2,0.007325418293476105,True,True,False,0.9333333333333333,0.6833333333333333,1.3666666666666667,0.35406980896368623,0.906873494386673,0.2591472268104553,0.002127657178789377,0.03295747935771942,0.8888888888888888,True
3,fixed2,23,3,-0.032674580812454224,True,True,False,0.6666666666666666,0.8166666666666667,1.6333333333333333,-7.450580596923828e-06,7.450580596923828e-06,0.09813038259744644,0.0010387562215328217,0.11370256543159485,1.0,True
3,fixed2,23,4,0.007325418293476105,True,True,False,0.9666666666666667,0.6666666666666666,1.3333333333333333,0.6226050900295377,0.9716050699353218,0.21435879170894623,0.0011404359247535467,0.040074422955513,1.0,True
3,fixed2,23,5,-0.032674580812454224,True,True,False,0.6666666666666666,0.8166666666666667,1.6333333333333333,-7.450580596923828e-06,7.450580596923828e-06,0.07291223853826523,0.0003938465379178524,0.12264837324619293,1.0,True
3,fixed2,23,6,0.007325418293476105,True,True,False,1.0333333333333334,0.6333333333333333,1.2666666666666666,0.6677891360595822,0.9511234238743782,0.20184731483459473,0.0008644640911370516,0.041413962841033936,0.8888888888888888,True
3,fixed2,23,7,-0.032674580812454224,True,True,False,0.6666666666666666,0.8166666666666667,1.6333333333333333,-7.450580596923828e-06,7.450580596923828e-06,0.06574081629514694,0.00038741761818528175,0.11128274351358414,1.0,True
3,fixed2,23,8,0.007325418293476105,True,True,False,0.9666666666666667,0.6666666666666666,1.3333333333333333,0.457324757007882,0.7838811725378036,0.2108498066663742,0.0011412817984819412,0.038742564618587494,1.0,True
3,fixed2,23,9,-0.032674580812454224,True,True,False,0.6666666666666666,0.8166666666666667,1.6333333333333333,-7.450580596923828e-06,7.450580596923828e-06,0.06556239724159241,0.0004215189255774021,0.12238439172506332,0.8888888888888888,True
3,fixed2,24,0,0.007325418293476105,True,False,True,0.8,0.31666666666666665,0.6333333333333333,-30.22843599319458,40.000006556510925,0.5355728268623352,0.013327553868293762,0.0360654816031456,1.0,True
3,fixed2,24,1,-0.032674580812454224,True,True,False,0.3,1.0,2.0,-7.450580596923828e-06,7.450580596923828e-06,0.03132132813334465,0.00013426179066300392,0.1381966918706894,1.0,True
3,fixed2,24,2,0.007325418293476105,True,False,True,1.0,0.36666666666666664,0.7333333333333333,-16.537023708224297,26.818901300430298,0.5171778202056885,0.01302566658705473,0.034668028354644775,0.8888888888888888,True
3,fixed2,24,3,-0.032674580812454224,True,True,False,0.4,0.95,1.9,-7.450580596923828e-06,7.450580596923828e-06,0.04146215319633484,0.00045702094212174416,0.13876086473464966,1.0,True
3,fixed2,24,4,0.007325418293476105,True,False,True,1.0,0.43333333333333335,0.8666666666666667,-11.057095602154732,21.930526942014694,0.5144608020782471,0.012876423075795174,0.029782656580209732,1.0,True
3,fixed2,24,5,-0.032674580812454224,True,True,False,0.43333333333333335,0.9333333333333333,1.8666666666666667,-7.450580596923828e-06,7.450580596923828e-06,0.09953977912664413,0.0013371240347623825,0.14588935673236847,1.0,True
3,fixed2,24,6,0.007325418293476105,True,False,True,1.0,0.6,1.2,-1.9870356190949678,3.80172417499125,0.24773624539375305,0.0036629317328333855,0.03497936204075813,1.0,True
3,fixed2,24,7,-0.032674580812454224,True,True,False,0.6,0.85,1.7,-7.450580596923828e-06,7.450580596923828e-06,0.11532644182443619,0.001669502817094326,0.1394232213497162,1.0,True
3,fixed2,24,8,0.007325418293476105,True,False,True,0.9666666666666667,0.6333333333333333,1.2666666666666666,-1.6493512084707618,2.6944796554744244,0.20817668735980988,0.0023118273820728064,0.03339622914791107,1.0,True
3,fixed2,24,9,-0.032674580812454224,True,True,False,0.6,0.85,1.7,-7.450580596923828e-06,7.450580596923828e-06,0.1005873829126358,0.0015092883259057999,0.13252609968185425,0.8888888888888888,True
3,fixed2,25,0,0.007325418293476105,True,False,True,0.7666666666666667,0.43333333333333335,0.8666666666666667,-28.248582035303116,35.3059396147728,0.3594144880771637,0.008463764563202858,0.03767234459519386,0.8888888888888888,True
3,fixed2,25,1,-0.032674580812454224,True,True,False,0.3333333333333333,0.9833333333333333,1.9666666666666666,-7.450580596923828e-06,7.450580596923828e-06,0.06516489386558533,0.0006898818537592888,0.11579909920692444,1.0,True
3,fixed2,25,2,0.007325418293476105,True,False,True,0.9666666666666667,0.5666666666666667,1.1333333333333333,-3.227784065529704,6.297768093645573,0.31253522634506226,0.004273917060345411,0.02887882851064205,1.0,True
3,fixed2,25,3,-0.032674580812454224,True,True,False,0.6,0.85,1.7,-7.450580596923828e-06,7.450580596923828e-06,0.12425123155117035,0.0012858263216912746,0.10413466393947601,1.0,True
3,fixed2,25,4,0.007325418293476105,True,False,True,0.9,0.6,1.2,-2.7342811226844788,4.729538224637508,0.2860640585422516,0.0033495407551527023,0.03082093968987465,0.7777777777777778,True
3,fixed2,25,5,-0.032674580812454224,True,True,False,0.6,0.85,1.7,-7.450580596923828e-06,7.450580596923828e-06,0.0945982038974762,0.0008376059122383595,0.09296632558107376,1.0,True
3,fixed2,25,6,0.007325418293476105,True,False,True,0.9,0.55,1.1,-4.578959662467241,8.959412574768066,0.3586651086807251,0.00544340256601572,0.029119133949279785,0.8888888888888888,True
3,fixed2,25,7,-0.032674580812454224,True,True,False,0.5666666666666667,0.8666666666666667,1.7333333333333334,-7.450580596923828e-06,7.450580596923828e-06,0.0890306755900383,0.0007210527546703815,0.09859825670719147,1.0,True
3,fixed2,25,8,0.007325418293476105,True,False,True,0.9,0.55,1.1,-5.944267846643925,11.835665442049503,0.394182413816452,0.006700740195810795,0.028676118701696396,0.8888888888888888,True
3,fixed2,25,9,-0.032674580812454224,True,True,False,0.5333333333333333,0.8833333333333333,1.7666666666666666,-7.450580596923828e-06,7.450580596923828e-06,0.09049651026725769,0.0006624958477914333,0.10027656704187393,1.0,True
3,fixed2,26,0,0.007325418293476105,True,True,False,0.7666666666666667,0.7666666666666667,1.5333333333333334,0.03098515298916027,0.4552081227302551,0.08648889511823654,0.0009497195715084672,0.04013730585575104,0.8888888888888888,True
3,fixed2,26,1,-0.032674580812454224,True,True,False,0.7,0.8,1.6,-7.450580596923828e-06,7.450580596923828e-06,0.0708816796541214,0.0017414577305316925,0.1359899640083313,1.0,True
3,fixed2,26,2,0.007325418293476105,True,True,False,1.0,0.65,1.3,0.0770937986089848,0.19361544400453568,0.1338011473417282,0.001570891821756959,0.04310283437371254,0.7777777777777778,True
3,fixed2,26,3,-0.032674580812454224,True,True,False,0.7333333333333333,0.7833333333333333,1.5666666666666667,-7.450580596923828e-06,7.450580596923828e-06,0.08579456806182861,0.0021053669042885303,0.14944837987422943,1.0,True
3,fixed2,26,4,0.007325418293476105,True,True,False,1.0333333333333334,0.6333333333333333,1.2666666666666666,-0.034584714740049094,0.18072035163640976,0.13208258152008057,0.001593689899891615,0.04363996535539627,0.8888888888888888,True
3,fixed2,26,5,-0.032674580812454224,True,True,False,0.7333333333333333,0.7833333333333333,1.5666666666666667,-7.450580596923828e-06,7.450580596923828e-06,0.08414599299430847,0.0020578703843057156,0.14546099305152893,1.0,True
3,fixed2,26,6,0.007325418293476105,True,True,False,1.0333333333333334,0.6333333333333333,1.2666666666666666,0.06755084177711979,0.2086297608911991,0.12415207922458649,0.0015822178684175014,0.04450472816824913,0.8888888888888888,True
3,fixed2,26,7,-0.032674580812454224,True,True,False,0.7333333333333333,0.7833333333333333,1.5666666666666667,-7.450580596923828e-06,7.450580596923828e-06,0.0780823826789856,0.0019319355487823486,0.14876960217952728,1.0,True
3,fixed2,26,8,0.007325418293476105,True,True,False,1.0333333333333334,0.6333333333333333,1.2666666666666666,0.05596969276666641,0.18591759726405144,0.11658322811126709,0.0014724755892530084,0.044025324285030365,1.0,True
3,fixed2,26,9,-0.032674580812454224,True,True,False,0.7333333333333333,0.7833333333333333,1.5666666666666667,-7.450580596923828e-06,7.450580596923828e-06,0.08025948703289032,0.0019699903205037117,0.14683586359024048,1.0,True
3,fixed2,27,0,0.007325418293476105,True,False,True,0.7666666666666667,0.6833333333333333,1.3666666666666667,-2.603912493214011,4.9557131715118885,0.25889113545417786,0.003817217890173197,0.03713924437761307,1.0,True
3,fixed2,27,1,-0.032674580812454224,True,True,False,0.6,0.85,1.7,-7.450580596923828e-06,7.450580596923828e-06,0.16865426301956177,0.0024335039779543877,0.1434859186410904,1.0,True
3,fixed2,27,2,0.007325418293476105,True,True,False,0.9666666666666667,0.6666666666666666,1.3333333333333333,0.050392984121572226,0.3859228454530239,0.1731361597776413,0.0015968055231496692,0.04875496029853821,0.8888888888888888,True
3,fixed2,27,3,-0.032674580812454224,True,True,False,0.7,0.8,1.6,-7.450580596923828e-06,7.450580596923828e-06,0.164771169424057,0.002200104296207428,0.16991424560546875,1.0,True
3,fixed2,27,4,0.007325418293476105,True,True,False,1.0333333333333334,0.6333333333333333,1.2666666666666666,0.16148161375895143,0.3562425263226032,0.19860360026359558,0.001577889546751976,0.04900026693940163,1.0,True
3,fixed2,27,5,-0.032674580812454224,True,True,False,0.7,0.8,1.6,-7.450580596923828e-06,7.450580596923828e-06,0.15686996281147003,0.0017822789959609509,0.16561272740364075,1.0,True
3,fixed2,27,6,0.007325418293476105,True,True,False,1.0333333333333334,0.6333333333333333,1.2666666666666666,0.4653905925806612,0.485097523778677,0.22434714436531067,0.0014997364487498999,0.04383444786071777,1.0,True
3,fixed2,27,7,-0.032674580812454224,True,True,False,0.6666666666666666,0.8166666666666667,1.6333333333333333,-7.450580596923828e-06,7.450580596923828e-06,0.26199471950531006,0.004376059863716364,0.14389324188232422,0.8888888888888888,True
3,fixed2,27,8,0.007325418293476105,True,True,False,0.9,0.7,1.4,0.9619136108085513,1.0022930800914764,0.2266727089881897,0.0014252708060666919,0.04455890133976936,0.7777777777777778,True
3,fixed2,27,9,-0.032674580812454224,True,True,False,0.6666666666666666,0.8166666666666667,1.6333333333333333,-7.450580596923828e-06,7.450580596923828e-06,0.21611881256103516,0.0033418266102671623,0.1276615411043167,1.0,True
3,fixed2,28,0,0.007325418293476105,True,False,True,0.8333333333333334,0.55,1.1,-2.5493199937045574,2.8634387999773026,0.026627281680703163,0.0006681762752123177,0.030605196952819824,1.0,True
3,fixed2,28,1,-0.032674580812454224,True,True,False,0.6666666666666666,0.8166666666666667,1.6333333333333333,-7.450580596923828e-06,7.450580596923828e-06,0.08204042166471481,0.0017621596343815327,0.05681902915239334,1.0,True
3,fixed2,28,2,0.007325418293476105,True,False,True,0.9,0.5666666666666667,1.1333333333333333,-2.806516597047448,3.8559623062610626,0.09438177943229675,0.0023584971204400063,0.03132609650492668,1.0,True
3,fixed2,28,3,-0.032674580812454224,True,True,False,0.7,0.8,1.6,-7.450580596923828e-06,7.450580596923828e-06,0.049036864191293716,0.001229017972946167,0.08778826147317886,1.0,True
3,fixed2,28,4,0.007325418293476105,True,False,True,0.8333333333333334,0.48333333333333334,0.9666666666666667,-3.788246773183346,4.5667365193367,0.048724282532930374,0.0010712638031691313,0.03221685811877251,0.8888888888888888,True
3,fixed2,28,5,-0.032674580812454224,True,True,False,0.6666666666666666,0.8166666666666667,1.6333333333333333,-7.450580596923828e-06,7.450580596923828e-06,0.057326093316078186,0.0009146141819655895,0.10757630318403244,1.0,True
3,fixed2,28,6,0.007325418293476105,True,False,True,1.0,0.2833333333333333,0.5666666666666667,-3.49225802347064,3.8799026515334845,0.03449423611164093,0.0007265512831509113,0.04379013925790787,1.0,True
3,fixed2,28,7,-0.032674580812454224,True,True,False,0.6666666666666666,0.8166666666666667,1.6333333333333333,-7.450580596923828e-06,7.450580596923828e-06,0.05685028061270714,0.0009379922412335873,0.10868736356496811,1.0,True
3,fixed2,28,8,0.007325418293476105,True,False,True,1.0,0.25,0.5,-3.5426216199994087,3.8209741469472647,0.020527837797999382,0.00047324353363364935,0.04662129655480385,1.0,True
3,fixed2,28,9,-0.032674580812454224,True,True,False,0.7,0.8,1.6,-7.450580596923828e-06,7.450580596923828e-06,0.05646296218037605,0.0009725457057356834,0.11133941262960434,1.0,True
3,fixed2,29,0,0.007325418293476105,True,False,True,0.7666666666666667,0.5333333333333333,1.0666666666666667,-8.779197931289673,15.735909342765808,0.45883607864379883,0.006955618970096111,0.02247585542500019,0.8888888888888888,True
3,fixed2,29,1,-0.032674580812454224,True,True,False,0.5,0.9,1.8,-7.450580596923828e-06,7.450580596923828e-06,0.05042807385325432,0.00020426977425813675,0.11236948519945145,0.8888888888888888,True
3,fixed2,29,2,0.007325418293476105,True,True,False,0.9666666666666667,0.6666666666666666,1.3333333333333333,-0.8562969160266221,1.1884169653058052,0.2063748836517334,0.0006807822501286864,0.0341520756483078,1.0,True
3,fixed2,29,3,-0.032674580812454224,True,True,False,0.6666666666666666,0.8166666666666667,1.6333333333333333,-7.450580596923828e-06,7.450580596923828e-06,0.16964563727378845,0.003206697292625904,0.14462950825691223,1.0,True
3,fixed2,29,4,0.007325418293476105,True,True,False,0.9666666666666667,0.6666666666666666,1.3333333333333333,-0.9497522260062397,1.14352535456419,0.1942334771156311,0.0004688909975811839,0.03190522640943527,0.8888888888888888,True
3,fixed2,29,5,-0.032674580812454224,True,True,False,0.6666666666666666,0.8166666666666667,1.6333333333333333,-7.450580596923828e-06,7.450580596923828e-06,0.06120474636554718,0.0007315855473279953,0.10245003551244736,1.0,True
3,fixed2,29,6,0.007325418293476105,True,True,False,0.9333333333333333,0.6833333333333333,1.3666666666666667,-0.3918788570445031,0.5216225981712341,0.18967072665691376,0.0005067411111667752,0.03632941097021103,1.0,True
3,fixed2,29,7,-0.032674580812454224,True,True,False,0.7,0.8,1.6,-7.450580596923828e-06,7.450580596923828e-06,0.180025115609169,0.0029620835557579994,0.1156306266784668,1.0,True
3,fixed2,29,8,0.007325418293476105,True,True,False,0.9,0.7,1.4,-0.9131624246947467,1.2193191796541214,0.20292465388774872,0.000923775602132082,0.02806652896106243,0.8888888888888888,True
3,fixed2,29,9,-0.032674580812454224,True,True,False,0.6666666666666666,0.8166666666666667,1.6333333333333333,-7.450580596923828e-06,7.450580596923828e-06,0.09338036179542542,0.0008367425762116909,0.08942627161741257,1.0,True
3,fixed2,30,0,0.007325418293476105,True,False,True,0.8333333333333334,0.7,1.4,-1.358421053737402,2.5844089686870575,0.10052630305290222,0.002159991767257452,0.04049401730298996,0.8888888888888888,True
3,fixed2,30,1,-0.032674580812454224,True,True,False,0.6333333333333333,0.8333333333333334,1.6666666666666667,-7.450580596923828e-06,7.450580596923828e-06,0.02355021797120571,0.0005582505837082863,0.1615586131811142,1.0,True
3,fixed2,30,2,0.007325418293476105,True,True,False,1.0666666666666667,0.6166666666666667,1.2333333333333334,0.7309417123906314,0.7805135101079941,0.056122858077287674,0.001365806208923459,0.05412425100803375,1.0,True
3,fixed2,30,3,-0.032674580812454224,True,True,False,0.7,0.8,1.6,-7.450580596923828e-06,7.450580596923828e-06,0.054245106875896454,0.0009296992793679237,0.17693723738193512,1.0,True
3,fixed2,30,4,0.007325418293476105,True,True,False,1.1,0.6,1.2,1.1123468866571784,1.1584535241127014,0.041816454380750656,0.0009892715606838465,0.05503123253583908,1.0,True
3,fixed2,30,5,-0.032674580812454224,True,True,False,0.7333333333333333,0.7833333333333333,1.5666666666666667,-7.450580596923828e-06,7.450580596923828e-06,0.04360981285572052,0.0007155565544962883,0.18498918414115906,1.0,True
3,fixed2,30,6,0.007325418293476105,True,True,False,1.1,0.6,1.2,1.5363739803433418,1.5730438753962517,0.08190345764160156,0.001976914005354047,0.05524422228336334,1.0,True
3,fixed2,30,7,-0.032674580812454224,True,True,False,0.7,0.8,1.6,-7.450580596923828e-06,7.450580596923828e-06,0.07659700512886047,0.0009618550539016724,0.20251505076885223,0.8888888888888888,True
3,fixed2,30,8,0.007325418293476105,True,True,False,1.1333333333333333,0.5833333333333334,1.1666666666666667,1.6620141686871648,1.6871541738510132,0.0884975790977478,0.0021555819548666477,0.05044357478618622,1.0,True
3,fixed2,30,9,-0.032674580812454224,True,True,False,0.7,0.8,1.6,-7.450580596923828e-06,7.450580596923828e-06,0.07176662236452103,0.0010092481970787048,0.17818428575992584,1.0,True
3,fixed2,31,0,0.007325418293476105,True,False,True,0.8,0.7166666666666667,1.4333333333333333,-0.7803345797583461,2.856816630810499,0.1529550850391388,0.003881261684000492,0.026080835610628128,1.0,True
3,fixed2,31,1,-0.032674580812454224,True,True,False,0.6,0.85,1.7,-7.450580596923828e-06,7.450580596923828e-06,0.12164318561553955,0.0030086017213761806,0.15534326434135437,0.7777777777777778,True
3,fixed2,31,2,0.007325418293476105,True,True,False,1.1,0.6,1.2,0.20001745724584907,1.6719670966267586,0.17706447839736938,0.004432839807122946,0.02555440552532673,0.8888888888888888,True
3,fixed2,31,3,-0.032674580812454224,True,True,False,0.6,0.85,1.7,-7.450580596923828e-06,7.450580596923828e-06,0.09042336791753769,0.0023554773069918156,0.17446866631507874,0.5555555555555556,True
3,fixed2,31,4,0.007325418293476105,True,False,True,1.1333333333333333,0.5,0.6333333333333333,-0.12655592581722885,2.9667592607438564,0.21575330197811127,0.005562948528677225,0.02554265968501568,1.0,True
3,fixed2,31,5,-0.032674580812454224,True,True,False,0.5666666666666667,0.8666666666666667,1.7333333333333334,-7.450580596923828e-06,7.450580596923828e-06,0.11121761798858643,0.002736276015639305,0.15947666764259338,1.0,True
3,fixed2,31,6,0.007325418293476105,True,False,True,1.0666666666666667,0.4,0.5333333333333333,-0.7587498403154314,4.9923984333872795,0.2616051435470581,0.006849156226962805,0.026785757392644882,1.0,True
3,fixed2,31,7,-0.032674580812454224,True,True,False,0.5333333333333333,0.8833333333333333,1.7666666666666666,-7.450580596923828e-06,7.450580596923828e-06,0.11105230450630188,0.0028290944173932076,0.17995937168598175,1.0,True
3,fixed2,31,8,0.007325418293476105,True,False,True,1.1333333333333333,0.4,0.5666666666666667,-0.20790907728951424,4.126577638089657,0.25283995270729065,0.006627616938203573,0.0259745754301548,1.0,True
3,fixed2,31,9,-0.032674580812454224,True,True,False,0.5666666666666667,0.8666666666666667,1.7333333333333334,-7.450580596923828e-06,7.450580596923828e-06,0.11201587319374084,0.0028352467343211174,0.17623096704483032,1.0,True
3,fixed5,0,0,0.007325418293476105,True,False,True,0.7666666666666667,0.4666666666666667,1.4,-36.31485253572464,37.6671738922596,0.42083775997161865,0.004311270080506802,0.05401340499520302,1.0,True
3,fixed5,0,1,-0.032674580812454224,True,True,False,0.43333333333333335,0.9733333333333334,4.866666666666666,-7.450580596923828e-06,7.450580596923828e-06,0.14599020779132843,0.00011217594146728516,0.10551473498344421,1.0,True
3,fixed5,0,2,0.007325418293476105,True,False,True,0.9333333333333333,0.37333333333333335,0.9333333333333333,-1.018316368572414,2.249383833259344,0.3400351405143738,0.002375346142798662,0.03762828931212425,0.8888888888888888,True
3,fixed5,0,3,-0.032674580812454224,True,True,False,0.6333333333333333,0.9333333333333333,4.666666666666667,-7.450580596923828e-06,7.450580596923828e-06,0.13486449420452118,6.992137059569359e-05,0.12244781106710434,0.8888888888888888,True
3,fixed5,1,0,0.007325418293476105,True,False,True,0.8666666666666667,0.52,2.6,-2.4742926470935345,2.4975198321044445,0.04172958806157112,0.00017671118257567286,0.05908593907952309,1.0,True
3,fixed5,1,1,-0.032674580812454224,True,False,True,0.9666666666666667,0.3933333333333333,1.0,24.75266344845295,26.69343166053295,0.3001469373703003,0.006570879369974136,0.06671569496393204,1.0,True
3,fixed5,1,2,0.007325418293476105,False,False,False,,0.0,0.0,-3.131474368274212,3.1618583016097546,0.04525469243526459,0.00030331884045153856,0.0759798139333725,1.0,True
3,fixed5,1,3,-0.032674580812454224,True,False,True,0.9333333333333333,0.48,1.2333333333333334,20.73092572391033,26.819266378879547,0.2921595573425293,0.0070543428882956505,0.07169277966022491,1.0,True
3,fixed5,2,0,0.007325418293476105,True,False,True,0.7666666666666667,0.5133333333333333,1.3333333333333333,-10.90088952332735,20.02537250518799,0.4810987114906311,0.008993256837129593,0.02001900225877762,1.0,True
3,fixed5,2,1,-0.032674580812454224,True,True,False,0.4666666666666667,0.9666666666666667,4.833333333333333,-7.450580596923828e-06,7.450580596923828e-06,0.06528260558843613,4.300661385059357e-05,0.10815326124429703,0.8888888888888888,True
3,fixed5,2,2,0.007325418293476105,True,True,True,0.9333333333333333,0.4866666666666667,1.4,1.085724332369864,1.1402852833271027,0.22666531801223755,0.0010411579860374331,0.04031626880168915,1.0,True
3,fixed5,2,3,-0.032674580812454224,True,True,False,0.7,0.92,4.6,-7.450580596923828e-06,7.450580596923828e-06,0.06262757629156113,0.00041109370067715645,0.10351215302944183,1.0,True
3,fixed5,3,0,0.007325418293476105,True,False,True,0.8,0.4666666666666667,1.2,-20.14080062508583,30.58447502553463,0.4696417450904846,0.011909954249858856,0.030109263956546783,0.6666666666666666,True
3,fixed5,3,1,-0.032674580812454224,True,True,False,0.36666666666666664,0.9866666666666667,4.933333333333334,-7.450580596923828e-06,7.450580596923828e-06,0.1417335569858551,0.0006550271064043045,0.13571497797966003,1.0,True
3,fixed5,3,2,0.007325418293476105,True,False,True,0.9666666666666667,0.34,1.1333333333333333,-5.969217047095299,13.370701111853123,0.33414149284362793,0.007880063727498055,0.027114948257803917,1.0,True
3,fixed5,3,3,-0.032674580812454224,True,True,False,0.5,0.96,4.8,-7.450580596923828e-06,7.450580596923828e-06,0.06889321655035019,0.0017016452038660645,0.11189672350883484,1.0,True
3,fixed5,4,0,0.007325418293476105,True,False,True,0.9,0.19333333333333333,0.6333333333333333,-3.2412740401923656,3.7417591083794832,0.15843160450458527,0.0011826546397060156,0.055876269936561584,1.0,True
3,fixed5,4,1,-0.032674580812454224,True,True,False,0.7,0.92,4.6,-7.450580596923828e-06,7.450580596923828e-06,0.05503927171230316,0.00020312564447522163,0.04696754366159439,1.0,True
3,fixed5,4,2,0.007325418293476105,False,False,False,,0.0,0.0,-9.092782624065876,11.177285574376583,0.1891489028930664,0.002913261763751507,0.03328422084450722,1.0,True
3,fixed5,4,3,-0.032674580812454224,True,True,False,0.5666666666666667,0.9466666666666667,4.733333333333333,-7.450580596923828e-06,7.450580596923828e-06,0.05449505150318146,0.0005571315996348858,0.05453357473015785,0.8888888888888888,True
3,fixed5,5,0,0.007325418293476105,True,True,True,0.7666666666666667,0.5333333333333333,1.6666666666666667,0.8985293679870665,1.187318004667759,0.22598764300346375,0.0006857824046164751,0.042577989399433136,1.0,True
3,fixed5,5,1,-0.032674580812454224,True,True,False,0.7,0.92,4.6,-7.450580596923828e-06,7.450580596923828e-06,0.1137261763215065,0.00016256608068943024,0.06270895898342133,1.0,True
3,fixed5,5,2,0.007325418293476105,True,True,True,0.8,0.56,2.2333333333333334,0.6129888352006674,0.8187079802155495,0.2561883330345154,0.0014884455595165491,0.04291297495365143,0.8888888888888888,True
3,fixed5,5,3,-0.032674580812454224,True,True,False,0.7,0.92,4.6,-7.450580596923828e-06,7.450580596923828e-06,0.09060906618833542,2.0800158381462097e-05,0.08337829262018204,0.7777777777777778,True
3,fixed5,6,0,0.007325418293476105,True,False,True,0.8333333333333334,0.18666666666666668,0.9333333333333333,-5.599880125373602,5.714830011129379,0.04378188028931618,0.0011374398600310087,0.05181196331977844,0.8888888888888888,True
3,fixed5,6,1,-0.032674580812454224,True,True,False,0.7,0.92,4.6,-7.450580596923828e-06,7.450580596923828e-06,0.012659499421715736,1.1870171874761581e-05,0.03759719431400299,0.7777777777777778,True
3,fixed5,6,2,0.007325418293476105,True,False,True,0.8666666666666667,0.11333333333333333,0.5666666666666667,-7.790177129209042,7.802657317370176,0.00494365394115448,0.0001234222436323762,0.040964946150779724,1.0,True
3,fixed5,6,3,-0.032674580812454224,True,True,False,0.6333333333333333,0.9333333333333333,4.666666666666667,-7.450580596923828e-06,7.450580596923828e-06,0.05412369593977928,0.00140824553091079,0.09658148884773254,0.8888888888888888,True
3,fixed5,7,0,0.007325418293476105,True,False,True,0.7666666666666667,0.2,1.0,-5.543092265725136,5.564714316278696,0.06039877235889435,0.00010892207501456141,0.04641495645046234,1.0,True
3,fixed5,7,1,-0.032674580812454224,True,True,False,0.6333333333333333,0.9333333333333333,4.666666666666667,-7.450580596923828e-06,7.450580596923828e-06,0.033203866332769394,0.00013625016435980797,0.08782760053873062,1.0,True
3,fixed5,7,2,0.007325418293476105,True,False,True,0.8666666666666667,0.34,1.7,-3.6285477690398693,4.004851914942265,0.057826075702905655,0.0007953341118991375,0.06586166471242905,1.0,True
3,fixed5,7,3,-0.032674580812454224,True,True,False,0.6666666666666666,0.9266666666666666,4.633333333333334,-7.450580596923828e-06,7.450580596923828e-06,0.02438107505440712,1.981062814593315e-05,0.07659509778022766,0.8888888888888888,True
3,fixed5,8,0,0.007325418293476105,True,True,True,0.8,0.44,1.3,-0.19706279272213578,0.25642476975917816,0.1592887043952942,0.00018898071721196175,0.04441235214471817,1.0,True
3,fixed5,8,1,-0.032674580812454224,True,True,False,0.7333333333333333,0.9133333333333333,4.566666666666666,-7.450580596923828e-06,7.450580596923828e-06,0.12388142198324203,0.00035296566784381866,0.14065726101398468,1.0,True
3,fixed5,8,2,0.007325418293476105,True,True,True,1.0,0.49333333333333335,1.5333333333333334,0.934291398152709,1.0146163403987885,0.24258320033550262,0.0009355624206364155,0.04120612516999245,0.8888888888888888,True
3,fixed5,8,3,-0.032674580812454224,True,True,False,0.7666666666666667,0.9066666666666666,4.533333333333333,-7.450580596923828e-06,7.450580596923828e-06,0.16908544301986694,0.000757971778512001,0.1686653047800064,1.0,True
3,fixed5,9,0,0.007325418293476105,True,True,False,0.7666666666666667,0.9066666666666666,4.533333333333333,-0.8237027213908732,1.2637684121727943,0.09946607798337936,0.0024836044758558273,0.0300507340580225,1.0,True
3,fixed5,9,1,-0.032674580812454224,True,True,False,0.6666666666666666,0.9266666666666666,4.633333333333334,-7.450580596923828e-06,7.450580596923828e-06,0.017826518043875694,0.00044374680146574974,0.21381975710391998,1.0,True
3,fixed5,9,2,0.007325418293476105,True,True,False,1.1333333333333333,0.8333333333333334,4.166666666666667,0.9429962956346571,1.0654181241989136,0.018076326698064804,0.0004404783248901367,0.031141797080636024,1.0,True
3,fixed5,9,3,-0.032674580812454224,True,True,False,0.7333333333333333,0.9133333333333333,4.566666666666666,-7.450580596923828e-06,7.450580596923828e-06,0.010189835913479328,0.000253134872764349,0.1773175150156021,1.0,True
3,fixed5,10,0,0.007325418293476105,True,False,True,0.7666666666666667,0.44666666666666666,1.2,-6.6314744763076305,12.942254543304443,0.3213355839252472,0.0072901127859950066,0.023346342146396637,0.7777777777777778,True
3,fixed5,10,1,-0.032674580812454224,True,True,False,0.5,0.96,4.8,-7.450580596923828e-06,7.450580596923828e-06,0.017218537628650665,0.00043033016845583916,0.12611320614814758,1.0,True
3,fixed5,10,2,0.007325418293476105,True,False,True,1.0333333333333334,0.4,1.4,1.947541255503893,2.3652538657188416,0.15759308636188507,0.0014878509100526571,0.04221482202410698,0.8888888888888888,True
3,fixed5,10,3,-0.032674580812454224,True,True,False,0.7333333333333333,0.9133333333333333,4.566666666666666,-7.450580596923828e-06,7.450580596923828e-06,0.03872203826904297,4.563480615615845e-05,0.08777698874473572,1.0,True
3,fixed5,11,0,0.007325418293476105,True,False,True,0.8333333333333334,0.3933333333333333,1.1,-3.108693053945899,5.066893994808197,0.228107288479805,0.0030377721413969994,0.032726410776376724,0.8888888888888888,True
3,fixed5,11,1,-0.032674580812454224,True,True,False,0.6,0.94,4.7,-7.450580596923828e-06,7.450580596923828e-06,0.08917451649904251,0.0007764599286019802,0.07414604723453522,0.8888888888888888,True
3,fixed5,11,2,0.007325418293476105,True,True,True,0.9,0.4533333333333333,1.2,-1.142406021244824,1.9665802828967571,0.14884081482887268,0.001611473853699863,0.03890925645828247,0.8888888888888888,True
3,fixed5,11,3,-0.032674580812454224,True,True,False,0.6666666666666666,0.9266666666666666,4.633333333333334,-7.450580596923828e-06,7.450580596923828e-06,0.0719267800450325,0.0007872800342738628,0.05398590862751007,0.7777777777777778,True
3,fixed5,12,0,0.007325418293476105,True,False,True,0.7666666666666667,0.38,1.0666666666666667,-15.444408170878887,23.1600571423769,0.4516415596008301,0.008044464513659477,0.031681403517723083,1.0,True
3,fixed5,12,1,-0.032674580812454224,True,True,False,0.4666666666666667,0.9666666666666667,4.833333333333333,-7.450580596923828e-06,7.450580596923828e-06,0.12958788871765137,0.00020486721768975258,0.1487775295972824,1.0,True
3,fixed5,12,2,0.007325418293476105,True,False,True,1.0333333333333334,0.44666666666666666,1.1333333333333333,-0.9015700197778642,2.659016754478216,0.3312649726867676,0.0032638884149491787,0.03278856351971626,0.8888888888888888,True
3,fixed5,12,3,-0.032674580812454224,True,True,False,0.6,0.94,4.7,-7.450580596923828e-06,7.450580596923828e-06,0.19199271500110626,0.0013170982711017132,0.12239156663417816,1.0,True
3,fixed5,13,0,0.007325418293476105,True,False,True,0.8333333333333334,0.44,1.1666666666666667,-9.522924199700356,17.605872824788094,0.4053087830543518,0.008617081679403782,0.028070181608200073,1.0,True
3,fixed5,13,1,-0.032674580812454224,True,True,False,0.4666666666666667,0.9666666666666667,4.833333333333333,-7.450580596923828e-06,7.450580596923828e-06,0.04896116629242897,0.00028369296342134476,0.048374298959970474,1.0,True
3,fixed5,13,2,0.007325418293476105,True,False,True,0.8333333333333334,0.49333333333333335,1.2666666666666666,-3.291265107691288,8.378325961530209,0.3539524972438812,0.006291976198554039,0.026650361716747284,1.0,True
3,fixed5,13,3,-0.032674580812454224,True,True,False,0.5333333333333333,0.9533333333333334,4.766666666666667,-7.450580596923828e-06,7.450580596923828e-06,0.06325888633728027,0.0003899610601365566,0.07279837876558304,1.0,True
3,fixed5,14,0,0.007325418293476105,True,True,True,0.7666666666666667,0.54,1.4333333333333333,-0.6329613388516009,0.7807803340256214,0.15700308978557587,0.0009707604767754674,0.03691309317946434,0.8888888888888888,True
3,fixed5,14,1,-0.032674580812454224,True,True,False,0.7,0.92,4.6,-7.450580596923828e-06,7.450580596923828e-06,0.02021823637187481,0.00024176202714443207,0.11465181410312653,1.0,True
3,fixed5,14,2,0.007325418293476105,True,False,True,0.9333333333333333,0.5,2.466666666666667,-17.76614412665367,34.579724073410034,0.8037537932395935,0.014383002184331417,0.05803902819752693,0.8888888888888888,True
3,fixed5,14,3,-0.032674580812454224,True,True,False,0.7333333333333333,0.9133333333333333,4.566666666666666,-7.450580596923828e-06,7.450580596923828e-06,0.020193394273519516,6.320513784885406e-05,0.10006064921617508,0.8888888888888888,True
3,fixed5,15,0,0.007325418293476105,True,False,True,0.7666666666666667,0.46,1.3333333333333333,-3.714044811204076,7.224544882774353,0.252890944480896,0.005020922049880028,0.03559897840023041,1.0,True
3,fixed5,15,1,-0.032674580812454224,True,True,False,0.6,0.94,4.7,-7.450580596923828e-06,7.450580596923828e-06,0.09636428207159042,0.0006150412373244762,0.09568211436271667,1.0,True
3,fixed5,15,2,0.007325418293476105,True,True,True,0.9,0.47333333333333333,1.5666666666666667,-0.0016684643924236298,0.14851102605462074,0.17991754412651062,0.0013237785315141082,0.04890310764312744,1.0,True
3,fixed5,15,3,-0.032674580812454224,True,True,False,0.7,0.92,4.6,-7.450580596923828e-06,7.450580596923828e-06,0.06285715848207474,0.00016763852909207344,0.08144715428352356,1.0,True
3,fixed5,16,0,0.007325418293476105,True,True,True,0.9,0.49333333333333335,1.5666666666666667,-1.1061565019190311,1.1577475816011429,0.17995291948318481,0.0013481436762958765,0.03861944377422333,0.7777777777777778,True
3,fixed5,16,1,-0.032674580812454224,True,True,False,0.6666666666666666,0.9266666666666666,4.633333333333334,-7.450580596923828e-06,7.450580596923828e-06,0.048457071185112,0.00016863597556948662,0.15615560114383698,0.8888888888888888,True
3,fixed5,16,2,0.007325418293476105,True,True,True,1.2,0.38666666666666666,1.3666666666666667,0.04512780287768692,0.24897605180740356,0.25155723094940186,0.0016682930290699005,0.033462584018707275,0.8888888888888888,True
3,fixed5,16,3,-0.032674580812454224,True,True,False,0.7,0.92,4.6,-7.450580596923828e-06,7.450580596923828e-06,0.11694738268852234,0.00022651907056570053,0.17124883830547333,1.0,True
3,fixed5,17,0,0.007325418293476105,True,True,True,0.7666666666666667,0.44666666666666666,1.4666666666666666,0.09110332030104473,0.4443340003490448,0.25692275166511536,0.001542978803627193,0.039496999233961105,0.8888888888888888,True
3,fixed5,17,1,-0.032674580812454224,True,True,False,0.7,0.92,4.6,-7.450580596923828e-06,7.450580596923828e-06,0.04757894203066826,0.0003374512307345867,0.16489577293395996,1.0,True
3,fixed5,17,2,0.007325418293476105,True,False,True,1.1333333333333333,0.38,1.6333333333333333,-1.3132815947756171,3.637555055320263,0.33993709087371826,0.002140529453754425,0.03229844570159912,1.0,True
3,fixed5,17,3,-0.032674580812454224,True,True,False,0.7,0.92,4.6,-7.450580596923828e-06,7.450580596923828e-06,0.036426760256290436,0.00015915324911475182,0.1562492847442627,0.7777777777777778,True
3,fixed5,18,0,0.007325418293476105,True,False,True,0.7666666666666667,0.44,2.2,-39.815470576286316,40.000006556510925,0.49888283014297485,0.01084451749920845,0.04529479146003723,1.0,True
3,fixed5,18,1,-0.032674580812454224,True,True,False,1.0333333333333334,0.8533333333333334,4.266666666666667,-7.450580596923828e-06,7.450580596923828e-06,0.025493763387203217,0.00019386271014809608,0.06323745101690292,0.8888888888888888,True
3,fixed5,18,2,0.007325418293476105,True,False,True,0.8333333333333334,0.6733333333333333,3.3666666666666667,-9.609912522137165,13.382183387875557,0.3288858234882355,0.004121941514313221,0.024123063310980797,0.8888888888888888,True
3,fixed5,18,3,-0.032674580812454224,True,True,False,0.5333333333333333,0.9533333333333334,4.766666666666667,-7.450580596923828e-06,7.450580596923828e-06,0.030325978994369507,8.061667904257774e-05,0.09101080894470215,1.0,True
3,fixed5,19,0,0.007325418293476105,True,True,True,0.7666666666666667,0.47333333333333333,1.4,0.20024526747874916,0.45505398884415627,0.0885811522603035,0.0009197805775329471,0.05106906220316887,1.0,True
3,fixed5,19,1,-0.032674580812454224,True,True,False,0.7333333333333333,0.9133333333333333,4.566666666666666,-7.450580596923828e-06,7.450580596923828e-06,0.04217411205172539,0.0010493556037545204,0.17081524431705475,0.8888888888888888,True
3,fixed5,19,2,0.007325418293476105,True,False,True,1.0666666666666667,0.43333333333333335,2.1666666666666665,-24.048438295722008,37.49685361981392,0.7357734441757202,0.01462983526289463,0.06630240380764008,1.0,True
3,fixed5,19,3,-0.032674580812454224,True,True,False,0.7666666666666667,0.9066666666666666,4.533333333333333,-7.450580596923828e-06,7.450580596923828e-06,0.04029599577188492,0.0009688558056950569,0.1896166354417801,0.8888888888888888,True
3,fixed5,20,0,0.007325418293476105,True,True,True,0.7666666666666667,0.5466666666666666,1.7333333333333334,0.7343897596001625,0.9021945297718048,0.2248508632183075,0.0005015656352043152,0.04926328361034393,1.0,True
3,fixed5,20,1,-0.032674580812454224,True,True,False,0.7666666666666667,0.9066666666666666,4.533333333333333,-7.450580596923828e-06,7.450580596923828e-06,0.15373800694942474,0.00011323951184749603,0.12217211723327637,1.0,True
3,fixed5,20,2,0.007325418293476105,True,False,True,0.9666666666666667,0.46,2.2,-7.468906696885824,20.74342593550682,0.5997617840766907,0.008341939188539982,0.04934467375278473,0.7777777777777778,True
3,fixed5,20,3,-0.032674580812454224,True,True,False,0.7666666666666667,0.9066666666666666,4.533333333333333,-7.450580596923828e-06,7.450580596923828e-06,0.1572776436805725,7.89538025856018e-05,0.10260675102472305,1.0,True
3,fixed5,21,0,0.007325418293476105,True,False,True,0.7666666666666667,0.41333333333333333,1.2333333333333334,-4.605161026120186,4.711654037237167,0.19181343913078308,0.0008290773257613182,0.03069564700126648,1.0,True
3,fixed5,21,1,-0.032674580812454224,True,True,False,0.6333333333333333,0.9333333333333333,4.666666666666667,-7.450580596923828e-06,7.450580596923828e-06,0.06099659949541092,0.00010322127491235733,0.13684269785881042,1.0,True
3,fixed5,21,2,0.007325418293476105,True,False,True,1.0333333333333334,0.30666666666666664,1.5333333333333334,-3.5355249419808388,3.5516214556992054,0.1621135026216507,8.253465057350695e-05,0.02972150593996048,1.0,True
3,fixed5,21,3,-0.032674580812454224,True,True,False,0.6333333333333333,0.9333333333333333,4.666666666666667,-7.450580596923828e-06,7.450580596923828e-06,0.07068726420402527,0.00012135179713368416,0.13657934963703156,1.0,True
3,fixed5,22,0,0.007325418293476105,True,True,True,0.7666666666666667,0.49333333333333335,1.7,0.7623574347235262,1.0188855230808258,0.2679542303085327,0.001292229862883687,0.038404982537031174,0.8888888888888888,True
3,fixed5,22,1,-0.032674580812454224,True,True,False,0.7333333333333333,0.9133333333333333,4.566666666666666,-7.450580596923828e-06,7.450580596923828e-06,0.06265798956155777,1.9725877791643143e-05,0.12683792412281036,1.0,True
3,fixed5,22,2,0.007325418293476105,True,True,True,1.0,0.4,1.2666666666666666,0.7771856617182493,0.9493045508861542,0.2518066465854645,0.0006451578810811043,0.03485135734081268,1.0,True
3,fixed5,22,3,-0.032674580812454224,True,True,False,0.7666666666666667,0.9066666666666666,4.533333333333333,-7.450580596923828e-06,7.450580596923828e-06,0.039661604911088943,0.00013592978939414024,0.15850983560085297,0.8888888888888888,True
3,fixed5,23,0,0.007325418293476105,True,False,True,0.7666666666666667,0.4533333333333333,1.2666666666666666,-21.886462345719337,30.777279287576675,0.4159437119960785,0.010205819271504879,0.03422091528773308,0.8888888888888888,True
3,fixed5,23,1,-0.032674580812454224,True,True,False,0.36666666666666664,0.9866666666666667,4.933333333333334,-7.450580596923828e-06,7.450580596923828e-06,0.04108501970767975,0.00031966855749487877,0.13379615545272827,1.0,True
3,fixed5,23,2,0.007325418293476105,True,False,True,1.0,0.49333333333333335,1.2666666666666666,-2.9167921748012304,8.70958250015974,0.42169490456581116,0.007218596525490284,0.023651471361517906,1.0,True
3,fixed5,23,3,-0.032674580812454224,True,True,False,0.5333333333333333,0.9533333333333334,4.766666666666667,-7.450580596923828e-06,7.450580596923828e-06,0.035909801721572876,0.00026695430278778076,0.1286861002445221,1.0,True
3,fixed5,24,0,0.007325418293476105,True,False,True,0.8,0.26666666666666666,0.7,-29.63719703257084,40.000006556510925,0.5624247789382935,0.01402779296040535,0.040817394852638245,0.8888888888888888,True
3,fixed5,24,1,-0.032674580812454224,True,True,False,0.3,1.0,5.0,-7.450580596923828e-06,7.450580596923828e-06,0.0847189798951149,0.0021565170027315617,0.1412040740251541,1.0,True
3,fixed5,24,2,0.007325418293476105,True,False,True,1.0,0.4533333333333333,1.2666666666666666,-10.887311771512032,22.372322157025337,0.5504365563392639,0.014081301167607307,0.027198396623134613,1.0,True
3,fixed5,24,3,-0.032674580812454224,True,True,False,0.5,0.96,4.8,-7.450580596923828e-06,7.450580596923828e-06,0.020475933328270912,0.00022130366414785385,0.10349149256944656,1.0,True
3,fixed5,25,0,0.007325418293476105,True,False,True,0.7666666666666667,0.3933333333333333,1.1,-30.467083677649498,37.82730549573898,0.3916136622428894,0.009638134390115738,0.04252850264310837,0.8888888888888888,True
3,fixed5,25,1,-0.032674580812454224,True,True,False,0.3,1.0,5.0,-7.450580596923828e-06,7.450580596923828e-06,0.007668992038816214,5.7771336287260056e-05,0.08966200053691864,1.0,True
3,fixed5,25,2,0.007325418293476105,True,False,True,0.9,0.48,1.3,-2.048571826890111,4.253902938216925,0.28761255741119385,0.00359685393050313,0.029849469661712646,1.0,True
3,fixed5,25,3,-0.032674580812454224,True,True,False,0.6,0.94,4.7,-7.450580596923828e-06,7.450580596923828e-06,0.08611975610256195,0.0004822653718292713,0.1431918740272522,1.0,True
3,fixed5,26,0,0.007325418293476105,True,False,True,0.7666666666666667,0.36,1.7,2.460719784721732,2.9011107981204987,0.18115146458148956,0.0015451019862666726,0.030733207240700722,0.7777777777777778,True
3,fixed5,26,1,-0.032674580812454224,True,True,False,0.6666666666666666,0.9266666666666666,4.633333333333334,-7.450580596923828e-06,7.450580596923828e-06,0.05169832333922386,0.0012760236859321594,0.10981564223766327,1.0,True
3,fixed5,26,2,0.007325418293476105,True,False,True,0.9,0.5066666666666667,2.533333333333333,-6.625794339925051,17.809268087148666,0.5108952522277832,0.006623418070375919,0.038340941071510315,1.0,True
3,fixed5,26,3,-0.032674580812454224,True,True,False,0.7333333333333333,0.9133333333333333,4.566666666666666,-7.450580596923828e-06,7.450580596923828e-06,0.031921956688165665,0.0007965988479554653,0.13454170525074005,1.0,True
3,fixed5,27,0,0.007325418293476105,True,True,True,0.7666666666666667,0.5466666666666666,1.3666666666666667,0.9184650261886418,1.151454634964466,0.23351304233074188,0.0016671911580488086,0.03549742326140404,1.0,True
3,fixed5,27,1,-0.032674580812454224,True,True,False,0.6666666666666666,0.9266666666666666,4.633333333333334,-7.450580596923828e-06,7.450580596923828e-06,0.15404339134693146,0.0004341420717537403,0.1679697334766388,1.0,True
3,fixed5,27,2,0.007325418293476105,True,True,True,1.1666666666666667,0.4533333333333333,1.8333333333333333,0.551423232536763,0.7918206974864006,0.2942204475402832,0.002209255238994956,0.02681655064225197,0.7777777777777778,True
3,fixed5,27,3,-0.032674580812454224,True,True,False,0.7,0.92,4.6,-7.450580596923828e-06,7.450580596923828e-06,0.08889761567115784,9.364215657114983e-05,0.12403760850429535,0.8888888888888888,True
3,fixed5,28,0,0.007325418293476105,True,False,True,0.8333333333333334,0.22,1.1,-8.45983624458313,8.920145221054554,0.053993478417396545,0.0013508701231330633,0.03913923352956772,0.8888888888888888,True
3,fixed5,28,1,-0.032674580812454224,True,True,False,0.6333333333333333,0.9333333333333333,4.666666666666667,-7.450580596923828e-06,7.450580596923828e-06,0.05243314802646637,0.0007209735922515392,0.055467575788497925,1.0,True
3,fixed5,28,2,0.007325418293476105,True,False,True,0.8666666666666667,0.21333333333333335,1.0666666666666667,-4.487713798880577,4.49837651103735,0.005741088651120663,0.00013541593216359615,0.03435948118567467,1.0,True
3,fixed5,28,3,-0.032674580812454224,True,True,False,0.6333333333333333,0.9333333333333333,4.666666666666667,-7.450580596923828e-06,7.450580596923828e-06,0.056479353457689285,0.0002503669820725918,0.047552287578582764,0.8888888888888888,True
3,fixed5,29,0,0.007325418293476105,True,False,True,0.7666666666666667,0.48,1.3333333333333333,-1.515206997282803,2.457542810589075,0.2688291370868683,0.002143248450011015,0.02659386768937111,1.0,True
3,fixed5,29,1,-0.032674580812454224,True,True,False,0.6333333333333333,0.9333333333333333,4.666666666666667,-7.450580596923828e-06,7.450580596923828e-06,0.06809529662132263,0.0001351451501250267,0.1028832197189331,1.0,True
3,fixed5,29,2,0.007325418293476105,True,True,True,0.9333333333333333,0.49333333333333335,1.3666666666666667,0.11709327372955158,0.21040020510554314,0.21205174922943115,0.0014453314943239093,0.038800355046987534,1.0,True
3,fixed5,29,3,-0.032674580812454224,True,True,False,0.7,0.92,4.6,-7.450580596923828e-06,7.450580596923828e-06,0.07462400197982788,0.00039304234087467194,0.10257232189178467,1.0,True
3,fixed5,30,0,0.007325418293476105,True,False,True,0.8333333333333334,0.2866666666666667,1.4,5.957102403044701,6.397206336259842,0.07609964162111282,0.002031588926911354,0.043424054980278015,1.0,True
3,fixed5,30,1,-0.032674580812454224,True,True,False,0.7,0.92,4.6,-7.450580596923828e-06,7.450580596923828e-06,0.02593633532524109,0.0006323093548417091,0.06709655374288559,1.0,True
3,fixed5,30,2,0.007325418293476105,False,False,False,,0.07333333333333333,0.13333333333333333,1.801921520382166,5.068310536444187,0.31872621178627014,0.008378734812140465,0.0382341593503952,1.0,True
3,fixed5,30,3,-0.032674580812454224,True,True,False,0.6,0.94,4.7,-7.450580596923828e-06,7.450580596923828e-06,0.01795467548072338,0.0004301462322473526,0.0956067368388176,1.0,True
3,fixed5,31,0,0.007325418293476105,True,True,True,0.8,0.5066666666666667,1.4333333333333333,-0.019789207726716995,0.2940082922577858,0.03580409660935402,0.0009289926383644342,0.050516318529844284,1.0,True
3,fixed5,31,1,-0.032674580812454224,True,True,False,0.7333333333333333,0.9133333333333333,4.566666666666666,-7.450580596923828e-06,7.450580596923828e-06,0.004280055873095989,0.00010674120858311653,0.15072284638881683,1.0,True
3,fixed5,31,2,0.007325418293476105,True,True,True,1.1,0.47333333333333333,2.0,-0.10388246300863102,0.22902339696884155,0.23294125497341156,0.0019698874093592167,0.035382140427827835,1.0,True
3,fixed5,31,3,-0.032674580812454224,True,True,False,0.7666666666666667,0.9066666666666666,4.533333333333333,-7.450580596923828e-06,7.450580596923828e-06,0.011099325492978096,0.00027843471616506577,0.1626492291688919,1.0,True
11,fixed2,0,0,0.007325459271669388,True,False,True,0.8666666666666667,0.38333333333333336,0.7666666666666667,-9.297233074903488,11.711690574884415,0.28024017810821533,0.00726286880671978,0.028768956661224365,0.8888888888888888,True
11,fixed2,0,1,-0.03267453983426094,True,True,False,0.5666666666666667,0.8666666666666667,1.7333333333333334,-4.842877388000488e-05,4.842877388000488e-05,0.1384202092885971,0.0034001837484538555,0.1696576327085495,1.0,True
11,fixed2,0,2,0.007325459271669388,True,False,True,1.2666666666666666,0.38333333333333336,0.7666666666666667,-3.6113581154495478,5.44586731120944,0.11922342330217361,0.003063769079744816,0.0312546044588089,0.8888888888888888,True
11,fixed2,0,3,-0.03267453983426094,True,True,False,0.6666666666666666,0.8166666666666667,1.6333333333333333,-4.842877388000488e-05,4.842877388000488e-05,0.054378606379032135,0.001413221936672926,0.13227151334285736,1.0,True
11,fixed2,0,4,0.007325459271669388,True,False,True,1.0333333333333334,0.36666666666666664,0.7333333333333333,-7.2176954708993435,9.688805788755417,0.18209384381771088,0.0045526823960244656,0.032157618552446365,0.5555555555555556,True
11,fixed2,0,5,-0.03267453983426094,True,True,False,0.6333333333333333,0.8333333333333334,1.6666666666666667,-4.842877388000488e-05,4.842877388000488e-05,0.10167717933654785,0.0025122296065092087,0.156681627035141,1.0,True
11,fixed2,0,6,0.007325459271669388,True,False,True,1.1666666666666667,0.4,0.8,-5.028273444622755,6.948373280465603,0.26448139548301697,0.006605975329875946,0.03737790882587433,0.7777777777777778,True
11,fixed2,0,7,-0.03267453983426094,True,True,False,0.6666666666666666,0.8166666666666667,1.6333333333333333,-4.842877388000488e-05,4.842877388000488e-05,0.16949328780174255,0.003751979675143957,0.15631423890590668,1.0,True
11,fixed2,0,8,0.007325459271669388,True,False,True,1.7333333333333334,0.26666666666666666,0.36666666666666664,-2.880695043131709,4.699733108282089,0.22994425892829895,0.006004940718412399,0.036669399589300156,0.8888888888888888,True
11,fixed2,0,9,-0.03267453983426094,True,True,False,0.7,0.8,1.6,-4.842877388000488e-05,4.842877388000488e-05,0.12060846388339996,0.00146473478525877,0.14149422943592072,1.0,True
11,fixed2,1,0,0.007325459271669388,True,False,True,0.9,0.43333333333333335,0.8666666666666667,-9.009589441120625,12.563683092594147,0.42563140392303467,0.009617164731025696,0.03225141391158104,0.8888888888888888,True
11,fixed2,1,1,-0.03267453983426094,True,True,False,0.5666666666666667,0.8666666666666667,1.7333333333333334,-4.842877388000488e-05,4.842877388000488e-05,0.1436939686536789,0.0035648858174681664,0.10130595415830612,0.8888888888888888,True
11,fixed2,1,2,0.007325459271669388,True,False,True,0.9,0.43333333333333335,0.8666666666666667,-9.592635557055473,12.843424454331398,0.39611124992370605,0.009639792144298553,0.032527096569538116,0.8888888888888888,True
11,fixed2,1,3,-0.03267453983426094,True,True,False,0.5333333333333333,0.8833333333333333,1.7666666666666666,-4.842877388000488e-05,4.842877388000488e-05,0.09849084913730621,0.002314014360308647,0.09150183945894241,0.8888888888888888,True
11,fixed2,1,4,0.007325459271669388,True,False,True,0.9,0.45,0.9,-8.50722100585699,11.975148692727089,0.42187124490737915,0.010714339092373848,0.03138478100299835,0.8888888888888888,True
11,fixed2,1,5,-0.03267453983426094,True,True,False,0.5333333333333333,0.8833333333333333,1.7666666666666666,-4.842877388000488e-05,4.842877388000488e-05,0.09152884781360626,0.0022451328113675117,0.086902916431427,1.0,True
11,fixed2,1,6,0.007325459271669388,True,False,True,0.9,0.48333333333333334,0.9666666666666667,-5.985515657812357,8.905427530407906,0.430497944355011,0.010677911341190338,0.026913948357105255,0.8888888888888888,True
11,fixed2,1,7,-0.03267453983426094,True,True,False,0.5666666666666667,0.8666666666666667,1.7333333333333334,-4.842877388000488e-05,4.842877388000488e-05,0.08164771646261215,0.0019579390063881874,0.07567325234413147,1.0,True
11,fixed2,1,8,0.007325459271669388,True,False,True,0.8666666666666667,0.4166666666666667,0.5333333333333333,-6.291582249104977,9.527413174510002,0.42190423607826233,0.010378755629062653,0.02810131572186947,0.7777777777777778,True
11,fixed2,1,9,-0.03267453983426094,True,True,False,0.5666666666666667,0.8666666666666667,1.7333333333333334,-4.842877388000488e-05,4.842877388000488e-05,0.10122309625148773,0.0024052737280726433,0.0826309323310852,0.8888888888888888,True
11,fixed2,2,0,0.007325459271669388,True,False,True,0.9333333333333333,0.4,0.8,-9.941095486283302,12.919262982904911,0.3320153057575226,0.008317593485116959,0.03792674094438553,0.7777777777777778,True
11,fixed2,2,1,-0.03267453983426094,True,True,False,0.5333333333333333,0.8833333333333333,1.7666666666666666,-4.842877388000488e-05,4.842877388000488e-05,0.04003556817770004,0.0009787804447114468,0.1547689437866211,1.0,True
11,fixed2,2,2,0.007325459271669388,True,False,True,1.3,0.4166666666666667,0.8333333333333334,-2.2796238772571087,3.9233220741152763,0.2992396056652069,0.007700091227889061,0.024327989667654037,0.8888888888888888,True
11,fixed2,2,3,-0.03267453983426094,True,True,False,0.6333333333333333,0.8333333333333334,1.6666666666666667,-4.842877388000488e-05,4.842877388000488e-05,0.060258474200963974,0.0014728852547705173,0.10361440479755402,1.0,True
11,fixed2,2,4,0.007325459271669388,True,False,True,1.1,0.36666666666666664,0.7333333333333333,-7.5859371572732925,10.740288533270359,0.49629607796669006,0.012439481914043427,0.03295370563864708,0.8888888888888888,True
11,fixed2,2,5,-0.03267453983426094,True,True,False,0.5333333333333333,0.8833333333333333,1.7666666666666666,-4.842877388000488e-05,4.842877388000488e-05,0.0927744135260582,0.0022494085133075714,0.11688248068094254,1.0,True
11,fixed2,2,6,0.007325459271669388,False,False,False,,0.0,0.0,-40.00004380941391,40.00004753470421,0.11918488889932632,0.0030203964561223984,0.06988277286291122,0.7777777777777778,True
11,fixed2,2,7,-0.03267453983426094,True,True,False,0.3,1.0,2.0,-4.7600931196711826e-05,4.842877388000488e-05,0.06998072564601898,0.0017139334231615067,0.1345188468694687,1.0,True
11,fixed2,2,8,0.007325459271669388,False,False,False,,0.0,0.0,-40.00004380941391,40.00004753470421,0.050177644938230515,0.0012584859505295753,0.07127122581005096,1.0,True
11,fixed2,2,9,-0.03267453983426094,True,True,False,0.3,1.0,2.0,-4.842877388000488e-05,4.842877388000488e-05,0.05406639352440834,0.0012739421799778938,0.10776820033788681,1.0,True
11,fixed2,3,0,0.007325459271669388,True,False,True,0.9666666666666667,0.4166666666666667,0.8333333333333334,-9.082645177841187,12.681633234024048,0.4324733018875122,0.00819065235555172,0.02735782414674759,0.8888888888888888,True
11,fixed2,3,1,-0.03267453983426094,True,True,False,0.5666666666666667,0.8666666666666667,1.7333333333333334,-4.842877388000488e-05,4.842877388000488e-05,0.0482623428106308,0.0010868413373827934,0.10940495133399963,1.0,True
11,fixed2,3,2,0.007325459271669388,True,False,True,1.1,0.4,0.8,-4.729798063635826,6.378627382218838,0.13454346358776093,0.002878510858863592,0.02665996365249157,0.8888888888888888,True
11,fixed2,3,3,-0.03267453983426094,True,True,False,0.6666666666666666,0.8166666666666667,1.6333333333333333,-4.842877388000488e-05,4.842877388000488e-05,0.03408907726407051,0.0008588233031332493,0.03571835160255432,1.0,True
11,fixed2,3,4,0.007325459271669388,True,False,True,0.9,0.43333333333333335,0.8666666666666667,-5.19034406170249,6.928072310984135,0.17391425371170044,0.0031897490844130516,0.02331480383872986,1.0,True
11,fixed2,3,5,-0.03267453983426094,True,True,False,0.6333333333333333,0.8333333333333334,1.6666666666666667,-4.842877388000488e-05,4.842877388000488e-05,0.10015850514173508,0.0025493153370916843,0.11854930967092514,1.0,True
11,fixed2,3,6,0.007325459271669388,True,False,True,1.1333333333333333,0.36666666666666664,0.7333333333333333,-4.713301081210375,6.335953250527382,0.1509149968624115,0.0028526512905955315,0.023830397054553032,0.5555555555555556,True
11,fixed2,3,7,-0.03267453983426094,True,True,False,0.6666666666666666,0.8166666666666667,1.6333333333333333,-4.842877388000488e-05,4.842877388000488e-05,0.13039237260818481,0.0016320031136274338,0.04435344040393829,1.0,True
11,fixed2,3,8,0.007325459271669388,False,False,False,,0.0,0.0,-30.194567516446114,35.03206744790077,0.3002661466598511,0.007114181760698557,0.041075531393289566,1.0,True
11,fixed2,3,9,-0.03267453983426094,True,True,False,0.3333333333333333,0.9833333333333333,1.9666666666666666,-4.842877388000488e-05,4.842877388000488e-05,0.1585555076599121,0.0014003398828208447,0.09328120201826096,1.0,True
11,fixed2,4,0,0.007325459271669388,True,False,True,0.8666666666666667,0.31666666666666665,0.6333333333333333,-10.993591509759426,11.711805127561092,0.2517227828502655,0.005902328062802553,0.024716800078749657,1.0,True
11,fixed2,4,1,-0.03267453983426094,True,True,False,0.6,0.85,1.7,-4.842877388000488e-05,4.842877388000488e-05,0.046311646699905396,0.00112195685505867,0.09363287687301636,0.8888888888888888,True
11,fixed2,4,2,0.007325459271669388,True,False,True,1.0,0.3,0.6,-9.61300078779459,11.381976306438446,0.4147930443286896,0.009211882017552853,0.026817727833986282,0.8888888888888888,True
11,fixed2,4,3,-0.03267453983426094,True,True,False,0.6333333333333333,0.8333333333333334,1.6666666666666667,-4.842877388000488e-05,4.842877388000488e-05,0.07937920838594437,0.001982872374355793,0.10676851868629456,1.0,True
11,fixed2,4,4,0.007325459271669388,True,False,True,1.1,0.25,0.5,-9.70541499555111,11.799002066254616,0.45091402530670166,0.009575655683875084,0.029155723750591278,0.8888888888888888,True
11,fixed2,4,5,-0.03267453983426094,True,True,False,0.6333333333333333,0.8333333333333334,1.6666666666666667,-4.842877388000488e-05,4.842877388000488e-05,0.06016118824481964,0.0014929845929145813,0.12607800960540771,0.7777777777777778,True
11,fixed2,4,6,0.007325459271669388,True,False,True,1.1,0.2833333333333333,0.5666666666666667,-7.614862639456987,9.834930300712585,0.34162214398384094,0.007105076219886541,0.027157628908753395,1.0,True
11,fixed2,4,7,-0.03267453983426094,True,True,False,0.6,0.85,1.7,-4.842877388000488e-05,4.842877388000488e-05,0.037909723818302155,0.0009191082790493965,0.12412595748901367,1.0,True
11,fixed2,4,8,0.007325459271669388,True,False,True,1.1333333333333333,0.21666666666666667,0.43333333333333335,-9.888100437819958,12.954169884324074,0.41148701310157776,0.007973638363182545,0.02912481687963009,0.8888888888888888,True
11,fixed2,4,9,-0.03267453983426094,True,True,False,0.5666666666666667,0.8666666666666667,1.7333333333333334,-4.842877388000488e-05,4.842877388000488e-05,0.06832486391067505,0.0017199059948325157,0.20165567100048065,0.8888888888888888,True
11,fixed2,5,0,0.007325459271669388,True,False,True,0.9333333333333333,0.4166666666666667,0.8333333333333334,-8.369830437004566,10.2557223290205,0.37528547644615173,0.008858981542289257,0.027760788798332214,1.0,True
11,fixed2,5,1,-0.03267453983426094,True,True,False,0.5666666666666667,0.8666666666666667,1.7333333333333334,-4.842877388000488e-05,4.842877388000488e-05,0.10927107185125351,0.002880232408642769,0.1354956030845642,0.8888888888888888,True
11,fixed2,5,2,0.007325459271669388,True,False,True,1.0666666666666667,0.38333333333333336,0.7666666666666667,-8.621025830507278,11.523136869072914,0.41514942049980164,0.010831968858838081,0.040891826152801514,0.8888888888888888,True
11,fixed2,5,3,-0.03267453983426094,True,True,False,0.5333333333333333,0.8833333333333333,1.7666666666666666,-4.842877388000488e-05,4.842877388000488e-05,0.0864638164639473,0.002166000660508871,0.1411188840866089,1.0,True
11,fixed2,5,4,0.007325459271669388,True,False,True,1.1,0.38333333333333336,0.7666666666666667,-7.2106593288481236,10.087588801980019,0.39620542526245117,0.010272011160850525,0.04130728542804718,0.8888888888888888,True
11,fixed2,5,5,-0.03267453983426094,True,True,False,0.5666666666666667,0.8666666666666667,1.7333333333333334,-4.842877388000488e-05,4.842877388000488e-05,0.05725235491991043,0.0014530462212860584,0.14287301898002625,1.0,True
11,fixed2,5,6,0.007325459271669388,True,False,True,1.5666666666666667,0.26666666666666666,0.36666666666666664,-6.508254446089268,9.20531153678894,0.3227916359901428,0.008324353024363518,0.03508264943957329,1.0,True
11,fixed2,5,7,-0.03267453983426094,True,True,False,0.6333333333333333,0.8333333333333334,1.6666666666666667,-4.842877388000488e-05,4.842877388000488e-05,0.059851210564374924,0.0014868727885186672,0.12346288561820984,0.8888888888888888,True
11,fixed2,5,8,0.007325459271669388,True,False,True,1.1333333333333333,0.35,0.7,-7.816917262971401,10.644355788826942,0.4461275339126587,0.011452114209532738,0.04157087579369545,1.0,True
11,fixed2,5,9,-0.03267453983426094,True,True,False,0.6,0.85,1.7,-4.842877388000488e-05,4.842877388000488e-05,0.059327058494091034,0.0014754566363990307,0.13518981635570526,0.7777777777777778,True
11,fixed2,6,0,0.007325459271669388,True,False,True,0.9666666666666667,0.4166666666666667,0.8333333333333334,-6.19462039321661,8.102103136479855,0.17509274184703827,0.0017280424945056438,0.02463238127529621,1.0,True
11,fixed2,6,1,-0.03267453983426094,True,True,False,0.6333333333333333,0.8333333333333334,1.6666666666666667,-4.842877388000488e-05,4.842877388000488e-05,0.11843126267194748,0.0007727411575615406,0.08680089563131332,1.0,True
11,fixed2,6,2,0.007325459271669388,True,True,False,1.9333333333333333,0.18333333333333332,0.36666666666666664,0.3052441170439124,0.7981257513165474,0.17689882218837738,0.004318983294069767,0.020721472799777985,1.0,True
11,fixed2,6,3,-0.03267453983426094,True,True,False,0.9333333333333333,0.6833333333333333,1.3666666666666667,-4.842877388000488e-05,4.842877388000488e-05,0.16837750375270844,0.0008765528909862041,0.060745034366846085,1.0,True
11,fixed2,6,4,0.007325459271669388,True,False,True,1.4,0.2833333333333333,0.5666666666666667,-4.145600832998753,5.849673878401518,0.13903135061264038,0.0033934451639652252,0.025736449286341667,0.8888888888888888,True
11,fixed2,6,5,-0.03267453983426094,True,True,False,0.7,0.8,1.6,-4.842877388000488e-05,4.842877388000488e-05,0.6436288356781006,0.012769047170877457,0.06582030653953552,1.0,True
11,fixed2,6,6,0.007325459271669388,True,False,True,1.3,0.2833333333333333,0.5666666666666667,-6.313834339380264,9.41628497093916,0.23948168754577637,0.004614148288965225,0.02520066499710083,0.7777777777777778,True
11,fixed2,6,7,-0.03267453983426094,True,True,False,0.6333333333333333,0.8333333333333334,1.6666666666666667,-4.842877388000488e-05,4.842877388000488e-05,0.21641160547733307,0.00027188705280423164,0.08350016176700592,1.0,True
11,fixed2,6,8,0.007325459271669388,True,False,True,1.4,0.26666666666666666,0.5333333333333333,-5.785124376416206,8.81173089146614,0.2282068431377411,0.004183848388493061,0.026774205267429352,0.8888888888888888,True
11,fixed2,6,9,-0.03267453983426094,True,True,False,0.6333333333333333,0.8333333333333334,1.6666666666666667,-4.842877388000488e-05,4.842877388000488e-05,0.09865717589855194,0.0003435257822275162,0.05532093346118927,1.0,True
11,fixed2,7,0,0.007325459271669388,True,False,True,0.8333333333333334,0.4166666666666667,0.8333333333333334,-6.603190675377846,8.100824430584908,0.4381415545940399,0.011452842503786087,0.027584102004766464,0.6666666666666666,True
11,fixed2,7,1,-0.03267453983426094,True,True,False,0.6,0.85,1.7,-4.842877388000488e-05,4.842877388000488e-05,0.027262549847364426,0.0006446805782616138,0.08667981624603271,1.0,True
11,fixed2,7,2,0.007325459271669388,True,False,True,0.9,0.4,0.8,-9.233731776475906,10.680794715881348,0.332555890083313,0.00838655885308981,0.025205697864294052,0.6666666666666666,True
11,fixed2,7,3,-0.03267453983426094,True,True,False,0.5666666666666667,0.8666666666666667,1.7333333333333334,-4.842877388000488e-05,4.842877388000488e-05,0.07856055349111557,0.0019812798127532005,0.15867727994918823,1.0,True
11,fixed2,7,4,0.007325459271669388,True,False,True,1.0,0.38333333333333336,0.7666666666666667,-8.695551194250584,10.80993190407753,0.17659716308116913,0.004542865324765444,0.02467498369514942,0.6666666666666666,True
11,fixed2,7,5,-0.03267453983426094,True,True,False,0.5666666666666667,0.8666666666666667,1.7333333333333334,-4.842877388000488e-05,4.842877388000488e-05,0.024318542331457138,0.0006218766793608665,0.10951456427574158,1.0,True
11,fixed2,7,6,0.007325459271669388,True,False,True,0.9333333333333333,0.36666666666666664,0.7333333333333333,-9.659270755946636,11.295496486127377,0.35921746492385864,0.009125025942921638,0.027339350432157516,1.0,True
11,fixed2,7,7,-0.03267453983426094,True,True,False,0.5666666666666667,0.8666666666666667,1.7333333333333334,-4.842877388000488e-05,4.842877388000488e-05,0.06026822328567505,0.001468572299927473,0.13306516408920288,0.8888888888888888,True
11,fixed2,7,8,0.007325459271669388,True,False,True,0.9666666666666667,0.4,0.8,-8.607188239693642,10.430590249598026,0.24184346199035645,0.006497133523225784,0.032846201211214066,0.6666666666666666,True
11,fixed2,7,9,-0.03267453983426094,True,True,False,0.5666666666666667,0.8666666666666667,1.7333333333333334,-4.842877388000488e-05,4.842877388000488e-05,0.06249888613820076,0.000254651065915823,0.08234883099794388,1.0,True
11,fixed2,8,0,0.007325459271669388,True,False,True,0.8333333333333334,0.31666666666666665,0.6333333333333333,-9.508945047855377,10.904202237725258,0.32044708728790283,0.007815869525074959,0.020947732031345367,0.8888888888888888,True
11,fixed2,8,1,-0.03267453983426094,True,True,False,0.5666666666666667,0.8666666666666667,1.7333333333333334,-4.842877388000488e-05,4.842877388000488e-05,0.03214457631111145,0.0007787952199578285,0.05041870102286339,1.0,True
11,fixed2,8,2,0.007325459271669388,True,False,True,0.9333333333333333,0.35,0.7,-7.272889371961355,8.443516679108143,0.09382390230894089,0.002348438836634159,0.02028881572186947,1.0,True
11,fixed2,8,3,-0.03267453983426094,True,True,False,0.6333333333333333,0.8333333333333334,1.6666666666666667,-4.842877388000488e-05,4.842877388000488e-05,0.032814763486385345,0.0008426881395280361,0.0775240808725357,1.0,True
11,fixed2,8,4,0.007325459271669388,True,False,True,0.9666666666666667,0.3333333333333333,0.6666666666666666,-6.758463103324175,7.705815136432648,0.06714609265327454,0.0016036122106015682,0.020500143989920616,0.8888888888888888,True
11,fixed2,8,5,-0.03267453983426094,True,True,False,0.6666666666666666,0.8166666666666667,1.6333333333333333,-4.842877388000488e-05,4.842877388000488e-05,0.03387506306171417,0.0008429246954619884,0.09465498477220535,1.0,True
11,fixed2,8,6,0.007325459271669388,True,False,True,1.0333333333333334,0.3333333333333333,0.6666666666666666,-6.251708138734102,7.177354302257299,0.11190279573202133,0.0028700889088213444,0.021082205697894096,0.5555555555555556,True
11,fixed2,8,7,-0.03267453983426094,True,True,False,0.6666666666666666,0.8166666666666667,1.6333333333333333,-4.842877388000488e-05,4.842877388000488e-05,0.04016835615038872,0.0010052383877336979,0.09700891375541687,0.8888888888888888,True
11,fixed2,8,8,0.007325459271669388,True,False,True,1.1,0.3333333333333333,0.6666666666666666,-6.119595840573311,7.065082900226116,0.06529226899147034,0.0016460129991173744,0.021598028019070625,1.0,True
11,fixed2,8,9,-0.03267453983426094,True,True,False,0.7333333333333333,0.7833333333333333,1.5666666666666667,-4.842877388000488e-05,4.842877388000488e-05,0.02868705242872238,0.0007345187477767467,0.07934894412755966,1.0,True
11,fixed2,9,0,0.007325459271669388,True,False,True,0.8666666666666667,0.43333333333333335,0.8666666666666667,-10.838230140507221,13.356673531234264,0.40490245819091797,0.009293620474636555,0.041082918643951416,1.0,True
11,fixed2,9,1,-0.03267453983426094,True,True,False,0.5333333333333333,0.8833333333333333,1.7666666666666666,-4.842877388000488e-05,4.842877388000488e-05,0.05432194098830223,0.001385753508657217,0.10771486163139343,1.0,True
11,fixed2,9,2,0.007325459271669388,True,False,True,0.9333333333333333,0.4166666666666667,0.8333333333333334,-11.593072675168514,15.020379796624184,0.3886862099170685,0.009144993498921394,0.03689676523208618,1.0,True
11,fixed2,9,3,-0.03267453983426094,True,True,False,0.5,0.9,1.8,-4.842877388000488e-05,4.842877388000488e-05,0.04129450023174286,0.0010691303759813309,0.11511845141649246,0.8888888888888888,True
11,fixed2,9,4,0.007325459271669388,True,False,True,0.9333333333333333,0.43333333333333335,0.8666666666666667,-9.534571319818497,12.716773897409439,0.26807552576065063,0.004506861791014671,0.036929454654455185,1.0,True
11,fixed2,9,5,-0.03267453983426094,True,True,False,0.5333333333333333,0.8833333333333333,1.7666666666666666,-4.842877388000488e-05,4.842877388000488e-05,0.05978218838572502,0.001515648327767849,0.10583989322185516,1.0,True
11,fixed2,9,6,0.007325459271669388,True,False,True,0.9,0.4166666666666667,0.8333333333333334,-11.822063475847244,15.586250461637974,0.36226916313171387,0.008737079799175262,0.036126427352428436,0.8888888888888888,True
11,fixed2,9,7,-0.03267453983426094,True,True,False,0.5333333333333333,0.8833333333333333,1.7666666666666666,-4.842877388000488e-05,4.842877388000488e-05,0.029662413522601128,0.0007173456251621246,0.09959141910076141,1.0,True
11,fixed2,9,8,0.007325459271669388,True,False,True,0.9,0.4,0.8,-12.04574666917324,15.905104577541351,0.36343055963516235,0.008821645751595497,0.03531575947999954,1.0,True
11,fixed2,9,9,-0.03267453983426094,True,True,False,0.5333333333333333,0.8833333333333333,1.7666666666666666,-4.842877388000488e-05,4.842877388000488e-05,0.018377570435404778,0.00046328501775860786,0.11312573403120041,1.0,True
11,fixed2,10,0,0.007325459271669388,True,False,True,0.8666666666666667,0.48333333333333334,0.9666666666666667,-5.412655416876078,6.816200911998749,0.164021298289299,0.003997846972197294,0.03456820920109749,0.7777777777777778,True
11,fixed2,10,1,-0.03267453983426094,True,True,False,0.6333333333333333,0.8333333333333334,1.6666666666666667,-4.842877388000488e-05,4.842877388000488e-05,0.16994261741638184,0.004231847822666168,0.0883815661072731,1.0,True
11,fixed2,10,2,0.007325459271669388,True,False,True,1.0666666666666667,0.5,1.0,-3.112247446551919,4.799247719347477,0.15095408260822296,0.0038699302822351456,0.04189535230398178,0.6666666666666666,True
11,fixed2,10,3,-0.03267453983426094,True,True,False,0.6666666666666666,0.8166666666666667,1.6333333333333333,-4.842877388000488e-05,4.842877388000488e-05,0.12966163456439972,0.003262495156377554,0.0776517242193222,0.8888888888888888,True
11,fixed2,10,4,0.007325459271669388,True,False,True,1.0,0.43333333333333335,0.8666666666666667,-5.450507625937462,6.8220701068639755,0.1540096402168274,0.003866255749017,0.04335344582796097,1.0,True
11,fixed2,10,5,-0.03267453983426094,True,True,False,0.6,0.85,1.7,-4.842877388000488e-05,4.842877388000488e-05,0.14331337809562683,0.0034901867620646954,0.11020852625370026,1.0,True
11,fixed2,10,6,0.007325459271669388,True,False,True,1.1333333333333333,0.48333333333333334,0.9666666666666667,-2.6466194540262222,4.601051565259695,0.12309034913778305,0.0030939066782593727,0.039261069148778915,0.7777777777777778,True
11,fixed2,10,7,-0.03267453983426094,True,True,False,0.7,0.8,1.6,-4.842877388000488e-05,4.842877388000488e-05,0.1464449018239975,0.00358755374327302,0.123942531645298,0.8888888888888888,True
11,fixed2,10,8,0.007325459271669388,True,False,True,1.3,0.4166666666666667,0.8333333333333334,-2.4090835358947515,4.088897258043289,0.10049360990524292,0.0025353864766657352,0.04224810004234314,1.0,True
11,fixed2,10,9,-0.03267453983426094,True,True,False,0.7333333333333333,0.7833333333333333,1.5666666666666667,-4.842877388000488e-05,4.842877388000488e-05,0.09686445444822311,0.002396221272647381,0.10680974274873734,1.0,True
11,fixed2,11,0,0.007325459271669388,True,True,True,0.9,0.6333333333333333,0.8666666666666667,-1.108130905777216,1.535309012979269,0.13842739164829254,0.0031215338967740536,0.026494307443499565,1.0,True
11,fixed2,11,1,-0.03267453983426094,True,True,False,0.8333333333333334,0.7333333333333333,1.4666666666666666,-4.842877388000488e-05,4.842877388000488e-05,0.0872984230518341,0.0009164153598248959,0.051773324608802795,0.8888888888888888,True
11,fixed2,11,2,0.007325459271669388,True,False,True,0.9666666666666667,0.6333333333333333,1.2666666666666666,-1.5731955645605922,2.352961339056492,0.07379905134439468,0.001912054605782032,0.029783867299556732,0.8888888888888888,True
11,fixed2,11,3,-0.03267453983426094,True,True,False,0.7666666666666667,0.7666666666666667,1.5333333333333334,-4.842877388000488e-05,4.842877388000488e-05,0.08900136500597,0.0005002417601644993,0.045095596462488174,1.0,True
11,fixed2,11,4,0.007325459271669388,True,False,True,0.9,0.55,1.1,-3.0546511989086866,4.117355216294527,0.21662014722824097,0.005964719690382481,0.03578466922044754,0.7777777777777778,True
11,fixed2,11,5,-0.03267453983426094,True,True,False,0.7333333333333333,0.7833333333333333,1.5666666666666667,-4.842877388000488e-05,4.842877388000488e-05,0.1330127716064453,0.0006876280531287193,0.047639697790145874,0.7777777777777778,True
11,fixed2,11,6,0.007325459271669388,True,False,True,0.9333333333333333,0.5166666666666667,1.0333333333333334,-3.5069116856902838,4.580637440085411,0.0633431077003479,0.00159840052947402,0.038286082446575165,0.7777777777777778,True
11,fixed2,11,7,-0.03267453983426094,True,True,False,0.7,0.8,1.6,-4.842877388000488e-05,4.842877388000488e-05,0.15382470190525055,0.0010643689893186092,0.041933611035346985,1.0,True
11,fixed2,11,8,0.007325459271669388,True,False,True,0.9666666666666667,0.43333333333333335,0.8666666666666667,-4.101776517927647,5.059449002146721,0.07357192039489746,0.0019385539926588535,0.030359705910086632,0.8888888888888888,True
11,fixed2,11,9,-0.03267453983426094,True,True,False,0.6666666666666666,0.8166666666666667,1.6333333333333333,-4.842877388000488e-05,4.842877388000488e-05,0.2040816992521286,0.001620202325284481,0.05676954239606857,1.0,True
11,fixed2,12,0,0.007325459271669388,True,False,True,0.9,0.38333333333333336,0.7666666666666667,-9.99487191438675,12.959505431354046,0.2900499105453491,0.005111295264214277,0.02545030415058136,0.8888888888888888,True
11,fixed2,12,1,-0.03267453983426094,True,True,False,0.5333333333333333,0.8833333333333333,1.7666666666666666,-4.842877388000488e-05,4.842877388000488e-05,0.07126659154891968,0.0018516983836889267,0.17163603007793427,0.7777777777777778,True
11,fixed2,12,2,0.007325459271669388,True,False,True,1.1666666666666667,0.35,0.7,-7.214577868580818,9.18650347739458,0.31037020683288574,0.007974482141435146,0.03978429362177849,1.0,True
11,fixed2,12,3,-0.03267453983426094,True,True,False,0.5666666666666667,0.8666666666666667,1.7333333333333334,-4.842877388000488e-05,4.842877388000488e-05,0.06805431842803955,0.0017502824775874615,0.13524532318115234,1.0,True
11,fixed2,12,4,0.007325459271669388,True,False,True,1.1,0.36666666666666664,0.7333333333333333,-7.944771088659763,10.571835562586784,0.3039145767688751,0.007886987179517746,0.03331523388624191,0.8888888888888888,True
11,fixed2,12,5,-0.03267453983426094,True,True,False,0.5333333333333333,0.8833333333333333,1.7666666666666666,-4.842877388000488e-05,4.842877388000488e-05,0.0840078741312027,0.0021930523216724396,0.17945407330989838,1.0,True
11,fixed2,12,6,0.007325459271669388,True,False,True,1.1333333333333333,0.3333333333333333,0.6666666666666666,-9.084049612283707,12.20114715397358,0.35965418815612793,0.008085830137133598,0.030123259872198105,0.8888888888888888,True
11,fixed2,12,7,-0.03267453983426094,True,True,False,0.5333333333333333,0.8833333333333333,1.7666666666666666,-4.842877388000488e-05,4.842877388000488e-05,0.06600719690322876,0.0016436809673905373,0.18987581133842468,1.0,True
11,fixed2,12,8,0.007325459271669388,True,False,True,1.2,0.31666666666666665,0.6333333333333333,-7.373377680778503,10.294914245605469,0.34640756249427795,0.00902636256068945,0.034341782331466675,0.7777777777777778,True
11,fixed2,12,9,-0.03267453983426094,True,True,False,0.5333333333333333,0.8833333333333333,1.7666666666666666,-4.842877388000488e-05,4.842877388000488e-05,0.02818341739475727,0.0007295189425349236,0.13748112320899963,1.0,True
11,fixed2,13,0,0.007325459271669388,True,False,True,0.9,0.45,0.9,-5.717357154935598,6.866937968879938,0.3947085440158844,0.010016119107604027,0.026140786707401276,0.7777777777777778,True
11,fixed2,13,1,-0.03267453983426094,True,True,False,0.6333333333333333,0.8333333333333334,1.6666666666666667,-4.842877388000488e-05,4.842877388000488e-05,0.10135146975517273,0.002711476758122444,0.13503398001194,1.0,True
11,fixed2,13,2,0.007325459271669388,True,False,True,1.0,0.4666666666666667,0.9333333333333333,-4.4929287396371365,5.705774296075106,0.25159019231796265,0.006558649707585573,0.028628356754779816,1.0,True
11,fixed2,13,3,-0.03267453983426094,True,True,False,0.6333333333333333,0.8333333333333334,1.6666666666666667,-4.842877388000488e-05,4.842877388000488e-05,0.19492307305335999,0.004063879139721394,0.06757896393537521,1.0,True
11,fixed2,13,4,0.007325459271669388,True,False,True,0.9,0.4,0.8,-7.29228463023901,9.287023916840553,0.4372265040874481,0.011222315952181816,0.024999387562274933,1.0,True
11,fixed2,13,5,-0.03267453983426094,True,True,False,0.6,0.85,1.7,-4.842877388000488e-05,4.842877388000488e-05,0.15877489745616913,0.004063554108142853,0.12172738462686539,1.0,True
11,fixed2,13,6,0.007325459271669388,True,False,True,0.9333333333333333,0.4,0.8,-6.656369660049677,8.017194457352161,0.44970452785491943,0.011617382988333702,0.025271747261285782,0.6666666666666666,True
11,fixed2,13,7,-0.03267453983426094,True,True,False,0.6333333333333333,0.8333333333333334,1.6666666666666667,-4.842877388000488e-05,4.842877388000488e-05,0.22548171877861023,0.005819772370159626,0.1424127221107483,0.8888888888888888,True
11,fixed2,13,8,0.007325459271669388,True,False,True,1.0,0.31666666666666665,0.6333333333333333,-6.064510438591242,7.212611846625805,0.4136987328529358,0.011052248999476433,0.025200188159942627,1.0,True
11,fixed2,13,9,-0.03267453983426094,True,True,False,0.6666666666666666,0.8166666666666667,1.6333333333333333,-4.842877388000488e-05,4.842877388000488e-05,0.04854319617152214,0.0011239438317716122,0.17379230260849,1.0,True
11,fixed2,14,0,0.007325459271669388,True,False,True,0.9,0.45,0.9,-5.42505132034421,6.788325496017933,0.30075040459632874,0.007571738678961992,0.02188906818628311,0.8888888888888888,True
11,fixed2,14,1,-0.03267453983426094,True,True,False,0.6,0.85,1.7,-4.842877388000488e-05,4.842877388000488e-05,0.09982386976480484,0.0008933376520872116,0.08284277468919754,0.8888888888888888,True
11,fixed2,14,2,0.007325459271669388,True,False,True,1.0333333333333334,0.4166666666666667,0.8333333333333334,-5.733428057283163,7.477546110749245,0.42819687724113464,0.008832590654492378,0.025683965533971786,0.8888888888888888,True
11,fixed2,14,3,-0.03267453983426094,True,True,False,0.6,0.85,1.7,-4.842877388000488e-05,4.842877388000488e-05,0.09857726842164993,0.0006000306457281113,0.056634385138750076,0.8888888888888888,True
11,fixed2,14,4,0.007325459271669388,True,False,True,0.9333333333333333,0.38333333333333336,0.7666666666666667,-7.341727614402771,8.589494042098522,0.49826371669769287,0.008795103058218956,0.022893531247973442,1.0,True
11,fixed2,14,5,-0.03267453983426094,True,True,False,0.6,0.85,1.7,-4.842877388000488e-05,4.842877388000488e-05,0.10315820574760437,0.0005501951090991497,0.06647603958845139,0.8888888888888888,True
11,fixed2,14,6,0.007325459271669388,True,False,True,1.0,0.45,0.9,-5.042779725044966,6.480335257947445,0.42928993701934814,0.011112258769571781,0.023139026015996933,1.0,True
11,fixed2,14,7,-0.03267453983426094,True,True,False,0.6333333333333333,0.8333333333333334,1.6666666666666667,-4.842877388000488e-05,4.842877388000488e-05,0.1381414532661438,0.0010461951605975628,0.05540437623858452,0.8888888888888888,True
11,fixed2,14,8,0.007325459271669388,True,False,True,0.8666666666666667,0.43333333333333335,0.8666666666666667,-7.542634848505259,8.94234050065279,0.3929201364517212,0.008191161789000034,0.022068681195378304,1.0,True
11,fixed2,14,9,-0.03267453983426094,True,True,False,0.6,0.85,1.7,-4.842877388000488e-05,4.842877388000488e-05,0.10917563736438751,0.0005977796390652657,0.07424996793270111,1.0,True
11,fixed2,15,0,0.007325459271669388,True,False,True,0.9333333333333333,0.3,0.6,-22.618509829044342,30.577942728996277,0.4312919080257416,0.009278968907892704,0.03178076073527336,1.0,True
11,fixed2,15,1,-0.03267453983426094,True,True,False,0.4,0.95,1.9,-4.842877388000488e-05,4.842877388000488e-05,0.07511726021766663,0.0010139569640159607,0.1475299596786499,1.0,True
11,fixed2,15,2,0.007325459271669388,True,False,True,1.1666666666666667,0.38333333333333336,0.7666666666666667,-6.892189849168062,10.236156173050404,0.4567962884902954,0.009298298507928848,0.025242779403924942,0.8888888888888888,True
11,fixed2,15,3,-0.03267453983426094,True,True,False,0.5666666666666667,0.8666666666666667,1.7333333333333334,-4.842877388000488e-05,4.842877388000488e-05,0.04343593493103981,0.001093391329050064,0.15053632855415344,1.0,True
11,fixed2,15,4,0.007325459271669388,True,False,True,1.2333333333333334,0.35,0.7,-5.77296270057559,8.608926087617874,0.2371656894683838,0.0053338054567575455,0.031061844900250435,0.7777777777777778,True
11,fixed2,15,5,-0.03267453983426094,True,True,False,0.6,0.85,1.7,-4.842877388000488e-05,4.842877388000488e-05,0.03234438970685005,0.0008054613135755062,0.1227935180068016,1.0,True
11,fixed2,15,6,0.007325459271669388,True,False,True,1.1,0.3,0.6,-13.320021331310272,19.20797862112522,0.5067667961120605,0.01058596558868885,0.02992885932326317,0.8888888888888888,True
11,fixed2,15,7,-0.03267453983426094,True,True,False,0.4666666666666667,0.9166666666666666,1.8333333333333333,-4.842877388000488e-05,4.842877388000488e-05,0.044817354530096054,0.0006729038432240486,0.12038208544254303,1.0,True
11,fixed2,15,8,0.007325459271669388,True,False,True,1.1333333333333333,0.35,0.7,-9.002591483294964,12.078776955604553,0.43354928493499756,0.007918436080217361,0.021480025723576546,0.8888888888888888,True
11,fixed2,15,9,-0.03267453983426094,True,True,False,0.5333333333333333,0.8833333333333333,1.7666666666666666,-4.842877388000488e-05,4.842877388000488e-05,0.09785041958093643,0.0013239756226539612,0.1132902055978775,1.0,True
11,fixed2,16,0,0.007325459271669388,True,False,True,0.9,0.48333333333333334,0.9666666666666667,-3.2618572004139423,3.9899004623293877,0.12092746794223785,0.0032362923957407475,0.03307793661952019,1.0,True
11,fixed2,16,1,-0.03267453983426094,True,True,False,0.7333333333333333,0.7833333333333333,1.5666666666666667,-4.842877388000488e-05,4.842877388000488e-05,0.09093412756919861,0.0007366985082626343,0.09303659200668335,1.0,True
11,fixed2,16,2,0.007325459271669388,True,False,True,1.1,0.3,0.6,-5.225024186074734,6.40585133805871,0.4679620563983917,0.012375555001199245,0.028385140001773834,1.0,True
11,fixed2,16,3,-0.03267453983426094,True,True,False,0.6666666666666666,0.8166666666666667,1.6333333333333333,-4.842877388000488e-05,4.842877388000488e-05,0.1584489494562149,0.0019598426297307014,0.09246717393398285,1.0,True
11,fixed2,16,4,0.007325459271669388,True,False,True,1.2,0.15,0.3,-5.938361864537001,7.255465257912874,0.5134813785552979,0.012778399512171745,0.0265534445643425,0.7777777777777778,True
11,fixed2,16,5,-0.03267453983426094,True,True,False,0.6333333333333333,0.8333333333333334,1.6666666666666667,-4.842877388000488e-05,4.842877388000488e-05,0.0767756998538971,0.0013096551410853863,0.12465941905975342,1.0,True
11,fixed2,16,6,0.007325459271669388,True,False,True,1.1666666666666667,0.26666666666666666,0.5333333333333333,-5.331742577254772,6.652664393186569,0.34140294790267944,0.009237860329449177,0.02317350171506405,0.8888888888888888,True
11,fixed2,16,7,-0.03267453983426094,True,True,False,0.6333333333333333,0.8333333333333334,1.6666666666666667,-4.842877388000488e-05,4.842877388000488e-05,0.10939307510852814,0.0014022719115018845,0.09246398508548737,1.0,True
11,fixed2,16,8,0.007325459271669388,True,False,True,1.0666666666666667,0.2833333333333333,0.5666666666666667,-5.57389110326767,6.470387801527977,0.22332307696342468,0.005651478655636311,0.02397858165204525,1.0,True
11,fixed2,16,9,-0.03267453983426094,True,True,False,0.7,0.8,1.6,-4.842877388000488e-05,4.842877388000488e-05,0.10955831408500671,0.001415854785591364,0.08563002943992615,1.0,True
11,fixed2,17,0,0.007325459271669388,True,False,True,0.9,0.3,0.6,-12.67373189330101,14.356052502989769,0.19724254310131073,0.0030084820464253426,0.022592196241021156,1.0,True
11,fixed2,17,1,-0.03267453983426094,True,True,False,0.5333333333333333,0.8833333333333333,1.7666666666666666,-4.842877388000488e-05,4.842877388000488e-05,0.0971328392624855,0.0022823140025138855,0.15298976004123688,1.0,True
11,fixed2,17,2,0.007325459271669388,True,False,True,1.2,0.31666666666666665,0.6333333333333333,-7.756356615573168,10.436241514980793,0.3629641830921173,0.008125869557261467,0.032879605889320374,0.8888888888888888,True
11,fixed2,17,3,-0.03267453983426094,True,True,False,0.5333333333333333,0.8833333333333333,1.7666666666666666,-4.842877388000488e-05,4.842877388000488e-05,0.0381956584751606,0.0009780204854905605,0.13613106310367584,1.0,True
11,fixed2,17,4,0.007325459271669388,False,False,False,,0.0,0.0,-40.00004753470421,40.00004753470421,0.2131003588438034,0.0025931349955499172,0.0414675772190094,0.8888888888888888,True
11,fixed2,17,5,-0.03267453983426094,True,True,False,0.3,1.0,2.0,-4.8014854314715194e-05,4.842877388000488e-05,0.15659326314926147,0.0014062696136534214,0.08196105062961578,1.0,True
11,fixed2,17,6,0.007325459271669388,False,False,False,,0.0,0.0,-40.00004753470421,40.00004753470421,0.09629671275615692,0.0013802205212414265,0.08390786498785019,0.7777777777777778,True
11,fixed2,17,7,-0.03267453983426094,True,True,False,0.3,1.0,2.0,-4.8014854314715194e-05,4.842877388000488e-05,0.2107429951429367,0.0026025124825537205,0.059031326323747635,1.0,True
11,fixed2,17,8,0.007325459271669388,False,False,False,,0.0,0.0,-40.00004380941391,40.00004753470421,0.04981816187500954,0.0010107038542628288,0.06486248224973679,0.6666666666666666,True
11,fixed2,17,9,-0.03267453983426094,True,True,False,0.3,1.0,2.0,-4.7600931196711826e-05,4.842877388000488e-05,0.199345663189888,0.001989993266761303,0.07990198582410812,1.0,True
11,fixed2,18,0,0.007325459271669388,True,False,True,0.9,0.5,1.0,-3.658750792965293,4.804632626473904,0.44674792885780334,0.009008806198835373,0.02318146824836731,1.0,True
11,fixed2,18,1,-0.03267453983426094,True,True,False,0.7,0.8,1.6,-4.842877388000488e-05,4.842877388000488e-05,0.14625464379787445,0.0007797079160809517,0.07876919955015182,0.8888888888888888,True
11,fixed2,18,2,0.007325459271669388,True,False,True,1.0333333333333334,0.5333333333333333,1.0666666666666667,-2.3389721754938364,3.286730032414198,0.262043833732605,0.005520481616258621,0.022623397409915924,0.8888888888888888,True
11,fixed2,18,3,-0.03267453983426094,True,True,False,0.7333333333333333,0.7833333333333333,1.5666666666666667,-4.842877388000488e-05,4.842877388000488e-05,0.0975772812962532,0.0006785322912037373,0.07975836843252182,1.0,True
11,fixed2,18,4,0.007325459271669388,True,False,True,1.0333333333333334,0.4666666666666667,0.9333333333333333,-3.2032993622124195,4.137858748435974,0.17105036973953247,0.004204688128083944,0.023891108110547066,1.0,True
11,fixed2,18,5,-0.03267453983426094,True,True,False,0.7333333333333333,0.7833333333333333,1.5666666666666667,-4.842877388000488e-05,4.842877388000488e-05,0.08377843350172043,0.0010572532191872597,0.06395643204450607,0.7777777777777778,True
11,fixed2,18,6,0.007325459271669388,True,False,True,0.9333333333333333,0.4666666666666667,0.9333333333333333,-4.053113982081413,5.03728911280632,0.2656468152999878,0.004948723129928112,0.024117019027471542,0.7777777777777778,True
11,fixed2,18,7,-0.03267453983426094,True,True,False,0.7,0.8,1.6,-4.842877388000488e-05,4.842877388000488e-05,0.14845186471939087,0.0008045886643230915,0.08532866835594177,0.8888888888888888,True
11,fixed2,18,8,0.007325459271669388,True,False,True,1.0,0.45,0.9,-3.8941013626754284,4.778840113431215,0.3030218482017517,0.005637075286358595,0.023558931425213814,0.8888888888888888,True
11,fixed2,18,9,-0.03267453983426094,True,True,False,0.7,0.8,1.6,-4.842877388000488e-05,4.842877388000488e-05,0.12412554770708084,0.0007747667841613293,0.07383830845355988,0.8888888888888888,True
11,fixed2,19,0,0.007325459271669388,True,False,True,0.9333333333333333,0.31666666666666665,0.6333333333333333,-11.471956968307495,11.798753403127193,0.5227420330047607,0.010684477165341377,0.01883888617157936,1.0,True
11,fixed2,19,1,-0.03267453983426094,True,True,False,0.6,0.85,1.7,-4.842877388000488e-05,4.842877388000488e-05,0.0628206804394722,0.0002942844294011593,0.11410130560398102,1.0,True
11,fixed2,19,2,0.007325459271669388,True,False,True,1.1666666666666667,0.35,0.7,-6.76038209348917,9.207306429743767,0.3728298246860504,0.006733051035553217,0.02636699564754963,1.0,True
11,fixed2,19,3,-0.03267453983426094,True,True,False,0.5666666666666667,0.8666666666666667,1.7333333333333334,-4.842877388000488e-05,4.842877388000488e-05,0.11593253165483475,0.0006456729024648666,0.1292208731174469,1.0,True
11,fixed2,19,4,0.007325459271669388,True,False,True,1.1333333333333333,0.31666666666666665,0.6333333333333333,-8.566888980567455,10.8805438503623,0.45647212862968445,0.008188826031982899,0.024592621251940727,0.8888888888888888,True
11,fixed2,19,5,-0.03267453983426094,True,True,False,0.5666666666666667,0.8666666666666667,1.7333333333333334,-4.842877388000488e-05,4.842877388000488e-05,0.12864002585411072,0.0007598921656608582,0.12080077081918716,1.0,True
11,fixed2,19,6,0.007325459271669388,True,False,True,1.1,0.2833333333333333,0.5666666666666667,-10.443136096000671,12.30759546160698,0.5083155632019043,0.009669630788266659,0.020980898290872574,0.8888888888888888,True
11,fixed2,19,7,-0.03267453983426094,True,True,False,0.5333333333333333,0.8833333333333333,1.7666666666666666,-4.842877388000488e-05,4.842877388000488e-05,0.09531179070472717,0.00027333851903676987,0.11939799785614014,1.0,True
11,fixed2,19,8,0.007325459271669388,True,False,True,1.1333333333333333,0.31666666666666665,0.6333333333333333,-8.736897259950638,11.34765986353159,0.5286110043525696,0.010149986483156681,0.023492109030485153,0.7777777777777778,True
11,fixed2,19,9,-0.03267453983426094,True,True,False,0.5666666666666667,0.8666666666666667,1.7333333333333334,-4.842877388000488e-05,4.842877388000488e-05,0.09870704263448715,0.0001665055751800537,0.11434878408908844,1.0,True
11,fixed2,20,0,0.007325459271669388,True,False,True,0.9,0.38333333333333336,0.7666666666666667,-6.622688844799995,8.124299347400665,0.25694701075553894,0.006864001043140888,0.026906967163085938,1.0,True
11,fixed2,20,1,-0.03267453983426094,True,True,False,0.5666666666666667,0.8666666666666667,1.7333333333333334,-4.842877388000488e-05,4.842877388000488e-05,0.06519327312707901,0.0015516742132604122,0.11907443404197693,1.0,True
11,fixed2,20,2,0.007325459271669388,True,False,True,1.1,0.36666666666666664,0.7333333333333333,-5.638750270009041,7.71563732996583,0.35860124230384827,0.008640239015221596,0.027036789804697037,0.8888888888888888,True
11,fixed2,20,3,-0.03267453983426094,True,True,False,0.5333333333333333,0.8833333333333333,1.7666666666666666,-4.842877388000488e-05,4.842877388000488e-05,0.06894215941429138,0.0017885533161461353,0.10618340224027634,1.0,True
11,fixed2,20,4,0.007325459271669388,True,False,True,1.2,0.3333333333333333,0.6666666666666666,-5.3252894431352615,7.385384291410446,0.32469236850738525,0.007919354364275932,0.027121087536215782,0.7777777777777778,True
11,fixed2,20,5,-0.03267453983426094,True,True,False,0.5666666666666667,0.8666666666666667,1.7333333333333334,-4.842877388000488e-05,4.842877388000488e-05,0.12238049507141113,0.0031893295235931873,0.11336566507816315,1.0,True
11,fixed2,20,6,0.007325459271669388,True,False,True,1.2,0.31666666666666665,0.6333333333333333,-4.610955249518156,6.457156501710415,0.1857723444700241,0.00299358693882823,0.02604302391409874,0.8888888888888888,True
11,fixed2,20,7,-0.03267453983426094,True,True,False,0.6333333333333333,0.8333333333333334,1.6666666666666667,-4.842877388000488e-05,4.842877388000488e-05,0.06743514537811279,0.0016836398281157017,0.09632599353790283,1.0,True
11,fixed2,20,8,0.007325459271669388,True,False,True,1.1,0.38333333333333336,0.7666666666666667,-5.197850987315178,6.6868606954813,0.2378641813993454,0.006125451065599918,0.024075651541352272,0.8888888888888888,True
11,fixed2,20,9,-0.03267453983426094,True,True,False,0.6333333333333333,0.8333333333333334,1.6666666666666667,-4.842877388000488e-05,4.842877388000488e-05,0.08128884434700012,0.0016452111303806305,0.09817531704902649,1.0,True
11,fixed2,21,0,0.007325459271669388,True,False,True,0.8666666666666667,0.3333333333333333,0.6666666666666666,-11.067238636314869,12.963540852069855,0.2724856734275818,0.007368427235633135,0.030519604682922363,1.0,True
11,fixed2,21,1,-0.03267453983426094,True,True,False,0.5666666666666667,0.8666666666666667,1.7333333333333334,-4.842877388000488e-05,4.842877388000488e-05,0.07764661312103271,0.0005463226698338985,0.10746724158525467,0.8888888888888888,True
11,fixed2,21,2,0.007325459271669388,True,False,True,1.0333333333333334,0.35,0.7,-8.194774389266968,10.975271463394165,0.21145743131637573,0.0053843180648982525,0.034976523369550705,0.6666666666666666,True
11,fixed2,21,3,-0.03267453983426094,True,True,False,0.5666666666666667,0.8666666666666667,1.7333333333333334,-4.842877388000488e-05,4.842877388000488e-05,0.09446963667869568,0.0014907191507518291,0.11773094534873962,1.0,True
11,fixed2,21,4,0.007325459271669388,True,False,True,1.1,0.3333333333333333,0.6666666666666666,-7.060068193823099,9.026257321238518,0.16972580552101135,0.0042377375066280365,0.03255733102560043,1.0,True
11,fixed2,21,5,-0.03267453983426094,True,True,False,0.6,0.85,1.7,-4.842877388000488e-05,4.842877388000488e-05,0.09264928102493286,0.0006678784266114235,0.10756228864192963,1.0,True
11,fixed2,21,6,0.007325459271669388,True,False,True,1.0666666666666667,0.31666666666666665,0.6333333333333333,-7.906842976808548,10.203566402196884,0.31969839334487915,0.008642504923045635,0.033410847187042236,0.8888888888888888,True
11,fixed2,21,7,-0.03267453983426094,True,True,False,0.5666666666666667,0.8666666666666667,1.7333333333333334,-4.842877388000488e-05,4.842877388000488e-05,0.09445098042488098,0.0008579832501709461,0.11106030642986298,0.8888888888888888,True
11,fixed2,21,8,0.007325459271669388,True,False,True,1.0666666666666667,0.31666666666666665,0.6333333333333333,-8.051353506743908,10.392625816166401,0.24341566860675812,0.0061735911294817924,0.033232830464839935,0.7777777777777778,True
11,fixed2,21,9,-0.03267453983426094,True,True,False,0.5666666666666667,0.8666666666666667,1.7333333333333334,-4.842877388000488e-05,4.842877388000488e-05,0.09729138016700745,0.001082581002265215,0.11702901870012283,0.8888888888888888,True
11,fixed2,22,0,0.007325459271669388,True,False,True,0.8666666666666667,0.35,0.7,-10.71159914135933,12.738369405269623,0.3892284035682678,0.006756579037755728,0.024311775341629982,1.0,True
11,fixed2,22,1,-0.03267453983426094,True,True,False,0.5666666666666667,0.8666666666666667,1.7333333333333334,-4.842877388000488e-05,4.842877388000488e-05,0.0856509804725647,0.002236301079392433,0.12699322402477264,1.0,True
11,fixed2,22,2,0.007325459271669388,True,False,True,1.1666666666666667,0.36666666666666664,0.7333333333333333,-5.405908450484276,7.167038507759571,0.36546170711517334,0.008068445138633251,0.02196657285094261,1.0,True
11,fixed2,22,3,-0.03267453983426094,True,True,False,0.6666666666666666,0.8166666666666667,1.6333333333333333,-4.842877388000488e-05,4.842877388000488e-05,0.06034158915281296,0.0016146274283528328,0.12457234412431717,0.8888888888888888,True
11,fixed2,22,4,0.007325459271669388,True,False,True,1.1333333333333333,0.38333333333333336,0.7666666666666667,-5.979152861982584,7.889600470662117,0.23677434027194977,0.004924196749925613,0.020535219460725784,0.8888888888888888,True
11,fixed2,22,5,-0.03267453983426094,True,True,False,0.6666666666666666,0.8166666666666667,1.6333333333333333,-4.842877388000488e-05,4.842877388000488e-05,0.08107545971870422,0.0008983234874904156,0.13136985898017883,0.8888888888888888,True
11,fixed2,22,6,0.007325459271669388,True,False,True,1.6333333333333333,0.23333333333333334,0.3333333333333333,-4.662817809730768,6.6718147136271,0.26508650183677673,0.0067996433936059475,0.02211211808025837,1.0,True
11,fixed2,22,7,-0.03267453983426094,True,True,False,0.7,0.8,1.6,-4.842877388000488e-05,4.842877388000488e-05,0.08209008723497391,0.0009991093538701534,0.12443962693214417,1.0,True
11,fixed2,22,8,0.007325459271669388,True,False,True,1.5666666666666667,0.2833333333333333,0.4,-4.767017904669046,6.692809984087944,0.38903725147247314,0.009940046817064285,0.02261345647275448,0.7777777777777778,True
11,fixed2,22,9,-0.03267453983426094,True,True,False,0.7,0.8,1.6,-4.842877388000488e-05,4.842877388000488e-05,0.08539830893278122,0.001913472544401884,0.13259775936603546,0.7777777777777778,True
11,fixed2,23,0,0.007325459271669388,True,False,True,0.8666666666666667,0.4666666666666667,0.9333333333333333,-5.765135399997234,6.53387326747179,0.17950017750263214,0.004431434441357851,0.02665933035314083,0.8888888888888888,True
11,fixed2,23,1,-0.03267453983426094,True,True,False,0.7,0.8,1.6,-4.842877388000488e-05,4.842877388000488e-05,0.08914811909198761,0.0013537798076868057,0.04656549543142319,1.0,True
11,fixed2,23,2,0.007325459271669388,True,False,True,0.9,0.3333333333333333,0.3333333333333333,-5.903162062168121,6.9953822530806065,0.20038755238056183,0.005010988097637892,0.023415913805365562,0.8888888888888888,True
11,fixed2,23,3,-0.03267453983426094,True,True,False,0.6666666666666666,0.8166666666666667,1.6333333333333333,-4.842877388000488e-05,4.842877388000488e-05,0.12246574461460114,0.0031762956641614437,0.11516935378313065,0.7777777777777778,True
11,fixed2,23,4,0.007325459271669388,True,False,True,1.1,0.4166666666666667,0.8333333333333334,-5.022174678742886,6.627660244703293,0.16731411218643188,0.004378719720989466,0.029382281005382538,0.8888888888888888,True
11,fixed2,23,5,-0.03267453983426094,True,True,False,0.7,0.8,1.6,-4.842877388000488e-05,4.842877388000488e-05,0.0743211880326271,0.0006491863168776035,0.06478210538625717,1.0,True
11,fixed2,23,6,0.007325459271669388,True,False,True,0.9666666666666667,0.36666666666666664,0.7333333333333333,-7.095093373209238,8.483067154884338,0.1938905268907547,0.004769838880747557,0.022898580878973007,1.0,True
11,fixed2,23,7,-0.03267453983426094,True,True,False,0.6333333333333333,0.8333333333333334,1.6666666666666667,-4.842877388000488e-05,4.842877388000488e-05,0.03473953902721405,0.0008322182111442089,0.07210971415042877,1.0,True
11,fixed2,23,8,0.007325459271669388,True,False,True,1.0,0.4166666666666667,0.8333333333333334,-6.029949057847261,7.261442486196756,0.22185394167900085,0.005675452295690775,0.025095190852880478,1.0,True
11,fixed2,23,9,-0.03267453983426094,True,True,False,0.6666666666666666,0.8166666666666667,1.6333333333333333,-4.842877388000488e-05,4.842877388000488e-05,0.10530116409063339,0.0008954815566539764,0.06537488847970963,1.0,True
11,fixed2,24,0,0.007325459271669388,True,False,True,0.8666666666666667,0.35,0.7,-8.274534717202187,9.737263433635235,0.42705848813056946,0.00881895050406456,0.024898750707507133,0.8888888888888888,True
11,fixed2,24,1,-0.03267453983426094,True,True,False,0.6666666666666666,0.8166666666666667,1.6333333333333333,-4.842877388000488e-05,4.842877388000488e-05,0.22732554376125336,0.0034529841504991055,0.08895095437765121,1.0,True
11,fixed2,24,2,0.007325459271669388,True,False,True,0.9333333333333333,0.3333333333333333,0.6666666666666666,-7.938861846923828,9.44024883210659,0.36195358633995056,0.009253130294382572,0.026921480894088745,1.0,True
11,fixed2,24,3,-0.03267453983426094,True,True,False,0.6666666666666666,0.8166666666666667,1.6333333333333333,-4.842877388000488e-05,4.842877388000488e-05,0.2269081324338913,0.0032992293126881123,0.08580430597066879,1.0,True
11,fixed2,24,4,0.007325459271669388,True,False,True,0.9333333333333333,0.3,0.6,-8.087439462542534,9.746206924319267,0.27416956424713135,0.0070297596976161,0.025656815618276596,0.8888888888888888,True
11,fixed2,24,5,-0.03267453983426094,True,True,False,0.6666666666666666,0.8166666666666667,1.6333333333333333,-4.842877388000488e-05,4.842877388000488e-05,0.20849338173866272,0.003061259165406227,0.09407835453748703,1.0,True
11,fixed2,24,6,0.007325459271669388,True,False,True,0.9666666666666667,0.2833333333333333,0.5666666666666667,-8.118925616145134,9.684018790721893,0.2554764151573181,0.006505168974399567,0.026466140523552895,1.0,True
11,fixed2,24,7,-0.03267453983426094,True,True,False,0.6666666666666666,0.8166666666666667,1.6333333333333333,-4.842877388000488e-05,4.842877388000488e-05,0.16883738338947296,0.0013083936646580696,0.13275662064552307,1.0,True
11,fixed2,24,8,0.007325459271669388,True,False,True,1.1,0.3,0.6,-6.621370557695627,7.977164350450039,0.181412011384964,0.004444388672709465,0.0264512300491333,0.8888888888888888,True
11,fixed2,24,9,-0.03267453983426094,True,True,False,0.6666666666666666,0.8166666666666667,1.6333333333333333,-4.842877388000488e-05,4.842877388000488e-05,0.24082575738430023,0.0034446753561496735,0.10498421639204025,0.8888888888888888,True
11,fixed2,25,0,0.007325459271669388,True,False,True,0.9,0.4,0.8,-11.099863797426224,12.40539737045765,0.3863396644592285,0.006720672361552715,0.02731015346944332,0.8888888888888888,True
11,fixed2,25,1,-0.03267453983426094,True,True,False,0.5666666666666667,0.8666666666666667,1.7333333333333334,-4.842877388000488e-05,4.842877388000488e-05,0.07684989273548126,0.0005851993337273598,0.14373861253261566,1.0,True
11,fixed2,25,2,0.007325459271669388,True,False,True,1.1666666666666667,0.3333333333333333,0.6666666666666666,-7.236169651150703,10.591631755232811,0.29817235469818115,0.0075165266171097755,0.03395244851708412,1.0,True
11,fixed2,25,3,-0.03267453983426094,True,True,False,0.5333333333333333,0.8833333333333333,1.7666666666666666,-4.842877388000488e-05,4.842877388000488e-05,0.0550391748547554,0.0005624238401651382,0.13285653293132782,1.0,True
11,fixed2,25,4,0.007325459271669388,True,False,True,1.1333333333333333,0.35,0.7,-8.064839988946915,12.093959376215935,0.2850995659828186,0.007161443587392569,0.033356864005327225,0.8888888888888888,True
11,fixed2,25,5,-0.03267453983426094,True,True,False,0.5333333333333333,0.8833333333333333,1.7666666666666666,-4.842877388000488e-05,4.842877388000488e-05,0.05213448405265808,0.00030265189707279205,0.13253746926784515,1.0,True
11,fixed2,25,6,0.007325459271669388,True,False,True,1.2,0.3333333333333333,0.6666666666666666,-6.803092081099749,10.1902075111866,0.2914385497570038,0.007353265304118395,0.033282678574323654,0.6666666666666666,True
11,fixed2,25,7,-0.03267453983426094,True,True,False,0.5666666666666667,0.8666666666666667,1.7333333333333334,-4.842877388000488e-05,4.842877388000488e-05,0.05820006877183914,0.0008156523108482361,0.12905025482177734,1.0,True
11,fixed2,25,8,0.007325459271669388,True,False,True,1.2333333333333334,0.35,0.7,-5.917027592658997,8.99030826985836,0.3041435480117798,0.007967757992446423,0.03876041620969772,0.8888888888888888,True
11,fixed2,25,9,-0.03267453983426094,True,True,False,0.6,0.85,1.7,-4.842877388000488e-05,4.842877388000488e-05,0.10497714579105377,0.0006159287877380848,0.13616250455379486,1.0,True
11,fixed2,26,0,0.007325459271669388,True,False,True,0.8666666666666667,0.4666666666666667,0.9333333333333333,-7.566058076918125,9.832533076405525,0.15813007950782776,0.003880285657942295,0.034634076058864594,1.0,True
11,fixed2,26,1,-0.03267453983426094,True,True,False,0.6,0.85,1.7,-4.842877388000488e-05,4.842877388000488e-05,0.08857153356075287,0.0021684644743800163,0.14829063415527344,0.7777777777777778,True
11,fixed2,26,2,0.007325459271669388,True,False,True,1.1333333333333333,0.48333333333333334,0.6333333333333333,-1.2889922363683581,2.7141738682985306,0.08981022238731384,0.0022171535529196262,0.03715985640883446,0.7777777777777778,True
11,fixed2,26,3,-0.03267453983426094,True,True,False,0.6666666666666666,0.8166666666666667,1.6333333333333333,-4.842877388000488e-05,4.842877388000488e-05,0.06515691429376602,0.001500959973782301,0.13281533122062683,1.0,True
11,fixed2,26,4,0.007325459271669388,True,True,False,1.7333333333333334,0.4166666666666667,0.5666666666666667,-0.44410349801182747,1.4976565726101398,0.07618335634469986,0.0019239834509789944,0.040581099689006805,1.0,True
11,fixed2,26,5,-0.03267453983426094,True,True,False,0.7,0.8,1.6,-4.842877388000488e-05,4.842877388000488e-05,0.06221374496817589,0.0014478154480457306,0.11571582406759262,1.0,True
11,fixed2,26,6,0.007325459271669388,True,True,False,1.9666666666666666,0.2,0.3333333333333333,0.5685047945007682,1.6831271350383759,0.07378754019737244,0.0018519870936870575,0.03532757982611656,1.0,True
11,fixed2,26,7,-0.03267453983426094,True,True,False,0.7333333333333333,0.7833333333333333,1.5666666666666667,-4.842877388000488e-05,4.842877388000488e-05,0.025463270023465157,0.000632009468972683,0.07701699435710907,1.0,True
11,fixed2,26,8,0.007325459271669388,True,True,False,1.7666666666666666,0.38333333333333336,0.5333333333333333,-0.30046061147004366,1.7625917680561543,0.0797734409570694,0.002031106036156416,0.03698326647281647,0.8888888888888888,True
11,fixed2,26,9,-0.03267453983426094,True,True,False,0.7,0.8,1.6,-4.842877388000488e-05,4.842877388000488e-05,0.08288310468196869,0.002063180785626173,0.1120244562625885,1.0,True
11,fixed2,27,0,0.007325459271669388,True,False,True,0.9,0.36666666666666664,0.7333333333333333,-12.341378256678581,13.435503467917442,0.23619559407234192,0.005792813375592232,0.03585134819149971,1.0,True
11,fixed2,27,1,-0.03267453983426094,True,True,False,0.5666666666666667,0.8666666666666667,1.7333333333333334,-4.842877388000488e-05,4.842877388000488e-05,0.10109592974185944,0.0024814135394990444,0.07948151975870132,1.0,True
11,fixed2,27,2,0.007325459271669388,True,False,True,0.9333333333333333,0.36666666666666664,0.7333333333333333,-11.06967031955719,12.849247083067894,0.23520313203334808,0.0054001337848603725,0.03420403599739075,0.8888888888888888,True
11,fixed2,27,3,-0.03267453983426094,True,True,False,0.5666666666666667,0.8666666666666667,1.7333333333333334,-4.842877388000488e-05,4.842877388000488e-05,0.07678740471601486,0.0018078228458762169,0.08744806796312332,1.0,True
11,fixed2,27,4,0.007325459271669388,True,False,True,0.9333333333333333,0.3333333333333333,0.6666666666666666,-12.249438092112541,13.686610385775566,0.20932786166667938,0.004959490615874529,0.03194962441921234,0.7777777777777778,True
11,fixed2,27,5,-0.03267453983426094,True,True,False,0.5666666666666667,0.8666666666666667,1.7333333333333334,-4.842877388000488e-05,4.842877388000488e-05,0.08989787101745605,0.0022216560319066048,0.09419998526573181,1.0,True
11,fixed2,27,6,0.007325459271669388,True,False,True,0.9333333333333333,0.3333333333333333,0.6666666666666666,-12.543379329144955,13.716956600546837,0.2376086413860321,0.005872826091945171,0.030453499406576157,0.8888888888888888,True
11,fixed2,27,7,-0.03267453983426094,True,True,False,0.6,0.85,1.7,-4.842877388000488e-05,4.842877388000488e-05,0.11593738943338394,0.0028519597835838795,0.11339480429887772,1.0,True
11,fixed2,27,8,0.007325459271669388,True,False,True,0.9666666666666667,0.31666666666666665,0.6333333333333333,-12.411292642354965,12.82680407166481,0.2811700105667114,0.006987068336457014,0.03328406810760498,0.8888888888888888,True
11,fixed2,27,9,-0.03267453983426094,True,True,False,0.6333333333333333,0.8333333333333334,1.6666666666666667,-4.842877388000488e-05,4.842877388000488e-05,0.15411807596683502,0.003785901702940464,0.11494304239749908,0.7777777777777778,True
11,fixed2,28,0,0.007325459271669388,True,False,True,0.9,0.36666666666666664,0.7333333333333333,-13.917593285441399,17.08999089896679,0.1959913969039917,0.004790359176695347,0.04645770043134689,0.7777777777777778,True
11,fixed2,28,1,-0.03267453983426094,True,True,False,0.5,0.9,1.8,-4.842877388000488e-05,4.842877388000488e-05,0.09896863251924515,0.002506629563868046,0.1637336015701294,0.7777777777777778,True
11,fixed2,28,2,0.007325459271669388,True,False,True,1.1,0.35,0.7,-6.795286666601896,9.647299535572529,0.2841554284095764,0.00668726721778512,0.03129918873310089,0.7777777777777778,True
11,fixed2,28,3,-0.03267453983426094,True,True,False,0.5333333333333333,0.8833333333333333,1.7666666666666666,-4.842877388000488e-05,4.842877388000488e-05,0.08555548638105392,0.0021706284023821354,0.16073116660118103,0.7777777777777778,True
11,fixed2,28,4,0.007325459271669388,True,False,True,1.5,0.2833333333333333,0.43333333333333335,-4.962258972227573,7.242080755531788,0.2983928322792053,0.006808782462030649,0.030806707218289375,1.0,True
11,fixed2,28,5,-0.03267453983426094,True,True,False,0.5666666666666667,0.8666666666666667,1.7333333333333334,-4.842877388000488e-05,4.842877388000488e-05,0.07691788673400879,0.0018235505558550358,0.14725945889949799,0.8888888888888888,True
11,fixed2,28,6,0.007325459271669388,True,False,True,1.1333333333333333,0.4166666666666667,0.8333333333333334,-6.008457858115435,9.14454460144043,0.2314268797636032,0.005792602431029081,0.034537024796009064,0.6666666666666666,True
11,fixed2,28,7,-0.03267453983426094,True,True,False,0.5333333333333333,0.8833333333333333,1.7666666666666666,-4.842877388000488e-05,4.842877388000488e-05,0.058741264045238495,0.0014313389547169209,0.15727636218070984,1.0,True
11,fixed2,28,8,0.007325459271669388,True,False,True,1.7333333333333334,0.23333333333333334,0.36666666666666664,-2.8161497320979834,5.128492135554552,0.18396088480949402,0.004721277393400669,0.02867421880364418,0.8888888888888888,True
11,fixed2,28,9,-0.03267453983426094,True,True,False,0.6,0.85,1.7,-4.842877388000488e-05,4.842877388000488e-05,0.12927085161209106,0.003341138828545809,0.12815648317337036,1.0,True
11,fixed2,29,0,0.007325459271669388,True,False,True,0.9666666666666667,0.4,0.8,-10.103370994329453,13.737643137574196,0.34978818893432617,0.005175543483346701,0.03144538030028343,0.8888888888888888,True
11,fixed2,29,1,-0.03267453983426094,True,True,False,0.5333333333333333,0.8833333333333333,1.7666666666666666,-4.842877388000488e-05,4.842877388000488e-05,0.14286698400974274,0.0013788477517664433,0.10187938809394836,1.0,True
11,fixed2,29,2,0.007325459271669388,True,False,True,1.3,0.43333333333333335,0.8666666666666667,-2.024059183895588,4.072671756148338,0.1617143750190735,0.0025567342527210712,0.03174394369125366,0.7777777777777778,True
11,fixed2,29,3,-0.03267453983426094,True,True,False,0.6333333333333333,0.8333333333333334,1.6666666666666667,-4.842877388000488e-05,4.842877388000488e-05,0.13941285014152527,0.000664466992020607,0.05757715925574303,0.7777777777777778,True
11,fixed2,29,4,0.007325459271669388,True,False,True,1.5333333333333334,0.2833333333333333,0.3333333333333333,-7.4753048829734325,10.617291554808617,0.2745071053504944,0.003899295348674059,0.023568186908960342,0.8888888888888888,True
11,fixed2,29,5,-0.03267453983426094,True,True,False,0.5666666666666667,0.8666666666666667,1.7333333333333334,-4.842877388000488e-05,4.842877388000488e-05,0.12222843617200851,0.00040719425305724144,0.06511839479207993,0.8888888888888888,True
11,fixed2,29,6,0.007325459271669388,True,False,True,1.6333333333333333,0.3,0.3333333333333333,-5.742385517805815,9.273018687963486,0.32905113697052,0.0035904194228351116,0.03727562725543976,0.8888888888888888,True
11,fixed2,29,7,-0.03267453983426094,True,True,False,0.6333333333333333,0.8333333333333334,1.6666666666666667,-4.842877388000488e-05,4.842877388000488e-05,0.13313433527946472,0.0016192104667425156,0.07787677645683289,0.8888888888888888,True
11,fixed2,29,8,0.007325459271669388,True,True,False,1.4333333333333333,0.43333333333333335,0.8666666666666667,-0.054129450290929526,1.2857099063694477,0.10213132202625275,0.002688026987016201,0.03614359349012375,0.8888888888888888,True
11,fixed2,29,9,-0.03267453983426094,True,True,False,0.8333333333333334,0.7333333333333333,1.4666666666666666,-4.842877388000488e-05,4.842877388000488e-05,0.14128535985946655,0.0010817823931574821,0.07165604084730148,1.0,True
11,fixed2,30,0,0.007325459271669388,True,False,True,0.9,0.4166666666666667,0.8333333333333334,-6.421126890927553,8.350852876901627,0.1353427767753601,0.0035356730222702026,0.030175842344760895,0.8888888888888888,True
11,fixed2,30,1,-0.03267453983426094,True,True,False,0.5666666666666667,0.8666666666666667,1.7333333333333334,-4.842877388000488e-05,4.842877388000488e-05,0.05751250311732292,0.0013536731712520123,0.1668902486562729,1.0,True
11,fixed2,30,2,0.007325459271669388,True,False,True,1.1333333333333333,0.4166666666666667,0.8333333333333334,-4.293987527489662,6.379339843988419,0.10519528388977051,0.002757167909294367,0.0401654988527298,0.7777777777777778,True
11,fixed2,30,3,-0.03267453983426094,True,True,False,0.5666666666666667,0.8666666666666667,1.7333333333333334,-4.842877388000488e-05,4.842877388000488e-05,0.15078164637088776,0.003640590701252222,0.1784384697675705,1.0,True
11,fixed2,30,4,0.007325459271669388,True,False,True,1.1,0.43333333333333335,0.8666666666666667,-4.67214360833168,6.973505020141602,0.11302585154771805,0.0029408796690404415,0.04247143492102623,0.7777777777777778,True
11,fixed2,30,5,-0.03267453983426094,True,True,False,0.5666666666666667,0.8666666666666667,1.7333333333333334,-4.842877388000488e-05,4.842877388000488e-05,0.06513966619968414,0.0015519224107265472,0.09790495038032532,1.0,True
11,fixed2,30,6,0.007325459271669388,True,False,True,1.0,0.4166666666666667,0.8333333333333334,-6.164658349007368,8.498751558363438,0.12583167850971222,0.0032283873297274113,0.04349207505583763,0.6666666666666666,True
11,fixed2,30,7,-0.03267453983426094,True,True,False,0.5333333333333333,0.8833333333333333,1.7666666666666666,-4.842877388000488e-05,4.842877388000488e-05,0.03945063054561615,0.0010131043381989002,0.09622284770011902,1.0,True
11,fixed2,30,8,0.007325459271669388,True,False,True,1.4333333333333333,0.36666666666666664,0.4666666666666667,-5.9305597096681595,8.559945039451122,0.14059510827064514,0.0034577050246298313,0.04476165771484375,0.8888888888888888,True
11,fixed2,30,9,-0.03267453983426094,True,True,False,0.5333333333333333,0.8833333333333333,1.7666666666666666,-4.842877388000488e-05,4.842877388000488e-05,0.08268650621175766,0.002125172410160303,0.1262834370136261,1.0,True
11,fixed2,31,0,0.007325459271669388,True,False,True,0.8666666666666667,0.25,0.5,-14.614085666835308,15.143298543989658,0.47206708788871765,0.01108497940003872,0.02071215771138668,1.0,True
11,fixed2,31,1,-0.03267453983426094,True,True,False,0.6333333333333333,0.8333333333333334,1.6666666666666667,-4.842877388000488e-05,4.842877388000488e-05,0.10348930954933167,0.0007949322462081909,0.10376206040382385,0.8888888888888888,True
11,fixed2,31,2,0.007325459271669388,True,False,True,1.1666666666666667,0.25,0.5,-9.770648553967476,12.486930936574936,0.4014018177986145,0.009377443231642246,0.03280876949429512,0.8888888888888888,True
11,fixed2,31,3,-0.03267453983426094,True,True,False,0.5666666666666667,0.8666666666666667,1.7333333333333334,-4.842877388000488e-05,4.842877388000488e-05,0.11030387878417969,0.0010980376973748207,0.11720313131809235,0.8888888888888888,True
11,fixed2,31,4,0.007325459271669388,True,False,True,1.2,0.3,0.6,-8.36652610450983,11.364525184035301,0.44810205698013306,0.0099591463804245,0.03360304236412048,1.0,True
11,fixed2,31,5,-0.03267453983426094,True,True,False,0.6,0.85,1.7,-4.842877388000488e-05,4.842877388000488e-05,0.11417414247989655,0.0003309766761958599,0.11816133558750153,1.0,True
11,fixed2,31,6,0.007325459271669388,True,False,True,1.3,0.26666666666666666,0.4666666666666667,-9.959097020328045,12.42692582309246,0.39712074398994446,0.008308442309498787,0.02806045673787594,0.8888888888888888,True
11,fixed2,31,7,-0.03267453983426094,True,True,False,0.6,0.85,1.7,-4.842877388000488e-05,4.842877388000488e-05,0.09544847905635834,0.0005976823158562183,0.10901661217212677,1.0,True
11,fixed2,31,8,0.007325459271669388,False,False,False,,0.16666666666666666,0.26666666666666666,-11.280190199613571,12.837044894695282,0.421171635389328,0.009776230901479721,0.027627991512417793,1.0,True
11,fixed2,31,9,-0.03267453983426094,True,True,False,0.6,0.85,1.7,-4.842877388000488e-05,4.842877388000488e-05,0.1776992529630661,0.0008303173817694187,0.1058674156665802,0.8888888888888888,True
11,fixed5,0,0,0.007325459271669388,True,False,True,0.8666666666666667,0.15333333333333332,0.7666666666666667,-12.0723070576787,12.127557769417763,0.4042110741138458,0.010169530287384987,0.02290930598974228,1.0,True
11,fixed5,0,1,-0.03267453983426094,True,True,False,0.6,0.94,4.7,-4.842877388000488e-05,4.842877388000488e-05,0.45570215582847595,0.011393388733267784,0.041831228882074356,1.0,True
11,fixed5,0,2,0.007325459271669388,True,False,True,0.8,0.12666666666666668,0.6333333333333333,-11.901795864105225,12.039543129503727,0.39799392223358154,0.009590164758265018,0.02038266509771347,1.0,True
11,fixed5,0,3,-0.03267453983426094,True,True,False,0.6,0.94,4.7,-4.842877388000488e-05,4.842877388000488e-05,0.519250750541687,0.013041205704212189,0.03634212538599968,1.0,True
11,fixed5,1,0,0.007325459271669388,True,False,True,0.9,0.17333333333333334,0.8666666666666667,-17.863061279058456,17.926502972841263,0.00875252764672041,0.0002309088595211506,0.025552771985530853,1.0,True
11,fixed5,1,1,-0.03267453983426094,True,True,False,0.5333333333333333,0.9533333333333334,4.766666666666667,-4.842877388000488e-05,4.842877388000488e-05,0.027570046484470367,9.257951751351357e-05,0.08103760331869125,1.0,True
11,fixed5,1,2,0.007325459271669388,True,False,True,0.9,0.18,0.9,-18.036294728517532,18.047872930765152,0.007712834514677525,0.00018755393102765083,0.024941494688391685,1.0,True
11,fixed5,1,3,-0.03267453983426094,True,True,False,0.5333333333333333,0.9533333333333334,4.766666666666667,-4.842877388000488e-05,4.842877388000488e-05,0.14154785871505737,0.0013887034729123116,0.08468977361917496,1.0,True
11,fixed5,2,0,0.007325459271669388,True,False,True,0.9333333333333333,0.16,0.8,-15.200217254459858,15.264365822076797,0.019554654136300087,0.0003843642771244049,0.029788127169013023,0.8888888888888888,True
11,fixed5,2,1,-0.03267453983426094,True,True,False,0.5666666666666667,0.9466666666666667,4.733333333333333,-4.842877388000488e-05,4.842877388000488e-05,0.03332412987947464,0.0008409451693296432,0.07072614878416061,1.0,True
11,fixed5,2,2,0.007325459271669388,True,False,True,1.0333333333333334,0.15333333333333332,0.7666666666666667,-16.11599139869213,16.263775527477264,0.00711400480940938,0.00017454102635383606,0.027285519987344742,0.8888888888888888,True
11,fixed5,2,3,-0.03267453983426094,True,True,False,0.5333333333333333,0.9533333333333334,4.766666666666667,-4.842877388000488e-05,4.842877388000488e-05,0.008227057754993439,9.664054960012436e-05,0.04250049218535423,1.0,True
11,fixed5,3,0,0.007325459271669388,True,False,True,0.9666666666666667,0.16666666666666666,0.8333333333333334,-15.998292714357376,16.059966757893562,0.2184096723794937,0.003111918456852436,0.023877248167991638,1.0,True
11,fixed5,3,1,-0.03267453983426094,True,True,False,0.5666666666666667,0.9466666666666667,4.733333333333333,-4.842877388000488e-05,4.842877388000488e-05,0.11280499398708344,0.0007913820445537567,0.03356529399752617,1.0,True
11,fixed5,3,2,0.007325459271669388,True,False,True,0.9666666666666667,0.13333333333333333,0.6666666666666666,-16.865350306034088,17.099279910326004,0.2140544056892395,0.005245402920991182,0.022016916424036026,1.0,True
11,fixed5,3,3,-0.03267453983426094,True,True,False,0.6333333333333333,0.9333333333333333,4.666666666666667,-4.842877388000488e-05,4.842877388000488e-05,0.02240581065416336,0.0005692620761692524,0.0883718729019165,1.0,True
11,fixed5,4,0,0.007325459271669388,True,False,True,0.8666666666666667,0.12666666666666668,0.6333333333333333,-12.699676677584648,12.729249894618988,0.004189953673630953,0.0001103677786886692,0.02397635206580162,0.8888888888888888,True
11,fixed5,4,1,-0.03267453983426094,True,True,False,0.6,0.94,4.7,-4.842877388000488e-05,4.842877388000488e-05,0.010959882289171219,0.00027682166546583176,0.1519441455602646,0.8888888888888888,True
11,fixed5,4,2,0.007325459271669388,True,False,True,1.0666666666666667,0.12,0.6,-11.275013908743858,11.480003595352173,0.3405059576034546,0.00851886160671711,0.023809313774108887,1.0,True
11,fixed5,4,3,-0.03267453983426094,True,True,False,0.6333333333333333,0.9333333333333333,4.666666666666667,-4.842877388000488e-05,4.842877388000488e-05,0.014254934154450893,0.0003537619486451149,0.1341080516576767,1.0,True
11,fixed5,5,0,0.007325459271669388,True,False,True,0.9333333333333333,0.16666666666666666,0.8333333333333334,-12.22739927470684,12.291431427001953,0.4921380281448364,0.012305404990911484,0.025205431506037712,1.0,True
11,fixed5,5,1,-0.03267453983426094,True,True,False,0.6,0.94,4.7,-4.842877388000488e-05,4.842877388000488e-05,0.360225647687912,0.008766865357756615,0.054122939705848694,1.0,True
11,fixed5,5,2,0.007325459271669388,True,False,True,0.8666666666666667,0.15333333333333332,0.7666666666666667,-13.466746546328068,13.535045087337494,0.5874655842781067,0.014184676110744476,0.023364398628473282,1.0,True
11,fixed5,5,3,-0.03267453983426094,True,True,False,0.5666666666666667,0.9466666666666667,4.733333333333333,-4.842877388000488e-05,4.842877388000488e-05,0.01716788299381733,0.0003869803622364998,0.11954338103532791,0.7777777777777778,True
11,fixed5,6,0,0.007325459271669388,True,False,True,0.9666666666666667,0.16666666666666666,0.8333333333333334,-13.862445950508118,14.123331755399704,0.15964874625205994,0.0012183217331767082,0.02290806919336319,1.0,True
11,fixed5,6,1,-0.03267453983426094,True,True,False,0.6,0.94,4.7,-4.842877388000488e-05,4.842877388000488e-05,0.5048916339874268,0.01012155320495367,0.08002354204654694,1.0,True
11,fixed5,6,2,0.007325459271669388,True,False,True,1.0666666666666667,0.15333333333333332,0.7666666666666667,-10.706827975809574,10.8882961794734,0.055636413395404816,0.00022938894107937813,0.023117298260331154,0.6666666666666666,True
11,fixed5,6,3,-0.03267453983426094,True,True,False,0.5666666666666667,0.9466666666666667,4.733333333333333,-4.842877388000488e-05,4.842877388000488e-05,0.16630904376506805,0.001718456856906414,0.07021230459213257,1.0,True
11,fixed5,7,0,0.007325459271669388,True,False,True,0.8333333333333334,0.16666666666666666,0.8333333333333334,-14.068080112338066,14.091870747506618,0.2895108461380005,0.007224285043776035,0.024881575256586075,1.0,True
11,fixed5,7,1,-0.03267453983426094,True,True,False,0.5333333333333333,0.9533333333333334,4.766666666666667,-4.842877388000488e-05,4.842877388000488e-05,0.6910160779953003,0.016353735700249672,0.0568467378616333,1.0,True
11,fixed5,7,2,0.007325459271669388,True,False,True,0.9333333333333333,0.17333333333333334,0.8666666666666667,-13.845146633684635,13.895571231842041,0.2658832371234894,0.0066303713247179985,0.023876678198575974,0.8888888888888888,True
11,fixed5,7,3,-0.03267453983426094,True,True,False,0.5333333333333333,0.9533333333333334,4.766666666666667,-4.842877388000488e-05,4.842877388000488e-05,0.6736459136009216,0.0158773735165596,0.04808355122804642,1.0,True
11,fixed5,8,0,0.007325459271669388,True,False,True,0.8333333333333334,0.12666666666666668,0.6333333333333333,-10.242916643619537,10.245149955153465,0.003429196309298277,8.328305557370186e-05,0.020695632323622704,1.0,True
11,fixed5,8,1,-0.03267453983426094,True,True,False,0.5666666666666667,0.9466666666666667,4.733333333333333,-4.842877388000488e-05,4.842877388000488e-05,0.006856665480881929,0.0001773647964000702,0.059613440185785294,1.0,True
11,fixed5,8,2,0.007325459271669388,True,False,True,0.9,0.13333333333333333,0.6666666666666666,-11.705775745213032,11.740641668438911,0.004521686118096113,0.00011045252904295921,0.020333580672740936,1.0,True
11,fixed5,8,3,-0.03267453983426094,True,True,False,0.5666666666666667,0.9466666666666667,4.733333333333333,-4.842877388000488e-05,4.842877388000488e-05,0.007658505812287331,0.0001911805011332035,0.05743873864412308,1.0,True
11,fixed5,9,0,0.007325459271669388,True,False,True,0.8666666666666667,0.17333333333333334,0.8666666666666667,-10.161248967051506,11.30620576441288,0.5019964575767517,0.012555588036775589,0.03191201388835907,0.8888888888888888,True
11,fixed5,9,1,-0.03267453983426094,True,True,False,0.5333333333333333,0.9533333333333334,4.766666666666667,-4.842877388000488e-05,4.842877388000488e-05,0.04019268974661827,0.00094991410151124,0.07773187756538391,0.8888888888888888,True
11,fixed5,9,2,0.007325459271669388,True,False,True,0.9333333333333333,0.19333333333333333,0.9666666666666667,-12.816991657018661,14.161844737827778,0.46975481510162354,0.010869957506656647,0.03293512389063835,0.8888888888888888,True
11,fixed5,9,3,-0.03267453983426094,True,True,False,0.5333333333333333,0.9533333333333334,4.766666666666667,-4.842877388000488e-05,4.842877388000488e-05,0.05127015337347984,0.0012628557160496712,0.07341974228620529,1.0,True
11,fixed5,10,0,0.007325459271669388,True,False,True,0.8666666666666667,0.19333333333333333,0.9666666666666667,-9.641035459935665,9.671851992607117,0.507225751876831,0.012667451053857803,0.021972043439745903,1.0,True
11,fixed5,10,1,-0.03267453983426094,True,True,False,0.6333333333333333,0.9333333333333333,4.666666666666667,-4.470348358154297e-05,4.842877388000488e-05,0.2661129832267761,0.006985219661146402,0.038059934973716736,1.0,True
11,fixed5,10,2,0.007325459271669388,True,False,True,0.8,0.18,0.9,-14.052165672183037,14.087548479437828,0.04764394462108612,0.0011638803407549858,0.025554005056619644,1.0,True
11,fixed5,10,3,-0.03267453983426094,True,True,False,0.6,0.94,4.7,-4.842877388000488e-05,4.842877388000488e-05,0.04195075482130051,0.0010666772723197937,0.0622677281498909,1.0,True
11,fixed5,11,0,0.007325459271669388,True,False,True,0.9,0.28,1.0,-3.948585595935583,4.1408357210457325,0.3655928373336792,0.008422883227467537,0.01946812868118286,1.0,True
11,fixed5,11,1,-0.03267453983426094,True,True,False,0.7,0.92,4.6,-4.842877388000488e-05,4.842877388000488e-05,0.12084764987230301,0.00022404082119464874,0.09673512727022171,1.0,True
11,fixed5,11,2,0.007325459271669388,True,False,True,1.1,0.23333333333333334,1.1666666666666667,-5.978787317872047,6.571856327354908,0.290260910987854,0.007447419688105583,0.020721009001135826,0.8888888888888888,True
11,fixed5,11,3,-0.03267453983426094,True,True,False,0.7,0.92,4.6,-4.842877388000488e-05,4.842877388000488e-05,0.11155232787132263,0.0001639062538743019,0.061715900897979736,0.6666666666666666,True
11,fixed5,12,0,0.007325459271669388,True,False,True,0.9,0.15333333333333332,0.7666666666666667,-12.606263160705566,12.683509849011898,0.5524506568908691,0.013828251510858536,0.02451912872493267,0.7777777777777778,True
11,fixed5,12,1,-0.03267453983426094,True,True,False,0.5666666666666667,0.9466666666666667,4.733333333333333,-4.842877388000488e-05,4.842877388000488e-05,0.034071143716573715,0.0008459892123937607,0.09769733995199203,0.7777777777777778,True
11,fixed5,12,2,0.007325459271669388,True,False,True,1.0333333333333334,0.12666666666666668,0.6333333333333333,-13.22642806917429,13.28080054372549,0.5502620339393616,0.013318469747900963,0.023737158626317978,0.8888888888888888,True
11,fixed5,12,3,-0.03267453983426094,True,True,False,0.6,0.94,4.7,-4.842877388000488e-05,4.842877388000488e-05,0.015199298970401287,0.00037300819531083107,0.06696644425392151,1.0,True
11,fixed5,13,0,0.007325459271669388,True,False,True,0.9,0.18,0.9,-15.770401805639267,15.869224444031715,0.03449549153447151,0.0008573103696107864,0.024251781404018402,0.8888888888888888,True
11,fixed5,13,1,-0.03267453983426094,True,True,False,0.5666666666666667,0.9466666666666667,4.733333333333333,-4.842877388000488e-05,4.842877388000488e-05,0.12717896699905396,0.001209641806781292,0.0628196969628334,0.8888888888888888,True
11,fixed5,13,2,0.007325459271669388,True,False,True,0.9333333333333333,0.16,0.8,-15.053368173539639,15.151851810514927,0.026726743206381798,0.0005944883450865746,0.028238024562597275,0.8888888888888888,True
11,fixed5,13,3,-0.03267453983426094,True,True,False,0.5666666666666667,0.9466666666666667,4.733333333333333,-4.842877388000488e-05,4.842877388000488e-05,0.12143827974796295,0.002081930637359619,0.05603187531232834,1.0,True
11,fixed5,14,0,0.007325459271669388,True,False,True,0.9,0.18,0.9,-8.929290808737278,8.960628882050514,0.022569876164197922,0.0004667295143008232,0.018091261386871338,1.0,True
11,fixed5,14,1,-0.03267453983426094,True,True,False,0.6,0.94,4.7,-4.842877388000488e-05,4.842877388000488e-05,0.08538618683815002,0.0005085337907075882,0.02720770612359047,1.0,True
11,fixed5,14,2,0.007325459271669388,True,False,True,0.8333333333333334,0.19333333333333333,0.9666666666666667,-8.737056516110897,8.787245489656925,0.011923344805836678,0.00029616570100188255,0.020216135308146477,1.0,True
11,fixed5,14,3,-0.03267453983426094,True,True,False,0.6333333333333333,0.9333333333333333,4.666666666666667,-4.842877388000488e-05,4.842877388000488e-05,0.09006739407777786,0.0005910121835768223,0.06211582198739052,1.0,True
11,fixed5,15,0,0.007325459271669388,True,False,True,0.9333333333333333,0.12,0.6,-11.201191693544388,12.049669399857521,0.4789019227027893,0.011831250041723251,0.01949693076312542,1.0,True
11,fixed5,15,1,-0.03267453983426094,True,True,False,0.5666666666666667,0.9466666666666667,4.733333333333333,-4.842877388000488e-05,4.842877388000488e-05,0.024088997393846512,0.0006138836033642292,0.062249865382909775,1.0,True
11,fixed5,15,2,0.007325459271669388,True,False,True,0.9,0.14,0.7,-15.653662383556366,15.961352735757828,0.5772615671157837,0.013955548405647278,0.021060653030872345,1.0,True
11,fixed5,15,3,-0.03267453983426094,True,True,False,0.5666666666666667,0.9466666666666667,4.733333333333333,-4.842877388000488e-05,4.842877388000488e-05,0.034525368362665176,0.0008797175250947475,0.05649753287434578,1.0,True
11,fixed5,16,0,0.007325459271669388,True,False,True,0.9,0.19333333333333333,0.9666666666666667,-9.318285621702671,9.431825950741768,0.47797271609306335,0.009817538782954216,0.019469743594527245,0.8888888888888888,True
11,fixed5,16,1,-0.03267453983426094,True,True,False,0.6,0.94,4.7,-4.842877388000488e-05,4.842877388000488e-05,0.047923002392053604,0.0006297258660197258,0.06236407533288002,1.0,True
11,fixed5,16,2,0.007325459271669388,True,False,True,1.0,0.16,0.8,-10.309223085641861,10.464063845574856,0.519033670425415,0.011832719668745995,0.02002638205885887,0.8888888888888888,True
11,fixed5,16,3,-0.03267453983426094,True,True,False,0.6,0.94,4.7,-4.842877388000488e-05,4.842877388000488e-05,0.03860585391521454,0.0005258284509181976,0.07980287075042725,1.0,True
11,fixed5,17,0,0.007325459271669388,True,False,True,0.9,0.12,0.6,-16.79338328540325,16.80874079465866,0.18032222986221313,0.0044990768656134605,0.028139233589172363,0.8888888888888888,True
11,fixed5,17,1,-0.03267453983426094,True,True,False,0.5333333333333333,0.9533333333333334,4.766666666666667,-4.842877388000488e-05,4.842877388000488e-05,0.016795240342617035,0.0004008202813565731,0.056915283203125,0.8888888888888888,True
11,fixed5,17,2,0.007325459271669388,True,False,True,0.9,0.12666666666666668,0.6333333333333333,-10.415877215564251,10.700022801756859,0.03378086909651756,0.0008815955370664597,0.027348432689905167,1.0,True
11,fixed5,17,3,-0.03267453983426094,True,True,False,0.6333333333333333,0.9333333333333333,4.666666666666667,-4.842877388000488e-05,4.842877388000488e-05,0.055427342653274536,0.001362986396998167,0.07046642899513245,0.8888888888888888,True
11,fixed5,18,0,0.007325459271669388,True,False,True,0.9,0.2,1.0,-12.202710844576359,12.228414416313171,0.00809154286980629,0.00019148830324411392,0.022340012714266777,1.0,True
11,fixed5,18,1,-0.03267453983426094,True,True,False,0.5666666666666667,0.9466666666666667,4.733333333333333,-4.5531326264836025e-05,4.842877388000488e-05,0.5119470357894897,0.01127027627080679,0.03221786394715309,0.8888888888888888,True
11,fixed5,18,2,0.007325459271669388,True,False,True,0.8666666666666667,0.22,1.1,-11.189864948391914,11.383968405425549,0.3226686716079712,0.008499645628035069,0.025708355009555817,0.8888888888888888,True
11,fixed5,18,3,-0.03267453983426094,True,True,False,0.6,0.94,4.7,-4.842877388000488e-05,4.842877388000488e-05,0.05186564475297928,0.0008804555982351303,0.034308746457099915,0.7777777777777778,True
11,fixed5,19,0,0.007325459271669388,True,False,True,0.9333333333333333,0.12666666666666668,0.6333333333333333,-8.227724581956863,8.337405510246754,0.4806728959083557,0.012059705331921577,0.02080383524298668,0.8888888888888888,True
11,fixed5,19,1,-0.03267453983426094,True,True,False,0.6,0.94,4.7,-4.842877388000488e-05,4.842877388000488e-05,0.05377401411533356,0.0007945732213556767,0.08652447909116745,0.6666666666666666,True
11,fixed5,19,2,0.007325459271669388,True,False,True,1.0666666666666667,0.14666666666666667,0.7333333333333333,-9.586973115801811,9.84139833599329,0.43794676661491394,0.010958241298794746,0.01920204982161522,1.0,True
11,fixed5,19,3,-0.03267453983426094,True,True,False,0.6,0.94,4.7,-4.263387864966717e-05,4.842877388000488e-05,0.3858335614204407,0.0070081548765301704,0.02932114712893963,1.0,True
11,fixed5,20,0,0.007325459271669388,True,False,True,0.9,0.15333333333333332,0.7666666666666667,-19.065849483013153,19.371820613741875,0.013453434221446514,0.0003407038748264313,0.02308349497616291,0.8888888888888888,True
11,fixed5,20,1,-0.03267453983426094,True,True,False,0.5666666666666667,0.9466666666666667,4.733333333333333,-4.842877388000488e-05,4.842877388000488e-05,0.184631809592247,0.004491623491048813,0.06874925643205643,0.8888888888888888,True
11,fixed5,20,2,0.007325459271669388,True,False,True,0.9666666666666667,0.16,0.8,-20.67217230796814,21.6023288667202,0.0396108403801918,0.0008941027335822582,0.03762654587626457,1.0,True
11,fixed5,20,3,-0.03267453983426094,True,True,False,0.6,0.94,4.7,-4.842877388000488e-05,4.842877388000488e-05,0.09233386814594269,0.0023326706141233444,0.06871487200260162,1.0,True
11,fixed5,21,0,0.007325459271669388,True,False,True,0.8666666666666667,0.13333333333333333,0.6666666666666666,-12.903925031423569,12.943902984261513,0.051830556243658066,0.0012035807594656944,0.02406160719692707,0.7777777777777778,True
11,fixed5,21,1,-0.03267453983426094,True,True,False,0.5666666666666667,0.9466666666666667,4.733333333333333,-4.842877388000488e-05,4.842877388000488e-05,0.051730796694755554,7.207412272691727e-05,0.05637421831488609,1.0,True
11,fixed5,21,2,0.007325459271669388,True,False,True,0.9666666666666667,0.11333333333333333,0.5666666666666667,-16.05689898133278,16.336962580680847,0.18304575979709625,0.004146868828684092,0.027899764478206635,0.7777777777777778,True
11,fixed5,21,3,-0.03267453983426094,True,True,False,0.5666666666666667,0.9466666666666667,4.733333333333333,-4.842877388000488e-05,4.842877388000488e-05,0.0657791942358017,0.00025767507031559944,0.05178090184926987,1.0,True
11,fixed5,22,0,0.007325459271669388,True,False,True,0.8666666666666667,0.14,0.7,-12.959836982190609,13.084674254059792,0.06801354885101318,0.00042714178562164307,0.026061518117785454,0.8888888888888888,True
11,fixed5,22,1,-0.03267453983426094,True,True,False,0.6333333333333333,0.9333333333333333,4.666666666666667,-4.842877388000488e-05,4.842877388000488e-05,0.027318038046360016,0.0007123090326786041,0.0792025625705719,1.0,True
11,fixed5,22,2,0.007325459271669388,True,False,True,0.9666666666666667,0.15333333333333332,0.7666666666666667,-11.271595023572445,11.473225429654121,0.09949269890785217,0.0005438332445919514,0.025683585554361343,1.0,True
11,fixed5,22,3,-0.03267453983426094,True,True,False,0.6666666666666666,0.9266666666666666,4.633333333333334,-4.842877388000488e-05,4.842877388000488e-05,0.015518266707658768,0.0004078000783920288,0.07005724310874939,1.0,True
11,fixed5,23,0,0.007325459271669388,True,False,True,0.8666666666666667,0.18666666666666668,0.9333333333333333,-8.759700693190098,8.845574222505093,0.6377289891242981,0.013138016685843468,0.020892782136797905,0.8888888888888888,True
11,fixed5,23,1,-0.03267453983426094,True,True,False,0.6333333333333333,0.9333333333333333,4.666666666666667,-4.842877388000488e-05,4.842877388000488e-05,0.016706502065062523,0.00041596731171011925,0.07991094142198563,1.0,True
11,fixed5,23,2,0.007325459271669388,True,False,True,0.9666666666666667,0.18666666666666668,0.5333333333333333,-9.387961588799953,9.487191215157509,0.2737346291542053,0.005056149326264858,0.019945459440350533,0.8888888888888888,True
11,fixed5,23,3,-0.03267453983426094,True,True,False,0.7,0.92,4.6,-4.511740314683266e-05,4.842877388000488e-05,0.019780602306127548,0.0004932335577905178,0.05316808447241783,1.0,True
11,fixed5,24,0,0.007325459271669388,True,False,True,0.8666666666666667,0.14,0.7,-11.99134811758995,12.164504267275333,0.4313305616378784,0.009588928893208504,0.026500608772039413,0.8888888888888888,True
11,fixed5,24,1,-0.03267453983426094,True,True,False,0.6,0.94,4.7,-4.842877388000488e-05,4.842877388000488e-05,0.5156886577606201,0.011217834427952766,0.04648705944418907,1.0,True
11,fixed5,24,2,0.007325459271669388,True,False,True,0.9,0.12666666666666668,0.6333333333333333,-12.393173761665821,12.667208909988403,0.4368385970592499,0.00941346026957035,0.02480047196149826,0.7777777777777778,True
11,fixed5,24,3,-0.03267453983426094,True,True,False,0.6,0.94,4.7,-4.842877388000488e-05,4.842877388000488e-05,0.4513481557369232,0.00930633395910263,0.07736733555793762,1.0,True
11,fixed5,25,0,0.007325459271669388,True,False,True,0.9,0.16,0.8,-18.031049519777298,18.166979774832726,0.5134009122848511,0.012844589538872242,0.028150171041488647,0.8888888888888888,True
11,fixed5,25,1,-0.03267453983426094,True,True,False,0.5666666666666667,0.9466666666666667,4.733333333333333,-4.842877388000488e-05,4.842877388000488e-05,0.059045739471912384,5.814526230096817e-05,0.06392644345760345,0.8888888888888888,True
11,fixed5,25,2,0.007325459271669388,True,False,True,1.0,0.14666666666666667,0.7333333333333333,-19.100040197372437,19.231416285037994,0.5130298733711243,0.012097818776965141,0.024867286905646324,0.8888888888888888,True
11,fixed5,25,3,-0.03267453983426094,True,True,False,0.5333333333333333,0.9533333333333334,4.766666666666667,-4.842877388000488e-05,4.842877388000488e-05,0.5850188136100769,0.01054626889526844,0.09002434462308884,1.0,True
11,fixed5,26,0,0.007325459271669388,True,False,True,0.8666666666666667,0.18666666666666668,0.9333333333333333,-9.840358980000019,10.032832622528076,0.026784613728523254,0.0007178820669651031,0.02730010263621807,0.7777777777777778,True
11,fixed5,26,1,-0.03267453983426094,True,True,False,0.6333333333333333,0.9333333333333333,4.666666666666667,-4.5945245830125714e-05,4.842877388000488e-05,0.04721808433532715,0.0011616679839789867,0.03363466635346413,1.0,True
11,fixed5,26,2,0.007325459271669388,True,False,True,1.4666666666666666,0.16666666666666666,0.6333333333333333,-10.755511932075024,10.885319672524929,0.022001082077622414,0.0005830978043377399,0.028009692206978798,1.0,True
11,fixed5,26,3,-0.03267453983426094,True,True,False,0.6333333333333333,0.9333333333333333,4.666666666666667,-1.40733185105546e-05,3.725290298461914e-05,0.02725965529680252,0.0006410479545593262,0.029252879321575165,1.0,True
11,fixed5,27,0,0.007325459271669388,True,False,True,0.9,0.14666666666666667,0.7333333333333333,-12.262929230928421,12.335127219557762,0.4156520962715149,0.010386072099208832,0.024203721433877945,1.0,True
11,fixed5,27,1,-0.03267453983426094,True,True,False,0.5666666666666667,0.9466666666666667,4.733333333333333,-4.842877388000488e-05,4.842877388000488e-05,0.05956912785768509,0.0013518980704247952,0.062546007335186,0.8888888888888888,True
11,fixed5,27,2,0.007325459271669388,True,False,True,0.9666666666666667,0.12666666666666668,0.6333333333333333,-13.125955127179623,13.179570436477661,0.41517701745033264,0.010362626053392887,0.025865521281957626,1.0,True
11,fixed5,27,3,-0.03267453983426094,True,True,False,0.5666666666666667,0.9466666666666667,4.733333333333333,-4.842877388000488e-05,4.842877388000488e-05,0.051824331283569336,0.001279735006392002,0.07182236760854721,1.0,True
11,fixed5,28,0,0.007325459271669388,True,False,True,0.9,0.14666666666666667,0.7333333333333333,-12.854942120611668,13.399764895439148,0.04305647313594818,0.0011054696515202522,0.028913535177707672,1.0,True
11,fixed5,28,1,-0.03267453983426094,True,False,True,0.5333333333333333,0.9466666666666667,4.733333333333333,1.1911874171346426,2.225195989012718,0.08105265349149704,0.0020399335771799088,0.06551257520914078,1.0,True
11,fixed5,28,2,0.007325459271669388,True,False,True,0.7,0.14666666666666667,0.7333333333333333,-14.926332980394363,15.293611213564873,0.050079986453056335,0.0011567655019462109,0.028605857864022255,1.0,True
11,fixed5,28,3,-0.03267453983426094,True,True,False,0.5333333333333333,0.9533333333333334,4.766666666666667,0.003743088882401935,0.02431124448776245,0.030337605625391006,0.0007830392569303513,0.058674149215221405,1.0,True
11,fixed5,29,0,0.007325459271669388,True,False,True,0.9666666666666667,0.16,0.8,-13.394974172115326,13.796054758131504,0.32837554812431335,0.004416677635163069,0.0287273321300745,0.8888888888888888,True
11,fixed5,29,1,-0.03267453983426094,True,True,False,0.6,0.94,4.7,-4.842877388000488e-05,4.842877388000488e-05,0.2224970906972885,0.0014139669947326183,0.03959524631500244,1.0,True
11,fixed5,29,2,0.007325459271669388,True,False,True,0.9333333333333333,0.14666666666666667,0.7333333333333333,-15.125314705073833,15.158348716795444,0.09801972657442093,0.00011867983266711235,0.024720631539821625,1.0,True
11,fixed5,29,3,-0.03267453983426094,True,True,False,0.5666666666666667,0.9466666666666667,4.733333333333333,-4.842877388000488e-05,4.842877388000488e-05,0.27462148666381836,0.001527584157884121,0.08683391660451889,1.0,True
11,fixed5,30,0,0.007325459271669388,True,False,True,0.9,0.16666666666666666,0.8333333333333334,-13.73717375099659,13.893060386180878,0.13122661411762238,0.0028413389809429646,0.026622585952281952,1.0,True
11,fixed5,30,1,-0.03267453983426094,True,True,False,0.5333333333333333,0.9533333333333334,4.766666666666667,-4.842877388000488e-05,4.842877388000488e-05,0.016266576945781708,0.000393817201256752,0.09824515134096146,1.0,True
11,fixed5,30,2,0.007325459271669388,True,False,True,0.9666666666666667,0.14666666666666667,0.7333333333333333,-18.605999648571014,18.96156370639801,0.03783433884382248,0.0008299537003040314,0.0332329124212265,1.0,True
11,fixed5,30,3,-0.03267453983426094,True,True,False,0.5333333333333333,0.9533333333333334,4.766666666666667,-4.842877388000488e-05,4.842877388000488e-05,0.006897657178342342,0.00017200689762830734,0.0880592092871666,0.8888888888888888,True
11,fixed5,31,0,0.007325459271669388,True,False,True,0.8666666666666667,0.1,0.5,-11.350161395967007,11.443216353654861,0.4382798671722412,0.009663280099630356,0.02201174944639206,1.0,True
11,fixed5,31,1,-0.03267453983426094,True,True,False,0.6,0.94,4.7,-4.842877388000488e-05,4.842877388000488e-05,0.111678346991539,0.00011205021291971207,0.10957551002502441,1.0,True
11,fixed5,31,2,0.007325459271669388,True,False,True,1.0666666666666667,0.10666666666666667,0.5333333333333333,-11.556817218661308,11.729825288057327,0.4785490036010742,0.01038355939090252,0.022027529776096344,1.0,True
11,fixed5,31,3,-0.03267453983426094,True,True,False,0.6333333333333333,0.9333333333333333,4.666666666666667,-4.842877388000488e-05,4.842877388000488e-05,0.12533977627754211,0.0005330140702426434,0.10832381248474121,1.0,True
